{
"type": "FeatureCollection",
"name": "geo_3_2",
"crs": { "type": "name", "properties": { "name": "urn:ogc:def:crs:OGC:1.3:CRS84" } },
"features": [
{ "type": "Feature", "properties": { "ID": 3203100021, "正式名称": "岩手県立大船渡病院附属住田地域診療センター", "機関区分": 2, "都道府県コード": 3, "市区町村コード": 441, "所在地": "岩手県気仙郡住田町世田米字大崎２２－１", "緯度": 39.137175, "経度": 141.580721, "url": "https://www.iryou.teikyouseido.mhlw.go.jp/znk-web/juminkanja/S2430/initialize?prefCd=03&kikanCd=03100021&kikanKbn=2", "url2": "http://www.pref.iwate.jp/info.rbz?nd=1738&ik=3&pnp=17&pnp=83&pnp=1738", "内容": "岩手県立大船渡病院附属住田地域診療センター【2:診療所】【診療科目:内科_外科】岩手県気仙郡住田町世田米字大崎２２－１" }, "geometry": { "type": "Point", "coordinates": [ 141.580721, 39.137175 ] } },
{ "type": "Feature", "properties": { "ID": 3203100032, "正式名称": "金ケ崎町国民健康保険金ケ崎診療所", "機関区分": 2, "都道府県コード": 3, "市区町村コード": 381, "所在地": "岩手県胆沢郡金ケ崎町西根鑓水９８番地", "緯度": 39.195335, "経度": 141.112001, "url": "https://www.iryou.teikyouseido.mhlw.go.jp/znk-web/juminkanja/S2430/initialize?prefCd=03&kikanCd=03100032&kikanKbn=2", "url2": "https://www.town.kanegasaki.iwate.jp/docs/2021052000013/", "内容": "金ケ崎町国民健康保険金ケ崎診療所【2:診療所】【診療科目:内科_呼吸器内科_循環器内科_神経内科_外科_肛門外科_整形外科_婦人科_眼科_泌尿器科】岩手県胆沢郡金ケ崎町西根鑓水９８番地" }, "geometry": { "type": "Point", "coordinates": [ 141.112001, 39.195335 ] } },
{ "type": "Feature", "properties": { "ID": 3203100083, "正式名称": "岩手県立中央病院附属紫波地域診療センター", "機関区分": 2, "都道府県コード": 3, "市区町村コード": 321, "所在地": "岩手県紫波郡紫波町字桜町字三本木３２番地", "緯度": 39.541759, "経度": 141.170947, "url": "https://www.iryou.teikyouseido.mhlw.go.jp/znk-web/juminkanja/S2430/initialize?prefCd=03&kikanCd=03100083&kikanKbn=2", "url2": "https://www2.pref.iwate.jp/~hp9001/iphs/iph260/", "内容": "岩手県立中央病院附属紫波地域診療センター【2:診療所】【診療科目:内科_外科】岩手県紫波郡紫波町字桜町字三本木３２番地" }, "geometry": { "type": "Point", "coordinates": [ 141.170947, 39.541759 ] } },
{ "type": "Feature", "properties": { "ID": 3203100106, "正式名称": "岩手県立二戸病院附属九戸地域診療センター", "機関区分": 2, "都道府県コード": 3, "市区町村コード": 506, "所在地": "岩手県九戸郡九戸村伊保内", "緯度": 40.193478, "経度": 141.465746, "url": "https://www.iryou.teikyouseido.mhlw.go.jp/znk-web/juminkanja/S2430/initialize?prefCd=03&kikanCd=03100106&kikanKbn=2", "url2": "http://www.ninohe-hp.net/kunohe/", "内容": "岩手県立二戸病院附属九戸地域診療センター【2:診療所】【診療科目:内科_外科_精神科】岩手県九戸郡九戸村伊保内" }, "geometry": { "type": "Point", "coordinates": [ 141.465746, 40.193478 ] } },
{ "type": "Feature", "properties": { "ID": 320310611918, "正式名称": "かわいクリニック", "機関区分": 2, "都道府県コード": 3, "市区町村コード": 206, "所在地": "岩手県北上市藤沢１８－１２－１", "緯度": 39.323982, "経度": 141.08633, "url": "https://www.iryou.teikyouseido.mhlw.go.jp/znk-web/juminkanja/S2430/initialize?prefCd=03&kikanCd=0310611918&kikanKbn=2", "url2": null, "内容": "かわいクリニック【2:診療所】【診療科目:内科_循環器内科_外科】岩手県北上市藤沢１８－１２－１" }, "geometry": { "type": "Point", "coordinates": [ 141.08633, 39.323982 ] } },
{ "type": "Feature", "properties": { "ID": 320311511323, "正式名称": "ながの内科クリニック", "機関区分": 2, "都道府県コード": 3, "市区町村コード": 215, "所在地": "岩手県奥州市水沢佐倉河五反町９２−１", "緯度": 39.152643, "経度": 141.147844, "url": "https://www.iryou.teikyouseido.mhlw.go.jp/znk-web/juminkanja/S2430/initialize?prefCd=03&kikanCd=0311511323&kikanKbn=2", "url2": null, "内容": "ながの内科クリニック【2:診療所】【診療科目:内科_消化器内科】岩手県奥州市水沢佐倉河五反町９２−１" }, "geometry": { "type": "Point", "coordinates": [ 141.147844, 39.152643 ] } },
{ "type": "Feature", "properties": { "ID": 3203200001, "正式名称": "医療法人　菜園循環器内科医院", "機関区分": 2, "都道府県コード": 3, "市区町村コード": 201, "所在地": "岩手県盛岡市菜園１－４－７", "緯度": 39.701415, "経度": 141.149044, "url": "https://www.iryou.teikyouseido.mhlw.go.jp/znk-web/juminkanja/S2430/initialize?prefCd=03&kikanCd=03200001&kikanKbn=2", "url2": null, "内容": "医療法人　菜園循環器内科医院【2:診療所】【診療科目:内科_循環器内科】岩手県盛岡市菜園１－４－７" }, "geometry": { "type": "Point", "coordinates": [ 141.149044, 39.701415 ] } },
{ "type": "Feature", "properties": { "ID": 3203200002, "正式名称": "ささき医院", "機関区分": 2, "都道府県コード": 3, "市区町村コード": 201, "所在地": "岩手県盛岡市中野一丁目２７ー１０", "緯度": 39.692137, "経度": 141.172874, "url": "https://www.iryou.teikyouseido.mhlw.go.jp/znk-web/juminkanja/S2430/initialize?prefCd=03&kikanCd=03200002&kikanKbn=2", "url2": null, "内容": "ささき医院【2:診療所】【診療科目:内科_消化器内科】岩手県盛岡市中野一丁目２７ー１０" }, "geometry": { "type": "Point", "coordinates": [ 141.172874, 39.692137 ] } },
{ "type": "Feature", "properties": { "ID": 3203200003, "正式名称": "医療法人公陽会　さかもと整形外科", "機関区分": 2, "都道府県コード": 3, "市区町村コード": 201, "所在地": "岩手県盛岡市天神町", "緯度": 39.703892, "経度": 141.165758, "url": "https://www.iryou.teikyouseido.mhlw.go.jp/znk-web/juminkanja/S2430/initialize?prefCd=03&kikanCd=03200003&kikanKbn=2", "url2": "http://www.sakamoto-seikei.info", "内容": "医療法人公陽会　さかもと整形外科【2:診療所】【診療科目:外科_整形外科_皮膚科_リウマチ科_リハビリテーション科】岩手県盛岡市天神町" }, "geometry": { "type": "Point", "coordinates": [ 141.165758, 39.703892 ] } },
{ "type": "Feature", "properties": { "ID": 3203200005, "正式名称": "医療法人清香会　さいとう耳鼻咽喉科医院", "機関区分": 2, "都道府県コード": 3, "市区町村コード": 201, "所在地": "岩手県盛岡市緑が丘３－１８－３", "緯度": 39.736094, "経度": 141.143841, "url": "https://www.iryou.teikyouseido.mhlw.go.jp/znk-web/juminkanja/S2430/initialize?prefCd=03&kikanCd=03200005&kikanKbn=2", "url2": null, "内容": "医療法人清香会　さいとう耳鼻咽喉科医院【2:診療所】【診療科目:耳鼻いんこう科_頭頸部・耳鼻いんこう科】岩手県盛岡市緑が丘３－１８－３" }, "geometry": { "type": "Point", "coordinates": [ 141.143841, 39.736094 ] } },
{ "type": "Feature", "properties": { "ID": 3203200007, "正式名称": "医療法人　さいとうレディスクリニック", "機関区分": 2, "都道府県コード": 3, "市区町村コード": 201, "所在地": "岩手県盛岡市盛岡駅前北通３ー３３", "緯度": 39.704892, "経度": 141.136571, "url": "https://www.iryou.teikyouseido.mhlw.go.jp/znk-web/juminkanja/S2430/initialize?prefCd=03&kikanCd=03200007&kikanKbn=2", "url2": "https://saito-ladies.jp/", "内容": "医療法人　さいとうレディスクリニック【2:診療所】【診療科目:内科_婦人科】岩手県盛岡市盛岡駅前北通３ー３３" }, "geometry": { "type": "Point", "coordinates": [ 141.136571, 39.704892 ] } },
{ "type": "Feature", "properties": { "ID": 3203200010, "正式名称": "医療法人　さとう胃腸科内科", "機関区分": 2, "都道府県コード": 3, "市区町村コード": 201, "所在地": "岩手県盛岡市向中野１ー１１ー２５", "緯度": 39.682206, "経度": 141.144388, "url": "https://www.iryou.teikyouseido.mhlw.go.jp/znk-web/juminkanja/S2430/initialize?prefCd=03&kikanCd=03200010&kikanKbn=2", "url2": "satoichoukanaika.jp", "内容": "医療法人　さとう胃腸科内科【2:診療所】【診療科目:内科_消化器内科】岩手県盛岡市向中野１ー１１ー２５" }, "geometry": { "type": "Point", "coordinates": [ 141.144388, 39.682206 ] } },
{ "type": "Feature", "properties": { "ID": 3203200011, "正式名称": "えんどう耳鼻咽喉科クリニック", "機関区分": 2, "都道府県コード": 3, "市区町村コード": 201, "所在地": "岩手県盛岡市青山３ー６ー３", "緯度": 39.727294, "経度": 141.117215, "url": "https://www.iryou.teikyouseido.mhlw.go.jp/znk-web/juminkanja/S2430/initialize?prefCd=03&kikanCd=03200011&kikanKbn=2", "url2": "http://www.satojibika.jp", "内容": "えんどう耳鼻咽喉科クリニック【2:診療所】【診療科目:耳鼻いんこう科】岩手県盛岡市青山３ー６ー３" }, "geometry": { "type": "Point", "coordinates": [ 141.117215, 39.727294 ] } },
{ "type": "Feature", "properties": { "ID": 3203200012, "正式名称": "佐藤内科クリニック", "機関区分": 2, "都道府県コード": 3, "市区町村コード": 201, "所在地": "岩手県盛岡市大通３丁目１－２４－第三菱和ビル４階", "緯度": 39.703229, "経度": 141.144351, "url": "https://www.iryou.teikyouseido.mhlw.go.jp/znk-web/juminkanja/S2430/initialize?prefCd=03&kikanCd=03200012&kikanKbn=2", "url2": null, "内容": "佐藤内科クリニック【2:診療所】【診療科目:内科_糖尿病・代謝内科_消化器内科】岩手県盛岡市大通３丁目１－２４－第三菱和ビル４階" }, "geometry": { "type": "Point", "coordinates": [ 141.144351, 39.703229 ] } },
{ "type": "Feature", "properties": { "ID": 3203200016, "正式名称": "医療法人　さとう皮膚科クリニック", "機関区分": 2, "都道府県コード": 3, "市区町村コード": 201, "所在地": "岩手県盛岡市高松三丁目１１ー３３", "緯度": 39.729023, "経度": 141.141116, "url": "https://www.iryou.teikyouseido.mhlw.go.jp/znk-web/juminkanja/S2430/initialize?prefCd=03&kikanCd=03200016&kikanKbn=2", "url2": "http://www.sato-derma-clinic.jp/", "内容": "医療法人　さとう皮膚科クリニック【2:診療所】【診療科目:皮膚科_アレルギー科】岩手県盛岡市高松三丁目１１ー３３" }, "geometry": { "type": "Point", "coordinates": [ 141.141116, 39.729023 ] } },
{ "type": "Feature", "properties": { "ID": 3203200017, "正式名称": "医療法人純研会　澤田内科医院", "機関区分": 2, "都道府県コード": 3, "市区町村コード": 201, "所在地": "岩手県盛岡市上田１－６－１１", "緯度": 39.712051, "経度": 141.145021, "url": "https://www.iryou.teikyouseido.mhlw.go.jp/znk-web/juminkanja/S2430/initialize?prefCd=03&kikanCd=03200017&kikanKbn=2", "url2": null, "内容": "医療法人純研会　澤田内科医院【2:診療所】【診療科目:内科】岩手県盛岡市上田１－６－１１" }, "geometry": { "type": "Point", "coordinates": [ 141.145021, 39.712051 ] } },
{ "type": "Feature", "properties": { "ID": 3203200018, "正式名称": "産科婦人科吉田医院", "機関区分": 2, "都道府県コード": 3, "市区町村コード": 201, "所在地": "岩手県盛岡市若園町１０番４号", "緯度": 39.702344, "経度": 141.159841, "url": "https://www.iryou.teikyouseido.mhlw.go.jp/znk-web/juminkanja/S2430/initialize?prefCd=03&kikanCd=03200018&kikanKbn=2", "url2": "http://www.yoshidaiin.com", "内容": "産科婦人科吉田医院【2:診療所】【診療科目:産婦人科】岩手県盛岡市若園町１０番４号" }, "geometry": { "type": "Point", "coordinates": [ 141.159841, 39.702344 ] } },
{ "type": "Feature", "properties": { "ID": 3203200020, "正式名称": "医療法人慶友会　小豆嶋胃腸科内科クリニック", "機関区分": 2, "都道府県コード": 3, "市区町村コード": 201, "所在地": "岩手県盛岡市仙北３丁目１３ー２０", "緯度": 39.679856, "経度": 141.151957, "url": "https://www.iryou.teikyouseido.mhlw.go.jp/znk-web/juminkanja/S2430/initialize?prefCd=03&kikanCd=03200020&kikanKbn=2", "url2": null, "内容": "医療法人慶友会　小豆嶋胃腸科内科クリニック【2:診療所】【診療科目:内科_消化器内科_胃腸内科_胃腸科、消化器科】岩手県盛岡市仙北３丁目１３ー２０" }, "geometry": { "type": "Point", "coordinates": [ 141.151957, 39.679856 ] } },
{ "type": "Feature", "properties": { "ID": 3203200023, "正式名称": "白沢整形外科医院", "機関区分": 2, "都道府県コード": 3, "市区町村コード": 201, "所在地": "岩手県盛岡市月が丘三丁目４０番２８号", "緯度": 39.739696, "経度": 141.108454, "url": "https://www.iryou.teikyouseido.mhlw.go.jp/znk-web/juminkanja/S2430/initialize?prefCd=03&kikanCd=03200023&kikanKbn=2", "url2": "https://www.shirasawa.xyz/", "内容": "白沢整形外科医院【2:診療所】【診療科目:外科_整形外科_リウマチ科_リハビリテーション科】岩手県盛岡市月が丘三丁目４０番２８号" }, "geometry": { "type": "Point", "coordinates": [ 141.108454, 39.739696 ] } },
{ "type": "Feature", "properties": { "ID": 3203200024, "正式名称": "医療法人　正和会　志和眼科", "機関区分": 2, "都道府県コード": 3, "市区町村コード": 201, "所在地": "岩手県盛岡市上田１－６－４", "緯度": 39.711423, "経度": 141.145268, "url": "https://www.iryou.teikyouseido.mhlw.go.jp/znk-web/juminkanja/S2430/initialize?prefCd=03&kikanCd=03200024&kikanKbn=2", "url2": "http://www.shiwaganka.cc/", "内容": "医療法人　正和会　志和眼科【2:診療所】【診療科目:眼科】岩手県盛岡市上田１－６－４" }, "geometry": { "type": "Point", "coordinates": [ 141.145268, 39.711423 ] } },
{ "type": "Feature", "properties": { "ID": 3203200027, "正式名称": "鈴木内科神経内科", "機関区分": 2, "都道府県コード": 3, "市区町村コード": 201, "所在地": "岩手県盛岡市黒石野２－９－５８", "緯度": 39.741432, "経度": 141.14552, "url": "https://www.iryou.teikyouseido.mhlw.go.jp/znk-web/juminkanja/S2430/initialize?prefCd=03&kikanCd=03200027&kikanKbn=2", "url2": null, "内容": "鈴木内科神経内科【2:診療所】【診療科目:内科_神経内科】岩手県盛岡市黒石野２－９－５８" }, "geometry": { "type": "Point", "coordinates": [ 141.14552, 39.741432 ] } },
{ "type": "Feature", "properties": { "ID": 3203200028, "正式名称": "医療法人和心会　鈴木内科医院", "機関区分": 2, "都道府県コード": 3, "市区町村コード": 201, "所在地": "岩手県盛岡市八幡町２－１７", "緯度": 39.698125, "経度": 141.158154, "url": "https://www.iryou.teikyouseido.mhlw.go.jp/znk-web/juminkanja/S2430/initialize?prefCd=03&kikanCd=03200028&kikanKbn=2", "url2": "http://www.suzuki-naikaiin.com", "内容": "医療法人和心会　鈴木内科医院【2:診療所】【診療科目:内科_呼吸器内科_循環器内科_消化器内科】岩手県盛岡市八幡町２－１７" }, "geometry": { "type": "Point", "coordinates": [ 141.158154, 39.698125 ] } },
{ "type": "Feature", "properties": { "ID": 3203200029, "正式名称": "医療法人社団　鈴生会　鈴木整形外科", "機関区分": 2, "都道府県コード": 3, "市区町村コード": 201, "所在地": "岩手県盛岡市本宮石仏２０番１号", "緯度": 39.680091, "経度": 141.10914, "url": "https://www.iryou.teikyouseido.mhlw.go.jp/znk-web/juminkanja/S2430/initialize?prefCd=03&kikanCd=03200029&kikanKbn=2", "url2": "http://www.suzuki-orthopedics.jp/map/index.htm", "内容": "医療法人社団　鈴生会　鈴木整形外科【2:診療所】【診療科目:外科_整形外科_リウマチ科_リハビリテーション科】岩手県盛岡市本宮石仏２０番１号" }, "geometry": { "type": "Point", "coordinates": [ 141.10914, 39.680091 ] } },
{ "type": "Feature", "properties": { "ID": 3203200030, "正式名称": "すずきひろこ心理療法研究室", "機関区分": 2, "都道府県コード": 3, "市区町村コード": 201, "所在地": "岩手県盛岡市菜園２丁目７－３０－４階", "緯度": 39.701474, "経度": 141.14492, "url": "https://www.iryou.teikyouseido.mhlw.go.jp/znk-web/juminkanja/S2430/initialize?prefCd=03&kikanCd=03200030&kikanKbn=2", "url2": null, "内容": "すずきひろこ心理療法研究室【2:診療所】【診療科目:精神科】岩手県盛岡市菜園２丁目７－３０－４階" }, "geometry": { "type": "Point", "coordinates": [ 141.14492, 39.701474 ] } },
{ "type": "Feature", "properties": { "ID": 3203200031, "正式名称": "すっきりクリニック高橋耳鼻咽喉科", "機関区分": 2, "都道府県コード": 3, "市区町村コード": 201, "所在地": "岩手県盛岡市材木町４ー３５", "緯度": 39.706972, "経度": 141.139163, "url": "https://www.iryou.teikyouseido.mhlw.go.jp/znk-web/juminkanja/S2430/initialize?prefCd=03&kikanCd=03200031&kikanKbn=2", "url2": "http://www.sukkiriclinic.com", "内容": "すっきりクリニック高橋耳鼻咽喉科【2:診療所】【診療科目:気管食道科_耳鼻いんこう科_アレルギー科】岩手県盛岡市材木町４ー３５" }, "geometry": { "type": "Point", "coordinates": [ 141.139163, 39.706972 ] } },
{ "type": "Feature", "properties": { "ID": 3203200032, "正式名称": "マリオス小林内科クリニック", "機関区分": 2, "都道府県コード": 3, "市区町村コード": 201, "所在地": "岩手県盛岡市盛岡駅西通二丁目９番１号　マリオス１１階", "緯度": 39.70109, "経度": 141.1335, "url": "https://www.iryou.teikyouseido.mhlw.go.jp/znk-web/juminkanja/S2430/initialize?prefCd=03&kikanCd=03200032&kikanKbn=2", "url2": "http://www.sudou-naika.jp", "内容": "マリオス小林内科クリニック【2:診療所】【診療科目:内科_呼吸器内科_アレルギー科_リウマチ科_リハビリテーション科】岩手県盛岡市盛岡駅西通二丁目９番１号　マリオス１１階" }, "geometry": { "type": "Point", "coordinates": [ 141.1335, 39.70109 ] } },
{ "type": "Feature", "properties": { "ID": 3203200034, "正式名称": "せいの眼科クリニック", "機関区分": 2, "都道府県コード": 3, "市区町村コード": 201, "所在地": "岩手県盛岡市中ノ橋通１ー４ー２０ー３Ｆ", "緯度": 39.700198, "経度": 141.155951, "url": "https://www.iryou.teikyouseido.mhlw.go.jp/znk-web/juminkanja/S2430/initialize?prefCd=03&kikanCd=03200034&kikanKbn=2", "url2": null, "内容": "せいの眼科クリニック【2:診療所】【診療科目:眼科】岩手県盛岡市中ノ橋通１ー４ー２０ー３Ｆ" }, "geometry": { "type": "Point", "coordinates": [ 141.155951, 39.700198 ] } },
{ "type": "Feature", "properties": { "ID": 3203200038, "正式名称": "医療法人泰明会　谷藤眼科医院", "機関区分": 2, "都道府県コード": 3, "市区町村コード": 201, "所在地": "岩手県盛岡市前九年２丁目２－３８", "緯度": 39.716357, "経度": 141.128164, "url": "https://www.iryou.teikyouseido.mhlw.go.jp/znk-web/juminkanja/S2430/initialize?prefCd=03&kikanCd=03200038&kikanKbn=2", "url2": "http://www5f.biglobe.ne.jp/~tanieye/", "内容": "医療法人泰明会　谷藤眼科医院【2:診療所】【診療科目:眼科】岩手県盛岡市前九年２丁目２－３８" }, "geometry": { "type": "Point", "coordinates": [ 141.128164, 39.716357 ] } },
{ "type": "Feature", "properties": { "ID": 3203200039, "正式名称": "たぐち脳神経外科クリニック", "機関区分": 2, "都道府県コード": 3, "市区町村コード": 201, "所在地": "岩手県盛岡市本町通１丁目４ー１９", "緯度": 39.707349, "経度": 141.156831, "url": "https://www.iryou.teikyouseido.mhlw.go.jp/znk-web/juminkanja/S2430/initialize?prefCd=03&kikanCd=03200039&kikanKbn=2", "url2": "http://www.taguchi-nougeka.jp/", "内容": "たぐち脳神経外科クリニック【2:診療所】【診療科目:内科_神経内科_外科_脳神経外科_整形外科_リハビリテーション科】岩手県盛岡市本町通１丁目４ー１９" }, "geometry": { "type": "Point", "coordinates": [ 141.156831, 39.707349 ] } },
{ "type": "Feature", "properties": { "ID": 3203200040, "正式名称": "医療法人光洋会　田中循環器内科クリニック", "機関区分": 2, "都道府県コード": 3, "市区町村コード": 201, "所在地": "岩手県盛岡市永井２２－２９－６", "緯度": 39.653945, "経度": 141.154275, "url": "https://www.iryou.teikyouseido.mhlw.go.jp/znk-web/juminkanja/S2430/initialize?prefCd=03&kikanCd=03200040&kikanKbn=2", "url2": null, "内容": "医療法人光洋会　田中循環器内科クリニック【2:診療所】【診療科目:内科_循環器内科】岩手県盛岡市永井２２－２９－６" }, "geometry": { "type": "Point", "coordinates": [ 141.154275, 39.653945 ] } },
{ "type": "Feature", "properties": { "ID": 3203200044, "正式名称": "智田医院", "機関区分": 2, "都道府県コード": 3, "市区町村コード": 201, "所在地": "岩手県盛岡市名須川町２０－１５", "緯度": 39.709749, "経度": 141.149913, "url": "https://www.iryou.teikyouseido.mhlw.go.jp/znk-web/juminkanja/S2430/initialize?prefCd=03&kikanCd=03200044&kikanKbn=2", "url2": null, "内容": "智田医院【2:診療所】【診療科目:内科_精神科_神経科_心療内科】岩手県盛岡市名須川町２０－１５" }, "geometry": { "type": "Point", "coordinates": [ 141.149913, 39.709749 ] } },
{ "type": "Feature", "properties": { "ID": 3203200045, "正式名称": "ちばクリニック", "機関区分": 2, "都道府県コード": 3, "市区町村コード": 201, "所在地": "岩手県盛岡市中央通３丁目１ー１０", "緯度": 39.70435, "経度": 141.14318, "url": "https://www.iryou.teikyouseido.mhlw.go.jp/znk-web/juminkanja/S2430/initialize?prefCd=03&kikanCd=03200045&kikanKbn=2", "url2": null, "内容": "ちばクリニック【2:診療所】【診療科目:内科_循環器内科】岩手県盛岡市中央通３丁目１ー１０" }, "geometry": { "type": "Point", "coordinates": [ 141.14318, 39.70435 ] } },
{ "type": "Feature", "properties": { "ID": 3203200046, "正式名称": "医療法人千葉耳鼻咽喉科医院　ちば耳鼻咽喉科クリニック", "機関区分": 2, "都道府県コード": 3, "市区町村コード": 201, "所在地": "岩手県盛岡市紺屋町２ー４", "緯度": 39.701301, "経度": 141.155955, "url": "https://www.iryou.teikyouseido.mhlw.go.jp/znk-web/juminkanja/S2430/initialize?prefCd=03&kikanCd=03200046&kikanKbn=2", "url2": "http://www.chibaent-clinic-morioka.com", "内容": "医療法人千葉耳鼻咽喉科医院　ちば耳鼻咽喉科クリニック【2:診療所】【診療科目:耳鼻いんこう科】岩手県盛岡市紺屋町２ー４" }, "geometry": { "type": "Point", "coordinates": [ 141.155955, 39.701301 ] } },
{ "type": "Feature", "properties": { "ID": 3203200054, "正式名称": "東京ノーストクリニック", "機関区分": 2, "都道府県コード": 3, "市区町村コード": 201, "所在地": "岩手県盛岡市盛岡駅前北通５ー１４　メルベイユ盛岡第６ビル４Ｆ", "緯度": 39.704841, "経度": 141.134136, "url": "https://www.iryou.teikyouseido.mhlw.go.jp/znk-web/juminkanja/S2430/initialize?prefCd=03&kikanCd=03200054&kikanKbn=2", "url2": null, "内容": "東京ノーストクリニック【2:診療所】【診療科目:形成外科_泌尿器科】岩手県盛岡市盛岡駅前北通５ー１４　メルベイユ盛岡第６ビル４Ｆ" }, "geometry": { "type": "Point", "coordinates": [ 141.134136, 39.704841 ] } },
{ "type": "Feature", "properties": { "ID": 3203200055, "正式名称": "栃内内科医院", "機関区分": 2, "都道府県コード": 3, "市区町村コード": 201, "所在地": "岩手県盛岡市神明町１０ー３５", "緯度": 39.699518, "経度": 141.159117, "url": "https://www.iryou.teikyouseido.mhlw.go.jp/znk-web/juminkanja/S2430/initialize?prefCd=03&kikanCd=03200055&kikanKbn=2", "url2": null, "内容": "栃内内科医院【2:診療所】【診療科目:内科_消化器内科_肝臓内科】岩手県盛岡市神明町１０ー３５" }, "geometry": { "type": "Point", "coordinates": [ 141.159117, 39.699518 ] } },
{ "type": "Feature", "properties": { "ID": 3203200056, "正式名称": "とちない脳神経外科クリニック", "機関区分": 2, "都道府県コード": 3, "市区町村コード": 201, "所在地": "岩手県盛岡市津志田中央３丁目１７－１０", "緯度": 39.661327, "経度": 141.153644, "url": "https://www.iryou.teikyouseido.mhlw.go.jp/znk-web/juminkanja/S2430/initialize?prefCd=03&kikanCd=03200056&kikanKbn=2", "url2": "http://www.tochicli.com/", "内容": "とちない脳神経外科クリニック【2:診療所】【診療科目:内科_神経内科_外科_脳神経外科_整形外科_リハビリテーション科】岩手県盛岡市津志田中央３丁目１７－１０" }, "geometry": { "type": "Point", "coordinates": [ 141.153644, 39.661327 ] } },
{ "type": "Feature", "properties": { "ID": 3203200057, "正式名称": "都南眼科", "機関区分": 2, "都道府県コード": 3, "市区町村コード": 201, "所在地": "岩手県盛岡市永井２３地割７－２", "緯度": 39.653962, "経度": 141.150886, "url": "https://www.iryou.teikyouseido.mhlw.go.jp/znk-web/juminkanja/S2430/initialize?prefCd=03&kikanCd=03200057&kikanKbn=2", "url2": "https://tonanganka.com/", "内容": "都南眼科【2:診療所】【診療科目:眼科】岩手県盛岡市永井２３地割７－２" }, "geometry": { "type": "Point", "coordinates": [ 141.150886, 39.653962 ] } },
{ "type": "Feature", "properties": { "ID": 3203200061, "正式名称": "医療法人ル・コンセール田島内科", "機関区分": 2, "都道府県コード": 3, "市区町村コード": 209, "所在地": "岩手県一関市上大槻街４番３９号", "緯度": 38.929923, "経度": 141.138372, "url": "https://www.iryou.teikyouseido.mhlw.go.jp/znk-web/juminkanja/S2430/initialize?prefCd=03&kikanCd=03200061&kikanKbn=2", "url2": null, "内容": "医療法人ル・コンセール田島内科【2:診療所】【診療科目:内科_精神科_心療内科】岩手県一関市上大槻街４番３９号" }, "geometry": { "type": "Point", "coordinates": [ 141.138372, 38.929923 ] } },
{ "type": "Feature", "properties": { "ID": 3203200062, "正式名称": "及川内科胃腸科クリニック", "機関区分": 2, "都道府県コード": 3, "市区町村コード": 209, "所在地": "岩手県一関市字鳴神７４番地", "緯度": 38.929721, "経度": 141.146515, "url": "https://www.iryou.teikyouseido.mhlw.go.jp/znk-web/juminkanja/S2430/initialize?prefCd=03&kikanCd=03200062&kikanKbn=2", "url2": "http://noboru3131.byoinnavi.jp", "内容": "及川内科胃腸科クリニック【2:診療所】【診療科目:内科_呼吸器内科_消化器内科】岩手県一関市字鳴神７４番地" }, "geometry": { "type": "Point", "coordinates": [ 141.146515, 38.929721 ] } },
{ "type": "Feature", "properties": { "ID": 3203200063, "正式名称": "医療法人平成会産婦人科野田", "機関区分": 2, "都道府県コード": 3, "市区町村コード": 209, "所在地": "岩手県一関市字沢２１番地", "緯度": 38.921602, "経度": 141.139635, "url": "https://www.iryou.teikyouseido.mhlw.go.jp/znk-web/juminkanja/S2430/initialize?prefCd=03&kikanCd=03200063&kikanKbn=2", "url2": "http://www.sanfnoda.com", "内容": "医療法人平成会産婦人科野田【2:診療所】【診療科目:産婦人科】岩手県一関市字沢２１番地" }, "geometry": { "type": "Point", "coordinates": [ 141.139635, 38.921602 ] } },
{ "type": "Feature", "properties": { "ID": 3203200065, "正式名称": "医療法人けやき　ひらいずみ内科クリニック", "機関区分": 2, "都道府県コード": 3, "市区町村コード": 402, "所在地": "岩手県西磐井郡平泉町平泉字志羅山３番地６", "緯度": 38.988742, "経度": 141.116166, "url": "https://www.iryou.teikyouseido.mhlw.go.jp/znk-web/juminkanja/S2430/initialize?prefCd=03&kikanCd=03200065&kikanKbn=2", "url2": null, "内容": "医療法人けやき　ひらいずみ内科クリニック【2:診療所】【診療科目:内科_呼吸器内科_循環器内科_消化器内科】岩手県西磐井郡平泉町平泉字志羅山３番地６" }, "geometry": { "type": "Point", "coordinates": [ 141.116166, 38.988742 ] } },
{ "type": "Feature", "properties": { "ID": 3203200066, "正式名称": "医療法人あけぼの会阿部内科クリニック", "機関区分": 2, "都道府県コード": 3, "市区町村コード": 209, "所在地": "岩手県一関市竹山町５番３４号", "緯度": 38.934911, "経度": 141.126061, "url": "https://www.iryou.teikyouseido.mhlw.go.jp/znk-web/juminkanja/S2430/initialize?prefCd=03&kikanCd=03200066&kikanKbn=2", "url2": null, "内容": "医療法人あけぼの会阿部内科クリニック【2:診療所】【診療科目:内科_循環器内科_消化器内科】岩手県一関市竹山町５番３４号" }, "geometry": { "type": "Point", "coordinates": [ 141.126061, 38.934911 ] } },
{ "type": "Feature", "properties": { "ID": 3203200068, "正式名称": "菊池耳鼻咽喉科皮膚科", "機関区分": 2, "都道府県コード": 3, "市区町村コード": 209, "所在地": "岩手県一関市山目字寺前１５番地２", "緯度": 38.937637, "経度": 141.121739, "url": "https://www.iryou.teikyouseido.mhlw.go.jp/znk-web/juminkanja/S2430/initialize?prefCd=03&kikanCd=03200068&kikanKbn=2", "url2": "https://www.kikuchijibihihu.jp/", "内容": "菊池耳鼻咽喉科皮膚科【2:診療所】【診療科目:耳鼻いんこう科_皮膚科】岩手県一関市山目字寺前１５番地２" }, "geometry": { "type": "Point", "coordinates": [ 141.121739, 38.937637 ] } },
{ "type": "Feature", "properties": { "ID": 3203200069, "正式名称": "医療法人磐清会木村消化器内科", "機関区分": 2, "都道府県コード": 3, "市区町村コード": 209, "所在地": "岩手県一関市三関字仲田３２番地３", "緯度": 38.925928, "経度": 141.147525, "url": "https://www.iryou.teikyouseido.mhlw.go.jp/znk-web/juminkanja/S2430/initialize?prefCd=03&kikanCd=03200069&kikanKbn=2", "url2": "http://kimuranaika.wix.com/kimuranaika", "内容": "医療法人磐清会木村消化器内科【2:診療所】【診療科目:内科_呼吸器内科_循環器内科_消化器内科】岩手県一関市三関字仲田３２番地３" }, "geometry": { "type": "Point", "coordinates": [ 141.147525, 38.925928 ] } },
{ "type": "Feature", "properties": { "ID": 3203200070, "正式名称": "菅原内科循環器科医院", "機関区分": 2, "都道府県コード": 3, "市区町村コード": 209, "所在地": "岩手県一関市花泉町涌津字道下５２番地２６", "緯度": 38.826905, "経度": 141.185047, "url": "https://www.iryou.teikyouseido.mhlw.go.jp/znk-web/juminkanja/S2430/initialize?prefCd=03&kikanCd=03200070&kikanKbn=2", "url2": null, "内容": "菅原内科循環器科医院【2:診療所】【診療科目:内科_呼吸器内科_循環器内科_消化器内科】岩手県一関市花泉町涌津字道下５２番地２６" }, "geometry": { "type": "Point", "coordinates": [ 141.185047, 38.826905 ] } },
{ "type": "Feature", "properties": { "ID": 3203200072, "正式名称": "医療法人幸仁会佐藤循環器内科医院", "機関区分": 2, "都道府県コード": 3, "市区町村コード": 209, "所在地": "岩手県一関市山目町一丁目６番２７号", "緯度": 38.94337, "経度": 141.129257, "url": "https://www.iryou.teikyouseido.mhlw.go.jp/znk-web/juminkanja/S2430/initialize?prefCd=03&kikanCd=03200072&kikanKbn=2", "url2": null, "内容": "医療法人幸仁会佐藤循環器内科医院【2:診療所】【診療科目:内科_循環器内科】岩手県一関市山目町一丁目６番２７号" }, "geometry": { "type": "Point", "coordinates": [ 141.129257, 38.94337 ] } },
{ "type": "Feature", "properties": { "ID": 3203200074, "正式名称": "医療法人社団かとうこどもクリニック", "機関区分": 2, "都道府県コード": 3, "市区町村コード": 209, "所在地": "岩手県一関市山目字中野２３番地１", "緯度": 38.934752, "経度": 141.115647, "url": "https://www.iryou.teikyouseido.mhlw.go.jp/znk-web/juminkanja/S2430/initialize?prefCd=03&kikanCd=03200074&kikanKbn=2", "url2": "www.katokodomo.jp", "内容": "医療法人社団かとうこどもクリニック【2:診療所】【診療科目:循環器科_小児科_アレルギー科】岩手県一関市山目字中野２３番地１" }, "geometry": { "type": "Point", "coordinates": [ 141.115647, 38.934752 ] } },
{ "type": "Feature", "properties": { "ID": 3203200076, "正式名称": "医療法人社団六楽会小野寺内科循環器科", "機関区分": 2, "都道府県コード": 3, "市区町村コード": 209, "所在地": "岩手県一関市末広一丁目４番４０号", "緯度": 38.929351, "経度": 141.124022, "url": "https://www.iryou.teikyouseido.mhlw.go.jp/znk-web/juminkanja/S2430/initialize?prefCd=03&kikanCd=03200076&kikanKbn=2", "url2": "onoderanaika-junkankika.jp", "内容": "医療法人社団六楽会小野寺内科循環器科【2:診療所】【診療科目:内科_老年・呼吸器内科_循環器内科_アレルギー疾患内科_アレルギー科】岩手県一関市末広一丁目４番４０号" }, "geometry": { "type": "Point", "coordinates": [ 141.124022, 38.929351 ] } },
{ "type": "Feature", "properties": { "ID": 3203200078, "正式名称": "医療法人菊池医院", "機関区分": 2, "都道府県コード": 3, "市区町村コード": 209, "所在地": "岩手県一関市銅谷町１２番１６号", "緯度": 38.931692, "経度": 141.124506, "url": "https://www.iryou.teikyouseido.mhlw.go.jp/znk-web/juminkanja/S2430/initialize?prefCd=03&kikanCd=03200078&kikanKbn=2", "url2": null, "内容": "医療法人菊池医院【2:診療所】【診療科目:内科_婦人科】岩手県一関市銅谷町１２番１６号" }, "geometry": { "type": "Point", "coordinates": [ 141.124506, 38.931692 ] } },
{ "type": "Feature", "properties": { "ID": 3203200081, "正式名称": "医療法人菅原整形外科クリニック", "機関区分": 2, "都道府県コード": 3, "市区町村コード": 209, "所在地": "岩手県一関市銅谷町９番１８号", "緯度": 38.932026, "経度": 141.124474, "url": "https://www.iryou.teikyouseido.mhlw.go.jp/znk-web/juminkanja/S2430/initialize?prefCd=03&kikanCd=03200081&kikanKbn=2", "url2": "https://sugawara-seikeigeka-cl.com", "内容": "医療法人菅原整形外科クリニック【2:診療所】【診療科目:整形外科_リウマチ科_リハビリテーション科】岩手県一関市銅谷町９番１８号" }, "geometry": { "type": "Point", "coordinates": [ 141.124474, 38.932026 ] } },
{ "type": "Feature", "properties": { "ID": 3203200082, "正式名称": "医療法人三秋会一関中央クリニック", "機関区分": 2, "都道府県コード": 3, "市区町村コード": 209, "所在地": "岩手県一関市中央町二丁目４番２号", "緯度": 38.937244, "経度": 141.128837, "url": "https://www.iryou.teikyouseido.mhlw.go.jp/znk-web/juminkanja/S2430/initialize?prefCd=03&kikanCd=03200082&kikanKbn=2", "url2": "http://i3syukai.ec-net.jp/", "内容": "医療法人三秋会一関中央クリニック【2:診療所】【診療科目:内科_代謝内科_消化器内科_内視鏡内科_小児科】岩手県一関市中央町二丁目４番２号" }, "geometry": { "type": "Point", "coordinates": [ 141.128837, 38.937244 ] } },
{ "type": "Feature", "properties": { "ID": 3203200084, "正式名称": "医療法人慈融会二宮眼科医院", "機関区分": 2, "都道府県コード": 3, "市区町村コード": 209, "所在地": "岩手県一関市田村町２番５号", "緯度": 38.928114, "経度": 141.131751, "url": "https://www.iryou.teikyouseido.mhlw.go.jp/znk-web/juminkanja/S2430/initialize?prefCd=03&kikanCd=03200084&kikanKbn=2", "url2": "http://ninoeye.byoinnavi.jp/", "内容": "医療法人慈融会二宮眼科医院【2:診療所】【診療科目:眼科】岩手県一関市田村町２番５号" }, "geometry": { "type": "Point", "coordinates": [ 141.131751, 38.928114 ] } },
{ "type": "Feature", "properties": { "ID": 3203200085, "正式名称": "医療法人中野内科循環器科クリニック", "機関区分": 2, "都道府県コード": 3, "市区町村コード": 209, "所在地": "岩手県一関市山目字中野５７番地１", "緯度": 38.934826, "経度": 141.114748, "url": "https://www.iryou.teikyouseido.mhlw.go.jp/znk-web/juminkanja/S2430/initialize?prefCd=03&kikanCd=03200085&kikanKbn=2", "url2": null, "内容": "医療法人中野内科循環器科クリニック【2:診療所】【診療科目:内科_呼吸器内科_循環器内科_消化器内科_アレルギー科】岩手県一関市山目字中野５７番地１" }, "geometry": { "type": "Point", "coordinates": [ 141.114748, 38.934826 ] } },
{ "type": "Feature", "properties": { "ID": 3203200088, "正式名称": "千葉内科医院", "機関区分": 2, "都道府県コード": 3, "市区町村コード": 209, "所在地": "岩手県一関市山目字才天２２７番地", "緯度": 38.931241, "経度": 141.117489, "url": "https://www.iryou.teikyouseido.mhlw.go.jp/znk-web/juminkanja/S2430/initialize?prefCd=03&kikanCd=03200088&kikanKbn=2", "url2": null, "内容": "千葉内科医院【2:診療所】【診療科目:内科_呼吸器内科_循環器内科_消化器内科_アレルギー疾患内科_循環器科、消化器科、呼吸器科_アレルギー科】岩手県一関市山目字才天２２７番地" }, "geometry": { "type": "Point", "coordinates": [ 141.117489, 38.931241 ] } },
{ "type": "Feature", "properties": { "ID": 3203200093, "正式名称": "医療法人社団にしだ眼科クリニック", "機関区分": 2, "都道府県コード": 3, "市区町村コード": 209, "所在地": "岩手県一関市山目字中野５５番地１", "緯度": 38.934834, "経度": 141.115184, "url": "https://www.iryou.teikyouseido.mhlw.go.jp/znk-web/juminkanja/S2430/initialize?prefCd=03&kikanCd=03200093&kikanKbn=2", "url2": "http://www.nishida-eye-clinic.com", "内容": "医療法人社団にしだ眼科クリニック【2:診療所】【診療科目:眼科】岩手県一関市山目字中野５５番地１" }, "geometry": { "type": "Point", "coordinates": [ 141.115184, 38.934834 ] } },
{ "type": "Feature", "properties": { "ID": 3203200094, "正式名称": "医療法人小原眼科", "機関区分": 2, "都道府県コード": 3, "市区町村コード": 209, "所在地": "岩手県一関市字新大町４６番地", "緯度": 38.924393, "経度": 141.135024, "url": "https://www.iryou.teikyouseido.mhlw.go.jp/znk-web/juminkanja/S2430/initialize?prefCd=03&kikanCd=03200094&kikanKbn=2", "url2": null, "内容": "医療法人小原眼科【2:診療所】【診療科目:眼科】岩手県一関市字新大町４６番地" }, "geometry": { "type": "Point", "coordinates": [ 141.135024, 38.924393 ] } },
{ "type": "Feature", "properties": { "ID": 3203200095, "正式名称": "佐藤外科肛門科医院", "機関区分": 2, "都道府県コード": 3, "市区町村コード": 209, "所在地": "岩手県一関市山目字三反田４３番地", "緯度": 38.933982, "経度": 141.120005, "url": "https://www.iryou.teikyouseido.mhlw.go.jp/znk-web/juminkanja/S2430/initialize?prefCd=03&kikanCd=03200095&kikanKbn=2", "url2": "https://seki-med.or.jp/?p=509", "内容": "佐藤外科肛門科医院【2:診療所】【診療科目:消化器内科_外科_整形外科_泌尿器科_肛門科】岩手県一関市山目字三反田４３番地" }, "geometry": { "type": "Point", "coordinates": [ 141.120005, 38.933982 ] } },
{ "type": "Feature", "properties": { "ID": 3203200096, "正式名称": "誠信堂医院", "機関区分": 2, "都道府県コード": 3, "市区町村コード": 209, "所在地": "岩手県一関市花泉町涌津字道下１３番地", "緯度": 38.830791, "経度": 141.182684, "url": "https://www.iryou.teikyouseido.mhlw.go.jp/znk-web/juminkanja/S2430/initialize?prefCd=03&kikanCd=03200096&kikanKbn=2", "url2": null, "内容": "誠信堂医院【2:診療所】【診療科目:内科_小児科】岩手県一関市花泉町涌津字道下１３番地" }, "geometry": { "type": "Point", "coordinates": [ 141.182684, 38.830791 ] } },
{ "type": "Feature", "properties": { "ID": 3203200097, "正式名称": "医療法人英仁会中里クリニック", "機関区分": 2, "都道府県コード": 3, "市区町村コード": 209, "所在地": "岩手県一関市石畑６番２９号", "緯度": 38.938254, "経度": 141.134036, "url": "https://www.iryou.teikyouseido.mhlw.go.jp/znk-web/juminkanja/S2430/initialize?prefCd=03&kikanCd=03200097&kikanKbn=2", "url2": null, "内容": "医療法人英仁会中里クリニック【2:診療所】【診療科目:内科_外科_皮膚科_泌尿器科】岩手県一関市石畑６番２９号" }, "geometry": { "type": "Point", "coordinates": [ 141.134036, 38.938254 ] } },
{ "type": "Feature", "properties": { "ID": 3203200098, "正式名称": "菊池内科医院", "機関区分": 2, "都道府県コード": 3, "市区町村コード": 209, "所在地": "岩手県一関市大東町沖田字八日町３３番地", "緯度": 39.045987, "経度": 141.366328, "url": "https://www.iryou.teikyouseido.mhlw.go.jp/znk-web/juminkanja/S2430/initialize?prefCd=03&kikanCd=03200098&kikanKbn=2", "url2": null, "内容": "菊池内科医院【2:診療所】【診療科目:内科_消化器内科_小児科】岩手県一関市大東町沖田字八日町３３番地" }, "geometry": { "type": "Point", "coordinates": [ 141.366328, 39.045987 ] } },
{ "type": "Feature", "properties": { "ID": 3203200099, "正式名称": "さとう小児科医院", "機関区分": 2, "都道府県コード": 3, "市区町村コード": 209, "所在地": "岩手県一関市桜木町５番２２号", "緯度": 38.93357, "経度": 141.137136, "url": "https://www.iryou.teikyouseido.mhlw.go.jp/znk-web/juminkanja/S2430/initialize?prefCd=03&kikanCd=03200099&kikanKbn=2", "url2": null, "内容": "さとう小児科医院【2:診療所】【診療科目:小児科】岩手県一関市桜木町５番２２号" }, "geometry": { "type": "Point", "coordinates": [ 141.137136, 38.93357 ] } },
{ "type": "Feature", "properties": { "ID": 3203200100, "正式名称": "医療法人カミツレの会秋保クリニック", "機関区分": 2, "都道府県コード": 3, "市区町村コード": 209, "所在地": "岩手県一関市字南新町５５番地", "緯度": 38.923771, "経度": 141.135293, "url": "https://www.iryou.teikyouseido.mhlw.go.jp/znk-web/juminkanja/S2430/initialize?prefCd=03&kikanCd=03200100&kikanKbn=2", "url2": null, "内容": "医療法人カミツレの会秋保クリニック【2:診療所】【診療科目:精神科_心療内科】岩手県一関市字南新町５５番地" }, "geometry": { "type": "Point", "coordinates": [ 141.135293, 38.923771 ] } },
{ "type": "Feature", "properties": { "ID": 3203200102, "正式名称": "一関市国民健康保険室根診療所", "機関区分": 2, "都道府県コード": 3, "市区町村コード": 209, "所在地": "岩手県一関市室根町折壁字八幡沖１１７番地", "緯度": 38.935875, "経度": 141.441333, "url": "https://www.iryou.teikyouseido.mhlw.go.jp/znk-web/juminkanja/S2430/initialize?prefCd=03&kikanCd=03200102&kikanKbn=2", "url2": null, "内容": "一関市国民健康保険室根診療所【2:診療所】【診療科目:内科_消化器内科】岩手県一関市室根町折壁字八幡沖１１７番地" }, "geometry": { "type": "Point", "coordinates": [ 141.441333, 38.935875 ] } },
{ "type": "Feature", "properties": { "ID": 3203200105, "正式名称": "医療法人社団寺崎内科胃腸科医院", "機関区分": 2, "都道府県コード": 3, "市区町村コード": 209, "所在地": "岩手県一関市青葉一丁目６番１０号", "緯度": 38.929047, "経度": 141.12635, "url": "https://www.iryou.teikyouseido.mhlw.go.jp/znk-web/juminkanja/S2430/initialize?prefCd=03&kikanCd=03200105&kikanKbn=2", "url2": "https://www.terasaki-cl.jp/", "内容": "医療法人社団寺崎内科胃腸科医院【2:診療所】【診療科目:内科_消化器内科_アレルギー科】岩手県一関市青葉一丁目６番１０号" }, "geometry": { "type": "Point", "coordinates": [ 141.12635, 38.929047 ] } },
{ "type": "Feature", "properties": { "ID": 3203200106, "正式名称": "内科クリニックすずき", "機関区分": 2, "都道府県コード": 3, "市区町村コード": 201, "所在地": "岩手県盛岡市北松園２ー１５ー４", "緯度": 39.761951, "経度": 141.173341, "url": "https://www.iryou.teikyouseido.mhlw.go.jp/znk-web/juminkanja/S2430/initialize?prefCd=03&kikanCd=03200106&kikanKbn=2", "url2": null, "内容": "内科クリニックすずき【2:診療所】【診療科目:内科_呼吸器内科_循環器内科_消化器内科_神経内科_アレルギー疾患内科_循環器科、胃腸科、呼吸器科_小児科_心療内科_アレルギー科】岩手県盛岡市北松園２ー１５ー４" }, "geometry": { "type": "Point", "coordinates": [ 141.173341, 39.761951 ] } },
{ "type": "Feature", "properties": { "ID": 3203200111, "正式名称": "中村内科医院", "機関区分": 2, "都道府県コード": 3, "市区町村コード": 201, "所在地": "岩手県盛岡市若園町２番５号", "緯度": 39.703552, "経度": 141.158056, "url": "https://www.iryou.teikyouseido.mhlw.go.jp/znk-web/juminkanja/S2430/initialize?prefCd=03&kikanCd=03200111&kikanKbn=2", "url2": null, "内容": "中村内科医院【2:診療所】【診療科目:内科_呼吸器内科_循環器内科_胃腸内科】岩手県盛岡市若園町２番５号" }, "geometry": { "type": "Point", "coordinates": [ 141.158056, 39.703552 ] } },
{ "type": "Feature", "properties": { "ID": 3203200112, "正式名称": "医療法人なみき　双木整形外科医院", "機関区分": 2, "都道府県コード": 3, "市区町村コード": 201, "所在地": "岩手県盛岡市月が丘２ー５ー２３", "緯度": 39.732181, "経度": 141.107855, "url": "https://www.iryou.teikyouseido.mhlw.go.jp/znk-web/juminkanja/S2430/initialize?prefCd=03&kikanCd=03200112&kikanKbn=2", "url2": null, "内容": "医療法人なみき　双木整形外科医院【2:診療所】【診療科目:外科_整形外科_リウマチ科_リハビリテーション科】岩手県盛岡市月が丘２ー５ー２３" }, "geometry": { "type": "Point", "coordinates": [ 141.107855, 39.732181 ] } },
{ "type": "Feature", "properties": { "ID": 3203200114, "正式名称": "新津あさくら眼科クリニック", "機関区分": 2, "都道府県コード": 3, "市区町村コード": 201, "所在地": "岩手県盛岡市紺屋町２ー１", "緯度": 39.701145, "経度": 141.156178, "url": "https://www.iryou.teikyouseido.mhlw.go.jp/znk-web/juminkanja/S2430/initialize?prefCd=03&kikanCd=03200114&kikanKbn=2", "url2": "http://www.niitsu-asakura-eye.com", "内容": "新津あさくら眼科クリニック【2:診療所】【診療科目:眼科】岩手県盛岡市紺屋町２ー１" }, "geometry": { "type": "Point", "coordinates": [ 141.156178, 39.701145 ] } },
{ "type": "Feature", "properties": { "ID": 3203200116, "正式名称": "医療法人　緑生会　西島こどもクリニック", "機関区分": 2, "都道府県コード": 3, "市区町村コード": 201, "所在地": "岩手県盛岡市上田１－１９－１１", "緯度": 39.711743, "経度": 141.140878, "url": "https://www.iryou.teikyouseido.mhlw.go.jp/znk-web/juminkanja/S2430/initialize?prefCd=03&kikanCd=03200116&kikanKbn=2", "url2": null, "内容": "医療法人　緑生会　西島こどもクリニック【2:診療所】【診療科目:小児科_児童精神科_アレルギー科】岩手県盛岡市上田１－１９－１１" }, "geometry": { "type": "Point", "coordinates": [ 141.140878, 39.711743 ] } },
{ "type": "Feature", "properties": { "ID": 3203200117, "正式名称": "医療法人緑生会　西島産婦人科医院", "機関区分": 2, "都道府県コード": 3, "市区町村コード": 201, "所在地": "岩手県盛岡市上田１丁目１９－１１", "緯度": 39.711743, "経度": 141.140878, "url": "https://www.iryou.teikyouseido.mhlw.go.jp/znk-web/juminkanja/S2430/initialize?prefCd=03&kikanCd=03200117&kikanKbn=2", "url2": "http://www.sanfujinka-navi.ne.jp/clinic/tohoku/iwate/nishijima.html", "内容": "医療法人緑生会　西島産婦人科医院【2:診療所】【診療科目:内科_産婦人科】岩手県盛岡市上田１丁目１９－１１" }, "geometry": { "type": "Point", "coordinates": [ 141.140878, 39.711743 ] } },
{ "type": "Feature", "properties": { "ID": 3203200119, "正式名称": "医療法人敬星会　二宮内科クリニック", "機関区分": 2, "都道府県コード": 3, "市区町村コード": 201, "所在地": "岩手県盛岡市愛宕町２番４７号", "緯度": 39.707999, "経度": 141.158049, "url": "https://www.iryou.teikyouseido.mhlw.go.jp/znk-web/juminkanja/S2430/initialize?prefCd=03&kikanCd=03200119&kikanKbn=2", "url2": "http://www.ninomiya-clinic.or.jp/", "内容": "医療法人敬星会　二宮内科クリニック【2:診療所】【診療科目:内科_糖尿病内科_呼吸器内科_循環器内科_消化器内科_循環器科、消化器科、呼吸器科_リウマチ科】岩手県盛岡市愛宕町２番４７号" }, "geometry": { "type": "Point", "coordinates": [ 141.158049, 39.707999 ] } },
{ "type": "Feature", "properties": { "ID": 3203200122, "正式名称": "はしもと眼科クリニック", "機関区分": 2, "都道府県コード": 3, "市区町村コード": 201, "所在地": "岩手県盛岡市青山２丁目２３ー２１", "緯度": 39.7266, "経度": 141.111465, "url": "https://www.iryou.teikyouseido.mhlw.go.jp/znk-web/juminkanja/S2430/initialize?prefCd=03&kikanCd=03200122&kikanKbn=2", "url2": "https://www.hashimoto-ganka.net", "内容": "はしもと眼科クリニック【2:診療所】【診療科目:眼科】岩手県盛岡市青山２丁目２３ー２１" }, "geometry": { "type": "Point", "coordinates": [ 141.111465, 39.7266 ] } },
{ "type": "Feature", "properties": { "ID": 3203200125, "正式名称": "医療法人平野医院", "機関区分": 2, "都道府県コード": 3, "市区町村コード": 201, "所在地": "岩手県盛岡市西青山二丁目１８番６０号", "緯度": 39.727625, "経度": 141.109394, "url": "https://www.iryou.teikyouseido.mhlw.go.jp/znk-web/juminkanja/S2430/initialize?prefCd=03&kikanCd=03200125&kikanKbn=2", "url2": "https://www.hiranocl.com/facilites", "内容": "医療法人平野医院【2:診療所】【診療科目:内科_呼吸器内科_外科】岩手県盛岡市西青山二丁目１８番６０号" }, "geometry": { "type": "Point", "coordinates": [ 141.109394, 39.727625 ] } },
{ "type": "Feature", "properties": { "ID": 3203200126, "正式名称": "医療法人もりあい内科クリニック", "機関区分": 2, "都道府県コード": 3, "市区町村コード": 209, "所在地": "岩手県一関市千厩町千厩字前田９６番地９", "緯度": 38.918924, "経度": 141.337113, "url": "https://www.iryou.teikyouseido.mhlw.go.jp/znk-web/juminkanja/S2430/initialize?prefCd=03&kikanCd=03200126&kikanKbn=2", "url2": "http://www.moriainaika-cl.com/", "内容": "医療法人もりあい内科クリニック【2:診療所】【診療科目:内科_呼吸器内科_循環器内科_消化器内科_小児科】岩手県一関市千厩町千厩字前田９６番地９" }, "geometry": { "type": "Point", "coordinates": [ 141.337113, 38.918924 ] } },
{ "type": "Feature", "properties": { "ID": 3203200129, "正式名称": "藤島内科医院", "機関区分": 2, "都道府県コード": 3, "市区町村コード": 201, "所在地": "岩手県盛岡市愛宕町４ー１８", "緯度": 39.708631, "経度": 141.159501, "url": "https://www.iryou.teikyouseido.mhlw.go.jp/znk-web/juminkanja/S2430/initialize?prefCd=03&kikanCd=03200129&kikanKbn=2", "url2": null, "内容": "藤島内科医院【2:診療所】【診療科目:内科_呼吸器内科_循環器内科_消化器内科_内科全般】岩手県盛岡市愛宕町４ー１８" }, "geometry": { "type": "Point", "coordinates": [ 141.159501, 39.708631 ] } },
{ "type": "Feature", "properties": { "ID": 3203200130, "正式名称": "二井耳鼻咽喉科医院", "機関区分": 2, "都道府県コード": 3, "市区町村コード": 201, "所在地": "岩手県盛岡市加賀野４丁目１６の１２", "緯度": 39.709937, "経度": 141.169542, "url": "https://www.iryou.teikyouseido.mhlw.go.jp/znk-web/juminkanja/S2430/initialize?prefCd=03&kikanCd=03200130&kikanKbn=2", "url2": null, "内容": "二井耳鼻咽喉科医院【2:診療所】【診療科目:耳鼻いんこう科】岩手県盛岡市加賀野４丁目１６の１２" }, "geometry": { "type": "Point", "coordinates": [ 141.169542, 39.709937 ] } },
{ "type": "Feature", "properties": { "ID": 3203200131, "正式名称": "船山内科クリニック", "機関区分": 2, "都道府県コード": 3, "市区町村コード": 201, "所在地": "岩手県盛岡市下ノ橋町４ー１５", "緯度": 39.697489, "経度": 141.150143, "url": "https://www.iryou.teikyouseido.mhlw.go.jp/znk-web/juminkanja/S2430/initialize?prefCd=03&kikanCd=03200131&kikanKbn=2", "url2": "http://homepage2.nifty.com/Funayama.Naika", "内容": "船山内科クリニック【2:診療所】【診療科目:内科_呼吸器内科_アレルギー疾患内科_アレルギー科】岩手県盛岡市下ノ橋町４ー１５" }, "geometry": { "type": "Point", "coordinates": [ 141.150143, 39.697489 ] } },
{ "type": "Feature", "properties": { "ID": 3203200132, "正式名称": "ブレスト齊藤外科クリニック", "機関区分": 2, "都道府県コード": 3, "市区町村コード": 201, "所在地": "岩手県盛岡市本宮六丁目１７番６号", "緯度": 39.686286, "経度": 141.122326, "url": "https://www.iryou.teikyouseido.mhlw.go.jp/znk-web/juminkanja/S2430/initialize?prefCd=03&kikanCd=03200132&kikanKbn=2", "url2": "http://www.breast-saito.jp/", "内容": "ブレスト齊藤外科クリニック【2:診療所】【診療科目:内科_外科_乳腺外科_乳腺・内分泌外科_肛門外科_皮膚科_麻酔科】岩手県盛岡市本宮六丁目１７番６号" }, "geometry": { "type": "Point", "coordinates": [ 141.122326, 39.686286 ] } },
{ "type": "Feature", "properties": { "ID": 3203200133, "正式名称": "医療法人　細井外科医院", "機関区分": 2, "都道府県コード": 3, "市区町村コード": 201, "所在地": "岩手県盛岡市大沢川原１丁目１ー２", "緯度": 39.699465, "経度": 141.148568, "url": "https://www.iryou.teikyouseido.mhlw.go.jp/znk-web/juminkanja/S2430/initialize?prefCd=03&kikanCd=03200133&kikanKbn=2", "url2": null, "内容": "医療法人　細井外科医院【2:診療所】【診療科目:胃腸内科_外科_肛門外科_整形外科】岩手県盛岡市大沢川原１丁目１ー２" }, "geometry": { "type": "Point", "coordinates": [ 141.148568, 39.699465 ] } },
{ "type": "Feature", "properties": { "ID": 3203200136, "正式名称": "堀皮膚科クリニック", "機関区分": 2, "都道府県コード": 3, "市区町村コード": 201, "所在地": "岩手県盛岡市名須川町１９ー２４", "緯度": 39.710112, "経度": 141.150743, "url": "https://www.iryou.teikyouseido.mhlw.go.jp/znk-web/juminkanja/S2430/initialize?prefCd=03&kikanCd=03200136&kikanKbn=2", "url2": null, "内容": "堀皮膚科クリニック【2:診療所】【診療科目:皮膚科】岩手県盛岡市名須川町１９ー２４" }, "geometry": { "type": "Point", "coordinates": [ 141.150743, 39.710112 ] } },
{ "type": "Feature", "properties": { "ID": 3203200138, "正式名称": "前川内科クリニック", "機関区分": 2, "都道府県コード": 3, "市区町村コード": 201, "所在地": "岩手県盛岡市新田町９ー１１", "緯度": 39.705727, "経度": 141.128054, "url": "https://www.iryou.teikyouseido.mhlw.go.jp/znk-web/juminkanja/S2430/initialize?prefCd=03&kikanCd=03200138&kikanKbn=2", "url2": null, "内容": "前川内科クリニック【2:診療所】【診療科目:内科_循環器科、胃腸科、消化器科、呼吸器科】岩手県盛岡市新田町９ー１１" }, "geometry": { "type": "Point", "coordinates": [ 141.128054, 39.705727 ] } },
{ "type": "Feature", "properties": { "ID": 3203200141, "正式名称": "ヒロバランスクリニック", "機関区分": 2, "都道府県コード": 3, "市区町村コード": 201, "所在地": "岩手県盛岡市松園２丁目３７ー１０", "緯度": 39.753756, "経度": 141.164944, "url": "https://www.iryou.teikyouseido.mhlw.go.jp/znk-web/juminkanja/S2430/initialize?prefCd=03&kikanCd=03200141&kikanKbn=2", "url2": "http://hiro-balance.jp", "内容": "ヒロバランスクリニック【2:診療所】【診療科目:内科_整形外科_皮膚科】岩手県盛岡市松園２丁目３７ー１０" }, "geometry": { "type": "Point", "coordinates": [ 141.164944, 39.753756 ] } },
{ "type": "Feature", "properties": { "ID": 3203200144, "正式名称": "みうら小児科医院", "機関区分": 2, "都道府県コード": 3, "市区町村コード": 201, "所在地": "岩手県盛岡市中野一丁目１６ー１０", "緯度": 39.693326, "経度": 141.169945, "url": "https://www.iryou.teikyouseido.mhlw.go.jp/znk-web/juminkanja/S2430/initialize?prefCd=03&kikanCd=03200144&kikanKbn=2", "url2": null, "内容": "みうら小児科医院【2:診療所】【診療科目:小児科_アレルギー科】岩手県盛岡市中野一丁目１６ー１０" }, "geometry": { "type": "Point", "coordinates": [ 141.169945, 39.693326 ] } },
{ "type": "Feature", "properties": { "ID": 3203200146, "正式名称": "水沼内科循環器クリニック", "機関区分": 2, "都道府県コード": 3, "市区町村コード": 201, "所在地": "岩手県盛岡市中央通２－１１－１２", "緯度": 39.704503, "経度": 141.144121, "url": "https://www.iryou.teikyouseido.mhlw.go.jp/znk-web/juminkanja/S2430/initialize?prefCd=03&kikanCd=03200146&kikanKbn=2", "url2": "http://miz.i-clinic.ne.jp/", "内容": "水沼内科循環器クリニック【2:診療所】【診療科目:内科_呼吸器内科_循環器内科】岩手県盛岡市中央通２－１１－１２" }, "geometry": { "type": "Point", "coordinates": [ 141.144121, 39.704503 ] } },
{ "type": "Feature", "properties": { "ID": 3203200147, "正式名称": "医療法人　正和会　みたけ眼科", "機関区分": 2, "都道府県コード": 3, "市区町村コード": 201, "所在地": "岩手県盛岡市青山４丁目４５－１９", "緯度": 39.732685, "経度": 141.114425, "url": "https://www.iryou.teikyouseido.mhlw.go.jp/znk-web/juminkanja/S2430/initialize?prefCd=03&kikanCd=03200147&kikanKbn=2", "url2": "http://www.shiwaganka.cc/", "内容": "医療法人　正和会　みたけ眼科【2:診療所】【診療科目:眼科】岩手県盛岡市青山４丁目４５－１９" }, "geometry": { "type": "Point", "coordinates": [ 141.114425, 39.732685 ] } },
{ "type": "Feature", "properties": { "ID": 3203200154, "正式名称": "医療法人三船内科", "機関区分": 2, "都道府県コード": 3, "市区町村コード": 201, "所在地": "岩手県盛岡市天昌寺町９番１０号", "緯度": 39.710073, "経度": 141.119459, "url": "https://www.iryou.teikyouseido.mhlw.go.jp/znk-web/juminkanja/S2430/initialize?prefCd=03&kikanCd=03200154&kikanKbn=2", "url2": null, "内容": "医療法人三船内科【2:診療所】【診療科目:内科_循環器内科】岩手県盛岡市天昌寺町９番１０号" }, "geometry": { "type": "Point", "coordinates": [ 141.119459, 39.710073 ] } },
{ "type": "Feature", "properties": { "ID": 3203200159, "正式名称": "村田小児科医院", "機関区分": 2, "都道府県コード": 3, "市区町村コード": 201, "所在地": "岩手県盛岡市紺屋町３ー４", "緯度": 39.70269, "経度": 141.156396, "url": "https://www.iryou.teikyouseido.mhlw.go.jp/znk-web/juminkanja/S2430/initialize?prefCd=03&kikanCd=03200159&kikanKbn=2", "url2": "http://www.muratasyounika.com/", "内容": "村田小児科医院【2:診療所】【診療科目:小児科】岩手県盛岡市紺屋町３ー４" }, "geometry": { "type": "Point", "coordinates": [ 141.156396, 39.70269 ] } },
{ "type": "Feature", "properties": { "ID": 3203200160, "正式名称": "恵皮膚科クリニック", "機関区分": 2, "都道府県コード": 3, "市区町村コード": 201, "所在地": "岩手県盛岡市盛岡駅前通", "緯度": 39.703164, "経度": 141.136138, "url": "https://www.iryou.teikyouseido.mhlw.go.jp/znk-web/juminkanja/S2430/initialize?prefCd=03&kikanCd=03200160&kikanKbn=2", "url2": null, "内容": "恵皮膚科クリニック【2:診療所】【診療科目:皮膚科】岩手県盛岡市盛岡駅前通" }, "geometry": { "type": "Point", "coordinates": [ 141.136138, 39.703164 ] } },
{ "type": "Feature", "properties": { "ID": 3203200163, "正式名称": "盛岡市夜間急患診療所", "機関区分": 2, "都道府県コード": 3, "市区町村コード": 201, "所在地": "岩手県盛岡市神明町３ー２９", "緯度": 39.701449, "経度": 141.158498, "url": "https://www.iryou.teikyouseido.mhlw.go.jp/znk-web/juminkanja/S2430/initialize?prefCd=03&kikanCd=03200163&kikanKbn=2", "url2": "http://www.city.morioka.iwate.jp/19hokenjo/kikaku/yakan/kyuukan.html", "内容": "盛岡市夜間急患診療所【2:診療所】【診療科目:内科_小児科】岩手県盛岡市神明町３ー２９" }, "geometry": { "type": "Point", "coordinates": [ 141.158498, 39.701449 ] } },
{ "type": "Feature", "properties": { "ID": 3203200164, "正式名称": "もりおか静眠堂医院", "機関区分": 2, "都道府県コード": 3, "市区町村コード": 201, "所在地": "岩手県盛岡市盛岡駅前通９番５号　佐川ビル２階", "緯度": 39.702271, "経度": 141.137742, "url": "https://www.iryou.teikyouseido.mhlw.go.jp/znk-web/juminkanja/S2430/initialize?prefCd=03&kikanCd=03200164&kikanKbn=2", "url2": "http://www.seimindo.net", "内容": "もりおか静眠堂医院【2:診療所】【診療科目:内科_循環器科、呼吸器科_形成外科_皮膚科_アレルギー科】岩手県盛岡市盛岡駅前通９番５号　佐川ビル２階" }, "geometry": { "type": "Point", "coordinates": [ 141.137742, 39.702271 ] } },
{ "type": "Feature", "properties": { "ID": 3203200165, "正式名称": "もりた整形外科", "機関区分": 2, "都道府県コード": 3, "市区町村コード": 201, "所在地": "岩手県盛岡市山岸１丁目３番８号", "緯度": 39.711484, "経度": 141.165774, "url": "https://www.iryou.teikyouseido.mhlw.go.jp/znk-web/juminkanja/S2430/initialize?prefCd=03&kikanCd=03200165&kikanKbn=2", "url2": "http://nttbj.itp.ne.jp/0196525858/", "内容": "もりた整形外科【2:診療所】【診療科目:外科_整形外科_リハビリテーション科】岩手県盛岡市山岸１丁目３番８号" }, "geometry": { "type": "Point", "coordinates": [ 141.165774, 39.711484 ] } },
{ "type": "Feature", "properties": { "ID": 3203200167, "正式名称": "森谷医院", "機関区分": 2, "都道府県コード": 3, "市区町村コード": 201, "所在地": "岩手県盛岡市高松３－１１－２９", "緯度": 39.729265, "経度": 141.14052, "url": "https://www.iryou.teikyouseido.mhlw.go.jp/znk-web/juminkanja/S2430/initialize?prefCd=03&kikanCd=03200167&kikanKbn=2", "url2": "https://www.morioka-moriya-clinic.com", "内容": "森谷医院【2:診療所】【診療科目:内科_消化器内科】岩手県盛岡市高松３－１１－２９" }, "geometry": { "type": "Point", "coordinates": [ 141.14052, 39.729265 ] } },
{ "type": "Feature", "properties": { "ID": 3203200170, "正式名称": "夕顔瀬内科産婦人科医院", "機関区分": 2, "都道府県コード": 3, "市区町村コード": 201, "所在地": "岩手県盛岡市梨木町６－１２", "緯度": 39.709587, "経度": 141.134601, "url": "https://www.iryou.teikyouseido.mhlw.go.jp/znk-web/juminkanja/S2430/initialize?prefCd=03&kikanCd=03200170&kikanKbn=2", "url2": "http://www.yuugaoseclinic.com", "内容": "夕顔瀬内科産婦人科医院【2:診療所】【診療科目:内科_産婦人科】岩手県盛岡市梨木町６－１２" }, "geometry": { "type": "Point", "coordinates": [ 141.134601, 39.709587 ] } },
{ "type": "Feature", "properties": { "ID": 3203200171, "正式名称": "よしだクリニック（小児科・アレルギー科）", "機関区分": 2, "都道府県コード": 3, "市区町村コード": 201, "所在地": "岩手県盛岡市西仙北", "緯度": 39.687835, "経度": 141.145554, "url": "https://www.iryou.teikyouseido.mhlw.go.jp/znk-web/juminkanja/S2430/initialize?prefCd=03&kikanCd=03200171&kikanKbn=2", "url2": "www.yoshida-cl.com", "内容": "よしだクリニック（小児科・アレルギー科）【2:診療所】【診療科目:小児科_アレルギー科】岩手県盛岡市西仙北" }, "geometry": { "type": "Point", "coordinates": [ 141.145554, 39.687835 ] } },
{ "type": "Feature", "properties": { "ID": 3203200172, "正式名称": "医療法人　緑明会　吉田消化器科内科", "機関区分": 2, "都道府県コード": 3, "市区町村コード": 201, "所在地": "岩手県盛岡市東見前８地割２０ー１６", "緯度": 39.641903, "経度": 141.17233, "url": "https://www.iryou.teikyouseido.mhlw.go.jp/znk-web/juminkanja/S2430/initialize?prefCd=03&kikanCd=03200172&kikanKbn=2", "url2": "http://www.clinic-yoshida.jp", "内容": "医療法人　緑明会　吉田消化器科内科【2:診療所】【診療科目:内科_消化器内科】岩手県盛岡市東見前８地割２０ー１６" }, "geometry": { "type": "Point", "coordinates": [ 141.17233, 39.641903 ] } },
{ "type": "Feature", "properties": { "ID": 3203200174, "正式名称": "吉田耳鼻咽喉科医院", "機関区分": 2, "都道府県コード": 3, "市区町村コード": 201, "所在地": "岩手県盛岡市本宮２ー３９ー１", "緯度": 39.685815, "経度": 141.141044, "url": "https://www.iryou.teikyouseido.mhlw.go.jp/znk-web/juminkanja/S2430/initialize?prefCd=03&kikanCd=03200174&kikanKbn=2", "url2": null, "内容": "吉田耳鼻咽喉科医院【2:診療所】【診療科目:耳鼻いんこう科_頭頸部・耳鼻いんこう科】岩手県盛岡市本宮２ー３９ー１" }, "geometry": { "type": "Point", "coordinates": [ 141.141044, 39.685815 ] } },
{ "type": "Feature", "properties": { "ID": 3203200175, "正式名称": "吉田小児科", "機関区分": 2, "都道府県コード": 3, "市区町村コード": 201, "所在地": "岩手県盛岡市梨木町２－１３", "緯度": 39.710342, "経度": 141.138588, "url": "https://www.iryou.teikyouseido.mhlw.go.jp/znk-web/juminkanja/S2430/initialize?prefCd=03&kikanCd=03200175&kikanKbn=2", "url2": "http://yoshishow.byoinnavi.jp/", "内容": "吉田小児科【2:診療所】【診療科目:小児科】岩手県盛岡市梨木町２－１３" }, "geometry": { "type": "Point", "coordinates": [ 141.138588, 39.710342 ] } },
{ "type": "Feature", "properties": { "ID": 3203200178, "正式名称": "吉野整形外科麻酔科医院", "機関区分": 2, "都道府県コード": 3, "市区町村コード": 201, "所在地": "岩手県盛岡市上太田金財９３番地２", "緯度": 39.692544, "経度": 141.091755, "url": "https://www.iryou.teikyouseido.mhlw.go.jp/znk-web/juminkanja/S2430/initialize?prefCd=03&kikanCd=03200178&kikanKbn=2", "url2": null, "内容": "吉野整形外科麻酔科医院【2:診療所】【診療科目:外科_整形外科_リウマチ科_リハビリテーション科_麻酔科】岩手県盛岡市上太田金財９３番地２" }, "geometry": { "type": "Point", "coordinates": [ 141.091755, 39.692544 ] } },
{ "type": "Feature", "properties": { "ID": 3203200181, "正式名称": "わたなべおしりのクリニック", "機関区分": 2, "都道府県コード": 3, "市区町村コード": 201, "所在地": "岩手県盛岡市本宮５－１－３", "緯度": 39.692388, "経度": 141.123271, "url": "https://www.iryou.teikyouseido.mhlw.go.jp/znk-web/juminkanja/S2430/initialize?prefCd=03&kikanCd=03200181&kikanKbn=2", "url2": null, "内容": "わたなべおしりのクリニック【2:診療所】【診療科目:胃腸内科_外科_肛門外科】岩手県盛岡市本宮５－１－３" }, "geometry": { "type": "Point", "coordinates": [ 141.123271, 39.692388 ] } },
{ "type": "Feature", "properties": { "ID": 3203200182, "正式名称": "医療法人渡辺医院　渡辺耳鼻咽喉科アレルギー科", "機関区分": 2, "都道府県コード": 3, "市区町村コード": 201, "所在地": "岩手県盛岡市三本柳９地割３１ー６", "緯度": 39.654337, "経度": 141.164958, "url": "https://www.iryou.teikyouseido.mhlw.go.jp/znk-web/juminkanja/S2430/initialize?prefCd=03&kikanCd=03200182&kikanKbn=2", "url2": null, "内容": "医療法人渡辺医院　渡辺耳鼻咽喉科アレルギー科【2:診療所】【診療科目:耳鼻いんこう科_アレルギー科】岩手県盛岡市三本柳９地割３１ー６" }, "geometry": { "type": "Point", "coordinates": [ 141.164958, 39.654337 ] } },
{ "type": "Feature", "properties": { "ID": 3203200185, "正式名称": "上原小児科医院", "機関区分": 2, "都道府県コード": 3, "市区町村コード": 301, "所在地": "岩手県岩手郡雫石町八卦１ー１６", "緯度": 39.694116, "経度": 140.965509, "url": "https://www.iryou.teikyouseido.mhlw.go.jp/znk-web/juminkanja/S2430/initialize?prefCd=03&kikanCd=03200185&kikanKbn=2", "url2": null, "内容": "上原小児科医院【2:診療所】【診療科目:小児科】岩手県岩手郡雫石町八卦１ー１６" }, "geometry": { "type": "Point", "coordinates": [ 140.965509, 39.694116 ] } },
{ "type": "Feature", "properties": { "ID": 3203200187, "正式名称": "篠村医院", "機関区分": 2, "都道府県コード": 3, "市区町村コード": 301, "所在地": "岩手県岩手郡雫石町寺の下１０５番地１２", "緯度": 39.689715, "経度": 140.976573, "url": "https://www.iryou.teikyouseido.mhlw.go.jp/znk-web/juminkanja/S2430/initialize?prefCd=03&kikanCd=03200187&kikanKbn=2", "url2": null, "内容": "篠村医院【2:診療所】【診療科目:消化器科_外科_こう門科】岩手県岩手郡雫石町寺の下１０５番地１２" }, "geometry": { "type": "Point", "coordinates": [ 140.976573, 39.689715 ] } },
{ "type": "Feature", "properties": { "ID": 3203200195, "正式名称": "医療法人青松会　岩手沼宮内クリニック", "機関区分": 2, "都道府県コード": 3, "市区町村コード": 303, "所在地": "岩手県岩手郡岩手町大字子抱第５地割６番８", "緯度": 39.958227, "経度": 141.208726, "url": "https://www.iryou.teikyouseido.mhlw.go.jp/znk-web/juminkanja/S2430/initialize?prefCd=03&kikanCd=03200195&kikanKbn=2", "url2": null, "内容": "医療法人青松会　岩手沼宮内クリニック【2:診療所】【診療科目:内科_外科_泌尿器科】岩手県岩手郡岩手町大字子抱第５地割６番８" }, "geometry": { "type": "Point", "coordinates": [ 141.208726, 39.958227 ] } },
{ "type": "Feature", "properties": { "ID": 3203200196, "正式名称": "岩手県立中央病院附属南山形診療所", "機関区分": 2, "都道府県コード": 3, "市区町村コード": 303, "所在地": "岩手県岩手郡岩手町大字川口第２８地割１３番地イ号字桜", "緯度": 39.903021, "経度": 141.302194, "url": "https://www.iryou.teikyouseido.mhlw.go.jp/znk-web/juminkanja/S2430/initialize?prefCd=03&kikanCd=03200196&kikanKbn=2", "url2": null, "内容": "岩手県立中央病院附属南山形診療所【2:診療所】【診療科目:内科】岩手県岩手郡岩手町大字川口第２８地割１３番地イ号字桜" }, "geometry": { "type": "Point", "coordinates": [ 141.302194, 39.903021 ] } },
{ "type": "Feature", "properties": { "ID": 3203200200, "正式名称": "医療法人徳政堂　佐渡医院", "機関区分": 2, "都道府県コード": 3, "市区町村コード": 303, "所在地": "岩手県岩手郡岩手町大字五日市第１０地割１７５番地１５", "緯度": 39.973748, "経度": 141.220062, "url": "https://www.iryou.teikyouseido.mhlw.go.jp/znk-web/juminkanja/S2430/initialize?prefCd=03&kikanCd=03200200&kikanKbn=2", "url2": "http://www.sawatari-iin.com/", "内容": "医療法人徳政堂　佐渡医院【2:診療所】【診療科目:内科_外科_脳神経外科_整形外科_心療内科】岩手県岩手郡岩手町大字五日市第１０地割１７５番地１５" }, "geometry": { "type": "Point", "coordinates": [ 141.220062, 39.973748 ] } },
{ "type": "Feature", "properties": { "ID": 3203200201, "正式名称": "医療法人慶正会　小豆嶋眼科クリニック", "機関区分": 2, "都道府県コード": 3, "市区町村コード": 303, "所在地": "岩手県岩手郡岩手町五日市１０ー１３０ー９", "緯度": 39.970861, "経度": 141.218885, "url": "https://www.iryou.teikyouseido.mhlw.go.jp/znk-web/juminkanja/S2430/initialize?prefCd=03&kikanCd=03200201&kikanKbn=2", "url2": null, "内容": "医療法人慶正会　小豆嶋眼科クリニック【2:診療所】【診療科目:眼科】岩手県岩手郡岩手町五日市１０ー１３０ー９" }, "geometry": { "type": "Point", "coordinates": [ 141.218885, 39.970861 ] } },
{ "type": "Feature", "properties": { "ID": 3203200202, "正式名称": "医療法人朔北会塚谷医院", "機関区分": 2, "都道府県コード": 3, "市区町村コード": 303, "所在地": "岩手県岩手郡岩手町江刈内１０ー４５ー１", "緯度": 39.955686, "経度": 141.265233, "url": "https://www.iryou.teikyouseido.mhlw.go.jp/znk-web/juminkanja/S2430/initialize?prefCd=03&kikanCd=03200202&kikanKbn=2", "url2": "https://www.tsukatani-cl.jp/", "内容": "医療法人朔北会塚谷医院【2:診療所】【診療科目:内科_小児科_婦人科】岩手県岩手郡岩手町江刈内１０ー４５ー１" }, "geometry": { "type": "Point", "coordinates": [ 141.265233, 39.955686 ] } },
{ "type": "Feature", "properties": { "ID": 3203200209, "正式名称": "八幡平中央整形外科・内科クリニック", "機関区分": 2, "都道府県コード": 3, "市区町村コード": 214, "所在地": "岩手県八幡平市大更２５ー１１７ー２", "緯度": 39.908722, "経度": 141.134427, "url": "https://www.iryou.teikyouseido.mhlw.go.jp/znk-web/juminkanja/S2430/initialize?prefCd=03&kikanCd=03200209&kikanKbn=2", "url2": null, "内容": "八幡平中央整形外科・内科クリニック【2:診療所】【診療科目:内科_整形外科】岩手県八幡平市大更２５ー１１７ー２" }, "geometry": { "type": "Point", "coordinates": [ 141.134427, 39.908722 ] } },
{ "type": "Feature", "properties": { "ID": 3203200210, "正式名称": "吉田内科呼吸器科医院", "機関区分": 2, "都道府県コード": 3, "市区町村コード": 214, "所在地": "岩手県八幡平市大更２１ー７９ー３", "緯度": 39.908722, "経度": 141.134427, "url": "https://www.iryou.teikyouseido.mhlw.go.jp/znk-web/juminkanja/S2430/initialize?prefCd=03&kikanCd=03200210&kikanKbn=2", "url2": "http://www.myclinic.ne.jp/yoshida1/pc/index.html", "内容": "吉田内科呼吸器科医院【2:診療所】【診療科目:内科_呼吸器内科_循環器内科_消化器内科_小児科_アレルギー科】岩手県八幡平市大更２１ー７９ー３" }, "geometry": { "type": "Point", "coordinates": [ 141.134427, 39.908722 ] } },
{ "type": "Feature", "properties": { "ID": 3203200212, "正式名称": "医療法人柿の実会　あべ整形外科医院", "機関区分": 2, "都道府県コード": 3, "市区町村コード": 216, "所在地": "岩手県滝沢市巣子１１５６ー２２", "緯度": 39.77554, "経度": 141.129852, "url": "https://www.iryou.teikyouseido.mhlw.go.jp/znk-web/juminkanja/S2430/initialize?prefCd=03&kikanCd=03200212&kikanKbn=2", "url2": null, "内容": "医療法人柿の実会　あべ整形外科医院【2:診療所】【診療科目:外科_整形外科_皮膚科_リウマチ科_リハビリテーション科】岩手県滝沢市巣子１１５６ー２２" }, "geometry": { "type": "Point", "coordinates": [ 141.129852, 39.77554 ] } },
{ "type": "Feature", "properties": { "ID": 3203200213, "正式名称": "医療法人　飯島医院", "機関区分": 2, "都道府県コード": 3, "市区町村コード": 216, "所在地": "岩手県滝沢市鵜飼狐洞１ー３０７", "緯度": 39.734228, "経度": 141.087834, "url": "https://www.iryou.teikyouseido.mhlw.go.jp/znk-web/juminkanja/S2430/initialize?prefCd=03&kikanCd=03200213&kikanKbn=2", "url2": "http://iijimaiin.or.jp", "内容": "医療法人　飯島医院【2:診療所】【診療科目:内科_消化器内科_外科】岩手県滝沢市鵜飼狐洞１ー３０７" }, "geometry": { "type": "Point", "coordinates": [ 141.087834, 39.734228 ] } },
{ "type": "Feature", "properties": { "ID": 3203200215, "正式名称": "植田内科消化器科医院", "機関区分": 2, "都道府県コード": 3, "市区町村コード": 216, "所在地": "岩手県滝沢市穴口１８３－３", "緯度": 39.74236, "経度": 141.106591, "url": "https://www.iryou.teikyouseido.mhlw.go.jp/znk-web/juminkanja/S2430/initialize?prefCd=03&kikanCd=03200215&kikanKbn=2", "url2": null, "内容": "植田内科消化器科医院【2:診療所】【診療科目:内科_消化器内科】岩手県滝沢市穴口１８３－３" }, "geometry": { "type": "Point", "coordinates": [ 141.106591, 39.74236 ] } },
{ "type": "Feature", "properties": { "ID": 3203200217, "正式名称": "金井耳鼻咽喉科クリニック", "機関区分": 2, "都道府県コード": 3, "市区町村コード": 216, "所在地": "岩手県滝沢市狼久保６８９番地５", "緯度": 39.782877, "経度": 141.137241, "url": "https://www.iryou.teikyouseido.mhlw.go.jp/znk-web/juminkanja/S2430/initialize?prefCd=03&kikanCd=03200217&kikanKbn=2", "url2": "http://www.kanai-cl.jp/", "内容": "金井耳鼻咽喉科クリニック【2:診療所】【診療科目:耳鼻いんこう科_アレルギー科】岩手県滝沢市狼久保６８９番地５" }, "geometry": { "type": "Point", "coordinates": [ 141.137241, 39.782877 ] } },
{ "type": "Feature", "properties": { "ID": 3203200218, "正式名称": "社団医療法人池田記念会　かなもり神経科内科クリニック", "機関区分": 2, "都道府県コード": 3, "市区町村コード": 216, "所在地": "岩手県滝沢市高屋敷平１１ー３９", "緯度": 39.748018, "経度": 141.091677, "url": "https://www.iryou.teikyouseido.mhlw.go.jp/znk-web/juminkanja/S2430/initialize?prefCd=03&kikanCd=03200218&kikanKbn=2", "url2": null, "内容": "社団医療法人池田記念会　かなもり神経科内科クリニック【2:診療所】【診療科目:内科_精神科_神経科_心療内科】岩手県滝沢市高屋敷平１１ー３９" }, "geometry": { "type": "Point", "coordinates": [ 141.091677, 39.748018 ] } },
{ "type": "Feature", "properties": { "ID": 3203200219, "正式名称": "木村内科ハートクリニック", "機関区分": 2, "都道府県コード": 3, "市区町村コード": 216, "所在地": "岩手県滝沢市土沢３１０ー１０２", "緯度": 39.749417, "経度": 141.103063, "url": "https://www.iryou.teikyouseido.mhlw.go.jp/znk-web/juminkanja/S2430/initialize?prefCd=03&kikanCd=03200219&kikanKbn=2", "url2": null, "内容": "木村内科ハートクリニック【2:診療所】【診療科目:内科_循環器科、消化器科、呼吸器科】岩手県滝沢市土沢３１０ー１０２" }, "geometry": { "type": "Point", "coordinates": [ 141.103063, 39.749417 ] } },
{ "type": "Feature", "properties": { "ID": 3203200220, "正式名称": "サマリヤ眼科クリニック", "機関区分": 2, "都道府県コード": 3, "市区町村コード": 216, "所在地": "岩手県滝沢市巣子１１５５ー８", "緯度": 39.775555, "経度": 141.129089, "url": "https://www.iryou.teikyouseido.mhlw.go.jp/znk-web/juminkanja/S2430/initialize?prefCd=03&kikanCd=03200220&kikanKbn=2", "url2": "http://www.nnet.ne.jp/~pom/pom/", "内容": "サマリヤ眼科クリニック【2:診療所】【診療科目:眼科】岩手県滝沢市巣子１１５５ー８" }, "geometry": { "type": "Point", "coordinates": [ 141.129089, 39.775555 ] } },
{ "type": "Feature", "properties": { "ID": 3203200221, "正式名称": "高橋内科胃腸科クリニック", "機関区分": 2, "都道府県コード": 3, "市区町村コード": 216, "所在地": "岩手県滝沢市巣子１１８６ー１４", "緯度": 39.775541, "経度": 141.133438, "url": "https://www.iryou.teikyouseido.mhlw.go.jp/znk-web/juminkanja/S2430/initialize?prefCd=03&kikanCd=03200221&kikanKbn=2", "url2": "https://www.takacli2024.com", "内容": "高橋内科胃腸科クリニック【2:診療所】【診療科目:内科_胃腸内科】岩手県滝沢市巣子１１８６ー１４" }, "geometry": { "type": "Point", "coordinates": [ 141.133438, 39.775541 ] } },
{ "type": "Feature", "properties": { "ID": 3203200224, "正式名称": "土井尻医院", "機関区分": 2, "都道府県コード": 3, "市区町村コード": 216, "所在地": "岩手県滝沢市大釜竹鼻１６３番地１５", "緯度": 39.70323, "経度": 141.07188, "url": "https://www.iryou.teikyouseido.mhlw.go.jp/znk-web/juminkanja/S2430/initialize?prefCd=03&kikanCd=03200224&kikanKbn=2", "url2": "http://www.echna.ne.jp/~kd215/", "内容": "土井尻医院【2:診療所】【診療科目:内科_循環器内科】岩手県滝沢市大釜竹鼻１６３番地１５" }, "geometry": { "type": "Point", "coordinates": [ 141.07188, 39.70323 ] } },
{ "type": "Feature", "properties": { "ID": 3203200225, "正式名称": "松尾皮膚科", "機関区分": 2, "都道府県コード": 3, "市区町村コード": 216, "所在地": "岩手県滝沢市牧野林１０１０ー１１", "緯度": 39.752146, "経度": 141.10175, "url": "https://www.iryou.teikyouseido.mhlw.go.jp/znk-web/juminkanja/S2430/initialize?prefCd=03&kikanCd=03200225&kikanKbn=2", "url2": null, "内容": "松尾皮膚科【2:診療所】【診療科目:皮膚科】岩手県滝沢市牧野林１０１０ー１１" }, "geometry": { "type": "Point", "coordinates": [ 141.10175, 39.752146 ] } },
{ "type": "Feature", "properties": { "ID": 3203200227, "正式名称": "医療法人山口クリニック", "機関区分": 2, "都道府県コード": 3, "市区町村コード": 216, "所在地": "岩手県滝沢市穴口３７７番地１", "緯度": 39.742684, "経度": 141.106101, "url": "https://www.iryou.teikyouseido.mhlw.go.jp/znk-web/juminkanja/S2430/initialize?prefCd=03&kikanCd=03200227&kikanKbn=2", "url2": "http://www.yama-cli.jp/", "内容": "医療法人山口クリニック【2:診療所】【診療科目:小児科】岩手県滝沢市穴口３７７番地１" }, "geometry": { "type": "Point", "coordinates": [ 141.106101, 39.742684 ] } },
{ "type": "Feature", "properties": { "ID": 3203200229, "正式名称": "ゆとりが丘クリニック", "機関区分": 2, "都道府県コード": 3, "市区町村コード": 216, "所在地": "岩手県滝沢市土沢５４１番地", "緯度": 39.747783, "経度": 141.102755, "url": "https://www.iryou.teikyouseido.mhlw.go.jp/znk-web/juminkanja/S2430/initialize?prefCd=03&kikanCd=03200229&kikanKbn=2", "url2": "http://www.yutorigaoka.com/", "内容": "ゆとりが丘クリニック【2:診療所】【診療科目:内科_消化器科、呼吸器科_放射線科】岩手県滝沢市土沢５４１番地" }, "geometry": { "type": "Point", "coordinates": [ 141.102755, 39.747783 ] } },
{ "type": "Feature", "properties": { "ID": 3203200230, "正式名称": "秋浜内科クリニック", "機関区分": 2, "都道府県コード": 3, "市区町村コード": 201, "所在地": "岩手県盛岡市渋民字駅１０３", "緯度": 39.845825, "経度": 141.169255, "url": "https://www.iryou.teikyouseido.mhlw.go.jp/znk-web/juminkanja/S2430/initialize?prefCd=03&kikanCd=03200230&kikanKbn=2", "url2": null, "内容": "秋浜内科クリニック【2:診療所】【診療科目:内科_胃腸内科】岩手県盛岡市渋民字駅１０３" }, "geometry": { "type": "Point", "coordinates": [ 141.169255, 39.845825 ] } },
{ "type": "Feature", "properties": { "ID": 3203200231, "正式名称": "成島整形外科医院", "機関区分": 2, "都道府県コード": 3, "市区町村コード": 201, "所在地": "岩手県盛岡市好摩字上山１４ー６６", "緯度": 39.873168, "経度": 141.17555, "url": "https://www.iryou.teikyouseido.mhlw.go.jp/znk-web/juminkanja/S2430/initialize?prefCd=03&kikanCd=03200231&kikanKbn=2", "url2": null, "内容": "成島整形外科医院【2:診療所】【診療科目:内科_外科_整形外科_リハビリテーション科】岩手県盛岡市好摩字上山１４ー６６" }, "geometry": { "type": "Point", "coordinates": [ 141.17555, 39.873168 ] } },
{ "type": "Feature", "properties": { "ID": 3203200232, "正式名称": "医療法人日新堂八角医院", "機関区分": 2, "都道府県コード": 3, "市区町村コード": 201, "所在地": "岩手県盛岡市好摩字夏間木１０１番地２", "緯度": 39.873396, "経度": 141.172295, "url": "https://www.iryou.teikyouseido.mhlw.go.jp/znk-web/juminkanja/S2430/initialize?prefCd=03&kikanCd=03200232&kikanKbn=2", "url2": "http://www.nisshindo-g.com", "内容": "医療法人日新堂八角医院【2:診療所】【診療科目:内科_糖尿病・代謝内科_消化器内科_胃腸内科_肝臓内科_外科_整形外科】岩手県盛岡市好摩字夏間木１０１番地２" }, "geometry": { "type": "Point", "coordinates": [ 141.172295, 39.873396 ] } },
{ "type": "Feature", "properties": { "ID": 3203200233, "正式名称": "八幡平市立安代診療所", "機関区分": 2, "都道府県コード": 3, "市区町村コード": 214, "所在地": "岩手県八幡平市荒屋新町１４４番地１", "緯度": 40.099694, "経度": 141.050549, "url": "https://www.iryou.teikyouseido.mhlw.go.jp/znk-web/juminkanja/S2430/initialize?prefCd=03&kikanCd=03200233&kikanKbn=2", "url2": "https://www.city.hachimantai.lg.jp/soshiki/ashiroshinryo/", "内容": "八幡平市立安代診療所【2:診療所】【診療科目:内科_外科】岩手県八幡平市荒屋新町１４４番地１" }, "geometry": { "type": "Point", "coordinates": [ 141.050549, 40.099694 ] } },
{ "type": "Feature", "properties": { "ID": 3203200234, "正式名称": "八幡平市立田山診療所", "機関区分": 2, "都道府県コード": 3, "市区町村コード": 214, "所在地": "岩手県八幡平市丑山口１８番地８", "緯度": 40.136294, "経度": 140.9537, "url": "https://www.iryou.teikyouseido.mhlw.go.jp/znk-web/juminkanja/S2430/initialize?prefCd=03&kikanCd=03200234&kikanKbn=2", "url2": "https://www.city.hachimantai.lg.jp/soshiki/tayamashinryo/", "内容": "八幡平市立田山診療所【2:診療所】【診療科目:内科_外科】岩手県八幡平市丑山口１８番地８" }, "geometry": { "type": "Point", "coordinates": [ 140.9537, 40.136294 ] } },
{ "type": "Feature", "properties": { "ID": 3203200237, "正式名称": "川守田医院", "機関区分": 2, "都道府県コード": 3, "市区町村コード": 321, "所在地": "岩手県紫波郡紫波町日詰駅前一丁目８番２", "緯度": 39.538953, "経度": 141.16286, "url": "https://www.iryou.teikyouseido.mhlw.go.jp/znk-web/juminkanja/S2430/initialize?prefCd=03&kikanCd=03200237&kikanKbn=2", "url2": "http://www.fbb.ne.jp/~kwiin/", "内容": "川守田医院【2:診療所】【診療科目:内科_小児科】岩手県紫波郡紫波町日詰駅前一丁目８番２" }, "geometry": { "type": "Point", "coordinates": [ 141.16286, 39.538953 ] } },
{ "type": "Feature", "properties": { "ID": 3203200238, "正式名称": "志和診療所", "機関区分": 2, "都道府県コード": 3, "市区町村コード": 321, "所在地": "岩手県紫波郡紫波町上平沢字川原５２番地", "緯度": 39.556642, "経度": 141.102093, "url": "https://www.iryou.teikyouseido.mhlw.go.jp/znk-web/juminkanja/S2430/initialize?prefCd=03&kikanCd=03200238&kikanKbn=2", "url2": null, "内容": "志和診療所【2:診療所】【診療科目:内科】岩手県紫波郡紫波町上平沢字川原５２番地" }, "geometry": { "type": "Point", "coordinates": [ 141.102093, 39.556642 ] } },
{ "type": "Feature", "properties": { "ID": 3203200239, "正式名称": "紫波皮フ科医院", "機関区分": 2, "都道府県コード": 3, "市区町村コード": 321, "所在地": "岩手県紫波郡紫波町日詰字郡山駅２１１", "緯度": 39.555418, "経度": 141.169738, "url": "https://www.iryou.teikyouseido.mhlw.go.jp/znk-web/juminkanja/S2430/initialize?prefCd=03&kikanCd=03200239&kikanKbn=2", "url2": null, "内容": "紫波皮フ科医院【2:診療所】【診療科目:皮膚科】岩手県紫波郡紫波町日詰字郡山駅２１１" }, "geometry": { "type": "Point", "coordinates": [ 141.169738, 39.555418 ] } },
{ "type": "Feature", "properties": { "ID": 3203200244, "正式名称": "医療法人誠美会　はこざき脳神経外科クリニック", "機関区分": 2, "都道府県コード": 3, "市区町村コード": 321, "所在地": "岩手県紫波郡紫波町桜町字三本木１６７ー１", "緯度": 39.541178, "経度": 141.172948, "url": "https://www.iryou.teikyouseido.mhlw.go.jp/znk-web/juminkanja/S2430/initialize?prefCd=03&kikanCd=03200244&kikanKbn=2", "url2": null, "内容": "医療法人誠美会　はこざき脳神経外科クリニック【2:診療所】【診療科目:神経内科_脳神経外科_整形外科_リハビリテーション科】岩手県紫波郡紫波町桜町字三本木１６７ー１" }, "geometry": { "type": "Point", "coordinates": [ 141.172948, 39.541178 ] } },
{ "type": "Feature", "properties": { "ID": 3203200245, "正式名称": "医療法人　はたふく医院", "機関区分": 2, "都道府県コード": 3, "市区町村コード": 321, "所在地": "岩手県紫波郡紫波町日詰字石田３ー２", "緯度": 39.559204, "経度": 141.168426, "url": "https://www.iryou.teikyouseido.mhlw.go.jp/znk-web/juminkanja/S2430/initialize?prefCd=03&kikanCd=03200245&kikanKbn=2", "url2": null, "内容": "医療法人　はたふく医院【2:診療所】【診療科目:内科_呼吸器内科_循環器内科_消化器内科_小児科】岩手県紫波郡紫波町日詰字石田３ー２" }, "geometry": { "type": "Point", "coordinates": [ 141.168426, 39.559204 ] } },
{ "type": "Feature", "properties": { "ID": 3203200246, "正式名称": "平井医院", "機関区分": 2, "都道府県コード": 3, "市区町村コード": 321, "所在地": "岩手県紫波郡紫波町日詰字下丸森１３８の２", "緯度": 39.555759, "経度": 141.168584, "url": "https://www.iryou.teikyouseido.mhlw.go.jp/znk-web/juminkanja/S2430/initialize?prefCd=03&kikanCd=03200246&kikanKbn=2", "url2": "https://hiraiclinic-iwate.com/", "内容": "平井医院【2:診療所】【診療科目:内科_小児科】岩手県紫波郡紫波町日詰字下丸森１３８の２" }, "geometry": { "type": "Point", "coordinates": [ 141.168584, 39.555759 ] } },
{ "type": "Feature", "properties": { "ID": 3203200247, "正式名称": "ふるだて加藤肛門外科クリニック", "機関区分": 2, "都道府県コード": 3, "市区町村コード": 321, "所在地": "岩手県紫波郡紫波町高水寺字古屋敷８７ー１", "緯度": 39.575027, "経度": 141.16375, "url": "https://www.iryou.teikyouseido.mhlw.go.jp/znk-web/juminkanja/S2430/initialize?prefCd=03&kikanCd=03200247&kikanKbn=2", "url2": "https://www.hippokato.jp/", "内容": "ふるだて加藤肛門外科クリニック【2:診療所】【診療科目:肛門外科】岩手県紫波郡紫波町高水寺字古屋敷８７ー１" }, "geometry": { "type": "Point", "coordinates": [ 141.16375, 39.575027 ] } },
{ "type": "Feature", "properties": { "ID": 3203200248, "正式名称": "横川産婦人科医院", "機関区分": 2, "都道府県コード": 3, "市区町村コード": 321, "所在地": "岩手県紫波郡紫波町北日詰字東ノ坊２８ー３", "緯度": 39.536436, "経度": 141.162828, "url": "https://www.iryou.teikyouseido.mhlw.go.jp/znk-web/juminkanja/S2430/initialize?prefCd=03&kikanCd=03200248&kikanKbn=2", "url2": null, "内容": "横川産婦人科医院【2:診療所】【診療科目:産婦人科】岩手県紫波郡紫波町北日詰字東ノ坊２８ー３" }, "geometry": { "type": "Point", "coordinates": [ 141.162828, 39.536436 ] } },
{ "type": "Feature", "properties": { "ID": 3203200249, "正式名称": "医療法人芳譲会　渡辺内科医院", "機関区分": 2, "都道府県コード": 3, "市区町村コード": 321, "所在地": "岩手県紫波郡紫波町日詰字下丸森１２２－３", "緯度": 39.55554, "経度": 141.16992, "url": "https://www.iryou.teikyouseido.mhlw.go.jp/znk-web/juminkanja/S2430/initialize?prefCd=03&kikanCd=03200249&kikanKbn=2", "url2": null, "内容": "医療法人芳譲会　渡辺内科医院【2:診療所】【診療科目:内科】岩手県紫波郡紫波町日詰字下丸森１２２－３" }, "geometry": { "type": "Point", "coordinates": [ 141.16992, 39.55554 ] } },
{ "type": "Feature", "properties": { "ID": 3203200250, "正式名称": "Ｅ．肌クリニック不来方", "機関区分": 2, "都道府県コード": 3, "市区町村コード": 322, "所在地": "岩手県紫波郡矢巾町南矢幅第８地割２４４番地", "緯度": 39.609723, "経度": 141.153729, "url": "https://www.iryou.teikyouseido.mhlw.go.jp/znk-web/juminkanja/S2430/initialize?prefCd=03&kikanCd=03200250&kikanKbn=2", "url2": "http://www.e-hada-clinic.com/", "内容": "Ｅ．肌クリニック不来方【2:診療所】【診療科目:皮膚科_美容皮膚科_アレルギー科】岩手県紫波郡矢巾町南矢幅第８地割２４４番地" }, "geometry": { "type": "Point", "coordinates": [ 141.153729, 39.609723 ] } },
{ "type": "Feature", "properties": { "ID": 3203200251, "正式名称": "三愛病院附属矢巾クリニック", "機関区分": 2, "都道府県コード": 3, "市区町村コード": 322, "所在地": "岩手県紫波郡矢巾町高田第１１地割２５番地２", "緯度": 39.626727, "経度": 141.17402, "url": "https://www.iryou.teikyouseido.mhlw.go.jp/znk-web/juminkanja/S2430/initialize?prefCd=03&kikanCd=03200251&kikanKbn=2", "url2": "http://www.san-ai.morioka.iwate.jp", "内容": "三愛病院附属矢巾クリニック【2:診療所】【診療科目:内科_循環器内科_泌尿器科】岩手県紫波郡矢巾町高田第１１地割２５番地２" }, "geometry": { "type": "Point", "coordinates": [ 141.17402, 39.626727 ] } },
{ "type": "Feature", "properties": { "ID": 3203200252, "正式名称": "社団医療法人緑風会　高宮消化器科内科医院", "機関区分": 2, "都道府県コード": 3, "市区町村コード": 322, "所在地": "岩手県紫波郡矢巾町西徳田２ー１０６ー３", "緯度": 39.609745, "経度": 141.169904, "url": "https://www.iryou.teikyouseido.mhlw.go.jp/znk-web/juminkanja/S2430/initialize?prefCd=03&kikanCd=03200252&kikanKbn=2", "url2": null, "内容": "社団医療法人緑風会　高宮消化器科内科医院【2:診療所】【診療科目:内科_循環器科、消化器科、呼吸器科】岩手県紫波郡矢巾町西徳田２ー１０６ー３" }, "geometry": { "type": "Point", "coordinates": [ 141.169904, 39.609745 ] } },
{ "type": "Feature", "properties": { "ID": 3203200253, "正式名称": "医療法人翔悠会　立本整形外科いたみのクリニック", "機関区分": 2, "都道府県コード": 3, "市区町村コード": 216, "所在地": "岩手県滝沢市穴口３２５ー７", "緯度": 39.732059, "経度": 141.100827, "url": "https://www.iryou.teikyouseido.mhlw.go.jp/znk-web/juminkanja/S2430/initialize?prefCd=03&kikanCd=03200253&kikanKbn=2", "url2": null, "内容": "医療法人翔悠会　立本整形外科いたみのクリニック【2:診療所】【診療科目:整形外科】岩手県滝沢市穴口３２５ー７" }, "geometry": { "type": "Point", "coordinates": [ 141.100827, 39.732059 ] } },
{ "type": "Feature", "properties": { "ID": 3203200255, "正式名称": "医療法人紀芳会　やはば眼科", "機関区分": 2, "都道府県コード": 3, "市区町村コード": 322, "所在地": "岩手県紫波郡矢巾町南矢幅第９地割１９６番地", "緯度": 39.610374, "経度": 141.154622, "url": "https://www.iryou.teikyouseido.mhlw.go.jp/znk-web/juminkanja/S2430/initialize?prefCd=03&kikanCd=03200255&kikanKbn=2", "url2": "http://www.shiwaganka.cc/others/yahaba.html", "内容": "医療法人紀芳会　やはば眼科【2:診療所】【診療科目:眼科】岩手県紫波郡矢巾町南矢幅第９地割１９６番地" }, "geometry": { "type": "Point", "coordinates": [ 141.154622, 39.610374 ] } },
{ "type": "Feature", "properties": { "ID": 3203200256, "正式名称": "医療法人知惠会　成田内科胃腸科医院", "機関区分": 2, "都道府県コード": 3, "市区町村コード": 322, "所在地": "岩手県紫波郡矢巾町又兵エ新田８ー１０１", "緯度": 39.615362, "経度": 141.145006, "url": "https://www.iryou.teikyouseido.mhlw.go.jp/znk-web/juminkanja/S2430/initialize?prefCd=03&kikanCd=03200256&kikanKbn=2", "url2": "http://c-narita-clinic.com/", "内容": "医療法人知惠会　成田内科胃腸科医院【2:診療所】【診療科目:内科_糖尿病内科_消化器内科_胃腸内科_肝臓内科】岩手県紫波郡矢巾町又兵エ新田８ー１０１" }, "geometry": { "type": "Point", "coordinates": [ 141.145006, 39.615362 ] } },
{ "type": "Feature", "properties": { "ID": 3203200265, "正式名称": "加藤アイクリニック", "機関区分": 2, "都道府県コード": 3, "市区町村コード": 201, "所在地": "岩手県盛岡市三ツ割５－７－１１", "緯度": 39.727652, "経度": 141.160078, "url": "https://www.iryou.teikyouseido.mhlw.go.jp/znk-web/juminkanja/S2430/initialize?prefCd=03&kikanCd=03200265&kikanKbn=2", "url2": "http://www.kato-eye.com/", "内容": "加藤アイクリニック【2:診療所】【診療科目:眼科】岩手県盛岡市三ツ割５－７－１１" }, "geometry": { "type": "Point", "coordinates": [ 141.160078, 39.727652 ] } },
{ "type": "Feature", "properties": { "ID": 3203200268, "正式名称": "医療法人糖友会　金子胃腸科内科", "機関区分": 2, "都道府県コード": 3, "市区町村コード": 201, "所在地": "岩手県盛岡市乙部１３地割１３５ー３", "緯度": 39.612085, "経度": 141.196237, "url": "https://www.iryou.teikyouseido.mhlw.go.jp/znk-web/juminkanja/S2430/initialize?prefCd=03&kikanCd=03200268&kikanKbn=2", "url2": "http://www.touyukai.or.jp", "内容": "医療法人糖友会　金子胃腸科内科【2:診療所】【診療科目:内科_糖尿病内科_胃腸科】岩手県盛岡市乙部１３地割１３５ー３" }, "geometry": { "type": "Point", "coordinates": [ 141.196237, 39.612085 ] } },
{ "type": "Feature", "properties": { "ID": 3203200269, "正式名称": "医療法人久遠会　鎌田内科クリニック", "機関区分": 2, "都道府県コード": 3, "市区町村コード": 201, "所在地": "岩手県盛岡市本宮２－２０－１", "緯度": 39.688806, "経度": 141.137672, "url": "https://www.iryou.teikyouseido.mhlw.go.jp/znk-web/juminkanja/S2430/initialize?prefCd=03&kikanCd=03200269&kikanKbn=2", "url2": "https://www.kamata-cl.com/", "内容": "医療法人久遠会　鎌田内科クリニック【2:診療所】【診療科目:内科_循環器内科】岩手県盛岡市本宮２－２０－１" }, "geometry": { "type": "Point", "coordinates": [ 141.137672, 39.688806 ] } },
{ "type": "Feature", "properties": { "ID": 3203200274, "正式名称": "川村内科医院", "機関区分": 2, "都道府県コード": 3, "市区町村コード": 201, "所在地": "岩手県盛岡市志家町４－４", "緯度": 39.700161, "経度": 141.161041, "url": "https://www.iryou.teikyouseido.mhlw.go.jp/znk-web/juminkanja/S2430/initialize?prefCd=03&kikanCd=03200274&kikanKbn=2", "url2": null, "内容": "川村内科医院【2:診療所】【診療科目:内科_呼吸器内科_循環器内科_循環器科、呼吸器科】岩手県盛岡市志家町４－４" }, "geometry": { "type": "Point", "coordinates": [ 141.161041, 39.700161 ] } },
{ "type": "Feature", "properties": { "ID": 3203200275, "正式名称": "菅野小児科医院", "機関区分": 2, "都道府県コード": 3, "市区町村コード": 201, "所在地": "岩手県盛岡市山岸２ー１１ー３６", "緯度": 39.713781, "経度": 141.167432, "url": "https://www.iryou.teikyouseido.mhlw.go.jp/znk-web/juminkanja/S2430/initialize?prefCd=03&kikanCd=03200275&kikanKbn=2", "url2": null, "内容": "菅野小児科医院【2:診療所】【診療科目:小児科】岩手県盛岡市山岸２ー１１ー３６" }, "geometry": { "type": "Point", "coordinates": [ 141.167432, 39.713781 ] } },
{ "type": "Feature", "properties": { "ID": 3203200276, "正式名称": "きくち耳鼻咽喉科医院", "機関区分": 2, "都道府県コード": 3, "市区町村コード": 201, "所在地": "岩手県盛岡市新田町９ー１５", "緯度": 39.705966, "経度": 141.127905, "url": "https://www.iryou.teikyouseido.mhlw.go.jp/znk-web/juminkanja/S2430/initialize?prefCd=03&kikanCd=03200276&kikanKbn=2", "url2": "http://www.kiku-orl.com", "内容": "きくち耳鼻咽喉科医院【2:診療所】【診療科目:気管食道科_耳鼻いんこう科】岩手県盛岡市新田町９ー１５" }, "geometry": { "type": "Point", "coordinates": [ 141.127905, 39.705966 ] } },
{ "type": "Feature", "properties": { "ID": 3203200277, "正式名称": "菊池整形外科・形成外科クリニック", "機関区分": 2, "都道府県コード": 3, "市区町村コード": 201, "所在地": "岩手県盛岡市清水町５ー２２", "緯度": 39.696152, "経度": 141.151002, "url": "https://www.iryou.teikyouseido.mhlw.go.jp/znk-web/juminkanja/S2430/initialize?prefCd=03&kikanCd=03200277&kikanKbn=2", "url2": "http://www.kikuchi-seikei.biz", "内容": "菊池整形外科・形成外科クリニック【2:診療所】【診療科目:整形外科_形成外科_リウマチ科_リハビリテーション科】岩手県盛岡市清水町５ー２２" }, "geometry": { "type": "Point", "coordinates": [ 141.151002, 39.696152 ] } },
{ "type": "Feature", "properties": { "ID": 3203200280, "正式名称": "くどう医院", "機関区分": 2, "都道府県コード": 3, "市区町村コード": 201, "所在地": "岩手県盛岡市前九年三丁目１６ー１５", "緯度": 39.720266, "経度": 141.120381, "url": "https://www.iryou.teikyouseido.mhlw.go.jp/znk-web/juminkanja/S2430/initialize?prefCd=03&kikanCd=03200280&kikanKbn=2", "url2": null, "内容": "くどう医院【2:診療所】【診療科目:内科_外科_泌尿器科】岩手県盛岡市前九年三丁目１６ー１５" }, "geometry": { "type": "Point", "coordinates": [ 141.120381, 39.720266 ] } },
{ "type": "Feature", "properties": { "ID": 3203200281, "正式名称": "工藤内科ハートクリニック", "機関区分": 2, "都道府県コード": 3, "市区町村コード": 201, "所在地": "岩手県盛岡市中ノ橋通１ー７ー１３", "緯度": 39.699871, "経度": 141.156596, "url": "https://www.iryou.teikyouseido.mhlw.go.jp/znk-web/juminkanja/S2430/initialize?prefCd=03&kikanCd=03200281&kikanKbn=2", "url2": "https://www.kudo-heart.com", "内容": "工藤内科ハートクリニック【2:診療所】【診療科目:内科_呼吸器内科_循環器内科】岩手県盛岡市中ノ橋通１ー７ー１３" }, "geometry": { "type": "Point", "coordinates": [ 141.156596, 39.699871 ] } },
{ "type": "Feature", "properties": { "ID": 3203200282, "正式名称": "医療法人千藤了会　久保田医院", "機関区分": 2, "都道府県コード": 3, "市区町村コード": 201, "所在地": "岩手県盛岡市大館町２６ー１０", "緯度": 39.712002, "経度": 141.109724, "url": "https://www.iryou.teikyouseido.mhlw.go.jp/znk-web/juminkanja/S2430/initialize?prefCd=03&kikanCd=03200282&kikanKbn=2", "url2": "http://www.kubota-clinic.jp", "内容": "医療法人千藤了会　久保田医院【2:診療所】【診療科目:内科_呼吸器内科_消化器内科_アレルギー科】岩手県盛岡市大館町２６ー１０" }, "geometry": { "type": "Point", "coordinates": [ 141.109724, 39.712002 ] } },
{ "type": "Feature", "properties": { "ID": 3203200283, "正式名称": "栗原クリニック", "機関区分": 2, "都道府県コード": 3, "市区町村コード": 201, "所在地": "岩手県盛岡市本町通１丁目１６－４", "緯度": 39.706501, "経度": 141.15257, "url": "https://www.iryou.teikyouseido.mhlw.go.jp/znk-web/juminkanja/S2430/initialize?prefCd=03&kikanCd=03200283&kikanKbn=2", "url2": "https://kclinic-morioka.com", "内容": "栗原クリニック【2:診療所】【診療科目:外科】岩手県盛岡市本町通１丁目１６－４" }, "geometry": { "type": "Point", "coordinates": [ 141.15257, 39.706501 ] } },
{ "type": "Feature", "properties": { "ID": 3203200285, "正式名称": "医療法人　黒川産婦人科医院", "機関区分": 2, "都道府県コード": 3, "市区町村コード": 201, "所在地": "岩手県盛岡市愛宕町２ー５１", "緯度": 39.707895, "経度": 141.157948, "url": "https://www.iryou.teikyouseido.mhlw.go.jp/znk-web/juminkanja/S2430/initialize?prefCd=03&kikanCd=03200285&kikanKbn=2", "url2": "https://www.ob-gyn.or.jp/", "内容": "医療法人　黒川産婦人科医院【2:診療所】【診療科目:産婦人科】岩手県盛岡市愛宕町２ー５１" }, "geometry": { "type": "Point", "coordinates": [ 141.157948, 39.707895 ] } },
{ "type": "Feature", "properties": { "ID": 3203200286, "正式名称": "医療法人卯槌　くろだ皮膚科クリニック", "機関区分": 2, "都道府県コード": 3, "市区町村コード": 201, "所在地": "岩手県盛岡市神明町１０ー３８", "緯度": 39.699569, "経度": 141.158616, "url": "https://www.iryou.teikyouseido.mhlw.go.jp/znk-web/juminkanja/S2430/initialize?prefCd=03&kikanCd=03200286&kikanKbn=2", "url2": "http://www.kurodahifuka.com", "内容": "医療法人卯槌　くろだ皮膚科クリニック【2:診療所】【診療科目:皮膚科】岩手県盛岡市神明町１０ー３８" }, "geometry": { "type": "Point", "coordinates": [ 141.158616, 39.699569 ] } },
{ "type": "Feature", "properties": { "ID": 3203200289, "正式名称": "児島内科医院", "機関区分": 2, "都道府県コード": 3, "市区町村コード": 201, "所在地": "岩手県盛岡市みたけ３ー１１ー３６", "緯度": 39.738156, "経度": 141.113735, "url": "https://www.iryou.teikyouseido.mhlw.go.jp/znk-web/juminkanja/S2430/initialize?prefCd=03&kikanCd=03200289&kikanKbn=2", "url2": null, "内容": "児島内科医院【2:診療所】【診療科目:内科】岩手県盛岡市みたけ３ー１１ー３６" }, "geometry": { "type": "Point", "coordinates": [ 141.113735, 39.738156 ] } },
{ "type": "Feature", "properties": { "ID": 3203200290, "正式名称": "小林眼科", "機関区分": 2, "都道府県コード": 3, "市区町村コード": 201, "所在地": "岩手県盛岡市中野１ー９ー１２", "緯度": 39.694506, "経度": 141.168784, "url": "https://www.iryou.teikyouseido.mhlw.go.jp/znk-web/juminkanja/S2430/initialize?prefCd=03&kikanCd=03200290&kikanKbn=2", "url2": null, "内容": "小林眼科【2:診療所】【診療科目:眼科】岩手県盛岡市中野１ー９ー１２" }, "geometry": { "type": "Point", "coordinates": [ 141.168784, 39.694506 ] } },
{ "type": "Feature", "properties": { "ID": 3203200292, "正式名称": "小林小児科クリニック", "機関区分": 2, "都道府県コード": 3, "市区町村コード": 201, "所在地": "岩手県盛岡市三本柳１１地割１２ー４", "緯度": 39.651782, "経度": 141.164519, "url": "https://www.iryou.teikyouseido.mhlw.go.jp/znk-web/juminkanja/S2430/initialize?prefCd=03&kikanCd=03200292&kikanKbn=2", "url2": "https://kobayashi-kodomo.org", "内容": "小林小児科クリニック【2:診療所】【診療科目:小児科_アレルギー科】岩手県盛岡市三本柳１１地割１２ー４" }, "geometry": { "type": "Point", "coordinates": [ 141.164519, 39.651782 ] } },
{ "type": "Feature", "properties": { "ID": 3203200294, "正式名称": "駒ケ嶺リウマチ整形外科クリニック", "機関区分": 2, "都道府県コード": 3, "市区町村コード": 201, "所在地": "岩手県盛岡市盛岡駅前通９ー１０　丸善ビル３Ｆ", "緯度": 39.702261, "経度": 141.137291, "url": "https://www.iryou.teikyouseido.mhlw.go.jp/znk-web/juminkanja/S2430/initialize?prefCd=03&kikanCd=03200294&kikanKbn=2", "url2": null, "内容": "駒ケ嶺リウマチ整形外科クリニック【2:診療所】【診療科目:外科_整形外科_リウマチ科_リハビリテーション科】岩手県盛岡市盛岡駅前通９ー１０　丸善ビル３Ｆ" }, "geometry": { "type": "Point", "coordinates": [ 141.137291, 39.702261 ] } },
{ "type": "Feature", "properties": { "ID": 3203200296, "正式名称": "医療法人仁慈　近藤眼科医院", "機関区分": 2, "都道府県コード": 3, "市区町村コード": 201, "所在地": "岩手県盛岡市清水町４ー３０", "緯度": 39.695587, "経度": 141.151411, "url": "https://www.iryou.teikyouseido.mhlw.go.jp/znk-web/juminkanja/S2430/initialize?prefCd=03&kikanCd=03200296&kikanKbn=2", "url2": null, "内容": "医療法人仁慈　近藤眼科医院【2:診療所】【診療科目:内科_眼科】岩手県盛岡市清水町４ー３０" }, "geometry": { "type": "Point", "coordinates": [ 141.151411, 39.695587 ] } },
{ "type": "Feature", "properties": { "ID": 3203200301, "正式名称": "旭橋クリニック菊池循環器内科", "機関区分": 2, "都道府県コード": 3, "市区町村コード": 201, "所在地": "岩手県盛岡市材木町２ー２６", "緯度": 39.705322, "経度": 141.138448, "url": "https://www.iryou.teikyouseido.mhlw.go.jp/znk-web/juminkanja/S2430/initialize?prefCd=03&kikanCd=03200301&kikanKbn=2", "url2": null, "内容": "旭橋クリニック菊池循環器内科【2:診療所】【診療科目:内科_循環器内科】岩手県盛岡市材木町２ー２６" }, "geometry": { "type": "Point", "coordinates": [ 141.138448, 39.705322 ] } },
{ "type": "Feature", "properties": { "ID": 3203200306, "正式名称": "池田内科", "機関区分": 2, "都道府県コード": 3, "市区町村コード": 201, "所在地": "岩手県盛岡市上太田弘法清水１０番地３", "緯度": 39.693747, "経度": 141.092766, "url": "https://www.iryou.teikyouseido.mhlw.go.jp/znk-web/juminkanja/S2430/initialize?prefCd=03&kikanCd=03200306&kikanKbn=2", "url2": null, "内容": "池田内科【2:診療所】【診療科目:内科】岩手県盛岡市上太田弘法清水１０番地３" }, "geometry": { "type": "Point", "coordinates": [ 141.092766, 39.693747 ] } },
{ "type": "Feature", "properties": { "ID": 3203200309, "正式名称": "乳腺外科・いしだ外科胃腸科クリニック", "機関区分": 2, "都道府県コード": 3, "市区町村コード": 201, "所在地": "岩手県盛岡市盛岡駅前通１４番地９", "緯度": 39.702531, "経度": 141.136894, "url": "https://www.iryou.teikyouseido.mhlw.go.jp/znk-web/juminkanja/S2430/initialize?prefCd=03&kikanCd=03200309&kikanKbn=2", "url2": null, "内容": "乳腺外科・いしだ外科胃腸科クリニック【2:診療所】【診療科目:胃腸内科_外科_乳腺外科_リハビリテーション科】岩手県盛岡市盛岡駅前通１４番地９" }, "geometry": { "type": "Point", "coordinates": [ 141.136894, 39.702531 ] } },
{ "type": "Feature", "properties": { "ID": 3203200311, "正式名称": "医療法人　石井内科消化器科医院", "機関区分": 2, "都道府県コード": 3, "市区町村コード": 201, "所在地": "岩手県盛岡市東緑が丘２３－２６", "緯度": 39.731037, "経度": 141.152838, "url": "https://www.iryou.teikyouseido.mhlw.go.jp/znk-web/juminkanja/S2430/initialize?prefCd=03&kikanCd=03200311&kikanKbn=2", "url2": "http://www.ishiimed.com", "内容": "医療法人　石井内科消化器科医院【2:診療所】【診療科目:内科_糖尿病内科_代謝内科_消化器内科_胃腸内科_肝臓内科】岩手県盛岡市東緑が丘２３－２６" }, "geometry": { "type": "Point", "coordinates": [ 141.152838, 39.731037 ] } },
{ "type": "Feature", "properties": { "ID": 3203200312, "正式名称": "今井産婦人科内科クリニック", "機関区分": 2, "都道府県コード": 3, "市区町村コード": 201, "所在地": "岩手県盛岡市下ノ橋町１ー５", "緯度": 39.698245, "経度": 141.151519, "url": "https://www.iryou.teikyouseido.mhlw.go.jp/znk-web/juminkanja/S2430/initialize?prefCd=03&kikanCd=03200312&kikanKbn=2", "url2": null, "内容": "今井産婦人科内科クリニック【2:診療所】【診療科目:内科_産婦人科_麻酔科】岩手県盛岡市下ノ橋町１ー５" }, "geometry": { "type": "Point", "coordinates": [ 141.151519, 39.698245 ] } },
{ "type": "Feature", "properties": { "ID": 3203200314, "正式名称": "医療法人芝蘭会　いするぎ医院", "機関区分": 2, "都道府県コード": 3, "市区町村コード": 201, "所在地": "岩手県盛岡市大通３－３－２２", "緯度": 39.704252, "経度": 141.142568, "url": "https://www.iryou.teikyouseido.mhlw.go.jp/znk-web/juminkanja/S2430/initialize?prefCd=03&kikanCd=03200314&kikanKbn=2", "url2": "http://www.isurugi.com", "内容": "医療法人芝蘭会　いするぎ医院【2:診療所】【診療科目:人工透析内科_皮膚科_泌尿器科_男性泌尿器科_神経泌尿器科_腎臓・泌尿器科】岩手県盛岡市大通３－３－２２" }, "geometry": { "type": "Point", "coordinates": [ 141.142568, 39.704252 ] } },
{ "type": "Feature", "properties": { "ID": 3203200315, "正式名称": "亀楽町通クリニック", "機関区分": 2, "都道府県コード": 3, "市区町村コード": 201, "所在地": "岩手県盛岡市菜園１－５－１９", "緯度": 39.701703, "経度": 141.148642, "url": "https://www.iryou.teikyouseido.mhlw.go.jp/znk-web/juminkanja/S2430/initialize?prefCd=03&kikanCd=03200315&kikanKbn=2", "url2": null, "内容": "亀楽町通クリニック【2:診療所】【診療科目:耳鼻いんこう科_歯科】岩手県盛岡市菜園１－５－１９" }, "geometry": { "type": "Point", "coordinates": [ 141.148642, 39.701703 ] } },
{ "type": "Feature", "properties": { "ID": 3203200318, "正式名称": "岩手県厚生農業協同組合連合会診療所", "機関区分": 2, "都道府県コード": 3, "市区町村コード": 201, "所在地": "岩手県盛岡市永井１４地割４２番地", "緯度": 39.66063, "経度": 141.138481, "url": "https://www.iryou.teikyouseido.mhlw.go.jp/znk-web/juminkanja/S2430/initialize?prefCd=03&kikanCd=03200318&kikanKbn=2", "url2": null, "内容": "岩手県厚生農業協同組合連合会診療所【2:診療所】【診療科目:内科】岩手県盛岡市永井１４地割４２番地" }, "geometry": { "type": "Point", "coordinates": [ 141.138481, 39.66063 ] } },
{ "type": "Feature", "properties": { "ID": 3203200319, "正式名称": "岩本クリニック", "機関区分": 2, "都道府県コード": 3, "市区町村コード": 201, "所在地": "岩手県盛岡市盛岡駅前通３ー６３　第二甚ビル２Ｆ", "緯度": 39.701284, "経度": 141.139272, "url": "https://www.iryou.teikyouseido.mhlw.go.jp/znk-web/juminkanja/S2430/initialize?prefCd=03&kikanCd=03200319&kikanKbn=2", "url2": null, "内容": "岩本クリニック【2:診療所】【診療科目:精神科_心療内科】岩手県盛岡市盛岡駅前通３ー６３　第二甚ビル２Ｆ" }, "geometry": { "type": "Point", "coordinates": [ 141.139272, 39.701284 ] } },
{ "type": "Feature", "properties": { "ID": 3203200321, "正式名称": "医療法人禄三堂　臼井循環器呼吸器内科", "機関区分": 2, "都道府県コード": 3, "市区町村コード": 201, "所在地": "岩手県盛岡市松園２ー２ー１０", "緯度": 39.747703, "経度": 141.165303, "url": "https://www.iryou.teikyouseido.mhlw.go.jp/znk-web/juminkanja/S2430/initialize?prefCd=03&kikanCd=03200321&kikanKbn=2", "url2": "http://www.usui-iin.jp", "内容": "医療法人禄三堂　臼井循環器呼吸器内科【2:診療所】【診療科目:内科_呼吸器内科_循環器内科_循環器内科。呼吸器内科_小児科】岩手県盛岡市松園２ー２ー１０" }, "geometry": { "type": "Point", "coordinates": [ 141.165303, 39.747703 ] } },
{ "type": "Feature", "properties": { "ID": 3203200323, "正式名称": "医療法人えいづか内科胃腸科クリニック", "機関区分": 2, "都道府県コード": 3, "市区町村コード": 201, "所在地": "岩手県盛岡市緑が丘四丁目１番７号", "緯度": 39.734307, "経度": 141.142065, "url": "https://www.iryou.teikyouseido.mhlw.go.jp/znk-web/juminkanja/S2430/initialize?prefCd=03&kikanCd=03200323&kikanKbn=2", "url2": null, "内容": "医療法人えいづか内科胃腸科クリニック【2:診療所】【診療科目:内科_消化器内科】岩手県盛岡市緑が丘四丁目１番７号" }, "geometry": { "type": "Point", "coordinates": [ 141.142065, 39.734307 ] } },
{ "type": "Feature", "properties": { "ID": 3203200325, "正式名称": "江藤整形外科医院", "機関区分": 2, "都道府県コード": 3, "市区町村コード": 201, "所在地": "岩手県盛岡市北天昌寺町７ー３５", "緯度": 39.712583, "経度": 141.11791, "url": "https://www.iryou.teikyouseido.mhlw.go.jp/znk-web/juminkanja/S2430/initialize?prefCd=03&kikanCd=03200325&kikanKbn=2", "url2": null, "内容": "江藤整形外科医院【2:診療所】【診療科目:整形外科】岩手県盛岡市北天昌寺町７ー３５" }, "geometry": { "type": "Point", "coordinates": [ 141.11791, 39.712583 ] } },
{ "type": "Feature", "properties": { "ID": 3203200326, "正式名称": "医療法人　江村胃腸科内科医院", "機関区分": 2, "都道府県コード": 3, "市区町村コード": 201, "所在地": "岩手県盛岡市城西町７ー３３", "緯度": 39.703402, "経度": 141.126211, "url": "https://www.iryou.teikyouseido.mhlw.go.jp/znk-web/juminkanja/S2430/initialize?prefCd=03&kikanCd=03200326&kikanKbn=2", "url2": null, "内容": "医療法人　江村胃腸科内科医院【2:診療所】【診療科目:内科_糖尿病内科_呼吸器内科_循環器内科_消化器内科_神経内科_胃腸科】岩手県盛岡市城西町７ー３３" }, "geometry": { "type": "Point", "coordinates": [ 141.126211, 39.703402 ] } },
{ "type": "Feature", "properties": { "ID": 3203200328, "正式名称": "逢坂医院", "機関区分": 2, "都道府県コード": 3, "市区町村コード": 201, "所在地": "岩手県盛岡市長田町１０ー３２", "緯度": 39.707338, "経度": 141.140744, "url": "https://www.iryou.teikyouseido.mhlw.go.jp/znk-web/juminkanja/S2430/initialize?prefCd=03&kikanCd=03200328&kikanKbn=2", "url2": null, "内容": "逢坂医院【2:診療所】【診療科目:内科_外科_泌尿器科】岩手県盛岡市長田町１０ー３２" }, "geometry": { "type": "Point", "coordinates": [ 141.140744, 39.707338 ] } },
{ "type": "Feature", "properties": { "ID": 3203200329, "正式名称": "おおどおり鎌田内科クリニック", "機関区分": 2, "都道府県コード": 3, "市区町村コード": 201, "所在地": "岩手県盛岡市大通二丁目５番１２号", "緯度": 39.704035, "経度": 141.14506, "url": "https://www.iryou.teikyouseido.mhlw.go.jp/znk-web/juminkanja/S2430/initialize?prefCd=03&kikanCd=03200329&kikanKbn=2", "url2": "http://www.kamata-clinic.jp", "内容": "おおどおり鎌田内科クリニック【2:診療所】【診療科目:内科_呼吸器内科_循環器内科_リハビリテーション科】岩手県盛岡市大通二丁目５番１２号" }, "geometry": { "type": "Point", "coordinates": [ 141.14506, 39.704035 ] } },
{ "type": "Feature", "properties": { "ID": 3203200331, "正式名称": "大日向医院", "機関区分": 2, "都道府県コード": 3, "市区町村コード": 201, "所在地": "岩手県盛岡市高松二丁目９番９号", "緯度": 39.723346, "経度": 141.135986, "url": "https://www.iryou.teikyouseido.mhlw.go.jp/znk-web/juminkanja/S2430/initialize?prefCd=03&kikanCd=03200331&kikanKbn=2", "url2": null, "内容": "大日向医院【2:診療所】【診療科目:内科_消化器内科_泌尿器科_泌尿器科（人工透析）】岩手県盛岡市高松二丁目９番９号" }, "geometry": { "type": "Point", "coordinates": [ 141.135986, 39.723346 ] } },
{ "type": "Feature", "properties": { "ID": 3203200332, "正式名称": "大屋内科胃腸科クリニック", "機関区分": 2, "都道府県コード": 3, "市区町村コード": 201, "所在地": "岩手県盛岡市西青山１ー１６ー４３", "緯度": 39.72525, "経度": 141.109746, "url": "https://www.iryou.teikyouseido.mhlw.go.jp/znk-web/juminkanja/S2430/initialize?prefCd=03&kikanCd=03200332&kikanKbn=2", "url2": null, "内容": "大屋内科胃腸科クリニック【2:診療所】【診療科目:内科_消化器内科_胃腸内科_胃腸科、消化器科】岩手県盛岡市西青山１ー１６ー４３" }, "geometry": { "type": "Point", "coordinates": [ 141.109746, 39.72525 ] } },
{ "type": "Feature", "properties": { "ID": 3203200333, "正式名称": "医療法人小笠原眼科クリニック", "機関区分": 2, "都道府県コード": 3, "市区町村コード": 201, "所在地": "岩手県盛岡市高松三丁目１０番１２号", "緯度": 39.728474, "経度": 141.140154, "url": "https://www.iryou.teikyouseido.mhlw.go.jp/znk-web/juminkanja/S2430/initialize?prefCd=03&kikanCd=03200333&kikanKbn=2", "url2": "http://ogasawara-eye-clinic.or.jp/", "内容": "医療法人小笠原眼科クリニック【2:診療所】【診療科目:眼科】岩手県盛岡市高松三丁目１０番１２号" }, "geometry": { "type": "Point", "coordinates": [ 141.140154, 39.728474 ] } },
{ "type": "Feature", "properties": { "ID": 3203200335, "正式名称": "医療法人健育会　岡田消化器科内科医院", "機関区分": 2, "都道府県コード": 3, "市区町村コード": 201, "所在地": "岩手県盛岡市清水町３ー５", "緯度": 39.695738, "経度": 141.152592, "url": "https://www.iryou.teikyouseido.mhlw.go.jp/znk-web/juminkanja/S2430/initialize?prefCd=03&kikanCd=03200335&kikanKbn=2", "url2": null, "内容": "医療法人健育会　岡田消化器科内科医院【2:診療所】【診療科目:内科_消化器科】岩手県盛岡市清水町３ー５" }, "geometry": { "type": "Point", "coordinates": [ 141.152592, 39.695738 ] } },
{ "type": "Feature", "properties": { "ID": 3203200338, "正式名称": "小田島耳鼻咽喉科医院", "機関区分": 2, "都道府県コード": 3, "市区町村コード": 201, "所在地": "岩手県盛岡市上田一丁目６番５号", "緯度": 39.711559, "経度": 141.145284, "url": "https://www.iryou.teikyouseido.mhlw.go.jp/znk-web/juminkanja/S2430/initialize?prefCd=03&kikanCd=03200338&kikanKbn=2", "url2": "http://www.odashima-jibiinkoka-iin.com", "内容": "小田島耳鼻咽喉科医院【2:診療所】【診療科目:耳鼻いんこう科】岩手県盛岡市上田一丁目６番５号" }, "geometry": { "type": "Point", "coordinates": [ 141.145284, 39.711559 ] } },
{ "type": "Feature", "properties": { "ID": 3203200342, "正式名称": "医療法人社団真心会　佐々木内科小児科医院", "機関区分": 2, "都道府県コード": 3, "市区町村コード": 366, "所在地": "岩手県和賀郡西和賀町湯本３０地割８０番地８", "緯度": 39.343675, "経度": 140.771679, "url": "https://www.iryou.teikyouseido.mhlw.go.jp/znk-web/juminkanja/S2430/initialize?prefCd=03&kikanCd=03200342&kikanKbn=2", "url2": null, "内容": "医療法人社団真心会　佐々木内科小児科医院【2:診療所】【診療科目:内科_小児科】岩手県和賀郡西和賀町湯本３０地割８０番地８" }, "geometry": { "type": "Point", "coordinates": [ 140.771679, 39.343675 ] } },
{ "type": "Feature", "properties": { "ID": 3203200344, "正式名称": "医療法人萩笙会柴田医院", "機関区分": 2, "都道府県コード": 3, "市区町村コード": 206, "所在地": "岩手県北上市新穀町１ー６ー１０", "緯度": 39.289484, "経度": 141.112801, "url": "https://www.iryou.teikyouseido.mhlw.go.jp/znk-web/juminkanja/S2430/initialize?prefCd=03&kikanCd=03200344&kikanKbn=2", "url2": null, "内容": "医療法人萩笙会柴田医院【2:診療所】【診療科目:内科_呼吸器内科_循環器内科_循環器科、呼吸器科】岩手県北上市新穀町１ー６ー１０" }, "geometry": { "type": "Point", "coordinates": [ 141.112801, 39.289484 ] } },
{ "type": "Feature", "properties": { "ID": 3203200345, "正式名称": "菅整形外科医院", "機関区分": 2, "都道府県コード": 3, "市区町村コード": 206, "所在地": "岩手県北上市上江釣子１６地割５１番地２", "緯度": 39.300076, "経度": 141.077575, "url": "https://www.iryou.teikyouseido.mhlw.go.jp/znk-web/juminkanja/S2430/initialize?prefCd=03&kikanCd=03200345&kikanKbn=2", "url2": null, "内容": "菅整形外科医院【2:診療所】【診療科目:外科_整形外科_リウマチ科_リハビリテーション科】岩手県北上市上江釣子１６地割５１番地２" }, "geometry": { "type": "Point", "coordinates": [ 141.077575, 39.300076 ] } },
{ "type": "Feature", "properties": { "ID": 3203200346, "正式名称": "医療法人ときわ松浦脳神経外科", "機関区分": 2, "都道府県コード": 3, "市区町村コード": 206, "所在地": "岩手県北上市常盤台一丁目２１ー１０", "緯度": 39.30384, "経度": 141.116353, "url": "https://www.iryou.teikyouseido.mhlw.go.jp/znk-web/juminkanja/S2430/initialize?prefCd=03&kikanCd=03200346&kikanKbn=2", "url2": "http://matsuura.clinic", "内容": "医療法人ときわ松浦脳神経外科【2:診療所】【診療科目:外科_脳神経外科_整形外科】岩手県北上市常盤台一丁目２１ー１０" }, "geometry": { "type": "Point", "coordinates": [ 141.116353, 39.30384 ] } },
{ "type": "Feature", "properties": { "ID": 3203200347, "正式名称": "医療法人藤仁会　北上整形外科クリニック", "機関区分": 2, "都道府県コード": 3, "市区町村コード": 206, "所在地": "岩手県北上市諏訪町２ー６ー４１", "緯度": 39.287257, "経度": 141.118586, "url": "https://www.iryou.teikyouseido.mhlw.go.jp/znk-web/juminkanja/S2430/initialize?prefCd=03&kikanCd=03200347&kikanKbn=2", "url2": "http://kitakami-seikei.com", "内容": "医療法人藤仁会　北上整形外科クリニック【2:診療所】【診療科目:整形外科_リウマチ科_リハビリテーション科】岩手県北上市諏訪町２ー６ー４１" }, "geometry": { "type": "Point", "coordinates": [ 141.118586, 39.287257 ] } },
{ "type": "Feature", "properties": { "ID": 3203200348, "正式名称": "医療法人　きたかみ腎クリニック　きたかみ腎クリニック", "機関区分": 2, "都道府県コード": 3, "市区町村コード": 206, "所在地": "岩手県北上市柳原町四丁目１５－９", "緯度": 39.296176, "経度": 141.113931, "url": "https://www.iryou.teikyouseido.mhlw.go.jp/znk-web/juminkanja/S2430/initialize?prefCd=03&kikanCd=03200348&kikanKbn=2", "url2": "http://kitakami-jin.jimdo.com/", "内容": "医療法人　きたかみ腎クリニック　きたかみ腎クリニック【2:診療所】【診療科目:内科_腎臓内科_泌尿器科】岩手県北上市柳原町四丁目１５－９" }, "geometry": { "type": "Point", "coordinates": [ 141.113931, 39.296176 ] } },
{ "type": "Feature", "properties": { "ID": 3203200350, "正式名称": "医療法人社団博紳会　たまだ江釣子クリニック", "機関区分": 2, "都道府県コード": 3, "市区町村コード": 206, "所在地": "岩手県北上市上江釣子１６地割１２９番地１", "緯度": 39.300688, "経度": 141.074232, "url": "https://www.iryou.teikyouseido.mhlw.go.jp/znk-web/juminkanja/S2430/initialize?prefCd=03&kikanCd=03200350&kikanKbn=2", "url2": "https://www.tamada-ezuriko-clinic.com", "内容": "医療法人社団博紳会　たまだ江釣子クリニック【2:診療所】【診療科目:内科_泌尿器科】岩手県北上市上江釣子１６地割１２９番地１" }, "geometry": { "type": "Point", "coordinates": [ 141.074232, 39.300688 ] } },
{ "type": "Feature", "properties": { "ID": 3203200352, "正式名称": "芳野内科医院", "機関区分": 2, "都道府県コード": 3, "市区町村コード": 206, "所在地": "岩手県北上市本通り一丁目３ー２２", "緯度": 39.285962, "経度": 141.114144, "url": "https://www.iryou.teikyouseido.mhlw.go.jp/znk-web/juminkanja/S2430/initialize?prefCd=03&kikanCd=03200352&kikanKbn=2", "url2": "https://www.ynaika1990.com/", "内容": "芳野内科医院【2:診療所】【診療科目:内科】岩手県北上市本通り一丁目３ー２２" }, "geometry": { "type": "Point", "coordinates": [ 141.114144, 39.285962 ] } },
{ "type": "Feature", "properties": { "ID": 3203200357, "正式名称": "医療法人祐恭会　すがい胃腸科内科クリニック", "機関区分": 2, "都道府県コード": 3, "市区町村コード": 206, "所在地": "岩手県北上市上江釣子７－９８－１", "緯度": 39.300716, "経度": 141.070634, "url": "https://www.iryou.teikyouseido.mhlw.go.jp/znk-web/juminkanja/S2430/initialize?prefCd=03&kikanCd=03200357&kikanKbn=2", "url2": null, "内容": "医療法人祐恭会　すがい胃腸科内科クリニック【2:診療所】【診療科目:内科_消化器内科_胃腸内科】岩手県北上市上江釣子７－９８－１" }, "geometry": { "type": "Point", "coordinates": [ 141.070634, 39.300716 ] } },
{ "type": "Feature", "properties": { "ID": 3203200358, "正式名称": "社団医療法人康生会　赤坂医院", "機関区分": 2, "都道府県コード": 3, "市区町村コード": 366, "所在地": "岩手県和賀郡西和賀町湯本２９地割６６－４", "緯度": 39.346035, "経度": 140.77166, "url": "https://www.iryou.teikyouseido.mhlw.go.jp/znk-web/juminkanja/S2430/initialize?prefCd=03&kikanCd=03200358&kikanKbn=2", "url2": "http://www.akasakahospital.com/", "内容": "社団医療法人康生会　赤坂医院【2:診療所】【診療科目:内科_外科_皮膚科_泌尿器科】岩手県和賀郡西和賀町湯本２９地割６６－４" }, "geometry": { "type": "Point", "coordinates": [ 140.77166, 39.346035 ] } },
{ "type": "Feature", "properties": { "ID": 3203200363, "正式名称": "いとう内科胃腸科医院", "機関区分": 2, "都道府県コード": 3, "市区町村コード": 206, "所在地": "岩手県北上市大通り３丁目１ー９", "緯度": 39.282932, "経度": 141.114399, "url": "https://www.iryou.teikyouseido.mhlw.go.jp/znk-web/juminkanja/S2430/initialize?prefCd=03&kikanCd=03200363&kikanKbn=2", "url2": "https://www.ito-icyouka.com/", "内容": "いとう内科胃腸科医院【2:診療所】【診療科目:内科_消化器内科_胃腸科、消化器科】岩手県北上市大通り３丁目１ー９" }, "geometry": { "type": "Point", "coordinates": [ 141.114399, 39.282932 ] } },
{ "type": "Feature", "properties": { "ID": 3203200366, "正式名称": "大内整形外科医院", "機関区分": 2, "都道府県コード": 3, "市区町村コード": 206, "所在地": "岩手県北上市本通り４－１２ー１０", "緯度": 39.295958, "経度": 141.11916, "url": "https://www.iryou.teikyouseido.mhlw.go.jp/znk-web/juminkanja/S2430/initialize?prefCd=03&kikanCd=03200366&kikanKbn=2", "url2": null, "内容": "大内整形外科医院【2:診療所】【診療科目:内科_外科_整形外科_形成外科_リウマチ科】岩手県北上市本通り４－１２ー１０" }, "geometry": { "type": "Point", "coordinates": [ 141.11916, 39.295958 ] } },
{ "type": "Feature", "properties": { "ID": 3203200367, "正式名称": "医療法人都鳥会　とどり小児科医院", "機関区分": 2, "都道府県コード": 3, "市区町村コード": 206, "所在地": "岩手県北上市大通り４ー３ー５", "緯度": 39.286481, "経度": 141.108002, "url": "https://www.iryou.teikyouseido.mhlw.go.jp/znk-web/juminkanja/S2430/initialize?prefCd=03&kikanCd=03200367&kikanKbn=2", "url2": "http://todori.cocolog-nifty.com/blog/", "内容": "医療法人都鳥会　とどり小児科医院【2:診療所】【診療科目:小児科_アレルギー科】岩手県北上市大通り４ー３ー５" }, "geometry": { "type": "Point", "coordinates": [ 141.108002, 39.286481 ] } },
{ "type": "Feature", "properties": { "ID": 3203200368, "正式名称": "医療法人　黄木医院", "機関区分": 2, "都道府県コード": 3, "市区町村コード": 206, "所在地": "岩手県北上市上江釣子１５－６０－２", "緯度": 39.297469, "経度": 141.080614, "url": "https://www.iryou.teikyouseido.mhlw.go.jp/znk-web/juminkanja/S2430/initialize?prefCd=03&kikanCd=03200368&kikanKbn=2", "url2": null, "内容": "医療法人　黄木医院【2:診療所】【診療科目:内科_呼吸器内科_循環器内科_消化器内科_胃腸内科】岩手県北上市上江釣子１５－６０－２" }, "geometry": { "type": "Point", "coordinates": [ 141.080614, 39.297469 ] } },
{ "type": "Feature", "properties": { "ID": 3203200372, "正式名称": "医療法人社団敬和会　日高見中央クリニック", "機関区分": 2, "都道府県コード": 3, "市区町村コード": 206, "所在地": "岩手県北上市北鬼柳２２地割４６番地", "緯度": 39.291377, "経度": 141.095363, "url": "https://www.iryou.teikyouseido.mhlw.go.jp/znk-web/juminkanja/S2430/initialize?prefCd=03&kikanCd=03200372&kikanKbn=2", "url2": "http://www.keiwakai.info", "内容": "医療法人社団敬和会　日高見中央クリニック【2:診療所】【診療科目:内科_循環器科、呼吸器科_眼科_泌尿器科_リハビリテーション科】岩手県北上市北鬼柳２２地割４６番地" }, "geometry": { "type": "Point", "coordinates": [ 141.095363, 39.291377 ] } },
{ "type": "Feature", "properties": { "ID": 3203200373, "正式名称": "医療法人慶正会　小豆嶋クリニック", "機関区分": 2, "都道府県コード": 3, "市区町村コード": 206, "所在地": "岩手県北上市本通り四丁目１３ー６", "緯度": 39.295129, "経度": 141.12028, "url": "https://www.iryou.teikyouseido.mhlw.go.jp/znk-web/juminkanja/S2430/initialize?prefCd=03&kikanCd=03200373&kikanKbn=2", "url2": null, "内容": "医療法人慶正会　小豆嶋クリニック【2:診療所】【診療科目:内科_消化器科】岩手県北上市本通り四丁目１３ー６" }, "geometry": { "type": "Point", "coordinates": [ 141.12028, 39.295129 ] } },
{ "type": "Feature", "properties": { "ID": 3203200374, "正式名称": "いしかわ内科クリニック", "機関区分": 2, "都道府県コード": 3, "市区町村コード": 206, "所在地": "岩手県北上市大堤南一丁目１番２５号", "緯度": 39.261731, "経度": 141.099427, "url": "https://www.iryou.teikyouseido.mhlw.go.jp/znk-web/juminkanja/S2430/initialize?prefCd=03&kikanCd=03200374&kikanKbn=2", "url2": "http://www.ishikawa-gp-cl.com/", "内容": "いしかわ内科クリニック【2:診療所】【診療科目:内科_糖尿病内科_糖尿病・代謝内科_呼吸器内科_アレルギー科】岩手県北上市大堤南一丁目１番２５号" }, "geometry": { "type": "Point", "coordinates": [ 141.099427, 39.261731 ] } },
{ "type": "Feature", "properties": { "ID": 3203200375, "正式名称": "医療法人優親会及川脳神経内科クリニック", "機関区分": 2, "都道府県コード": 3, "市区町村コード": 206, "所在地": "岩手県北上市立花１０地割２８番地１", "緯度": 39.282079, "経度": 141.132842, "url": "https://www.iryou.teikyouseido.mhlw.go.jp/znk-web/juminkanja/S2430/initialize?prefCd=03&kikanCd=03200375&kikanKbn=2", "url2": "https://www.oikawa-neurology.com/", "内容": "医療法人優親会及川脳神経内科クリニック【2:診療所】【診療科目:内科_神経内科_老年内科_小児科】岩手県北上市立花１０地割２８番地１" }, "geometry": { "type": "Point", "coordinates": [ 141.132842, 39.282079 ] } },
{ "type": "Feature", "properties": { "ID": 3203200376, "正式名称": "医療法人　斎藤産婦人科医院", "機関区分": 2, "都道府県コード": 3, "市区町村コード": 206, "所在地": "岩手県北上市諏訪町２丁目６－３７", "緯度": 39.287466, "経度": 141.118695, "url": "https://www.iryou.teikyouseido.mhlw.go.jp/znk-web/juminkanja/S2430/initialize?prefCd=03&kikanCd=03200376&kikanKbn=2", "url2": null, "内容": "医療法人　斎藤産婦人科医院【2:診療所】【診療科目:産婦人科】岩手県北上市諏訪町２丁目６－３７" }, "geometry": { "type": "Point", "coordinates": [ 141.118695, 39.287466 ] } },
{ "type": "Feature", "properties": { "ID": 3203200378, "正式名称": "医療法人至仁いわぶち脳神経クリニック", "機関区分": 2, "都道府県コード": 3, "市区町村コード": 206, "所在地": "岩手県北上市さくら通り２丁目２ー２５", "緯度": 39.29824, "経度": 141.110951, "url": "https://www.iryou.teikyouseido.mhlw.go.jp/znk-web/juminkanja/S2430/initialize?prefCd=03&kikanCd=03200378&kikanKbn=2", "url2": null, "内容": "医療法人至仁いわぶち脳神経クリニック【2:診療所】【診療科目:神経内科_脳神経外科_リハビリテーション科】岩手県北上市さくら通り２丁目２ー２５" }, "geometry": { "type": "Point", "coordinates": [ 141.110951, 39.29824 ] } },
{ "type": "Feature", "properties": { "ID": 3203200379, "正式名称": "北上駅前さいとう心療内科医院", "機関区分": 2, "都道府県コード": 3, "市区町村コード": 206, "所在地": "岩手県北上市大通り１－３－１　おでんせプラザ「ぐろーぶ」４階", "緯度": 39.282174, "経度": 141.120214, "url": "https://www.iryou.teikyouseido.mhlw.go.jp/znk-web/juminkanja/S2430/initialize?prefCd=03&kikanCd=03200379&kikanKbn=2", "url2": null, "内容": "北上駅前さいとう心療内科医院【2:診療所】【診療科目:精神科_心療内科】岩手県北上市大通り１－３－１　おでんせプラザ「ぐろーぶ」４階" }, "geometry": { "type": "Point", "coordinates": [ 141.120214, 39.282174 ] } },
{ "type": "Feature", "properties": { "ID": 3203200380, "正式名称": "医療法人社団　立正堂医院", "機関区分": 2, "都道府県コード": 3, "市区町村コード": 206, "所在地": "岩手県北上市相去町西野３２ー１", "緯度": 39.2636, "経度": 141.114258, "url": "https://www.iryou.teikyouseido.mhlw.go.jp/znk-web/juminkanja/S2430/initialize?prefCd=03&kikanCd=03200380&kikanKbn=2", "url2": "http://www.citydo.com/prf/iwate/guide/sg/105001759.html", "内容": "医療法人社団　立正堂医院【2:診療所】【診療科目:内科_循環器内科_心臓血管内科_歯科】岩手県北上市相去町西野３２ー１" }, "geometry": { "type": "Point", "coordinates": [ 141.114258, 39.2636 ] } },
{ "type": "Feature", "properties": { "ID": 3203200388, "正式名称": "医療法人前田皮膚科クリニック", "機関区分": 2, "都道府県コード": 3, "市区町村コード": 206, "所在地": "岩手県北上市新穀町２ー１ー１７", "緯度": 39.289005, "経度": 141.110145, "url": "https://www.iryou.teikyouseido.mhlw.go.jp/znk-web/juminkanja/S2430/initialize?prefCd=03&kikanCd=03200388&kikanKbn=2", "url2": null, "内容": "医療法人前田皮膚科クリニック【2:診療所】【診療科目:皮膚科】岩手県北上市新穀町２ー１ー１７" }, "geometry": { "type": "Point", "coordinates": [ 141.110145, 39.289005 ] } },
{ "type": "Feature", "properties": { "ID": 3203200389, "正式名称": "根本小児科医院", "機関区分": 2, "都道府県コード": 3, "市区町村コード": 206, "所在地": "岩手県北上市芳町６ー５", "緯度": 39.288147, "経度": 141.110583, "url": "https://www.iryou.teikyouseido.mhlw.go.jp/znk-web/juminkanja/S2430/initialize?prefCd=03&kikanCd=03200389&kikanKbn=2", "url2": "http://www.nemoto-cl.com", "内容": "根本小児科医院【2:診療所】【診療科目:小児科】岩手県北上市芳町６ー５" }, "geometry": { "type": "Point", "coordinates": [ 141.110583, 39.288147 ] } },
{ "type": "Feature", "properties": { "ID": 3203200391, "正式名称": "ささもり耳鼻咽喉科医院", "機関区分": 2, "都道府県コード": 3, "市区町村コード": 206, "所在地": "岩手県北上市柳原町３ー１１ー１６", "緯度": 39.29565, "経度": 141.115213, "url": "https://www.iryou.teikyouseido.mhlw.go.jp/znk-web/juminkanja/S2430/initialize?prefCd=03&kikanCd=03200391&kikanKbn=2", "url2": null, "内容": "ささもり耳鼻咽喉科医院【2:診療所】【診療科目:耳鼻いんこう科】岩手県北上市柳原町３ー１１ー１６" }, "geometry": { "type": "Point", "coordinates": [ 141.115213, 39.29565 ] } },
{ "type": "Feature", "properties": { "ID": 3203200392, "正式名称": "千田クリニック", "機関区分": 2, "都道府県コード": 3, "市区町村コード": 206, "所在地": "岩手県北上市大堤北一丁目５番８号", "緯度": 39.264323, "経度": 141.10153, "url": "https://www.iryou.teikyouseido.mhlw.go.jp/znk-web/juminkanja/S2430/initialize?prefCd=03&kikanCd=03200392&kikanKbn=2", "url2": null, "内容": "千田クリニック【2:診療所】【診療科目:内科_胃腸科_外科_小児科_皮膚科】岩手県北上市大堤北一丁目５番８号" }, "geometry": { "type": "Point", "coordinates": [ 141.10153, 39.264323 ] } },
{ "type": "Feature", "properties": { "ID": 3203200393, "正式名称": "中島医院", "機関区分": 2, "都道府県コード": 3, "市区町村コード": 206, "所在地": "岩手県北上市中野町２ー８", "緯度": 39.294784, "経度": 141.127847, "url": "https://www.iryou.teikyouseido.mhlw.go.jp/znk-web/juminkanja/S2430/initialize?prefCd=03&kikanCd=03200393&kikanKbn=2", "url2": null, "内容": "中島医院【2:診療所】【診療科目:内科_呼吸器内科_循環器内科_循環器科、呼吸器科】岩手県北上市中野町２ー８" }, "geometry": { "type": "Point", "coordinates": [ 141.127847, 39.294784 ] } },
{ "type": "Feature", "properties": { "ID": 3203200394, "正式名称": "医療法人社団けんじん安部医院", "機関区分": 2, "都道府県コード": 3, "市区町村コード": 206, "所在地": "岩手県北上市大通り１ー１１ー２３", "緯度": 39.283012, "経度": 141.119582, "url": "https://www.iryou.teikyouseido.mhlw.go.jp/znk-web/juminkanja/S2430/initialize?prefCd=03&kikanCd=03200394&kikanKbn=2", "url2": "https://abe-clinic.studio.site", "内容": "医療法人社団けんじん安部医院【2:診療所】【診療科目:内科_消化器内科_外科_乳腺外科_肛門外科_整形外科】岩手県北上市大通り１ー１１ー２３" }, "geometry": { "type": "Point", "coordinates": [ 141.119582, 39.283012 ] } },
{ "type": "Feature", "properties": { "ID": 3203200399, "正式名称": "花巻市石鳥谷医療センター", "機関区分": 2, "都道府県コード": 3, "市区町村コード": 205, "所在地": "岩手県花巻市石鳥谷町八幡第５地割４７番地２", "緯度": 39.484332, "経度": 141.149445, "url": "https://www.iryou.teikyouseido.mhlw.go.jp/znk-web/juminkanja/S2430/initialize?prefCd=03&kikanCd=03200399&kikanKbn=2", "url2": null, "内容": "花巻市石鳥谷医療センター【2:診療所】【診療科目:内科_呼吸器内科_外科_脳神経外科_整形外科_皮膚科_リウマチ科_リハビリテーション科】岩手県花巻市石鳥谷町八幡第５地割４７番地２" }, "geometry": { "type": "Point", "coordinates": [ 141.149445, 39.484332 ] } },
{ "type": "Feature", "properties": { "ID": 3203200400, "正式名称": "ちば心療内科クリニック", "機関区分": 2, "都道府県コード": 3, "市区町村コード": 205, "所在地": "岩手県花巻市諏訪町２丁目１ー１６", "緯度": 39.375955, "経度": 141.111508, "url": "https://www.iryou.teikyouseido.mhlw.go.jp/znk-web/juminkanja/S2430/initialize?prefCd=03&kikanCd=03200400&kikanKbn=2", "url2": null, "内容": "ちば心療内科クリニック【2:診療所】【診療科目:内科_神経内科_精神科_心療内科】岩手県花巻市諏訪町２丁目１ー１６" }, "geometry": { "type": "Point", "coordinates": [ 141.111508, 39.375955 ] } },
{ "type": "Feature", "properties": { "ID": 3203200401, "正式名称": "岩見神経内科医院", "機関区分": 2, "都道府県コード": 3, "市区町村コード": 202, "所在地": "岩手県宮古市大通１丁目５番２号", "緯度": 39.642089, "経度": 141.951834, "url": "https://www.iryou.teikyouseido.mhlw.go.jp/znk-web/juminkanja/S2430/initialize?prefCd=03&kikanCd=03200401&kikanKbn=2", "url2": null, "内容": "岩見神経内科医院【2:診療所】【診療科目:内科_神経内科】岩手県宮古市大通１丁目５番２号" }, "geometry": { "type": "Point", "coordinates": [ 141.951834, 39.642089 ] } },
{ "type": "Feature", "properties": { "ID": 3203200405, "正式名称": "医療法人晃生会　近藤医院", "機関区分": 2, "都道府県コード": 3, "市区町村コード": 482, "所在地": "岩手県下閉伊郡山田町飯岡第９地割２３番地１", "緯度": 39.466772, "経度": 141.945457, "url": "https://www.iryou.teikyouseido.mhlw.go.jp/znk-web/juminkanja/S2430/initialize?prefCd=03&kikanCd=03200405&kikanKbn=2", "url2": null, "内容": "医療法人晃生会　近藤医院【2:診療所】【診療科目:内科_循環器内科_整形外科_小児科_リハビリテーション科】岩手県下閉伊郡山田町飯岡第９地割２３番地１" }, "geometry": { "type": "Point", "coordinates": [ 141.945457, 39.466772 ] } },
{ "type": "Feature", "properties": { "ID": 3203200406, "正式名称": "医療法人社団こうぶん会　後藤医院", "機関区分": 2, "都道府県コード": 3, "市区町村コード": 482, "所在地": "岩手県下閉伊郡山田町長崎４丁目１２番１０号", "緯度": 39.462282, "経度": 141.945134, "url": "https://www.iryou.teikyouseido.mhlw.go.jp/znk-web/juminkanja/S2430/initialize?prefCd=03&kikanCd=03200406&kikanKbn=2", "url2": null, "内容": "医療法人社団こうぶん会　後藤医院【2:診療所】【診療科目:皮膚科_泌尿器科】岩手県下閉伊郡山田町長崎４丁目１２番１０号" }, "geometry": { "type": "Point", "coordinates": [ 141.945134, 39.462282 ] } },
{ "type": "Feature", "properties": { "ID": 3203200409, "正式名称": "岩泉町釜津田診療所", "機関区分": 2, "都道府県コード": 3, "市区町村コード": 483, "所在地": "岩手県下閉伊郡岩泉町釜津田字沢口３６番地１", "緯度": 39.78404, "経度": 141.558434, "url": "https://www.iryou.teikyouseido.mhlw.go.jp/znk-web/juminkanja/S2430/initialize?prefCd=03&kikanCd=03200409&kikanKbn=2", "url2": null, "内容": "岩泉町釜津田診療所【2:診療所】【診療科目:内科】岩手県下閉伊郡岩泉町釜津田字沢口３６番地１" }, "geometry": { "type": "Point", "coordinates": [ 141.558434, 39.78404 ] } },
{ "type": "Feature", "properties": { "ID": 3203200411, "正式名称": "岩泉町大川診療所", "機関区分": 2, "都道府県コード": 3, "市区町村コード": 483, "所在地": "岩手県下閉伊郡岩泉町大川字下町６５番地１", "緯度": 39.80257, "経度": 141.659269, "url": "https://www.iryou.teikyouseido.mhlw.go.jp/znk-web/juminkanja/S2430/initialize?prefCd=03&kikanCd=03200411&kikanKbn=2", "url2": null, "内容": "岩泉町大川診療所【2:診療所】【診療科目:内科】岩手県下閉伊郡岩泉町大川字下町６５番地１" }, "geometry": { "type": "Point", "coordinates": [ 141.659269, 39.80257 ] } },
{ "type": "Feature", "properties": { "ID": 3203200413, "正式名称": "社会福祉法人恩賜財団岩手県済生会岩泉病院附属有芸診療所", "機関区分": 2, "都道府県コード": 3, "市区町村コード": 483, "所在地": "岩手県下閉伊郡岩泉町上有芸字猿ケ渕５番地４", "緯度": 39.772579, "経度": 141.811362, "url": "https://www.iryou.teikyouseido.mhlw.go.jp/znk-web/juminkanja/S2430/initialize?prefCd=03&kikanCd=03200413&kikanKbn=2", "url2": null, "内容": "社会福祉法人恩賜財団岩手県済生会岩泉病院附属有芸診療所【2:診療所】【診療科目:内科】岩手県下閉伊郡岩泉町上有芸字猿ケ渕５番地４" }, "geometry": { "type": "Point", "coordinates": [ 141.811362, 39.772579 ] } },
{ "type": "Feature", "properties": { "ID": 3203200414, "正式名称": "岩泉町安家診療所", "機関区分": 2, "都道府県コード": 3, "市区町村コード": 483, "所在地": "岩手県下閉伊郡岩泉町安家字日蔭６６番地", "緯度": 39.986175, "経度": 141.727526, "url": "https://www.iryou.teikyouseido.mhlw.go.jp/znk-web/juminkanja/S2430/initialize?prefCd=03&kikanCd=03200414&kikanKbn=2", "url2": null, "内容": "岩泉町安家診療所【2:診療所】【診療科目:内科】岩手県下閉伊郡岩泉町安家字日蔭６６番地" }, "geometry": { "type": "Point", "coordinates": [ 141.727526, 39.986175 ] } },
{ "type": "Feature", "properties": { "ID": 3203200415, "正式名称": "国民健康保険　田野畑村診療所", "機関区分": 2, "都道府県コード": 3, "市区町村コード": 484, "所在地": "岩手県下閉伊郡田野畑村田野畑１２０番地３", "緯度": 39.9315, "経度": 141.894561, "url": "https://www.iryou.teikyouseido.mhlw.go.jp/znk-web/juminkanja/S2430/initialize?prefCd=03&kikanCd=03200415&kikanKbn=2", "url2": null, "内容": "国民健康保険　田野畑村診療所【2:診療所】【診療科目:内科_外科_小児科】岩手県下閉伊郡田野畑村田野畑１２０番地３" }, "geometry": { "type": "Point", "coordinates": [ 141.894561, 39.9315 ] } },
{ "type": "Feature", "properties": { "ID": 3203200416, "正式名称": "宮古市国民健康保険新里診療所", "機関区分": 2, "都道府県コード": 3, "市区町村コード": 202, "所在地": "岩手県宮古市茂市第１地割１１６番地９", "緯度": 39.628524, "経度": 141.786576, "url": "https://www.iryou.teikyouseido.mhlw.go.jp/znk-web/juminkanja/S2430/initialize?prefCd=03&kikanCd=03200416&kikanKbn=2", "url2": null, "内容": "宮古市国民健康保険新里診療所【2:診療所】【診療科目:内科_歯科】岩手県宮古市茂市第１地割１１６番地９" }, "geometry": { "type": "Point", "coordinates": [ 141.786576, 39.628524 ] } },
{ "type": "Feature", "properties": { "ID": 3203200417, "正式名称": "宮古市国民健康保険川井診療所", "機関区分": 2, "都道府県コード": 3, "市区町村コード": 202, "所在地": "岩手県宮古市川井第２地割１６９番地５", "緯度": 39.598645, "経度": 141.679014, "url": "https://www.iryou.teikyouseido.mhlw.go.jp/znk-web/juminkanja/S2430/initialize?prefCd=03&kikanCd=03200417&kikanKbn=2", "url2": null, "内容": "宮古市国民健康保険川井診療所【2:診療所】【診療科目:内科】岩手県宮古市川井第２地割１６９番地５" }, "geometry": { "type": "Point", "coordinates": [ 141.679014, 39.598645 ] } },
{ "type": "Feature", "properties": { "ID": 3203200421, "正式名称": "二戸市国民健康保険金田一診療所", "機関区分": 2, "都道府県コード": 3, "市区町村コード": 213, "所在地": "岩手県二戸市金田一字馬場１５０番地", "緯度": 40.318608, "経度": 141.308017, "url": "https://www.iryou.teikyouseido.mhlw.go.jp/znk-web/juminkanja/S2430/initialize?prefCd=03&kikanCd=03200421&kikanKbn=2", "url2": "http://www.city.ninohe.iwate.jp", "内容": "二戸市国民健康保険金田一診療所【2:診療所】【診療科目:内科_産婦人科_リハビリテーション科】岩手県二戸市金田一字馬場１５０番地" }, "geometry": { "type": "Point", "coordinates": [ 141.308017, 40.318608 ] } },
{ "type": "Feature", "properties": { "ID": 3203200424, "正式名称": "二戸市国民健康保険浄法寺診療所", "機関区分": 2, "都道府県コード": 3, "市区町村コード": 213, "所在地": "岩手県二戸市浄法寺町小池６番地１", "緯度": 40.186663, "経度": 141.154822, "url": "https://www.iryou.teikyouseido.mhlw.go.jp/znk-web/juminkanja/S2430/initialize?prefCd=03&kikanCd=03200424&kikanKbn=2", "url2": "https://www.city.ninohe.lg.jp/Info/3252", "内容": "二戸市国民健康保険浄法寺診療所【2:診療所】【診療科目:内科_整形外科_小児科】岩手県二戸市浄法寺町小池６番地１" }, "geometry": { "type": "Point", "coordinates": [ 141.154822, 40.186663 ] } },
{ "type": "Feature", "properties": { "ID": 3203200427, "正式名称": "松井内科医院", "機関区分": 2, "都道府県コード": 3, "市区町村コード": 524, "所在地": "岩手県二戸郡一戸町一戸字５８", "緯度": 40.21276, "経度": 141.29524, "url": "https://www.iryou.teikyouseido.mhlw.go.jp/znk-web/juminkanja/S2430/initialize?prefCd=03&kikanCd=03200427&kikanKbn=2", "url2": "https://www.matuinaikaclinic.com/", "内容": "松井内科医院【2:診療所】【診療科目:内科_糖尿病内科_呼吸器内科_循環器内科_消化器内科_神経内科_アレルギー疾患内科_アレルギー科】岩手県二戸郡一戸町一戸字５８" }, "geometry": { "type": "Point", "coordinates": [ 141.29524, 40.21276 ] } },
{ "type": "Feature", "properties": { "ID": 3203200431, "正式名称": "医療法人青松会　二戸クリニック", "機関区分": 2, "都道府県コード": 3, "市区町村コード": 213, "所在地": "岩手県二戸市石切所字森合３２番地１", "緯度": 40.261192, "経度": 141.288221, "url": "https://www.iryou.teikyouseido.mhlw.go.jp/znk-web/juminkanja/S2430/initialize?prefCd=03&kikanCd=03200431&kikanKbn=2", "url2": "http://www.m-c-seishokai.jp/index_ni.html", "内容": "医療法人青松会　二戸クリニック【2:診療所】【診療科目:内科_消化器内科_外科_泌尿器科】岩手県二戸市石切所字森合３２番地１" }, "geometry": { "type": "Point", "coordinates": [ 141.288221, 40.261192 ] } },
{ "type": "Feature", "properties": { "ID": 3203200433, "正式名称": "むらかみ医院　いたみのクリニック", "機関区分": 2, "都道府県コード": 3, "市区町村コード": 501, "所在地": "岩手県九戸郡軽米町上舘第１５地割８６番地９", "緯度": 40.320652, "経度": 141.476322, "url": "https://www.iryou.teikyouseido.mhlw.go.jp/znk-web/juminkanja/S2430/initialize?prefCd=03&kikanCd=03200433&kikanKbn=2", "url2": null, "内容": "むらかみ医院　いたみのクリニック【2:診療所】【診療科目:内科_外科_胃腸外科_肛門外科_皮膚科】岩手県九戸郡軽米町上舘第１５地割８６番地９" }, "geometry": { "type": "Point", "coordinates": [ 141.476322, 40.320652 ] } },
{ "type": "Feature", "properties": { "ID": 3203200435, "正式名称": "医療法人誠人会　斎藤内科", "機関区分": 2, "都道府県コード": 3, "市区町村コード": 207, "所在地": "岩手県久慈市荒町２丁目９番地", "緯度": 40.191615, "経度": 141.760831, "url": "https://www.iryou.teikyouseido.mhlw.go.jp/znk-web/juminkanja/S2430/initialize?prefCd=03&kikanCd=03200435&kikanKbn=2", "url2": null, "内容": "医療法人誠人会　斎藤内科【2:診療所】【診療科目:内科_糖尿病・代謝内科_呼吸器内科_消化器内科_漢方内科】岩手県久慈市荒町２丁目９番地" }, "geometry": { "type": "Point", "coordinates": [ 141.760831, 40.191615 ] } },
{ "type": "Feature", "properties": { "ID": 3203200439, "正式名称": "久慈市国民健康保険山形診療所", "機関区分": 2, "都道府県コード": 3, "市区町村コード": 207, "所在地": "岩手県久慈市山形町川井９ー４４ー８", "緯度": 40.154874, "経度": 141.564057, "url": "https://www.iryou.teikyouseido.mhlw.go.jp/znk-web/juminkanja/S2430/initialize?prefCd=03&kikanCd=03200439&kikanKbn=2", "url2": "http://www.city.kuji.iwate.jp/sinryo/index.html", "内容": "久慈市国民健康保険山形診療所【2:診療所】【診療科目:内科_外科】岩手県久慈市山形町川井９ー４４ー８" }, "geometry": { "type": "Point", "coordinates": [ 141.564057, 40.154874 ] } },
{ "type": "Feature", "properties": { "ID": 3203200440, "正式名称": "大関内科医院", "機関区分": 2, "都道府県コード": 3, "市区町村コード": 507, "所在地": "岩手県九戸郡洋野町種市第２３地割７９番地４４", "緯度": 40.411531, "経度": 141.7154, "url": "https://www.iryou.teikyouseido.mhlw.go.jp/znk-web/juminkanja/S2430/initialize?prefCd=03&kikanCd=03200440&kikanKbn=2", "url2": null, "内容": "大関内科医院【2:診療所】【診療科目:内科_循環器内科】岩手県九戸郡洋野町種市第２３地割７９番地４４" }, "geometry": { "type": "Point", "coordinates": [ 141.7154, 40.411531 ] } },
{ "type": "Feature", "properties": { "ID": 3203200441, "正式名称": "医療法人健生会　竹下医院", "機関区分": 2, "都道府県コード": 3, "市区町村コード": 207, "所在地": "岩手県久慈市中の橋一丁目５番地", "緯度": 40.191867, "経度": 141.767575, "url": "https://www.iryou.teikyouseido.mhlw.go.jp/znk-web/juminkanja/S2430/initialize?prefCd=03&kikanCd=03200441&kikanKbn=2", "url2": "http://www.takesita-iin.com", "内容": "医療法人健生会　竹下医院【2:診療所】【診療科目:婦人科】岩手県久慈市中の橋一丁目５番地" }, "geometry": { "type": "Point", "coordinates": [ 141.767575, 40.191867 ] } },
{ "type": "Feature", "properties": { "ID": 3203200442, "正式名称": "普代村国民健康保険診療所", "機関区分": 2, "都道府県コード": 3, "市区町村コード": 485, "所在地": "岩手県下閉伊郡普代村１０ー４ー１", "緯度": 40.00521, "経度": 141.88594, "url": "https://www.iryou.teikyouseido.mhlw.go.jp/znk-web/juminkanja/S2430/initialize?prefCd=03&kikanCd=03200442&kikanKbn=2", "url2": null, "内容": "普代村国民健康保険診療所【2:診療所】【診療科目:内科_代謝内科_老年内科_外科】岩手県下閉伊郡普代村１０ー４ー１" }, "geometry": { "type": "Point", "coordinates": [ 141.88594, 40.00521 ] } },
{ "type": "Feature", "properties": { "ID": 3203200443, "正式名称": "洋野町国民健康保険大野診療所", "機関区分": 2, "都道府県コード": 3, "市区町村コード": 507, "所在地": "岩手県九戸郡洋野町大野８－８３－４", "緯度": 40.293546, "経度": 141.647371, "url": "https://www.iryou.teikyouseido.mhlw.go.jp/znk-web/juminkanja/S2430/initialize?prefCd=03&kikanCd=03200443&kikanKbn=2", "url2": "http://www.town.hirono.iwate.jp/", "内容": "洋野町国民健康保険大野診療所【2:診療所】【診療科目:内科】岩手県九戸郡洋野町大野８－８３－４" }, "geometry": { "type": "Point", "coordinates": [ 141.647371, 40.293546 ] } },
{ "type": "Feature", "properties": { "ID": 3203200448, "正式名称": "医療法人　おのでら耳鼻咽喉科クリニック", "機関区分": 2, "都道府県コード": 3, "市区町村コード": 207, "所在地": "岩手県久慈市長内町２４ー１４７ー１", "緯度": 40.167759, "経度": 141.794779, "url": "https://www.iryou.teikyouseido.mhlw.go.jp/znk-web/juminkanja/S2430/initialize?prefCd=03&kikanCd=03200448&kikanKbn=2", "url2": null, "内容": "医療法人　おのでら耳鼻咽喉科クリニック【2:診療所】【診療科目:耳鼻いんこう科】岩手県久慈市長内町２４ー１４７ー１" }, "geometry": { "type": "Point", "coordinates": [ 141.794779, 40.167759 ] } },
{ "type": "Feature", "properties": { "ID": 3203200449, "正式名称": "久慈眼科クリニック", "機関区分": 2, "都道府県コード": 3, "市区町村コード": 207, "所在地": "岩手県久慈市長内町第３２地割１２ー４", "緯度": 40.189514, "経度": 141.7803, "url": "https://www.iryou.teikyouseido.mhlw.go.jp/znk-web/juminkanja/S2430/initialize?prefCd=03&kikanCd=03200449&kikanKbn=2", "url2": null, "内容": "久慈眼科クリニック【2:診療所】【診療科目:眼科】岩手県久慈市長内町第３２地割１２ー４" }, "geometry": { "type": "Point", "coordinates": [ 141.7803, 40.189514 ] } },
{ "type": "Feature", "properties": { "ID": 3203200450, "正式名称": "ちだ医院", "機関区分": 2, "都道府県コード": 3, "市区町村コード": 207, "所在地": "岩手県久慈市門前３７地割５６番地２６", "緯度": 40.203692, "経度": 141.766509, "url": "https://www.iryou.teikyouseido.mhlw.go.jp/znk-web/juminkanja/S2430/initialize?prefCd=03&kikanCd=03200450&kikanKbn=2", "url2": "http://www.yoyakuru.net/rs/chidaiin/web/", "内容": "ちだ医院【2:診療所】【診療科目:内科_アレルギー疾患内科_小児科_アレルギー科】岩手県久慈市門前３７地割５６番地２６" }, "geometry": { "type": "Point", "coordinates": [ 141.766509, 40.203692 ] } },
{ "type": "Feature", "properties": { "ID": 3203200453, "正式名称": "神林医院", "機関区分": 2, "都道府県コード": 3, "市区町村コード": 211, "所在地": "岩手県釜石市甲子町１０地割４８３ー５", "緯度": 39.25544, "経度": 141.813255, "url": "https://www.iryou.teikyouseido.mhlw.go.jp/znk-web/juminkanja/S2430/initialize?prefCd=03&kikanCd=03200453&kikanKbn=2", "url2": null, "内容": "神林医院【2:診療所】【診療科目:内科】岩手県釜石市甲子町１０地割４８３ー５" }, "geometry": { "type": "Point", "coordinates": [ 141.813255, 39.25544 ] } },
{ "type": "Feature", "properties": { "ID": 3203200459, "正式名称": "小泉医院", "機関区分": 2, "都道府県コード": 3, "市区町村コード": 211, "所在地": "岩手県釜石市中妻町３－６－６", "緯度": 39.268967, "経度": 141.85598, "url": "https://www.iryou.teikyouseido.mhlw.go.jp/znk-web/juminkanja/S2430/initialize?prefCd=03&kikanCd=03200459&kikanKbn=2", "url2": null, "内容": "小泉医院【2:診療所】【診療科目:内科_外科_こう門科】岩手県釜石市中妻町３－６－６" }, "geometry": { "type": "Point", "coordinates": [ 141.85598, 39.268967 ] } },
{ "type": "Feature", "properties": { "ID": 3203200460, "正式名称": "庄子医院", "機関区分": 2, "都道府県コード": 3, "市区町村コード": 211, "所在地": "岩手県釜石市只越町２－２－１０", "緯度": 39.274881, "経度": 141.883518, "url": "https://www.iryou.teikyouseido.mhlw.go.jp/znk-web/juminkanja/S2430/initialize?prefCd=03&kikanCd=03200460&kikanKbn=2", "url2": null, "内容": "庄子医院【2:診療所】【診療科目:内科_外科_小児科_産婦人科_産科_婦人科_皮膚科】岩手県釜石市只越町２－２－１０" }, "geometry": { "type": "Point", "coordinates": [ 141.883518, 39.274881 ] } },
{ "type": "Feature", "properties": { "ID": 3203200462, "正式名称": "小笠原内科クリニック", "機関区分": 2, "都道府県コード": 3, "市区町村コード": 211, "所在地": "岩手県釜石市上中島町３丁目２番２号", "緯度": 39.266064, "経度": 141.851428, "url": "https://www.iryou.teikyouseido.mhlw.go.jp/znk-web/juminkanja/S2430/initialize?prefCd=03&kikanCd=03200462&kikanKbn=2", "url2": null, "内容": "小笠原内科クリニック【2:診療所】【診療科目:内科_循環器内科、消化器内科、呼吸器内科】岩手県釜石市上中島町３丁目２番２号" }, "geometry": { "type": "Point", "coordinates": [ 141.851428, 39.266064 ] } },
{ "type": "Feature", "properties": { "ID": 3203200463, "正式名称": "医療法人堀医院　堀耳鼻咽喉科眼科医院", "機関区分": 2, "都道府県コード": 3, "市区町村コード": 211, "所在地": "岩手県釜石市只越町２ー５－２４", "緯度": 39.27451, "経度": 141.88494, "url": "https://www.iryou.teikyouseido.mhlw.go.jp/znk-web/juminkanja/S2430/initialize?prefCd=03&kikanCd=03200463&kikanKbn=2", "url2": "https://hori-iin.com/", "内容": "医療法人堀医院　堀耳鼻咽喉科眼科医院【2:診療所】【診療科目:眼科_耳鼻いんこう科】岩手県釜石市只越町２ー５－２４" }, "geometry": { "type": "Point", "coordinates": [ 141.88494, 39.27451 ] } },
{ "type": "Feature", "properties": { "ID": 3203200466, "正式名称": "川上医院", "機関区分": 2, "都道府県コード": 3, "市区町村コード": 208, "所在地": "岩手県遠野市穀町１ー２７", "緯度": 39.330184, "経度": 141.532379, "url": "https://www.iryou.teikyouseido.mhlw.go.jp/znk-web/juminkanja/S2430/initialize?prefCd=03&kikanCd=03200466&kikanKbn=2", "url2": null, "内容": "川上医院【2:診療所】【診療科目:内科_消化器内科】岩手県遠野市穀町１ー２７" }, "geometry": { "type": "Point", "coordinates": [ 141.532379, 39.330184 ] } },
{ "type": "Feature", "properties": { "ID": 3203200467, "正式名称": "時田医院", "機関区分": 2, "都道府県コード": 3, "市区町村コード": 208, "所在地": "岩手県遠野市新町５ー５", "緯度": 39.329803, "経度": 141.525573, "url": "https://www.iryou.teikyouseido.mhlw.go.jp/znk-web/juminkanja/S2430/initialize?prefCd=03&kikanCd=03200467&kikanKbn=2", "url2": null, "内容": "時田医院【2:診療所】【診療科目:外科_整形外科_泌尿器科】岩手県遠野市新町５ー５" }, "geometry": { "type": "Point", "coordinates": [ 141.525573, 39.329803 ] } },
{ "type": "Feature", "properties": { "ID": 3203200468, "正式名称": "医療法人　亮和会　菊池俊彦内科クリニック", "機関区分": 2, "都道府県コード": 3, "市区町村コード": 208, "所在地": "岩手県遠野市新穀町５番１９号", "緯度": 39.332725, "経度": 141.528877, "url": "https://www.iryou.teikyouseido.mhlw.go.jp/znk-web/juminkanja/S2430/initialize?prefCd=03&kikanCd=03200468&kikanKbn=2", "url2": "http://www7b.biglobe.ne.jp/~toshihikoclinic/", "内容": "医療法人　亮和会　菊池俊彦内科クリニック【2:診療所】【診療科目:内科_呼吸器内科_消化器内科】岩手県遠野市新穀町５番１９号" }, "geometry": { "type": "Point", "coordinates": [ 141.528877, 39.332725 ] } },
{ "type": "Feature", "properties": { "ID": 3203200469, "正式名称": "医療法人美敬会あいずみ内科医院", "機関区分": 2, "都道府県コード": 3, "市区町村コード": 208, "所在地": "岩手県遠野市新穀町３－１", "緯度": 39.331584, "経度": 141.530382, "url": "https://www.iryou.teikyouseido.mhlw.go.jp/znk-web/juminkanja/S2430/initialize?prefCd=03&kikanCd=03200469&kikanKbn=2", "url2": null, "内容": "医療法人美敬会あいずみ内科医院【2:診療所】【診療科目:内科_呼吸器内科_消化器内科_小児科_放射線科】岩手県遠野市新穀町３－１" }, "geometry": { "type": "Point", "coordinates": [ 141.530382, 39.331584 ] } },
{ "type": "Feature", "properties": { "ID": 3203200471, "正式名称": "遠野市国民健康保険小友診療所", "機関区分": 2, "都道府県コード": 3, "市区町村コード": 208, "所在地": "岩手県遠野市小友町１６－３１", "緯度": 39.269197, "経度": 141.42227, "url": "https://www.iryou.teikyouseido.mhlw.go.jp/znk-web/juminkanja/S2430/initialize?prefCd=03&kikanCd=03200471&kikanKbn=2", "url2": "http://www.city.tono.iwate.jp/", "内容": "遠野市国民健康保険小友診療所【2:診療所】【診療科目:内科】岩手県遠野市小友町１６－３１" }, "geometry": { "type": "Point", "coordinates": [ 141.42227, 39.269197 ] } },
{ "type": "Feature", "properties": { "ID": 3203200472, "正式名称": "遠野市国民健康保険中央診療所", "機関区分": 2, "都道府県コード": 3, "市区町村コード": 208, "所在地": "岩手県遠野市松崎町白岩薬研渕４ー１", "緯度": 39.342068, "経度": 141.54623, "url": "https://www.iryou.teikyouseido.mhlw.go.jp/znk-web/juminkanja/S2430/initialize?prefCd=03&kikanCd=03200472&kikanKbn=2", "url2": "http://www.city.tono.iwate.jp/", "内容": "遠野市国民健康保険中央診療所【2:診療所】【診療科目:内科】岩手県遠野市松崎町白岩薬研渕４ー１" }, "geometry": { "type": "Point", "coordinates": [ 141.54623, 39.342068 ] } },
{ "type": "Feature", "properties": { "ID": 3203200479, "正式名称": "植田医院", "機関区分": 2, "都道府県コード": 3, "市区町村コード": 461, "所在地": "岩手県上閉伊郡大槌町小鎚２３－２３－１", "緯度": 39.358462, "経度": 141.880982, "url": "https://www.iryou.teikyouseido.mhlw.go.jp/znk-web/juminkanja/S2430/initialize?prefCd=03&kikanCd=03200479&kikanKbn=2", "url2": null, "内容": "植田医院【2:診療所】【診療科目:内科_小児科】岩手県上閉伊郡大槌町小鎚２３－２３－１" }, "geometry": { "type": "Point", "coordinates": [ 141.880982, 39.358462 ] } },
{ "type": "Feature", "properties": { "ID": 3203200481, "正式名称": "藤井小児科内科クリニック", "機関区分": 2, "都道府県コード": 3, "市区町村コード": 461, "所在地": "岩手県上閉伊郡大槌町小鎚２７ー３ー４　シーサイドタウンマスト２階", "緯度": 39.354313, "経度": 141.894343, "url": "https://www.iryou.teikyouseido.mhlw.go.jp/znk-web/juminkanja/S2430/initialize?prefCd=03&kikanCd=03200481&kikanKbn=2", "url2": null, "内容": "藤井小児科内科クリニック【2:診療所】【診療科目:内科_小児科_耳鼻いんこう科_皮膚科】岩手県上閉伊郡大槌町小鎚２７ー３ー４　シーサイドタウンマスト２階" }, "geometry": { "type": "Point", "coordinates": [ 141.894343, 39.354313 ] } },
{ "type": "Feature", "properties": { "ID": 3203200482, "正式名称": "道又内科小児科医院", "機関区分": 2, "都道府県コード": 3, "市区町村コード": 461, "所在地": "岩手県上閉伊郡大槌町大槌１５－９５－２５５", "緯度": 39.370401, "経度": 141.894613, "url": "https://www.iryou.teikyouseido.mhlw.go.jp/znk-web/juminkanja/S2430/initialize?prefCd=03&kikanCd=03200482&kikanKbn=2", "url2": null, "内容": "道又内科小児科医院【2:診療所】【診療科目:内科_循環器科、胃腸科、消化器科、呼吸器科_小児科】岩手県上閉伊郡大槌町大槌１５－９５－２５５" }, "geometry": { "type": "Point", "coordinates": [ 141.894613, 39.370401 ] } },
{ "type": "Feature", "properties": { "ID": 3203200485, "正式名称": "鱒沢診療所", "機関区分": 2, "都道府県コード": 3, "市区町村コード": 208, "所在地": "岩手県遠野市宮守町下鱒沢３４地割８ー５", "緯度": 39.298791, "経度": 141.403669, "url": "https://www.iryou.teikyouseido.mhlw.go.jp/znk-web/juminkanja/S2430/initialize?prefCd=03&kikanCd=03200485&kikanKbn=2", "url2": null, "内容": "鱒沢診療所【2:診療所】【診療科目:内科_小児科】岩手県遠野市宮守町下鱒沢３４地割８ー５" }, "geometry": { "type": "Point", "coordinates": [ 141.403669, 39.298791 ] } },
{ "type": "Feature", "properties": { "ID": 3203200486, "正式名称": "柏原医院", "機関区分": 2, "都道府県コード": 3, "市区町村コード": 208, "所在地": "岩手県遠野市宮守町下宮守２８ー７５", "緯度": 39.346732, "経度": 141.357435, "url": "https://www.iryou.teikyouseido.mhlw.go.jp/znk-web/juminkanja/S2430/initialize?prefCd=03&kikanCd=03200486&kikanKbn=2", "url2": null, "内容": "柏原医院【2:診療所】【診療科目:内科_小児科】岩手県遠野市宮守町下宮守２８ー７５" }, "geometry": { "type": "Point", "coordinates": [ 141.357435, 39.346732 ] } },
{ "type": "Feature", "properties": { "ID": 3203200490, "正式名称": "関根内科小児科医院", "機関区分": 2, "都道府県コード": 3, "市区町村コード": 202, "所在地": "岩手県宮古市大通４丁目２番２１号", "緯度": 39.6410678, "経度": 141.9500171, "url": "https://www.iryou.teikyouseido.mhlw.go.jp/znk-web/juminkanja/S2430/initialize?prefCd=03&kikanCd=03200490&kikanKbn=2", "url2": null, "内容": "関根内科小児科医院【2:診療所】【診療科目:内科_小児科】岩手県宮古市大通４丁目２番２１号" }, "geometry": { "type": "Point", "coordinates": [ 141.9500171, 39.6410678 ] } },
{ "type": "Feature", "properties": { "ID": 3203200494, "正式名称": "金沢内科医院", "機関区分": 2, "都道府県コード": 3, "市区町村コード": 202, "所在地": "岩手県宮古市磯鶏沖１５番２０号", "緯度": 39.627144, "経度": 141.960407, "url": "https://www.iryou.teikyouseido.mhlw.go.jp/znk-web/juminkanja/S2430/initialize?prefCd=03&kikanCd=03200494&kikanKbn=2", "url2": null, "内容": "金沢内科医院【2:診療所】【診療科目:循環器内科_消化器内科】岩手県宮古市磯鶏沖１５番２０号" }, "geometry": { "type": "Point", "coordinates": [ 141.960407, 39.627144 ] } },
{ "type": "Feature", "properties": { "ID": 3203200496, "正式名称": "医療法人　豊島医院", "機関区分": 2, "都道府県コード": 3, "市区町村コード": 202, "所在地": "岩手県宮古市和見町８番３０号", "緯度": 39.644688, "経度": 141.946248, "url": "https://www.iryou.teikyouseido.mhlw.go.jp/znk-web/juminkanja/S2430/initialize?prefCd=03&kikanCd=03200496&kikanKbn=2", "url2": null, "内容": "医療法人　豊島医院【2:診療所】【診療科目:外科_小児科】岩手県宮古市和見町８番３０号" }, "geometry": { "type": "Point", "coordinates": [ 141.946248, 39.644688 ] } },
{ "type": "Feature", "properties": { "ID": 3203200499, "正式名称": "宮古市休日急患診療所", "機関区分": 2, "都道府県コード": 3, "市区町村コード": 202, "所在地": "岩手県宮古市西町一丁目６番２号", "緯度": 39.645707, "経度": 141.944209, "url": "https://www.iryou.teikyouseido.mhlw.go.jp/znk-web/juminkanja/S2430/initialize?prefCd=03&kikanCd=03200499&kikanKbn=2", "url2": null, "内容": "宮古市休日急患診療所【2:診療所】【診療科目:内科_外科】岩手県宮古市西町一丁目６番２号" }, "geometry": { "type": "Point", "coordinates": [ 141.944209, 39.645707 ] } },
{ "type": "Feature", "properties": { "ID": 3203200503, "正式名称": "小瀬川皮膚科医院", "機関区分": 2, "都道府県コード": 3, "市区町村コード": 205, "所在地": "岩手県花巻市大通り一丁目１６ー２８", "緯度": 39.390218, "経度": 141.114254, "url": "https://www.iryou.teikyouseido.mhlw.go.jp/znk-web/juminkanja/S2430/initialize?prefCd=03&kikanCd=03200503&kikanKbn=2", "url2": "http://www.kosegawa-dermatologist-academy", "内容": "小瀬川皮膚科医院【2:診療所】【診療科目:皮膚科】岩手県花巻市大通り一丁目１６ー２８" }, "geometry": { "type": "Point", "coordinates": [ 141.114254, 39.390218 ] } },
{ "type": "Feature", "properties": { "ID": 3203200504, "正式名称": "医療法人恭栄会　織笠内科医院", "機関区分": 2, "都道府県コード": 3, "市区町村コード": 205, "所在地": "岩手県花巻市東和町土沢８区３３２番地", "緯度": 39.385461, "経度": 141.230241, "url": "https://www.iryou.teikyouseido.mhlw.go.jp/znk-web/juminkanja/S2430/initialize?prefCd=03&kikanCd=03200504&kikanKbn=2", "url2": null, "内容": "医療法人恭栄会　織笠内科医院【2:診療所】【診療科目:内科_小児科_リハビリテーション科】岩手県花巻市東和町土沢８区３３２番地" }, "geometry": { "type": "Point", "coordinates": [ 141.230241, 39.385461 ] } },
{ "type": "Feature", "properties": { "ID": 3203200508, "正式名称": "ゆうきクリニック", "機関区分": 2, "都道府県コード": 3, "市区町村コード": 205, "所在地": "岩手県花巻市星が丘二丁目２６番１号", "緯度": 39.405293, "経度": 141.104842, "url": "https://www.iryou.teikyouseido.mhlw.go.jp/znk-web/juminkanja/S2430/initialize?prefCd=03&kikanCd=03200508&kikanKbn=2", "url2": null, "内容": "ゆうきクリニック【2:診療所】【診療科目:内科_神経内科_心療内科_アレルギー科】岩手県花巻市星が丘二丁目２６番１号" }, "geometry": { "type": "Point", "coordinates": [ 141.104842, 39.405293 ] } },
{ "type": "Feature", "properties": { "ID": 3203200509, "正式名称": "医療法人愛心会　ＫＵＢＯクリニック", "機関区分": 2, "都道府県コード": 3, "市区町村コード": 205, "所在地": "岩手県花巻市御田屋町１ー６９", "緯度": 39.387502, "経度": 141.122269, "url": "https://www.iryou.teikyouseido.mhlw.go.jp/znk-web/juminkanja/S2430/initialize?prefCd=03&kikanCd=03200509&kikanKbn=2", "url2": null, "内容": "医療法人愛心会　ＫＵＢＯクリニック【2:診療所】【診療科目:産婦人科_婦人科】岩手県花巻市御田屋町１ー６９" }, "geometry": { "type": "Point", "coordinates": [ 141.122269, 39.387502 ] } },
{ "type": "Feature", "properties": { "ID": 3203200511, "正式名称": "医療法人新輝会　循環器科・内科　大平医院", "機関区分": 2, "都道府県コード": 3, "市区町村コード": 205, "所在地": "岩手県花巻市鍛治町７ー１２", "緯度": 39.384056, "経度": 141.111285, "url": "https://www.iryou.teikyouseido.mhlw.go.jp/znk-web/juminkanja/S2430/initialize?prefCd=03&kikanCd=03200511&kikanKbn=2", "url2": "https://www.junkankika-naikaoohira.com/", "内容": "医療法人新輝会　循環器科・内科　大平医院【2:診療所】【診療科目:内科_循環器内科】岩手県花巻市鍛治町７ー１２" }, "geometry": { "type": "Point", "coordinates": [ 141.111285, 39.384056 ] } },
{ "type": "Feature", "properties": { "ID": 3203200513, "正式名称": "医療法人　いしどりや眼科", "機関区分": 2, "都道府県コード": 3, "市区町村コード": 205, "所在地": "岩手県花巻市石鳥谷町好地６－１", "緯度": 39.490629, "経度": 141.149936, "url": "https://www.iryou.teikyouseido.mhlw.go.jp/znk-web/juminkanja/S2430/initialize?prefCd=03&kikanCd=03200513&kikanKbn=2", "url2": "https://www.ishidoriya-ganka.jp/", "内容": "医療法人　いしどりや眼科【2:診療所】【診療科目:眼科】岩手県花巻市石鳥谷町好地６－１" }, "geometry": { "type": "Point", "coordinates": [ 141.149936, 39.490629 ] } },
{ "type": "Feature", "properties": { "ID": 3203200514, "正式名称": "医療法人工藤医院", "機関区分": 2, "都道府県コード": 3, "市区町村コード": 205, "所在地": "岩手県花巻市一日市２ー２７", "緯度": 39.393189, "経度": 141.116246, "url": "https://www.iryou.teikyouseido.mhlw.go.jp/znk-web/juminkanja/S2430/initialize?prefCd=03&kikanCd=03200514&kikanKbn=2", "url2": "http://kudoclinic.com", "内容": "医療法人工藤医院【2:診療所】【診療科目:産婦人科】岩手県花巻市一日市２ー２７" }, "geometry": { "type": "Point", "coordinates": [ 141.116246, 39.393189 ] } },
{ "type": "Feature", "properties": { "ID": 3203200515, "正式名称": "社団医療法人ひとみ会　花巻中央眼科", "機関区分": 2, "都道府県コード": 3, "市区町村コード": 205, "所在地": "岩手県花巻市西大通り２ー１ー１０", "緯度": 39.392463, "経度": 141.105317, "url": "https://www.iryou.teikyouseido.mhlw.go.jp/znk-web/juminkanja/S2430/initialize?prefCd=03&kikanCd=03200515&kikanKbn=2", "url2": "http://www2.ocn.ne.jp/~hanamaki/", "内容": "社団医療法人ひとみ会　花巻中央眼科【2:診療所】【診療科目:眼科】岩手県花巻市西大通り２ー１ー１０" }, "geometry": { "type": "Point", "coordinates": [ 141.105317, 39.392463 ] } },
{ "type": "Feature", "properties": { "ID": 3203200517, "正式名称": "社団医療法人　川嶋小児科医院　川嶋医院", "機関区分": 2, "都道府県コード": 3, "市区町村コード": 205, "所在地": "岩手県花巻市鍛治町１２－５", "緯度": 39.386209, "経度": 141.111936, "url": "https://www.iryou.teikyouseido.mhlw.go.jp/znk-web/juminkanja/S2430/initialize?prefCd=03&kikanCd=03200517&kikanKbn=2", "url2": null, "内容": "社団医療法人　川嶋小児科医院　川嶋医院【2:診療所】【診療科目:内科_小児科】岩手県花巻市鍛治町１２－５" }, "geometry": { "type": "Point", "coordinates": [ 141.111936, 39.386209 ] } },
{ "type": "Feature", "properties": { "ID": 3203200518, "正式名称": "三浦医院", "機関区分": 2, "都道府県コード": 3, "市区町村コード": 205, "所在地": "岩手県花巻市若葉町２ー５ー２１", "緯度": 39.387079, "経度": 141.106661, "url": "https://www.iryou.teikyouseido.mhlw.go.jp/znk-web/juminkanja/S2430/initialize?prefCd=03&kikanCd=03200518&kikanKbn=2", "url2": "https://miuraiin-hanamaki.com", "内容": "三浦医院【2:診療所】【診療科目:整形外科_形成外科_皮膚科】岩手県花巻市若葉町２ー５ー２１" }, "geometry": { "type": "Point", "coordinates": [ 141.106661, 39.387079 ] } },
{ "type": "Feature", "properties": { "ID": 3203200519, "正式名称": "照井内科消化器科医院", "機関区分": 2, "都道府県コード": 3, "市区町村コード": 205, "所在地": "岩手県花巻市四日町三丁目５－８", "緯度": 39.401837, "経度": 141.117551, "url": "https://www.iryou.teikyouseido.mhlw.go.jp/znk-web/juminkanja/S2430/initialize?prefCd=03&kikanCd=03200519&kikanKbn=2", "url2": "https://www.teruicln.jp/home", "内容": "照井内科消化器科医院【2:診療所】【診療科目:内科_消化器内科_循環器科、呼吸器科、糖尿病】岩手県花巻市四日町三丁目５－８" }, "geometry": { "type": "Point", "coordinates": [ 141.117551, 39.401837 ] } },
{ "type": "Feature", "properties": { "ID": 3203200520, "正式名称": "ささき眼科", "機関区分": 2, "都道府県コード": 3, "市区町村コード": 205, "所在地": "岩手県花巻市桜台２ー１３ー４", "緯度": 39.399343, "経度": 141.102518, "url": "https://www.iryou.teikyouseido.mhlw.go.jp/znk-web/juminkanja/S2430/initialize?prefCd=03&kikanCd=03200520&kikanKbn=2", "url2": "http://www.sasaki-eyeclinic.com/", "内容": "ささき眼科【2:診療所】【診療科目:眼科】岩手県花巻市桜台２ー１３ー４" }, "geometry": { "type": "Point", "coordinates": [ 141.102518, 39.399343 ] } },
{ "type": "Feature", "properties": { "ID": 3203200523, "正式名称": "まきた内科ハートクリニック", "機関区分": 2, "都道府県コード": 3, "市区町村コード": 205, "所在地": "岩手県花巻市西大通り２丁目１１番８号", "緯度": 39.392772, "経度": 141.102449, "url": "https://www.iryou.teikyouseido.mhlw.go.jp/znk-web/juminkanja/S2430/initialize?prefCd=03&kikanCd=03200523&kikanKbn=2", "url2": "https://makitaheart.sakura.ne.jp", "内容": "まきた内科ハートクリニック【2:診療所】【診療科目:内科_呼吸器内科_循環器内科】岩手県花巻市西大通り２丁目１１番８号" }, "geometry": { "type": "Point", "coordinates": [ 141.102449, 39.392772 ] } },
{ "type": "Feature", "properties": { "ID": 3203200528, "正式名称": "高木丘クリニック", "機関区分": 2, "都道府県コード": 3, "市区町村コード": 205, "所在地": "岩手県花巻市高木１８ー６１ー２", "緯度": 39.384875, "経度": 141.138333, "url": "https://www.iryou.teikyouseido.mhlw.go.jp/znk-web/juminkanja/S2430/initialize?prefCd=03&kikanCd=03200528&kikanKbn=2", "url2": null, "内容": "高木丘クリニック【2:診療所】【診療科目:内科_循環器内科_消化器内科_外科_心臓血管外科_肛門外科】岩手県花巻市高木１８ー６１ー２" }, "geometry": { "type": "Point", "coordinates": [ 141.138333, 39.384875 ] } },
{ "type": "Feature", "properties": { "ID": 3203200529, "正式名称": "医療法人社団　白井眼科クリニック", "機関区分": 2, "都道府県コード": 3, "市区町村コード": 205, "所在地": "岩手県花巻市材木町６ー３", "緯度": 39.387191, "経度": 141.110636, "url": "https://www.iryou.teikyouseido.mhlw.go.jp/znk-web/juminkanja/S2430/initialize?prefCd=03&kikanCd=03200529&kikanKbn=2", "url2": "http://www.shiraiganka.dr-clinic.jp", "内容": "医療法人社団　白井眼科クリニック【2:診療所】【診療科目:眼科】岩手県花巻市材木町６ー３" }, "geometry": { "type": "Point", "coordinates": [ 141.110636, 39.387191 ] } },
{ "type": "Feature", "properties": { "ID": 3203200533, "正式名称": "熊谷内科胃腸科医院", "機関区分": 2, "都道府県コード": 3, "市区町村コード": 205, "所在地": "岩手県花巻市若葉町３ー１ー７", "緯度": 39.386369, "経度": 141.106977, "url": "https://www.iryou.teikyouseido.mhlw.go.jp/znk-web/juminkanja/S2430/initialize?prefCd=03&kikanCd=03200533&kikanKbn=2", "url2": null, "内容": "熊谷内科胃腸科医院【2:診療所】【診療科目:内科_呼吸器内科_循環器内科_消化器内科】岩手県花巻市若葉町３ー１ー７" }, "geometry": { "type": "Point", "coordinates": [ 141.106977, 39.386369 ] } },
{ "type": "Feature", "properties": { "ID": 3203200535, "正式名称": "はじめこどもクリニック", "機関区分": 2, "都道府県コード": 3, "市区町村コード": 205, "所在地": "岩手県花巻市若葉町１ー２ー３３", "緯度": 39.390098, "経度": 141.105609, "url": "https://www.iryou.teikyouseido.mhlw.go.jp/znk-web/juminkanja/S2430/initialize?prefCd=03&kikanCd=03200535&kikanKbn=2", "url2": "https://www.hajimekodomo.jp", "内容": "はじめこどもクリニック【2:診療所】【診療科目:小児科_アレルギー科】岩手県花巻市若葉町１ー２ー３３" }, "geometry": { "type": "Point", "coordinates": [ 141.105609, 39.390098 ] } },
{ "type": "Feature", "properties": { "ID": 3203200540, "正式名称": "医療法人はるひこ会　すがさわ外科内科クリニック", "機関区分": 2, "都道府県コード": 3, "市区町村コード": 205, "所在地": "岩手県花巻市二枚橋第６地割４４０番地１", "緯度": 39.435274, "経度": 141.130834, "url": "https://www.iryou.teikyouseido.mhlw.go.jp/znk-web/juminkanja/S2430/initialize?prefCd=03&kikanCd=03200540&kikanKbn=2", "url2": null, "内容": "医療法人はるひこ会　すがさわ外科内科クリニック【2:診療所】【診療科目:内科_消化器科、呼吸器科_外科_皮膚科_アレルギー科_リハビリテーション科_麻酔科】岩手県花巻市二枚橋第６地割４４０番地１" }, "geometry": { "type": "Point", "coordinates": [ 141.130834, 39.435274 ] } },
{ "type": "Feature", "properties": { "ID": 3203200541, "正式名称": "藤巻胃腸科内科クリニック", "機関区分": 2, "都道府県コード": 3, "市区町村コード": 205, "所在地": "岩手県花巻市高木１５－１６－１", "緯度": 39.383457, "経度": 141.143332, "url": "https://www.iryou.teikyouseido.mhlw.go.jp/znk-web/juminkanja/S2430/initialize?prefCd=03&kikanCd=03200541&kikanKbn=2", "url2": "http://www.michinoku.ne.jp/~efuji/", "内容": "藤巻胃腸科内科クリニック【2:診療所】【診療科目:内科_胃腸内科】岩手県花巻市高木１５－１６－１" }, "geometry": { "type": "Point", "coordinates": [ 141.143332, 39.383457 ] } },
{ "type": "Feature", "properties": { "ID": 3203200542, "正式名称": "医療法人　こたろう会　西大通り耳鼻咽喉科医院", "機関区分": 2, "都道府県コード": 3, "市区町村コード": 205, "所在地": "岩手県花巻市西大通り", "緯度": 39.394982, "経度": 141.109023, "url": "https://www.iryou.teikyouseido.mhlw.go.jp/znk-web/juminkanja/S2430/initialize?prefCd=03&kikanCd=03200542&kikanKbn=2", "url2": "https://www.nishiodori-ent.com/", "内容": "医療法人　こたろう会　西大通り耳鼻咽喉科医院【2:診療所】【診療科目:耳鼻いんこう科】岩手県花巻市西大通り" }, "geometry": { "type": "Point", "coordinates": [ 141.109023, 39.394982 ] } },
{ "type": "Feature", "properties": { "ID": 3203200543, "正式名称": "医療法人温心会　さいき整形外科医院", "機関区分": 2, "都道府県コード": 3, "市区町村コード": 205, "所在地": "岩手県花巻市星が丘２丁目１６ー８", "緯度": 39.405772, "経度": 141.10755, "url": "https://www.iryou.teikyouseido.mhlw.go.jp/znk-web/juminkanja/S2430/initialize?prefCd=03&kikanCd=03200543&kikanKbn=2", "url2": null, "内容": "医療法人温心会　さいき整形外科医院【2:診療所】【診療科目:整形外科_形成外科_リハビリテーション科】岩手県花巻市星が丘２丁目１６ー８" }, "geometry": { "type": "Point", "coordinates": [ 141.10755, 39.405772 ] } },
{ "type": "Feature", "properties": { "ID": 3203200547, "正式名称": "髙山整形外科クリニック", "機関区分": 2, "都道府県コード": 3, "市区町村コード": 205, "所在地": "岩手県花巻市下小舟渡５５－１０", "緯度": 39.393204, "経度": 141.120998, "url": "https://www.iryou.teikyouseido.mhlw.go.jp/znk-web/juminkanja/S2430/initialize?prefCd=03&kikanCd=03200547&kikanKbn=2", "url2": null, "内容": "髙山整形外科クリニック【2:診療所】【診療科目:整形外科_リウマチ科】岩手県花巻市下小舟渡５５－１０" }, "geometry": { "type": "Point", "coordinates": [ 141.120998, 39.393204 ] } },
{ "type": "Feature", "properties": { "ID": 3203200550, "正式名称": "医療法人　小原クリニック", "機関区分": 2, "都道府県コード": 3, "市区町村コード": 205, "所在地": "岩手県花巻市西大通り二丁目２２ー１５", "緯度": 39.395347, "経度": 141.103319, "url": "https://www.iryou.teikyouseido.mhlw.go.jp/znk-web/juminkanja/S2430/initialize?prefCd=03&kikanCd=03200550&kikanKbn=2", "url2": null, "内容": "医療法人　小原クリニック【2:診療所】【診療科目:内科_泌尿器科】岩手県花巻市西大通り二丁目２２ー１５" }, "geometry": { "type": "Point", "coordinates": [ 141.103319, 39.395347 ] } },
{ "type": "Feature", "properties": { "ID": 3203200552, "正式名称": "大久保・熊坂内科医院", "機関区分": 2, "都道府県コード": 3, "市区町村コード": 202, "所在地": "岩手県宮古市和見町１０番３１号", "緯度": 39.644183, "経度": 141.944329, "url": "https://www.iryou.teikyouseido.mhlw.go.jp/znk-web/juminkanja/S2430/initialize?prefCd=03&kikanCd=03200552&kikanKbn=2", "url2": "http://www.echna.ne.jp", "内容": "大久保・熊坂内科医院【2:診療所】【診療科目:内科_糖尿病内科_糖尿病・内分泌内科_糖尿病・代謝内科】岩手県宮古市和見町１０番３１号" }, "geometry": { "type": "Point", "coordinates": [ 141.944329, 39.644183 ] } },
{ "type": "Feature", "properties": { "ID": 3203200553, "正式名称": "川原田小児科医院", "機関区分": 2, "都道府県コード": 3, "市区町村コード": 202, "所在地": "岩手県宮古市小山田二丁目７番７２号", "緯度": 39.6333, "経度": 141.940484, "url": "https://www.iryou.teikyouseido.mhlw.go.jp/znk-web/juminkanja/S2430/initialize?prefCd=03&kikanCd=03200553&kikanKbn=2", "url2": "https://kawarata-ped.com", "内容": "川原田小児科医院【2:診療所】【診療科目:内科_小児科_アレルギー科】岩手県宮古市小山田二丁目７番７２号" }, "geometry": { "type": "Point", "coordinates": [ 141.940484, 39.6333 ] } },
{ "type": "Feature", "properties": { "ID": 3203200554, "正式名称": "岩間耳鼻咽喉科医院", "機関区分": 2, "都道府県コード": 3, "市区町村コード": 202, "所在地": "岩手県宮古市西町二丁目２番３号", "緯度": 39.646847, "経度": 141.943426, "url": "https://www.iryou.teikyouseido.mhlw.go.jp/znk-web/juminkanja/S2430/initialize?prefCd=03&kikanCd=03200554&kikanKbn=2", "url2": null, "内容": "岩間耳鼻咽喉科医院【2:診療所】【診療科目:耳鼻いんこう科】岩手県宮古市西町二丁目２番３号" }, "geometry": { "type": "Point", "coordinates": [ 141.943426, 39.646847 ] } },
{ "type": "Feature", "properties": { "ID": 3203200556, "正式名称": "林整形外科・内科医院", "機関区分": 2, "都道府県コード": 3, "市区町村コード": 202, "所在地": "岩手県宮古市西町３丁目３番７号", "緯度": 39.647036, "経度": 141.941609, "url": "https://www.iryou.teikyouseido.mhlw.go.jp/znk-web/juminkanja/S2430/initialize?prefCd=03&kikanCd=03200556&kikanKbn=2", "url2": null, "内容": "林整形外科・内科医院【2:診療所】【診療科目:内科_消化器内科_整形外科_リハビリテーション科】岩手県宮古市西町３丁目３番７号" }, "geometry": { "type": "Point", "coordinates": [ 141.941609, 39.647036 ] } },
{ "type": "Feature", "properties": { "ID": 3203200557, "正式名称": "松井内科医院", "機関区分": 2, "都道府県コード": 3, "市区町村コード": 202, "所在地": "岩手県宮古市新町４－３１", "緯度": 39.643535, "経度": 141.952493, "url": "https://www.iryou.teikyouseido.mhlw.go.jp/znk-web/juminkanja/S2430/initialize?prefCd=03&kikanCd=03200557&kikanKbn=2", "url2": null, "内容": "松井内科医院【2:診療所】【診療科目:内科】岩手県宮古市新町４－３１" }, "geometry": { "type": "Point", "coordinates": [ 141.952493, 39.643535 ] } },
{ "type": "Feature", "properties": { "ID": 3203200559, "正式名称": "さかもと眼科クリニック", "機関区分": 2, "都道府県コード": 3, "市区町村コード": 202, "所在地": "岩手県宮古市向町４番４１号", "緯度": 39.640796, "経度": 141.954548, "url": "https://www.iryou.teikyouseido.mhlw.go.jp/znk-web/juminkanja/S2430/initialize?prefCd=03&kikanCd=03200559&kikanKbn=2", "url2": null, "内容": "さかもと眼科クリニック【2:診療所】【診療科目:眼科】岩手県宮古市向町４番４１号" }, "geometry": { "type": "Point", "coordinates": [ 141.954548, 39.640796 ] } },
{ "type": "Feature", "properties": { "ID": 3203200560, "正式名称": "石川内科循環器クリニック", "機関区分": 2, "都道府県コード": 3, "市区町村コード": 215, "所在地": "岩手県奥州市水沢中田町４番４７号", "緯度": 39.132998, "経度": 141.150709, "url": "https://www.iryou.teikyouseido.mhlw.go.jp/znk-web/juminkanja/S2430/initialize?prefCd=03&kikanCd=03200560&kikanKbn=2", "url2": "https://ishikawa-naika-junkanki-clinic.com", "内容": "石川内科循環器クリニック【2:診療所】【診療科目:内科_循環器内科】岩手県奥州市水沢中田町４番４７号" }, "geometry": { "type": "Point", "coordinates": [ 141.150709, 39.132998 ] } },
{ "type": "Feature", "properties": { "ID": 3203200561, "正式名称": "さとう内科クリニック", "機関区分": 2, "都道府県コード": 3, "市区町村コード": 215, "所在地": "岩手県奥州市水沢桜屋敷２５１", "緯度": 39.12446, "経度": 141.128607, "url": "https://www.iryou.teikyouseido.mhlw.go.jp/znk-web/juminkanja/S2430/initialize?prefCd=03&kikanCd=03200561&kikanKbn=2", "url2": null, "内容": "さとう内科クリニック【2:診療所】【診療科目:内科_内科】岩手県奥州市水沢桜屋敷２５１" }, "geometry": { "type": "Point", "coordinates": [ 141.128607, 39.12446 ] } },
{ "type": "Feature", "properties": { "ID": 3203200562, "正式名称": "井筒医院", "機関区分": 2, "都道府県コード": 3, "市区町村コード": 215, "所在地": "岩手県奥州市水沢羽田町字久保５番地", "緯度": 39.126708, "経度": 141.186285, "url": "https://www.iryou.teikyouseido.mhlw.go.jp/znk-web/juminkanja/S2430/initialize?prefCd=03&kikanCd=03200562&kikanKbn=2", "url2": null, "内容": "井筒医院【2:診療所】【診療科目:内科_外科】岩手県奥州市水沢羽田町字久保５番地" }, "geometry": { "type": "Point", "coordinates": [ 141.186285, 39.126708 ] } },
{ "type": "Feature", "properties": { "ID": 3203200564, "正式名称": "玉澤リハビリ整形外科", "機関区分": 2, "都道府県コード": 3, "市区町村コード": 215, "所在地": "岩手県奥州市江刺岩谷堂字二本木７１番地１", "緯度": 39.189354, "経度": 141.16888, "url": "https://www.iryou.teikyouseido.mhlw.go.jp/znk-web/juminkanja/S2430/initialize?prefCd=03&kikanCd=03200564&kikanKbn=2", "url2": "htt://www7.ocn.ne.jp/~tamareha/pc0.html", "内容": "玉澤リハビリ整形外科【2:診療所】【診療科目:内科_消化器科_外科_整形外科_リウマチ科_リハビリテーション科】岩手県奥州市江刺岩谷堂字二本木７１番地１" }, "geometry": { "type": "Point", "coordinates": [ 141.16888, 39.189354 ] } },
{ "type": "Feature", "properties": { "ID": 3203200565, "正式名称": "ひらた外科内科クリニック", "機関区分": 2, "都道府県コード": 3, "市区町村コード": 215, "所在地": "岩手県奥州市江刺愛宕字観音堂沖４０６番地６", "緯度": 39.181422, "経度": 141.16729, "url": "https://www.iryou.teikyouseido.mhlw.go.jp/znk-web/juminkanja/S2430/initialize?prefCd=03&kikanCd=03200565&kikanKbn=2", "url2": null, "内容": "ひらた外科内科クリニック【2:診療所】【診療科目:内科_外科_肛門外科_整形外科_皮膚科_麻酔科】岩手県奥州市江刺愛宕字観音堂沖４０６番地６" }, "geometry": { "type": "Point", "coordinates": [ 141.16729, 39.181422 ] } },
{ "type": "Feature", "properties": { "ID": 3203200568, "正式名称": "関谷医院", "機関区分": 2, "都道府県コード": 3, "市区町村コード": 215, "所在地": "岩手県奥州市江刺大通り５番２０号", "緯度": 39.192106, "経度": 141.176421, "url": "https://www.iryou.teikyouseido.mhlw.go.jp/znk-web/juminkanja/S2430/initialize?prefCd=03&kikanCd=03200568&kikanKbn=2", "url2": null, "内容": "関谷医院【2:診療所】【診療科目:内科_リハビリテーション科_放射線科】岩手県奥州市江刺大通り５番２０号" }, "geometry": { "type": "Point", "coordinates": [ 141.176421, 39.192106 ] } },
{ "type": "Feature", "properties": { "ID": 3203200570, "正式名称": "谷口耳鼻咽喉科医院", "機関区分": 2, "都道府県コード": 3, "市区町村コード": 215, "所在地": "岩手県奥州市江刺大通り５番２２号", "緯度": 39.191853, "経度": 141.176386, "url": "https://www.iryou.teikyouseido.mhlw.go.jp/znk-web/juminkanja/S2430/initialize?prefCd=03&kikanCd=03200570&kikanKbn=2", "url2": null, "内容": "谷口耳鼻咽喉科医院【2:診療所】【診療科目:耳鼻いんこう科_アレルギー科】岩手県奥州市江刺大通り５番２２号" }, "geometry": { "type": "Point", "coordinates": [ 141.176386, 39.191853 ] } },
{ "type": "Feature", "properties": { "ID": 3203200571, "正式名称": "伊藤内科医院", "機関区分": 2, "都道府県コード": 3, "市区町村コード": 215, "所在地": "岩手県奥州市江刺川原町３番１２号", "緯度": 39.189625, "経度": 141.18007, "url": "https://www.iryou.teikyouseido.mhlw.go.jp/znk-web/juminkanja/S2430/initialize?prefCd=03&kikanCd=03200571&kikanKbn=2", "url2": null, "内容": "伊藤内科医院【2:診療所】【診療科目:内科】岩手県奥州市江刺川原町３番１２号" }, "geometry": { "type": "Point", "coordinates": [ 141.18007, 39.189625 ] } },
{ "type": "Feature", "properties": { "ID": 3203200573, "正式名称": "奥州市国民健康保険直営診療所", "機関区分": 2, "都道府県コード": 3, "市区町村コード": 215, "所在地": "岩手県奥州市江刺米里字八幡７２－１", "緯度": 39.233329, "経度": 141.309864, "url": "https://www.iryou.teikyouseido.mhlw.go.jp/znk-web/juminkanja/S2430/initialize?prefCd=03&kikanCd=03200573&kikanKbn=2", "url2": null, "内容": "奥州市国民健康保険直営診療所【2:診療所】【診療科目:内科】岩手県奥州市江刺米里字八幡７２－１" }, "geometry": { "type": "Point", "coordinates": [ 141.309864, 39.233329 ] } },
{ "type": "Feature", "properties": { "ID": 3203200576, "正式名称": "すずめ眼科江刺", "機関区分": 2, "都道府県コード": 3, "市区町村コード": 215, "所在地": "岩手県奥州市江刺西大通り１０番７号", "緯度": 39.194139, "経度": 141.171281, "url": "https://www.iryou.teikyouseido.mhlw.go.jp/znk-web/juminkanja/S2430/initialize?prefCd=03&kikanCd=03200576&kikanKbn=2", "url2": null, "内容": "すずめ眼科江刺【2:診療所】【診療科目:眼科】岩手県奥州市江刺西大通り１０番７号" }, "geometry": { "type": "Point", "coordinates": [ 141.171281, 39.194139 ] } },
{ "type": "Feature", "properties": { "ID": 3203200577, "正式名称": "菊地内科胃腸科こどもクリニック", "機関区分": 2, "都道府県コード": 3, "市区町村コード": 215, "所在地": "岩手県奥州市江刺豊田町二丁目１番１号", "緯度": 39.185871, "経度": 141.178486, "url": "https://www.iryou.teikyouseido.mhlw.go.jp/znk-web/juminkanja/S2430/initialize?prefCd=03&kikanCd=03200577&kikanKbn=2", "url2": null, "内容": "菊地内科胃腸科こどもクリニック【2:診療所】【診療科目:内科_胃腸科、消化器科_小児科】岩手県奥州市江刺豊田町二丁目１番１号" }, "geometry": { "type": "Point", "coordinates": [ 141.178486, 39.185871 ] } },
{ "type": "Feature", "properties": { "ID": 3203200578, "正式名称": "たかはし内科医院", "機関区分": 2, "都道府県コード": 3, "市区町村コード": 215, "所在地": "岩手県奥州市江刺大通り１番３０号", "緯度": 39.189405, "経度": 141.174484, "url": "https://www.iryou.teikyouseido.mhlw.go.jp/znk-web/juminkanja/S2430/initialize?prefCd=03&kikanCd=03200578&kikanKbn=2", "url2": null, "内容": "たかはし内科医院【2:診療所】【診療科目:内科_皮膚科_リハビリテーション科】岩手県奥州市江刺大通り１番３０号" }, "geometry": { "type": "Point", "coordinates": [ 141.174484, 39.189405 ] } },
{ "type": "Feature", "properties": { "ID": 3203200579, "正式名称": "奥州市国民健康保険衣川診療所", "機関区分": 2, "都道府県コード": 3, "市区町村コード": 215, "所在地": "岩手県奥州市衣川古戸４８番地３", "緯度": 39.040684, "経度": 141.0662, "url": "https://www.iryou.teikyouseido.mhlw.go.jp/znk-web/juminkanja/S2430/initialize?prefCd=03&kikanCd=03200579&kikanKbn=2", "url2": "https://www.city.oshu.iwate.jp/view.rbz?nd=163&ik=1&pnp=159&pnp=160&pnp=163&cd=2500", "内容": "奥州市国民健康保険衣川診療所【2:診療所】【診療科目:内科_リハビリテーション科】岩手県奥州市衣川古戸４８番地３" }, "geometry": { "type": "Point", "coordinates": [ 141.0662, 39.040684 ] } },
{ "type": "Feature", "properties": { "ID": 3203200580, "正式名称": "小山診療所", "機関区分": 2, "都道府県コード": 3, "市区町村コード": 215, "所在地": "岩手県奥州市胆沢小山字道場３６番地１", "緯度": 39.097405, "経度": 141.080589, "url": "https://www.iryou.teikyouseido.mhlw.go.jp/znk-web/juminkanja/S2430/initialize?prefCd=03&kikanCd=03200580&kikanKbn=2", "url2": null, "内容": "小山診療所【2:診療所】【診療科目:内科_糖尿病内科_小児科】岩手県奥州市胆沢小山字道場３６番地１" }, "geometry": { "type": "Point", "coordinates": [ 141.080589, 39.097405 ] } },
{ "type": "Feature", "properties": { "ID": 3203200581, "正式名称": "ありすみ内科クリニック", "機関区分": 2, "都道府県コード": 3, "市区町村コード": 381, "所在地": "岩手県胆沢郡金ケ崎町西根町裏６６番地", "緯度": 39.197396, "経度": 141.116105, "url": "https://www.iryou.teikyouseido.mhlw.go.jp/znk-web/juminkanja/S2430/initialize?prefCd=03&kikanCd=03200581&kikanKbn=2", "url2": null, "内容": "ありすみ内科クリニック【2:診療所】【診療科目:内科_循環器科、消化器科、呼吸器科_小児科】岩手県胆沢郡金ケ崎町西根町裏６６番地" }, "geometry": { "type": "Point", "coordinates": [ 141.116105, 39.197396 ] } },
{ "type": "Feature", "properties": { "ID": 3203200585, "正式名称": "医療法人きくた", "機関区分": 2, "都道府県コード": 3, "市区町村コード": 203, "所在地": "岩手県大船渡市大船渡町明神前１１ー１", "緯度": 39.061933, "経度": 141.715271, "url": "https://www.iryou.teikyouseido.mhlw.go.jp/znk-web/juminkanja/S2430/initialize?prefCd=03&kikanCd=03200585&kikanKbn=2", "url2": null, "内容": "医療法人きくた【2:診療所】【診療科目:内科_外科_皮膚科_泌尿器科】岩手県大船渡市大船渡町明神前１１ー１" }, "geometry": { "type": "Point", "coordinates": [ 141.715271, 39.061933 ] } },
{ "type": "Feature", "properties": { "ID": 3203200587, "正式名称": "医療法人盛紀会　鳥羽整形外科医院", "機関区分": 2, "都道府県コード": 3, "市区町村コード": 203, "所在地": "岩手県大船渡市盛町字舘下４ー１８", "緯度": 39.084407, "経度": 141.708641, "url": "https://www.iryou.teikyouseido.mhlw.go.jp/znk-web/juminkanja/S2430/initialize?prefCd=03&kikanCd=03200587&kikanKbn=2", "url2": "http://tobaorth.sakura.ne.jp/", "内容": "医療法人盛紀会　鳥羽整形外科医院【2:診療所】【診療科目:整形外科_リウマチ科_リハビリテーション科】岩手県大船渡市盛町字舘下４ー１８" }, "geometry": { "type": "Point", "coordinates": [ 141.708641, 39.084407 ] } },
{ "type": "Feature", "properties": { "ID": 3203200590, "正式名称": "医療法人隆玄　山浦医院", "機関区分": 2, "都道府県コード": 3, "市区町村コード": 203, "所在地": "岩手県大船渡市盛町字内ノ目２ー４", "緯度": 39.084121, "経度": 141.709786, "url": "https://www.iryou.teikyouseido.mhlw.go.jp/znk-web/juminkanja/S2430/initialize?prefCd=03&kikanCd=03200590&kikanKbn=2", "url2": null, "内容": "医療法人隆玄　山浦医院【2:診療所】【診療科目:内科】岩手県大船渡市盛町字内ノ目２ー４" }, "geometry": { "type": "Point", "coordinates": [ 141.709786, 39.084121 ] } },
{ "type": "Feature", "properties": { "ID": 3203200591, "正式名称": "医療法人勝久会　地ノ森クリニック", "機関区分": 2, "都道府県コード": 3, "市区町村コード": 203, "所在地": "岩手県大船渡市大船渡町字山馬越１８８番地", "緯度": 39.07159, "経度": 141.710399, "url": "https://www.iryou.teikyouseido.mhlw.go.jp/znk-web/juminkanja/S2430/initialize?prefCd=03&kikanCd=03200591&kikanKbn=2", "url2": "www.shokyukai.or.jp", "内容": "医療法人勝久会　地ノ森クリニック【2:診療所】【診療科目:内科_人工透析内科_外科_泌尿器科】岩手県大船渡市大船渡町字山馬越１８８番地" }, "geometry": { "type": "Point", "coordinates": [ 141.710399, 39.07159 ] } },
{ "type": "Feature", "properties": { "ID": 3203200594, "正式名称": "医療法人けやき会　菊池医院", "機関区分": 2, "都道府県コード": 3, "市区町村コード": 203, "所在地": "岩手県大船渡市大船渡町字山馬越１８３番５", "緯度": 39.06018, "経度": 141.72069, "url": "https://www.iryou.teikyouseido.mhlw.go.jp/znk-web/juminkanja/S2430/initialize?prefCd=03&kikanCd=03200594&kikanKbn=2", "url2": null, "内容": "医療法人けやき会　菊池医院【2:診療所】【診療科目:内科】岩手県大船渡市大船渡町字山馬越１８３番５" }, "geometry": { "type": "Point", "coordinates": [ 141.72069, 39.06018 ] } },
{ "type": "Feature", "properties": { "ID": 3203200596, "正式名称": "医療法人　飯塚眼科医院", "機関区分": 2, "都道府県コード": 3, "市区町村コード": 203, "所在地": "岩手県大船渡市盛町字東町５番地５", "緯度": 39.089402, "経度": 141.711386, "url": "https://www.iryou.teikyouseido.mhlw.go.jp/znk-web/juminkanja/S2430/initialize?prefCd=03&kikanCd=03200596&kikanKbn=2", "url2": null, "内容": "医療法人　飯塚眼科医院【2:診療所】【診療科目:眼科】岩手県大船渡市盛町字東町５番地５" }, "geometry": { "type": "Point", "coordinates": [ 141.711386, 39.089402 ] } },
{ "type": "Feature", "properties": { "ID": 3203200597, "正式名称": "大船渡市国民健康保険越喜来診療所", "機関区分": 2, "都道府県コード": 3, "市区町村コード": 203, "所在地": "岩手県大船渡市三陸町越喜来字所通２６番地１", "緯度": 39.12176, "経度": 141.810961, "url": "https://www.iryou.teikyouseido.mhlw.go.jp/znk-web/juminkanja/S2430/initialize?prefCd=03&kikanCd=03200597&kikanKbn=2", "url2": "http://www.city.ofunato.iwate.jp", "内容": "大船渡市国民健康保険越喜来診療所【2:診療所】【診療科目:内科_小児科】岩手県大船渡市三陸町越喜来字所通２６番地１" }, "geometry": { "type": "Point", "coordinates": [ 141.810961, 39.12176 ] } },
{ "type": "Feature", "properties": { "ID": 3203200598, "正式名称": "大船渡市国民健康保険吉浜診療所", "機関区分": 2, "都道府県コード": 3, "市区町村コード": 203, "所在地": "岩手県大船渡市三陸町吉浜字上野９３番地１", "緯度": 39.150923, "経度": 141.83602, "url": "https://www.iryou.teikyouseido.mhlw.go.jp/znk-web/juminkanja/S2430/initialize?prefCd=03&kikanCd=03200598&kikanKbn=2", "url2": "http://www.city.ofunato.iwate.jp", "内容": "大船渡市国民健康保険吉浜診療所【2:診療所】【診療科目:内科】岩手県大船渡市三陸町吉浜字上野９３番地１" }, "geometry": { "type": "Point", "coordinates": [ 141.83602, 39.150923 ] } },
{ "type": "Feature", "properties": { "ID": 3203200599, "正式名称": "大船渡市国民健康保険綾里診療所", "機関区分": 2, "都道府県コード": 3, "市区町村コード": 203, "所在地": "岩手県大船渡市三陸町綾里字平舘７５番地２", "緯度": 39.051051, "経度": 141.798344, "url": "https://www.iryou.teikyouseido.mhlw.go.jp/znk-web/juminkanja/S2430/initialize?prefCd=03&kikanCd=03200599&kikanKbn=2", "url2": "http://www.city.ofunato.iwate.jp", "内容": "大船渡市国民健康保険綾里診療所【2:診療所】【診療科目:内科】岩手県大船渡市三陸町綾里字平舘７５番地２" }, "geometry": { "type": "Point", "coordinates": [ 141.798344, 39.051051 ] } },
{ "type": "Feature", "properties": { "ID": 3203200600, "正式名称": "うのうらクリニック", "機関区分": 2, "都道府県コード": 3, "市区町村コード": 203, "所在地": "岩手県大船渡市立根町字中野４０‐５", "緯度": 39.106736, "経度": 141.715081, "url": "https://www.iryou.teikyouseido.mhlw.go.jp/znk-web/juminkanja/S2430/initialize?prefCd=03&kikanCd=03200600&kikanKbn=2", "url2": null, "内容": "うのうらクリニック【2:診療所】【診療科目:内科_呼吸器内科】岩手県大船渡市立根町字中野４０‐５" }, "geometry": { "type": "Point", "coordinates": [ 141.715081, 39.106736 ] } },
{ "type": "Feature", "properties": { "ID": 3203200601, "正式名称": "滝田医院", "機関区分": 2, "都道府県コード": 3, "市区町村コード": 203, "所在地": "岩手県大船渡市末崎町　字平林", "緯度": 39.005636, "経度": 141.709813, "url": "https://www.iryou.teikyouseido.mhlw.go.jp/znk-web/juminkanja/S2430/initialize?prefCd=03&kikanCd=03200601&kikanKbn=2", "url2": "http://takita.webmedipr.jp", "内容": "滝田医院【2:診療所】【診療科目:内科_呼吸器内科_循環器内科_消化器内科】岩手県大船渡市末崎町　字平林" }, "geometry": { "type": "Point", "coordinates": [ 141.709813, 39.005636 ] } },
{ "type": "Feature", "properties": { "ID": 3203200602, "正式名称": "えんどう消化器科内科クリニック", "機関区分": 2, "都道府県コード": 3, "市区町村コード": 203, "所在地": "岩手県大船渡市猪川町字中井沢７番地２", "緯度": 39.091878, "経度": 141.713528, "url": "https://www.iryou.teikyouseido.mhlw.go.jp/znk-web/juminkanja/S2430/initialize?prefCd=03&kikanCd=03200602&kikanKbn=2", "url2": null, "内容": "えんどう消化器科内科クリニック【2:診療所】【診療科目:内科_消化器内科】岩手県大船渡市猪川町字中井沢７番地２" }, "geometry": { "type": "Point", "coordinates": [ 141.713528, 39.091878 ] } },
{ "type": "Feature", "properties": { "ID": 3203200603, "正式名称": "鵜浦医院", "機関区分": 2, "都道府県コード": 3, "市区町村コード": 210, "所在地": "岩手県陸前高田市高田町字鳴石２２ー９", "緯度": 39.023555, "経度": 141.627803, "url": "https://www.iryou.teikyouseido.mhlw.go.jp/znk-web/juminkanja/S2430/initialize?prefCd=03&kikanCd=03200603&kikanKbn=2", "url2": "https://www.unoura-iin.jp/home", "内容": "鵜浦医院【2:診療所】【診療科目:内科_循環器内科_消化器内科_皮膚科】岩手県陸前高田市高田町字鳴石２２ー９" }, "geometry": { "type": "Point", "coordinates": [ 141.627803, 39.023555 ] } },
{ "type": "Feature", "properties": { "ID": 3203200604, "正式名称": "医療法人医心会　鳥羽医院", "機関区分": 2, "都道府県コード": 3, "市区町村コード": 210, "所在地": "岩手県陸前高田市小友町字西下６０", "緯度": 39.001387, "経度": 141.688424, "url": "https://www.iryou.teikyouseido.mhlw.go.jp/znk-web/juminkanja/S2430/initialize?prefCd=03&kikanCd=03200604&kikanKbn=2", "url2": null, "内容": "医療法人医心会　鳥羽医院【2:診療所】【診療科目:内科_消化器内科】岩手県陸前高田市小友町字西下６０" }, "geometry": { "type": "Point", "coordinates": [ 141.688424, 39.001387 ] } },
{ "type": "Feature", "properties": { "ID": 3203200607, "正式名称": "陸前高田市国民健康保険広田診療所", "機関区分": 2, "都道府県コード": 3, "市区町村コード": 210, "所在地": "岩手県陸前高田市広田町字前花貝２２２番地２", "緯度": 38.9661, "経度": 141.694602, "url": "https://www.iryou.teikyouseido.mhlw.go.jp/znk-web/juminkanja/S2430/initialize?prefCd=03&kikanCd=03200607&kikanKbn=2", "url2": null, "内容": "陸前高田市国民健康保険広田診療所【2:診療所】【診療科目:内科_循環器科】岩手県陸前高田市広田町字前花貝２２２番地２" }, "geometry": { "type": "Point", "coordinates": [ 141.694602, 38.9661 ] } },
{ "type": "Feature", "properties": { "ID": 3203200608, "正式名称": "陸前高田市国民健康保険二又診療所", "機関区分": 2, "都道府県コード": 3, "市区町村コード": 210, "所在地": "岩手県陸前高田市矢作町字愛宕下３１番地", "緯度": 39.033112, "経度": 141.530593, "url": "https://www.iryou.teikyouseido.mhlw.go.jp/znk-web/juminkanja/S2430/initialize?prefCd=03&kikanCd=03200608&kikanKbn=2", "url2": null, "内容": "陸前高田市国民健康保険二又診療所【2:診療所】【診療科目:内科】岩手県陸前高田市矢作町字愛宕下３１番地" }, "geometry": { "type": "Point", "coordinates": [ 141.530593, 39.033112 ] } },
{ "type": "Feature", "properties": { "ID": 3203200609, "正式名称": "松原クリニック", "機関区分": 2, "都道府県コード": 3, "市区町村コード": 210, "所在地": "岩手県陸前高田市高田町字中田６９ー２", "緯度": 39.014663, "経度": 141.648992, "url": "https://www.iryou.teikyouseido.mhlw.go.jp/znk-web/juminkanja/S2430/initialize?prefCd=03&kikanCd=03200609&kikanKbn=2", "url2": null, "内容": "松原クリニック【2:診療所】【診療科目:内科_人工透析内科】岩手県陸前高田市高田町字中田６９ー２" }, "geometry": { "type": "Point", "coordinates": [ 141.648992, 39.014663 ] } },
{ "type": "Feature", "properties": { "ID": 3203200614, "正式名称": "晴山医院", "機関区分": 2, "都道府県コード": 3, "市区町村コード": 205, "所在地": "岩手県花巻市東和町東晴山８区２７番地", "緯度": 39.367408, "経度": 141.256409, "url": "https://www.iryou.teikyouseido.mhlw.go.jp/znk-web/juminkanja/S2430/initialize?prefCd=03&kikanCd=03200614&kikanKbn=2", "url2": null, "内容": "晴山医院【2:診療所】【診療科目:内科】岩手県花巻市東和町東晴山８区２７番地" }, "geometry": { "type": "Point", "coordinates": [ 141.256409, 39.367408 ] } },
{ "type": "Feature", "properties": { "ID": 3203200615, "正式名称": "医療法人梟栄会　ゆかわ脳外科", "機関区分": 2, "都道府県コード": 3, "市区町村コード": 205, "所在地": "岩手県花巻市西大通り２丁目２番１０号", "緯度": 39.391558, "経度": 141.105815, "url": "https://www.iryou.teikyouseido.mhlw.go.jp/znk-web/juminkanja/S2430/initialize?prefCd=03&kikanCd=03200615&kikanKbn=2", "url2": "https://www.yukawa-nougeka.jp", "内容": "医療法人梟栄会　ゆかわ脳外科【2:診療所】【診療科目:神経内科_外科_脳神経外科_リハビリテーション科】岩手県花巻市西大通り２丁目２番１０号" }, "geometry": { "type": "Point", "coordinates": [ 141.105815, 39.391558 ] } },
{ "type": "Feature", "properties": { "ID": 3203200617, "正式名称": "中舘内科クリニック", "機関区分": 2, "都道府県コード": 3, "市区町村コード": 205, "所在地": "岩手県花巻市不動町２丁目１－４", "緯度": 39.377096, "経度": 141.111312, "url": "https://www.iryou.teikyouseido.mhlw.go.jp/znk-web/juminkanja/S2430/initialize?prefCd=03&kikanCd=03200617&kikanKbn=2", "url2": null, "内容": "中舘内科クリニック【2:診療所】【診療科目:内科_胃腸内科_肝臓内科】岩手県花巻市不動町２丁目１－４" }, "geometry": { "type": "Point", "coordinates": [ 141.111312, 39.377096 ] } },
{ "type": "Feature", "properties": { "ID": 3203200619, "正式名称": "たきの内科循環器科クリニック", "機関区分": 2, "都道府県コード": 3, "市区町村コード": 205, "所在地": "岩手県花巻市大通り１丁目１０ー３０", "緯度": 39.392678, "経度": 141.112307, "url": "https://www.iryou.teikyouseido.mhlw.go.jp/znk-web/juminkanja/S2430/initialize?prefCd=03&kikanCd=03200619&kikanKbn=2", "url2": "http://www.takino-cl.com", "内容": "たきの内科循環器科クリニック【2:診療所】【診療科目:内科_呼吸器内科_循環器内科_循環器科、呼吸器科】岩手県花巻市大通り１丁目１０ー３０" }, "geometry": { "type": "Point", "coordinates": [ 141.112307, 39.392678 ] } },
{ "type": "Feature", "properties": { "ID": 3203200621, "正式名称": "千田整形外科クリニック", "機関区分": 2, "都道府県コード": 3, "市区町村コード": 215, "所在地": "岩手県奥州市水沢太日通り二丁目６番３３号", "緯度": 39.137012, "経度": 141.151651, "url": "https://www.iryou.teikyouseido.mhlw.go.jp/znk-web/juminkanja/S2430/initialize?prefCd=03&kikanCd=03200621&kikanKbn=2", "url2": null, "内容": "千田整形外科クリニック【2:診療所】【診療科目:外科_整形外科_リハビリテーション科】岩手県奥州市水沢太日通り二丁目６番３３号" }, "geometry": { "type": "Point", "coordinates": [ 141.151651, 39.137012 ] } },
{ "type": "Feature", "properties": { "ID": 3203200625, "正式名称": "下河辺胃腸科クリニック", "機関区分": 2, "都道府県コード": 3, "市区町村コード": 215, "所在地": "岩手県奥州市前沢長檀１０１番地", "緯度": 39.043508, "経度": 141.139641, "url": "https://www.iryou.teikyouseido.mhlw.go.jp/znk-web/juminkanja/S2430/initialize?prefCd=03&kikanCd=03200625&kikanKbn=2", "url2": null, "内容": "下河辺胃腸科クリニック【2:診療所】【診療科目:内科_リハビリテーション科】岩手県奥州市前沢長檀１０１番地" }, "geometry": { "type": "Point", "coordinates": [ 141.139641, 39.043508 ] } },
{ "type": "Feature", "properties": { "ID": 3203200626, "正式名称": "奥州市国民健康保険前沢診療所", "機関区分": 2, "都道府県コード": 3, "市区町村コード": 215, "所在地": "岩手県奥州市前沢立石１８０番地１", "緯度": 39.055511, "経度": 141.137355, "url": "https://www.iryou.teikyouseido.mhlw.go.jp/znk-web/juminkanja/S2430/initialize?prefCd=03&kikanCd=03200626&kikanKbn=2", "url2": "https://www.city.oshu.iwate.jp/iryokyoku/byoin_shinryojo/1/index.html", "内容": "奥州市国民健康保険前沢診療所【2:診療所】【診療科目:内科_呼吸器内科_循環器内科】岩手県奥州市前沢立石１８０番地１" }, "geometry": { "type": "Point", "coordinates": [ 141.137355, 39.055511 ] } },
{ "type": "Feature", "properties": { "ID": 3203200627, "正式名称": "おいかわ耳鼻咽喉科医院", "機関区分": 2, "都道府県コード": 3, "市区町村コード": 215, "所在地": "岩手県奥州市前沢駅東二丁目９番地１", "緯度": 39.048988, "経度": 141.129195, "url": "https://www.iryou.teikyouseido.mhlw.go.jp/znk-web/juminkanja/S2430/initialize?prefCd=03&kikanCd=03200627&kikanKbn=2", "url2": null, "内容": "おいかわ耳鼻咽喉科医院【2:診療所】【診療科目:耳鼻いんこう科】岩手県奥州市前沢駅東二丁目９番地１" }, "geometry": { "type": "Point", "coordinates": [ 141.129195, 39.048988 ] } },
{ "type": "Feature", "properties": { "ID": 3203200629, "正式名称": "たかはし内科胃腸科クリニック", "機関区分": 2, "都道府県コード": 3, "市区町村コード": 215, "所在地": "岩手県奥州市前沢二十人町８番地２", "緯度": 39.055996, "経度": 141.12308, "url": "https://www.iryou.teikyouseido.mhlw.go.jp/znk-web/juminkanja/S2430/initialize?prefCd=03&kikanCd=03200629&kikanKbn=2", "url2": null, "内容": "たかはし内科胃腸科クリニック【2:診療所】【診療科目:内科_胃腸科_リハビリテーション科】岩手県奥州市前沢二十人町８番地２" }, "geometry": { "type": "Point", "coordinates": [ 141.12308, 39.055996 ] } },
{ "type": "Feature", "properties": { "ID": 3203200631, "正式名称": "亀井内科消化器クリニック", "機関区分": 2, "都道府県コード": 3, "市区町村コード": 215, "所在地": "岩手県奥州市水沢台町１番４７号", "緯度": 39.133326, "経度": 141.154946, "url": "https://www.iryou.teikyouseido.mhlw.go.jp/znk-web/juminkanja/S2430/initialize?prefCd=03&kikanCd=03200631&kikanKbn=2", "url2": null, "内容": "亀井内科消化器クリニック【2:診療所】【診療科目:内科_循環器科、消化器科、呼吸器科】岩手県奥州市水沢台町１番４７号" }, "geometry": { "type": "Point", "coordinates": [ 141.154946, 39.133326 ] } },
{ "type": "Feature", "properties": { "ID": 3203200633, "正式名称": "医療法人社団　今野脳神経外科内科医院", "機関区分": 2, "都道府県コード": 3, "市区町村コード": 215, "所在地": "岩手県奥州市水沢東町３３番地１", "緯度": 39.139088, "経度": 141.141915, "url": "https://www.iryou.teikyouseido.mhlw.go.jp/znk-web/juminkanja/S2430/initialize?prefCd=03&kikanCd=03200633&kikanKbn=2", "url2": null, "内容": "医療法人社団　今野脳神経外科内科医院【2:診療所】【診療科目:内科_神経内科_外科_脳神経外科】岩手県奥州市水沢東町３３番地１" }, "geometry": { "type": "Point", "coordinates": [ 141.141915, 39.139088 ] } },
{ "type": "Feature", "properties": { "ID": 3203200634, "正式名称": "奥州金ケ崎休日診療所", "機関区分": 2, "都道府県コード": 3, "市区町村コード": 215, "所在地": "岩手県奥州市水沢字多賀２１番地の１", "緯度": 39.151245, "経度": 141.144836, "url": "https://www.iryou.teikyouseido.mhlw.go.jp/znk-web/juminkanja/S2430/initialize?prefCd=03&kikanCd=03200634&kikanKbn=2", "url2": null, "内容": "奥州金ケ崎休日診療所【2:診療所】【診療科目:内科_外科】岩手県奥州市水沢字多賀２１番地の１" }, "geometry": { "type": "Point", "coordinates": [ 141.144836, 39.151245 ] } },
{ "type": "Feature", "properties": { "ID": 3203200637, "正式名称": "とみた脳神経外科耳鼻咽喉科医院", "機関区分": 2, "都道府県コード": 3, "市区町村コード": 215, "所在地": "岩手県奥州市水沢字欠ノ下１２番地３", "緯度": 39.15706, "経度": 141.132972, "url": "https://www.iryou.teikyouseido.mhlw.go.jp/znk-web/juminkanja/S2430/initialize?prefCd=03&kikanCd=03200637&kikanKbn=2", "url2": null, "内容": "とみた脳神経外科耳鼻咽喉科医院【2:診療所】【診療科目:脳神経外科_耳鼻いんこう科_リハビリテーション科】岩手県奥州市水沢字欠ノ下１２番地３" }, "geometry": { "type": "Point", "coordinates": [ 141.132972, 39.15706 ] } },
{ "type": "Feature", "properties": { "ID": 3203200638, "正式名称": "耳鼻咽喉科樋口医院", "機関区分": 2, "都道府県コード": 3, "市区町村コード": 215, "所在地": "岩手県奥州市水沢不断町１１番地", "緯度": 39.151169, "経度": 141.142356, "url": "https://www.iryou.teikyouseido.mhlw.go.jp/znk-web/juminkanja/S2430/initialize?prefCd=03&kikanCd=03200638&kikanKbn=2", "url2": null, "内容": "耳鼻咽喉科樋口医院【2:診療所】【診療科目:気管食道科_耳鼻いんこう科】岩手県奥州市水沢不断町１１番地" }, "geometry": { "type": "Point", "coordinates": [ 141.142356, 39.151169 ] } },
{ "type": "Feature", "properties": { "ID": 3203200639, "正式名称": "青木眼科クリニック", "機関区分": 2, "都道府県コード": 3, "市区町村コード": 215, "所在地": "岩手県奥州市水沢太日通り一丁目４番２０号", "緯度": 39.136601, "経度": 141.148934, "url": "https://www.iryou.teikyouseido.mhlw.go.jp/znk-web/juminkanja/S2430/initialize?prefCd=03&kikanCd=03200639&kikanKbn=2", "url2": null, "内容": "青木眼科クリニック【2:診療所】【診療科目:眼科】岩手県奥州市水沢太日通り一丁目４番２０号" }, "geometry": { "type": "Point", "coordinates": [ 141.148934, 39.136601 ] } },
{ "type": "Feature", "properties": { "ID": 3203200640, "正式名称": "胃腸クリニック", "機関区分": 2, "都道府県コード": 3, "市区町村コード": 215, "所在地": "岩手県奥州市水沢谷地明円５３番地１", "緯度": 39.139744, "経度": 141.132223, "url": "https://www.iryou.teikyouseido.mhlw.go.jp/znk-web/juminkanja/S2430/initialize?prefCd=03&kikanCd=03200640&kikanKbn=2", "url2": "ichoclinic.com", "内容": "胃腸クリニック【2:診療所】【診療科目:内科_糖尿病・代謝内科_消化器内科_肝臓内科】岩手県奥州市水沢谷地明円５３番地１" }, "geometry": { "type": "Point", "coordinates": [ 141.132223, 39.139744 ] } },
{ "type": "Feature", "properties": { "ID": 3203200641, "正式名称": "花山内科クリニック", "機関区分": 2, "都道府県コード": 3, "市区町村コード": 215, "所在地": "岩手県奥州市水沢名残１６番地１", "緯度": 39.151173, "経度": 141.13017, "url": "https://www.iryou.teikyouseido.mhlw.go.jp/znk-web/juminkanja/S2430/initialize?prefCd=03&kikanCd=03200641&kikanKbn=2", "url2": null, "内容": "花山内科クリニック【2:診療所】【診療科目:内科_呼吸器内科_消化器内科_放射線科】岩手県奥州市水沢名残１６番地１" }, "geometry": { "type": "Point", "coordinates": [ 141.13017, 39.151173 ] } },
{ "type": "Feature", "properties": { "ID": 3203200642, "正式名称": "亜理眼科医院", "機関区分": 2, "都道府県コード": 3, "市区町村コード": 215, "所在地": "岩手県奥州市水沢西町１３０番１号", "緯度": 39.139169, "経度": 141.133057, "url": "https://www.iryou.teikyouseido.mhlw.go.jp/znk-web/juminkanja/S2430/initialize?prefCd=03&kikanCd=03200642&kikanKbn=2", "url2": null, "内容": "亜理眼科医院【2:診療所】【診療科目:眼科】岩手県奥州市水沢西町１３０番１号" }, "geometry": { "type": "Point", "coordinates": [ 141.133057, 39.139169 ] } },
{ "type": "Feature", "properties": { "ID": 3203200644, "正式名称": "レディースクリニック清水医院", "機関区分": 2, "都道府県コード": 3, "市区町村コード": 215, "所在地": "岩手県奥州市水沢宮下町４０番地", "緯度": 39.137527, "経度": 141.139471, "url": "https://www.iryou.teikyouseido.mhlw.go.jp/znk-web/juminkanja/S2430/initialize?prefCd=03&kikanCd=03200644&kikanKbn=2", "url2": null, "内容": "レディースクリニック清水医院【2:診療所】【診療科目:女性内科_産婦人科_麻酔科】岩手県奥州市水沢宮下町４０番地" }, "geometry": { "type": "Point", "coordinates": [ 141.139471, 39.137527 ] } },
{ "type": "Feature", "properties": { "ID": 3203200645, "正式名称": "おおとし消化器科整形外科", "機関区分": 2, "都道府県コード": 3, "市区町村コード": 215, "所在地": "岩手県奥州市水沢真城字塚３１番地３", "緯度": 39.117411, "経度": 141.13832, "url": "https://www.iryou.teikyouseido.mhlw.go.jp/znk-web/juminkanja/S2430/initialize?prefCd=03&kikanCd=03200645&kikanKbn=2", "url2": null, "内容": "おおとし消化器科整形外科【2:診療所】【診療科目:消化器内科_漢方内科_整形外科_リハビリテーション科】岩手県奥州市水沢真城字塚３１番地３" }, "geometry": { "type": "Point", "coordinates": [ 141.13832, 39.117411 ] } },
{ "type": "Feature", "properties": { "ID": 3203200646, "正式名称": "わたなべ眼科医院", "機関区分": 2, "都道府県コード": 3, "市区町村コード": 215, "所在地": "岩手県奥州市水沢東中通り二丁目１番２６号", "緯度": 39.135883, "経度": 141.159404, "url": "https://www.iryou.teikyouseido.mhlw.go.jp/znk-web/juminkanja/S2430/initialize?prefCd=03&kikanCd=03200646&kikanKbn=2", "url2": "https://www.wa-to.jp", "内容": "わたなべ眼科医院【2:診療所】【診療科目:眼科】岩手県奥州市水沢東中通り二丁目１番２６号" }, "geometry": { "type": "Point", "coordinates": [ 141.159404, 39.135883 ] } },
{ "type": "Feature", "properties": { "ID": 3203200651, "正式名称": "武田整形外科医院", "機関区分": 2, "都道府県コード": 3, "市区町村コード": 215, "所在地": "岩手県奥州市水沢字日高西５９番地１", "緯度": 39.1428317, "経度": 141.1290476, "url": "https://www.iryou.teikyouseido.mhlw.go.jp/znk-web/juminkanja/S2430/initialize?prefCd=03&kikanCd=03200651&kikanKbn=2", "url2": null, "内容": "武田整形外科医院【2:診療所】【診療科目:整形外科】岩手県奥州市水沢字日高西５９番地１" }, "geometry": { "type": "Point", "coordinates": [ 141.1290476, 39.1428317 ] } },
{ "type": "Feature", "properties": { "ID": 3203200654, "正式名称": "鈴木眼科吉小路", "機関区分": 2, "都道府県コード": 3, "市区町村コード": 215, "所在地": "岩手県奥州市水沢吉小路１６番地", "緯度": 39.144139, "経度": 141.136251, "url": "https://www.iryou.teikyouseido.mhlw.go.jp/znk-web/juminkanja/S2430/initialize?prefCd=03&kikanCd=03200654&kikanKbn=2", "url2": null, "内容": "鈴木眼科吉小路【2:診療所】【診療科目:眼科】岩手県奥州市水沢吉小路１６番地" }, "geometry": { "type": "Point", "coordinates": [ 141.136251, 39.144139 ] } },
{ "type": "Feature", "properties": { "ID": 3203200659, "正式名称": "ひばりが丘クリニック", "機関区分": 2, "都道府県コード": 3, "市区町村コード": 215, "所在地": "岩手県奥州市水沢川端２０番地３", "緯度": 39.128162, "経度": 141.131252, "url": "https://www.iryou.teikyouseido.mhlw.go.jp/znk-web/juminkanja/S2430/initialize?prefCd=03&kikanCd=03200659&kikanKbn=2", "url2": null, "内容": "ひばりが丘クリニック【2:診療所】【診療科目:内科】岩手県奥州市水沢川端２０番地３" }, "geometry": { "type": "Point", "coordinates": [ 141.131252, 39.128162 ] } },
{ "type": "Feature", "properties": { "ID": 3203200662, "正式名称": "亀井眼科", "機関区分": 2, "都道府県コード": 3, "市区町村コード": 215, "所在地": "岩手県奥州市水沢南町２番２５号", "緯度": 39.13734, "経度": 141.143908, "url": "https://www.iryou.teikyouseido.mhlw.go.jp/znk-web/juminkanja/S2430/initialize?prefCd=03&kikanCd=03200662&kikanKbn=2", "url2": null, "内容": "亀井眼科【2:診療所】【診療科目:眼科】岩手県奥州市水沢南町２番２５号" }, "geometry": { "type": "Point", "coordinates": [ 141.143908, 39.13734 ] } },
{ "type": "Feature", "properties": { "ID": 3203200664, "正式名称": "桜井医院", "機関区分": 2, "都道府県コード": 3, "市区町村コード": 215, "所在地": "岩手県奥州市水沢吉小路３番地", "緯度": 39.143162, "経度": 141.140314, "url": "https://www.iryou.teikyouseido.mhlw.go.jp/znk-web/juminkanja/S2430/initialize?prefCd=03&kikanCd=03200664&kikanKbn=2", "url2": "https://www.425keishu.com/", "内容": "桜井医院【2:診療所】【診療科目:内科_漢方内科_皮膚科】岩手県奥州市水沢吉小路３番地" }, "geometry": { "type": "Point", "coordinates": [ 141.140314, 39.143162 ] } },
{ "type": "Feature", "properties": { "ID": 3203200665, "正式名称": "平間産婦人科", "機関区分": 2, "都道府県コード": 3, "市区町村コード": 215, "所在地": "岩手県奥州市水沢太日通り二丁目２番３号", "緯度": 39.135916, "経度": 141.150545, "url": "https://www.iryou.teikyouseido.mhlw.go.jp/znk-web/juminkanja/S2430/initialize?prefCd=03&kikanCd=03200665&kikanKbn=2", "url2": null, "内容": "平間産婦人科【2:診療所】【診療科目:産婦人科】岩手県奥州市水沢太日通り二丁目２番３号" }, "geometry": { "type": "Point", "coordinates": [ 141.150545, 39.135916 ] } },
{ "type": "Feature", "properties": { "ID": 3203200671, "正式名称": "中村・北條クリニック", "機関区分": 2, "都道府県コード": 3, "市区町村コード": 201, "所在地": "岩手県盛岡市西仙北一丁目３２ー１５", "緯度": 39.687277, "経度": 141.143934, "url": "https://www.iryou.teikyouseido.mhlw.go.jp/znk-web/juminkanja/S2430/initialize?prefCd=03&kikanCd=03200671&kikanKbn=2", "url2": "http://www.nhclinic.com", "内容": "中村・北條クリニック【2:診療所】【診療科目:皮膚科_歯科_歯科口腔外科】岩手県盛岡市西仙北一丁目３２ー１５" }, "geometry": { "type": "Point", "coordinates": [ 141.143934, 39.687277 ] } },
{ "type": "Feature", "properties": { "ID": 3203200673, "正式名称": "医療法人　大内眼科クリニック", "機関区分": 2, "都道府県コード": 3, "市区町村コード": 206, "所在地": "岩手県北上市柳原町４－１７－３９", "緯度": 39.29641, "経度": 141.113964, "url": "https://www.iryou.teikyouseido.mhlw.go.jp/znk-web/juminkanja/S2430/initialize?prefCd=03&kikanCd=03200673&kikanKbn=2", "url2": null, "内容": "医療法人　大内眼科クリニック【2:診療所】【診療科目:眼科】岩手県北上市柳原町４－１７－３９" }, "geometry": { "type": "Point", "coordinates": [ 141.113964, 39.29641 ] } },
{ "type": "Feature", "properties": { "ID": 3203200677, "正式名称": "医療法人弘誠会阿部医院", "機関区分": 2, "都道府県コード": 3, "市区町村コード": 209, "所在地": "岩手県一関市東山町長坂字町３７９番地", "緯度": 38.991295, "経度": 141.254047, "url": "https://www.iryou.teikyouseido.mhlw.go.jp/znk-web/juminkanja/S2430/initialize?prefCd=03&kikanCd=03200677&kikanKbn=2", "url2": "https://abe-iin.com/", "内容": "医療法人弘誠会阿部医院【2:診療所】【診療科目:内科_消化器内科】岩手県一関市東山町長坂字町３７９番地" }, "geometry": { "type": "Point", "coordinates": [ 141.254047, 38.991295 ] } },
{ "type": "Feature", "properties": { "ID": 3203200678, "正式名称": "医療法人　いとう耳鼻咽喉科クリニック", "機関区分": 2, "都道府県コード": 3, "市区町村コード": 203, "所在地": "岩手県大船渡市猪川町字中井沢７－７", "緯度": 39.091369, "経度": 141.713272, "url": "https://www.iryou.teikyouseido.mhlw.go.jp/znk-web/juminkanja/S2430/initialize?prefCd=03&kikanCd=03200678&kikanKbn=2", "url2": null, "内容": "医療法人　いとう耳鼻咽喉科クリニック【2:診療所】【診療科目:耳鼻いんこう科_アレルギー科】岩手県大船渡市猪川町字中井沢７－７" }, "geometry": { "type": "Point", "coordinates": [ 141.713272, 39.091369 ] } },
{ "type": "Feature", "properties": { "ID": 3203200679, "正式名称": "医療法人七星会　小坂消化器内科クリニック", "機関区分": 2, "都道府県コード": 3, "市区町村コード": 201, "所在地": "岩手県盛岡市永井２４－３－７", "緯度": 39.651519, "経度": 141.153754, "url": "https://www.iryou.teikyouseido.mhlw.go.jp/znk-web/juminkanja/S2430/initialize?prefCd=03&kikanCd=03200679&kikanKbn=2", "url2": "http://www.kosaka-clinic.com/", "内容": "医療法人七星会　小坂消化器内科クリニック【2:診療所】【診療科目:内科_消化器内科_内視鏡内科】岩手県盛岡市永井２４－３－７" }, "geometry": { "type": "Point", "coordinates": [ 141.153754, 39.651519 ] } },
{ "type": "Feature", "properties": { "ID": 3203200680, "正式名称": "医療法人　ふじメンタルクリニック", "機関区分": 2, "都道府県コード": 3, "市区町村コード": 201, "所在地": "岩手県盛岡市上田一丁目３ー１０ー２０１", "緯度": 39.712882, "経度": 141.146907, "url": "https://www.iryou.teikyouseido.mhlw.go.jp/znk-web/juminkanja/S2430/initialize?prefCd=03&kikanCd=03200680&kikanKbn=2", "url2": null, "内容": "医療法人　ふじメンタルクリニック【2:診療所】【診療科目:内科_精神科_神経科_心療内科】岩手県盛岡市上田一丁目３ー１０ー２０１" }, "geometry": { "type": "Point", "coordinates": [ 141.146907, 39.712882 ] } },
{ "type": "Feature", "properties": { "ID": 3203200682, "正式名称": "せき内科胃腸クリニック", "機関区分": 2, "都道府県コード": 3, "市区町村コード": 322, "所在地": "岩手県紫波郡矢巾町西徳田５－１－４", "緯度": 39.609745, "経度": 141.169904, "url": "https://www.iryou.teikyouseido.mhlw.go.jp/znk-web/juminkanja/S2430/initialize?prefCd=03&kikanCd=03200682&kikanKbn=2", "url2": null, "内容": "せき内科胃腸クリニック【2:診療所】【診療科目:内科_糖尿病・代謝内科_胃腸内科】岩手県紫波郡矢巾町西徳田５－１－４" }, "geometry": { "type": "Point", "coordinates": [ 141.169904, 39.609745 ] } },
{ "type": "Feature", "properties": { "ID": 3203200683, "正式名称": "医療法人誠美会　みか美容クリニック", "機関区分": 2, "都道府県コード": 3, "市区町村コード": 201, "所在地": "岩手県盛岡市大通３ー９ー３", "緯度": 39.702819, "経度": 141.140396, "url": "https://www.iryou.teikyouseido.mhlw.go.jp/znk-web/juminkanja/S2430/initialize?prefCd=03&kikanCd=03200683&kikanKbn=2", "url2": "http://www.mika-cl.jp/", "内容": "医療法人誠美会　みか美容クリニック【2:診療所】【診療科目:形成外科_美容皮膚科】岩手県盛岡市大通３ー９ー３" }, "geometry": { "type": "Point", "coordinates": [ 141.140396, 39.702819 ] } },
{ "type": "Feature", "properties": { "ID": 3203200684, "正式名称": "かとう整形外科クリニック", "機関区分": 2, "都道府県コード": 3, "市区町村コード": 201, "所在地": "岩手県盛岡市中央通２ー８ー１", "緯度": 39.705099, "経度": 141.145754, "url": "https://www.iryou.teikyouseido.mhlw.go.jp/znk-web/juminkanja/S2430/initialize?prefCd=03&kikanCd=03200684&kikanKbn=2", "url2": "http://kato-cl.byoinnavi.jp/", "内容": "かとう整形外科クリニック【2:診療所】【診療科目:整形外科_リウマチ科_リハビリテーション科】岩手県盛岡市中央通２ー８ー１" }, "geometry": { "type": "Point", "coordinates": [ 141.145754, 39.705099 ] } },
{ "type": "Feature", "properties": { "ID": 3203200685, "正式名称": "しんたろうクリニック", "機関区分": 2, "都道府県コード": 3, "市区町村コード": 201, "所在地": "岩手県盛岡市本宮１丁目９－１", "緯度": 39.690574, "経度": 141.143481, "url": "https://www.iryou.teikyouseido.mhlw.go.jp/znk-web/juminkanja/S2430/initialize?prefCd=03&kikanCd=03200685&kikanKbn=2", "url2": null, "内容": "しんたろうクリニック【2:診療所】【診療科目:内科_胃腸内科_外科_肛門外科_皮膚科】岩手県盛岡市本宮１丁目９－１" }, "geometry": { "type": "Point", "coordinates": [ 141.143481, 39.690574 ] } },
{ "type": "Feature", "properties": { "ID": 3203200686, "正式名称": "木澤医院", "機関区分": 2, "都道府県コード": 3, "市区町村コード": 202, "所在地": "岩手県宮古市津軽石第５地割８０番地１２", "緯度": 39.579153, "経度": 141.93667, "url": "https://www.iryou.teikyouseido.mhlw.go.jp/znk-web/juminkanja/S2430/initialize?prefCd=03&kikanCd=03200686&kikanKbn=2", "url2": null, "内容": "木澤医院【2:診療所】【診療科目:内科】岩手県宮古市津軽石第５地割８０番地１２" }, "geometry": { "type": "Point", "coordinates": [ 141.93667, 39.579153 ] } },
{ "type": "Feature", "properties": { "ID": 3203200688, "正式名称": "医療法人明慧会　あべ内科・消化器科クリニック", "機関区分": 2, "都道府県コード": 3, "市区町村コード": 201, "所在地": "岩手県盛岡市長橋町１７－４５", "緯度": 39.717053, "経度": 141.102112, "url": "https://www.iryou.teikyouseido.mhlw.go.jp/znk-web/juminkanja/S2430/initialize?prefCd=03&kikanCd=03200688&kikanKbn=2", "url2": "http://homepage2.nifty.com/abeabeabe/", "内容": "医療法人明慧会　あべ内科・消化器科クリニック【2:診療所】【診療科目:内科_糖尿病内科_呼吸器内科_循環器内科_消化器内科_肝臓内科_循環器科、胃腸科、消化器科、呼吸器科_アレルギー科】岩手県盛岡市長橋町１７－４５" }, "geometry": { "type": "Point", "coordinates": [ 141.102112, 39.717053 ] } },
{ "type": "Feature", "properties": { "ID": 3203200690, "正式名称": "医療法人よこもり眼科クリニック", "機関区分": 2, "都道府県コード": 3, "市区町村コード": 213, "所在地": "岩手県二戸市堀野字長瀬４ー７", "緯度": 40.291665, "経度": 141.295758, "url": "https://www.iryou.teikyouseido.mhlw.go.jp/znk-web/juminkanja/S2430/initialize?prefCd=03&kikanCd=03200690&kikanKbn=2", "url2": null, "内容": "医療法人よこもり眼科クリニック【2:診療所】【診療科目:眼科】岩手県二戸市堀野字長瀬４ー７" }, "geometry": { "type": "Point", "coordinates": [ 141.295758, 40.291665 ] } },
{ "type": "Feature", "properties": { "ID": 3203200694, "正式名称": "中島内科クリニック", "機関区分": 2, "都道府県コード": 3, "市区町村コード": 201, "所在地": "岩手県盛岡市月が丘２－８－３０", "緯度": 39.730912, "経度": 141.105105, "url": "https://www.iryou.teikyouseido.mhlw.go.jp/znk-web/juminkanja/S2430/initialize?prefCd=03&kikanCd=03200694&kikanKbn=2", "url2": null, "内容": "中島内科クリニック【2:診療所】【診療科目:内科_糖尿病内科_循環器内科】岩手県盛岡市月が丘２－８－３０" }, "geometry": { "type": "Point", "coordinates": [ 141.105105, 39.730912 ] } },
{ "type": "Feature", "properties": { "ID": 3203200706, "正式名称": "医療法人館　こんの神経内科・脳神経外科クリニック", "機関区分": 2, "都道府県コード": 3, "市区町村コード": 216, "所在地": "岩手県滝沢市牧野林１０１０ー４", "緯度": 39.752538, "経度": 141.101563, "url": "https://www.iryou.teikyouseido.mhlw.go.jp/znk-web/juminkanja/S2430/initialize?prefCd=03&kikanCd=03200706&kikanKbn=2", "url2": null, "内容": "医療法人館　こんの神経内科・脳神経外科クリニック【2:診療所】【診療科目:内科_脳神経内科_脳神経外科_リハビリテーション科】岩手県滝沢市牧野林１０１０ー４" }, "geometry": { "type": "Point", "coordinates": [ 141.101563, 39.752538 ] } },
{ "type": "Feature", "properties": { "ID": 3203200718, "正式名称": "鈴木眼科北上", "機関区分": 2, "都道府県コード": 3, "市区町村コード": 206, "所在地": "岩手県北上市大通４ー３ー６", "緯度": 39.286554, "経度": 141.107813, "url": "https://www.iryou.teikyouseido.mhlw.go.jp/znk-web/juminkanja/S2430/initialize?prefCd=03&kikanCd=03200718&kikanKbn=2", "url2": null, "内容": "鈴木眼科北上【2:診療所】【診療科目:眼科】岩手県北上市大通４ー３ー６" }, "geometry": { "type": "Point", "coordinates": [ 141.107813, 39.286554 ] } },
{ "type": "Feature", "properties": { "ID": 3203200719, "正式名称": "室岡医院", "機関区分": 2, "都道府県コード": 3, "市区町村コード": 206, "所在地": "岩手県北上市大通り三丁目５ー６", "緯度": 39.284411, "経度": 141.112658, "url": "https://www.iryou.teikyouseido.mhlw.go.jp/znk-web/juminkanja/S2430/initialize?prefCd=03&kikanCd=03200719&kikanKbn=2", "url2": "http://www.murooka-clinic.jp/", "内容": "室岡医院【2:診療所】【診療科目:内科_循環器内科_老年内科_整形外科】岩手県北上市大通り三丁目５ー６" }, "geometry": { "type": "Point", "coordinates": [ 141.112658, 39.284411 ] } },
{ "type": "Feature", "properties": { "ID": 3203200724, "正式名称": "小見レディースクリニック", "機関区分": 2, "都道府県コード": 3, "市区町村コード": 215, "所在地": "岩手県奥州市水沢大手町四丁目８番地", "緯度": 39.145527, "経度": 141.140751, "url": "https://www.iryou.teikyouseido.mhlw.go.jp/znk-web/juminkanja/S2430/initialize?prefCd=03&kikanCd=03200724&kikanKbn=2", "url2": "http://omi-ladies.com/", "内容": "小見レディースクリニック【2:診療所】【診療科目:女性内科_産科_婦人科_産婦人科（生殖医療）】岩手県奥州市水沢大手町四丁目８番地" }, "geometry": { "type": "Point", "coordinates": [ 141.140751, 39.145527 ] } },
{ "type": "Feature", "properties": { "ID": 3203200725, "正式名称": "野呂外科泌尿器科医院", "機関区分": 2, "都道府県コード": 3, "市区町村コード": 215, "所在地": "岩手県奥州市水沢字搦手丁２４番地６", "緯度": 39.14463, "経度": 141.13624, "url": "https://www.iryou.teikyouseido.mhlw.go.jp/znk-web/juminkanja/S2430/initialize?prefCd=03&kikanCd=03200725&kikanKbn=2", "url2": null, "内容": "野呂外科泌尿器科医院【2:診療所】【診療科目:内科_外科_泌尿器科】岩手県奥州市水沢字搦手丁２４番地６" }, "geometry": { "type": "Point", "coordinates": [ 141.13624, 39.14463 ] } },
{ "type": "Feature", "properties": { "ID": 3203200726, "正式名称": "南耳鼻咽喉科医院", "機関区分": 2, "都道府県コード": 3, "市区町村コード": 215, "所在地": "岩手県奥州市水沢大町１６６番地", "緯度": 39.141495, "経度": 141.142287, "url": "https://www.iryou.teikyouseido.mhlw.go.jp/znk-web/juminkanja/S2430/initialize?prefCd=03&kikanCd=03200726&kikanKbn=2", "url2": null, "内容": "南耳鼻咽喉科医院【2:診療所】【診療科目:耳鼻いんこう科】岩手県奥州市水沢大町１６６番地" }, "geometry": { "type": "Point", "coordinates": [ 141.142287, 39.141495 ] } },
{ "type": "Feature", "properties": { "ID": 3203200728, "正式名称": "木村外科内科クリニック", "機関区分": 2, "都道府県コード": 3, "市区町村コード": 215, "所在地": "岩手県奥州市水沢中上野町６番２３号", "緯度": 39.133318, "経度": 141.138471, "url": "https://www.iryou.teikyouseido.mhlw.go.jp/znk-web/juminkanja/S2430/initialize?prefCd=03&kikanCd=03200728&kikanKbn=2", "url2": null, "内容": "木村外科内科クリニック【2:診療所】【診療科目:内科_消化器科_外科_整形外科_皮膚科_泌尿器科_こう門科】岩手県奥州市水沢中上野町６番２３号" }, "geometry": { "type": "Point", "coordinates": [ 141.138471, 39.133318 ] } },
{ "type": "Feature", "properties": { "ID": 3203200730, "正式名称": "産婦人科おいなお医院", "機関区分": 2, "都道府県コード": 3, "市区町村コード": 215, "所在地": "岩手県奥州市江刺岩谷堂字小境１１番地", "緯度": 39.190081, "経度": 141.170771, "url": "https://www.iryou.teikyouseido.mhlw.go.jp/znk-web/juminkanja/S2430/initialize?prefCd=03&kikanCd=03200730&kikanKbn=2", "url2": null, "内容": "産婦人科おいなお医院【2:診療所】【診療科目:産婦人科】岩手県奥州市江刺岩谷堂字小境１１番地" }, "geometry": { "type": "Point", "coordinates": [ 141.170771, 39.190081 ] } },
{ "type": "Feature", "properties": { "ID": 3203200731, "正式名称": "及川整形外科クリニック", "機関区分": 2, "都道府県コード": 3, "市区町村コード": 215, "所在地": "岩手県奥州市江刺八日町一丁目１番３２号", "緯度": 39.186724, "経度": 141.175387, "url": "https://www.iryou.teikyouseido.mhlw.go.jp/znk-web/juminkanja/S2430/initialize?prefCd=03&kikanCd=03200731&kikanKbn=2", "url2": null, "内容": "及川整形外科クリニック【2:診療所】【診療科目:胃腸科_外科_整形外科_皮膚科_リウマチ科_リハビリテーション科_こう門科】岩手県奥州市江刺八日町一丁目１番３２号" }, "geometry": { "type": "Point", "coordinates": [ 141.175387, 39.186724 ] } },
{ "type": "Feature", "properties": { "ID": 3203200732, "正式名称": "岡崎整形外科", "機関区分": 2, "都道府県コード": 3, "市区町村コード": 209, "所在地": "岩手県一関市三関字仲田１５６番地", "緯度": 38.925535, "経度": 141.148932, "url": "https://www.iryou.teikyouseido.mhlw.go.jp/znk-web/juminkanja/S2430/initialize?prefCd=03&kikanCd=03200732&kikanKbn=2", "url2": null, "内容": "岡崎整形外科【2:診療所】【診療科目:外科_整形外科_形成外科_神経科_リウマチ科_リハビリテーション科】岩手県一関市三関字仲田１５６番地" }, "geometry": { "type": "Point", "coordinates": [ 141.148932, 38.925535 ] } },
{ "type": "Feature", "properties": { "ID": 3203200734, "正式名称": "西城医院", "機関区分": 2, "都道府県コード": 3, "市区町村コード": 209, "所在地": "岩手県一関市舞川字中里６５番地", "緯度": 38.976783, "経度": 141.205352, "url": "https://www.iryou.teikyouseido.mhlw.go.jp/znk-web/juminkanja/S2430/initialize?prefCd=03&kikanCd=03200734&kikanKbn=2", "url2": null, "内容": "西城医院【2:診療所】【診療科目:内科_胃腸内科_胃腸科_外科_整形外科_こう門科】岩手県一関市舞川字中里６５番地" }, "geometry": { "type": "Point", "coordinates": [ 141.205352, 38.976783 ] } },
{ "type": "Feature", "properties": { "ID": 3203200736, "正式名称": "一関市国民健康保険猿沢診療所", "機関区分": 2, "都道府県コード": 3, "市区町村コード": 209, "所在地": "岩手県一関市大東町猿沢字板倉６０番地１", "緯度": 39.033609, "経度": 141.294764, "url": "https://www.iryou.teikyouseido.mhlw.go.jp/znk-web/juminkanja/S2430/initialize?prefCd=03&kikanCd=03200736&kikanKbn=2", "url2": null, "内容": "一関市国民健康保険猿沢診療所【2:診療所】【診療科目:内科_歯科】岩手県一関市大東町猿沢字板倉６０番地１" }, "geometry": { "type": "Point", "coordinates": [ 141.294764, 39.033609 ] } },
{ "type": "Feature", "properties": { "ID": 3203200737, "正式名称": "医療法人元成会遠藤医院", "機関区分": 2, "都道府県コード": 3, "市区町村コード": 209, "所在地": "岩手県一関市千厩町千厩字町浦３６番地", "緯度": 38.917806, "経度": 141.334231, "url": "https://www.iryou.teikyouseido.mhlw.go.jp/znk-web/juminkanja/S2430/initialize?prefCd=03&kikanCd=03200737&kikanKbn=2", "url2": null, "内容": "医療法人元成会遠藤医院【2:診療所】【診療科目:内科_外科_整形外科_皮膚科】岩手県一関市千厩町千厩字町浦３６番地" }, "geometry": { "type": "Point", "coordinates": [ 141.334231, 38.917806 ] } },
{ "type": "Feature", "properties": { "ID": 3203200739, "正式名称": "奥玉診療所", "機関区分": 2, "都道府県コード": 3, "市区町村コード": 209, "所在地": "岩手県一関市千厩町奥玉字石ノ御前８番地１", "緯度": 38.958359, "経度": 141.377264, "url": "https://www.iryou.teikyouseido.mhlw.go.jp/znk-web/juminkanja/S2430/initialize?prefCd=03&kikanCd=03200739&kikanKbn=2", "url2": null, "内容": "奥玉診療所【2:診療所】【診療科目:内科_小児科】岩手県一関市千厩町奥玉字石ノ御前８番地１" }, "geometry": { "type": "Point", "coordinates": [ 141.377264, 38.958359 ] } },
{ "type": "Feature", "properties": { "ID": 3203200741, "正式名称": "岩渕内科医院", "機関区分": 2, "都道府県コード": 3, "市区町村コード": 203, "所在地": "岩手県大船渡市大船渡町新田４９ー４", "緯度": 39.068368, "経度": 141.718077, "url": "https://www.iryou.teikyouseido.mhlw.go.jp/znk-web/juminkanja/S2430/initialize?prefCd=03&kikanCd=03200741&kikanKbn=2", "url2": null, "内容": "岩渕内科医院【2:診療所】【診療科目:内科_泌尿器科】岩手県大船渡市大船渡町新田４９ー４" }, "geometry": { "type": "Point", "coordinates": [ 141.718077, 39.068368 ] } },
{ "type": "Feature", "properties": { "ID": 3203200743, "正式名称": "山崎内科医院", "機関区分": 2, "都道府県コード": 3, "市区町村コード": 203, "所在地": "岩手県大船渡市盛町字内ノ目７ー２０", "緯度": 39.082649, "経度": 141.711067, "url": "https://www.iryou.teikyouseido.mhlw.go.jp/znk-web/juminkanja/S2430/initialize?prefCd=03&kikanCd=03200743&kikanKbn=2", "url2": null, "内容": "山崎内科医院【2:診療所】【診療科目:内科_呼吸器内科_循環器内科_消化器内科_神経内科】岩手県大船渡市盛町字内ノ目７ー２０" }, "geometry": { "type": "Point", "coordinates": [ 141.711067, 39.082649 ] } },
{ "type": "Feature", "properties": { "ID": 3203200753, "正式名称": "千葉医院", "機関区分": 2, "都道府県コード": 3, "市区町村コード": 208, "所在地": "岩手県遠野市穀町１－２２", "緯度": 39.329838, "経度": 141.532833, "url": "https://www.iryou.teikyouseido.mhlw.go.jp/znk-web/juminkanja/S2430/initialize?prefCd=03&kikanCd=03200753&kikanKbn=2", "url2": null, "内容": "千葉医院【2:診療所】【診療科目:皮膚科】岩手県遠野市穀町１－２２" }, "geometry": { "type": "Point", "coordinates": [ 141.532833, 39.329838 ] } },
{ "type": "Feature", "properties": { "ID": 3203200757, "正式名称": "すがわら消化器内科", "機関区分": 2, "都道府県コード": 3, "市区町村コード": 213, "所在地": "岩手県二戸市福岡３ー１", "緯度": 40.276142, "経度": 141.331913, "url": "https://www.iryou.teikyouseido.mhlw.go.jp/znk-web/juminkanja/S2430/initialize?prefCd=03&kikanCd=03200757&kikanKbn=2", "url2": null, "内容": "すがわら消化器内科【2:診療所】【診療科目:内科_消化器内科】岩手県二戸市福岡３ー１" }, "geometry": { "type": "Point", "coordinates": [ 141.331913, 40.276142 ] } },
{ "type": "Feature", "properties": { "ID": 3203200758, "正式名称": "菅クリニック", "機関区分": 2, "都道府県コード": 3, "市区町村コード": 213, "所在地": "岩手県二戸市石切所字川原３８番地１", "緯度": 40.259442, "経度": 141.277382, "url": "https://www.iryou.teikyouseido.mhlw.go.jp/znk-web/juminkanja/S2430/initialize?prefCd=03&kikanCd=03200758&kikanKbn=2", "url2": "https://www.ninohe-kanclinic.com", "内容": "菅クリニック【2:診療所】【診療科目:整形外科_形成外科_美容外科_皮膚科_美容皮膚科_リハビリテーション科_麻酔科】岩手県二戸市石切所字川原３８番地１" }, "geometry": { "type": "Point", "coordinates": [ 141.277382, 40.259442 ] } },
{ "type": "Feature", "properties": { "ID": 3203200761, "正式名称": "医療法人博心会一関すずき整形外科クリニック", "機関区分": 2, "都道府県コード": 3, "市区町村コード": 209, "所在地": "岩手県一関市山目字才天２２１番地", "緯度": 38.93167, "経度": 141.116718, "url": "https://www.iryou.teikyouseido.mhlw.go.jp/znk-web/juminkanja/S2430/initialize?prefCd=03&kikanCd=03200761&kikanKbn=2", "url2": "https://www.ichinoseki-suzuki-ortho.jp/", "内容": "医療法人博心会一関すずき整形外科クリニック【2:診療所】【診療科目:整形外科_リウマチ科_リハビリテーション科】岩手県一関市山目字才天２２１番地" }, "geometry": { "type": "Point", "coordinates": [ 141.116718, 38.93167 ] } },
{ "type": "Feature", "properties": { "ID": 3203200762, "正式名称": "医療法人　むらさきのクリニック", "機関区分": 2, "都道府県コード": 3, "市区町村コード": 206, "所在地": "岩手県北上市村崎野１５地割１５０番地１", "緯度": 39.321125, "経度": 141.121097, "url": "https://www.iryou.teikyouseido.mhlw.go.jp/znk-web/juminkanja/S2430/initialize?prefCd=03&kikanCd=03200762&kikanKbn=2", "url2": "https://www.murasakino-ko.com/", "内容": "医療法人　むらさきのクリニック【2:診療所】【診療科目:内科_消化器内科】岩手県北上市村崎野１５地割１５０番地１" }, "geometry": { "type": "Point", "coordinates": [ 141.121097, 39.321125 ] } },
{ "type": "Feature", "properties": { "ID": 3203200764, "正式名称": "いとう脳神経内科", "機関区分": 2, "都道府県コード": 3, "市区町村コード": 209, "所在地": "岩手県一関市上坊４番１２号", "緯度": 38.941479, "経度": 141.133617, "url": "https://www.iryou.teikyouseido.mhlw.go.jp/znk-web/juminkanja/S2430/initialize?prefCd=03&kikanCd=03200764&kikanKbn=2", "url2": null, "内容": "いとう脳神経内科【2:診療所】【診療科目:内科_神経内科_心療内科】岩手県一関市上坊４番１２号" }, "geometry": { "type": "Point", "coordinates": [ 141.133617, 38.941479 ] } },
{ "type": "Feature", "properties": { "ID": 3203200765, "正式名称": "医療法人七藤会　もりおか胃腸科内科クリニック", "機関区分": 2, "都道府県コード": 3, "市区町村コード": 201, "所在地": "岩手県盛岡市中ノ橋通２ー３ー２", "緯度": 39.698501, "経度": 141.159855, "url": "https://www.iryou.teikyouseido.mhlw.go.jp/znk-web/juminkanja/S2430/initialize?prefCd=03&kikanCd=03200765&kikanKbn=2", "url2": null, "内容": "医療法人七藤会　もりおか胃腸科内科クリニック【2:診療所】【診療科目:内科_糖尿病内科_消化器内科_胃腸内科_肝臓内科_胃腸科、消化器科_こう門科】岩手県盛岡市中ノ橋通２ー３ー２" }, "geometry": { "type": "Point", "coordinates": [ 141.159855, 39.698501 ] } },
{ "type": "Feature", "properties": { "ID": 3203200769, "正式名称": "はまと神経内科クリニック", "機関区分": 2, "都道府県コード": 3, "市区町村コード": 211, "所在地": "岩手県釜石市鵜住居町２丁目２０２番地", "緯度": 39.324044, "経度": 141.88464, "url": "https://www.iryou.teikyouseido.mhlw.go.jp/znk-web/juminkanja/S2430/initialize?prefCd=03&kikanCd=03200769&kikanKbn=2", "url2": null, "内容": "はまと神経内科クリニック【2:診療所】【診療科目:内科_神経内科】岩手県釜石市鵜住居町２丁目２０２番地" }, "geometry": { "type": "Point", "coordinates": [ 141.88464, 39.324044 ] } },
{ "type": "Feature", "properties": { "ID": 3203200771, "正式名称": "吉田内科循環器科医院", "機関区分": 2, "都道府県コード": 3, "市区町村コード": 209, "所在地": "岩手県一関市大東町大原字大明神８８番地１", "緯度": 39.016034, "経度": 141.391231, "url": "https://www.iryou.teikyouseido.mhlw.go.jp/znk-web/juminkanja/S2430/initialize?prefCd=03&kikanCd=03200771&kikanKbn=2", "url2": null, "内容": "吉田内科循環器科医院【2:診療所】【診療科目:内科_循環器内科_循環器科】岩手県一関市大東町大原字大明神８８番地１" }, "geometry": { "type": "Point", "coordinates": [ 141.391231, 39.016034 ] } },
{ "type": "Feature", "properties": { "ID": 3203200774, "正式名称": "医療法人おいかわ　及川皮膚科クリニック", "機関区分": 2, "都道府県コード": 3, "市区町村コード": 203, "所在地": "岩手県大船渡市猪川町字中井沢１０—１０", "緯度": 39.090897, "経度": 141.712803, "url": "https://www.iryou.teikyouseido.mhlw.go.jp/znk-web/juminkanja/S2430/initialize?prefCd=03&kikanCd=03200774&kikanKbn=2", "url2": null, "内容": "医療法人おいかわ　及川皮膚科クリニック【2:診療所】【診療科目:皮膚科】岩手県大船渡市猪川町字中井沢１０—１０" }, "geometry": { "type": "Point", "coordinates": [ 141.712803, 39.090897 ] } },
{ "type": "Feature", "properties": { "ID": 3203200775, "正式名称": "佐藤雅夫クリニック", "機関区分": 2, "都道府県コード": 3, "市区町村コード": 202, "所在地": "岩手県宮古市保久田", "緯度": 39.643642, "経度": 141.948016, "url": "https://www.iryou.teikyouseido.mhlw.go.jp/znk-web/juminkanja/S2430/initialize?prefCd=03&kikanCd=03200775&kikanKbn=2", "url2": "http://masa-st22469.byoinnavi.jp/pc/", "内容": "佐藤雅夫クリニック【2:診療所】【診療科目:内科_消化器内科_内視鏡内科_胃腸科_外科_消化器外科_胃腸外科_大腸外科_乳腺外科_女性乳腺外科_肛門外科_腹部外科_頭頸部・耳鼻いんこう科_リハビリテーション科_こう門科】岩手県宮古市保久田" }, "geometry": { "type": "Point", "coordinates": [ 141.948016, 39.643642 ] } },
{ "type": "Feature", "properties": { "ID": 3203200777, "正式名称": "医療法人ゆいの杜　ゆい内科呼吸器科クリニック", "機関区分": 2, "都道府県コード": 3, "市区町村コード": 201, "所在地": "岩手県盛岡市向中野２丁目５４ー１８", "緯度": 39.680755, "経度": 141.138277, "url": "https://www.iryou.teikyouseido.mhlw.go.jp/znk-web/juminkanja/S2430/initialize?prefCd=03&kikanCd=03200777&kikanKbn=2", "url2": "http://www.yui-cl.jp", "内容": "医療法人ゆいの杜　ゆい内科呼吸器科クリニック【2:診療所】【診療科目:内科_呼吸器内科_アレルギー疾患内科_睡眠時無呼吸、禁煙外来_アレルギー科】岩手県盛岡市向中野２丁目５４ー１８" }, "geometry": { "type": "Point", "coordinates": [ 141.138277, 39.680755 ] } },
{ "type": "Feature", "properties": { "ID": 3203200779, "正式名称": "三善眼科医院", "機関区分": 2, "都道府県コード": 3, "市区町村コード": 201, "所在地": "岩手県盛岡市西青山２ー１８ー４", "緯度": 39.727411, "経度": 141.109419, "url": "https://www.iryou.teikyouseido.mhlw.go.jp/znk-web/juminkanja/S2430/initialize?prefCd=03&kikanCd=03200779&kikanKbn=2", "url2": null, "内容": "三善眼科医院【2:診療所】【診療科目:眼科】岩手県盛岡市西青山２ー１８ー４" }, "geometry": { "type": "Point", "coordinates": [ 141.109419, 39.727411 ] } },
{ "type": "Feature", "properties": { "ID": 3203200780, "正式名称": "医療法人　佐々木皮膚科", "機関区分": 2, "都道府県コード": 3, "市区町村コード": 201, "所在地": "岩手県盛岡市高松２ー３ー５０", "緯度": 39.721711, "経度": 141.137752, "url": "https://www.iryou.teikyouseido.mhlw.go.jp/znk-web/juminkanja/S2430/initialize?prefCd=03&kikanCd=03200780&kikanKbn=2", "url2": "http://sasakihihuka.com/", "内容": "医療法人　佐々木皮膚科【2:診療所】【診療科目:皮膚科_アレルギー科】岩手県盛岡市高松２ー３ー５０" }, "geometry": { "type": "Point", "coordinates": [ 141.137752, 39.721711 ] } },
{ "type": "Feature", "properties": { "ID": 3203200782, "正式名称": "徳永整形外科", "機関区分": 2, "都道府県コード": 3, "市区町村コード": 322, "所在地": "岩手県紫波郡矢巾町南矢幅第９地割３２０番地", "緯度": 39.610973, "経度": 141.158438, "url": "https://www.iryou.teikyouseido.mhlw.go.jp/znk-web/juminkanja/S2430/initialize?prefCd=03&kikanCd=03200782&kikanKbn=2", "url2": null, "内容": "徳永整形外科【2:診療所】【診療科目:外科_整形外科_リウマチ科_リハビリテーション科】岩手県紫波郡矢巾町南矢幅第９地割３２０番地" }, "geometry": { "type": "Point", "coordinates": [ 141.158438, 39.610973 ] } },
{ "type": "Feature", "properties": { "ID": 3203200784, "正式名称": "鈴木内科消化器科クリニック", "機関区分": 2, "都道府県コード": 3, "市区町村コード": 215, "所在地": "岩手県奥州市水沢寺小路２６番地１", "緯度": 39.141371, "経度": 141.143762, "url": "https://www.iryou.teikyouseido.mhlw.go.jp/znk-web/juminkanja/S2430/initialize?prefCd=03&kikanCd=03200784&kikanKbn=2", "url2": null, "内容": "鈴木内科消化器科クリニック【2:診療所】【診療科目:内科_呼吸器内科_循環器内科_消化器内科_循環器科、消化器科、呼吸器科】岩手県奥州市水沢寺小路２６番地１" }, "geometry": { "type": "Point", "coordinates": [ 141.143762, 39.141371 ] } },
{ "type": "Feature", "properties": { "ID": 3203200785, "正式名称": "くろだ脳神経・頭痛クリニック", "機関区分": 2, "都道府県コード": 3, "市区町村コード": 201, "所在地": "岩手県盛岡市神明町１０ー３８", "緯度": 39.699564, "経度": 141.158839, "url": "https://www.iryou.teikyouseido.mhlw.go.jp/znk-web/juminkanja/S2430/initialize?prefCd=03&kikanCd=03200785&kikanKbn=2", "url2": "http://www.zutsuu-cl.com/", "内容": "くろだ脳神経・頭痛クリニック【2:診療所】【診療科目:神経内科_外科_脳神経外科_整形外科】岩手県盛岡市神明町１０ー３８" }, "geometry": { "type": "Point", "coordinates": [ 141.158839, 39.699564 ] } },
{ "type": "Feature", "properties": { "ID": 3203200786, "正式名称": "医療法人光寿会　ささきクリニック", "機関区分": 2, "都道府県コード": 3, "市区町村コード": 205, "所在地": "岩手県花巻市中北万丁目８３６番", "緯度": 39.392967, "経度": 141.093739, "url": "https://www.iryou.teikyouseido.mhlw.go.jp/znk-web/juminkanja/S2430/initialize?prefCd=03&kikanCd=03200786&kikanKbn=2", "url2": null, "内容": "医療法人光寿会　ささきクリニック【2:診療所】【診療科目:内科_胃腸科_外科_麻酔科_こう門科】岩手県花巻市中北万丁目８３６番" }, "geometry": { "type": "Point", "coordinates": [ 141.093739, 39.392967 ] } },
{ "type": "Feature", "properties": { "ID": 3203200787, "正式名称": "あてるい整形外科クリニック", "機関区分": 2, "都道府県コード": 3, "市区町村コード": 215, "所在地": "岩手県奥州市水沢佐倉河字東沖ノ目９１番地１", "緯度": 39.148898, "経度": 141.155031, "url": "https://www.iryou.teikyouseido.mhlw.go.jp/znk-web/juminkanja/S2430/initialize?prefCd=03&kikanCd=03200787&kikanKbn=2", "url2": null, "内容": "あてるい整形外科クリニック【2:診療所】【診療科目:整形外科_リウマチ科_リハビリテーション科】岩手県奥州市水沢佐倉河字東沖ノ目９１番地１" }, "geometry": { "type": "Point", "coordinates": [ 141.155031, 39.148898 ] } },
{ "type": "Feature", "properties": { "ID": 3203200789, "正式名称": "なおや脳神経・頭痛クリニック", "機関区分": 2, "都道府県コード": 3, "市区町村コード": 201, "所在地": "岩手県盛岡市本宮小板小瀬１３ー４", "緯度": 39.694062, "経度": 141.120067, "url": "https://www.iryou.teikyouseido.mhlw.go.jp/znk-web/juminkanja/S2430/initialize?prefCd=03&kikanCd=03200789&kikanKbn=2", "url2": "https://www.naoya-cl.com", "内容": "なおや脳神経・頭痛クリニック【2:診療所】【診療科目:神経内科_脳神経外科_リハビリテーション科】岩手県盛岡市本宮小板小瀬１３ー４" }, "geometry": { "type": "Point", "coordinates": [ 141.120067, 39.694062 ] } },
{ "type": "Feature", "properties": { "ID": 3203200790, "正式名称": "医療法人宏紀会　やまだ胃腸内科クリニック", "機関区分": 2, "都道府県コード": 3, "市区町村コード": 201, "所在地": "岩手県盛岡市津志田中央２ー１８ー３１", "緯度": 39.66003, "経度": 141.154226, "url": "https://www.iryou.teikyouseido.mhlw.go.jp/znk-web/juminkanja/S2430/initialize?prefCd=03&kikanCd=03200790&kikanKbn=2", "url2": "https://www.e-yamada-clinic.jp/", "内容": "医療法人宏紀会　やまだ胃腸内科クリニック【2:診療所】【診療科目:内科_消化器内科_漢方内科】岩手県盛岡市津志田中央２ー１８ー３１" }, "geometry": { "type": "Point", "coordinates": [ 141.154226, 39.66003 ] } },
{ "type": "Feature", "properties": { "ID": 3203200791, "正式名称": "ひらのこどもクリニック", "機関区分": 2, "都道府県コード": 3, "市区町村コード": 206, "所在地": "岩手県北上市上江釣子１７ー２１９ー１", "緯度": 39.297573, "経度": 141.072192, "url": "https://www.iryou.teikyouseido.mhlw.go.jp/znk-web/juminkanja/S2430/initialize?prefCd=03&kikanCd=03200791&kikanKbn=2", "url2": "http://www.hirano-piyopiyo.com", "内容": "ひらのこどもクリニック【2:診療所】【診療科目:小児科_アレルギー科】岩手県北上市上江釣子１７ー２１９ー１" }, "geometry": { "type": "Point", "coordinates": [ 141.072192, 39.297573 ] } },
{ "type": "Feature", "properties": { "ID": 3203200793, "正式名称": "藤田眼科医院", "機関区分": 2, "都道府県コード": 3, "市区町村コード": 206, "所在地": "岩手県北上市上江釣子１７地割２０４", "緯度": 39.29785, "経度": 141.073441, "url": "https://www.iryou.teikyouseido.mhlw.go.jp/znk-web/juminkanja/S2430/initialize?prefCd=03&kikanCd=03200793&kikanKbn=2", "url2": null, "内容": "藤田眼科医院【2:診療所】【診療科目:眼科】岩手県北上市上江釣子１７地割２０４" }, "geometry": { "type": "Point", "coordinates": [ 141.073441, 39.29785 ] } },
{ "type": "Feature", "properties": { "ID": 3203200794, "正式名称": "さとう整形外科・リウマチ科クリニック", "機関区分": 2, "都道府県コード": 3, "市区町村コード": 215, "所在地": "岩手県奥州市前沢向田１丁目１６－１", "緯度": 39.047489, "経度": 141.12966, "url": "https://www.iryou.teikyouseido.mhlw.go.jp/znk-web/juminkanja/S2430/initialize?prefCd=03&kikanCd=03200794&kikanKbn=2", "url2": "m-satoseikei.com", "内容": "さとう整形外科・リウマチ科クリニック【2:診療所】【診療科目:整形外科_リウマチ科_リハビリテーション科】岩手県奥州市前沢向田１丁目１６－１" }, "geometry": { "type": "Point", "coordinates": [ 141.12966, 39.047489 ] } },
{ "type": "Feature", "properties": { "ID": 3203200795, "正式名称": "おしかわ内科クリニック", "機関区分": 2, "都道府県コード": 3, "市区町村コード": 503, "所在地": "岩手県九戸郡野田村野田第２０地割２５番地２", "緯度": 40.1106577, "経度": 141.8176919, "url": "https://www.iryou.teikyouseido.mhlw.go.jp/znk-web/juminkanja/S2430/initialize?prefCd=03&kikanCd=03200795&kikanKbn=2", "url2": null, "内容": "おしかわ内科クリニック【2:診療所】【診療科目:内科_循環器科、消化器科、呼吸器科】岩手県九戸郡野田村野田第２０地割２５番地２" }, "geometry": { "type": "Point", "coordinates": [ 141.8176919, 40.1106577 ] } },
{ "type": "Feature", "properties": { "ID": 3203200796, "正式名称": "おおひら内科循環器科クリニック", "機関区分": 2, "都道府県コード": 3, "市区町村コード": 201, "所在地": "岩手県盛岡市梨木町２ー２", "緯度": 39.709889, "経度": 141.138243, "url": "https://www.iryou.teikyouseido.mhlw.go.jp/znk-web/juminkanja/S2430/initialize?prefCd=03&kikanCd=03200796&kikanKbn=2", "url2": "http://www.ohira-naika-junkankika-clinic.com/", "内容": "おおひら内科循環器科クリニック【2:診療所】【診療科目:内科_循環器内科】岩手県盛岡市梨木町２ー２" }, "geometry": { "type": "Point", "coordinates": [ 141.138243, 39.709889 ] } },
{ "type": "Feature", "properties": { "ID": 3203200797, "正式名称": "盛岡医療生活協同組合　さわやかクリニック", "機関区分": 2, "都道府県コード": 3, "市区町村コード": 303, "所在地": "岩手県岩手郡岩手町江刈内１０－４７－２", "緯度": 39.955686, "経度": 141.265233, "url": "https://www.iryou.teikyouseido.mhlw.go.jp/znk-web/juminkanja/S2430/initialize?prefCd=03&kikanCd=03200797&kikanKbn=2", "url2": "http://sawayaka-c.net/", "内容": "盛岡医療生活協同組合　さわやかクリニック【2:診療所】【診療科目:内科_血液・腫瘍内科_老年内科_循環器科、消化器科_耳鼻いんこう科_リハビリテーション科】岩手県岩手郡岩手町江刈内１０－４７－２" }, "geometry": { "type": "Point", "coordinates": [ 141.265233, 39.955686 ] } },
{ "type": "Feature", "properties": { "ID": 3203200798, "正式名称": "内科板倉医院", "機関区分": 2, "都道府県コード": 3, "市区町村コード": 215, "所在地": "岩手県奥州市水沢上姉体六丁目１番８号", "緯度": 39.117986, "経度": 141.160389, "url": "https://www.iryou.teikyouseido.mhlw.go.jp/znk-web/juminkanja/S2430/initialize?prefCd=03&kikanCd=03200798&kikanKbn=2", "url2": null, "内容": "内科板倉医院【2:診療所】【診療科目:内科_呼吸器内科_心療内科】岩手県奥州市水沢上姉体六丁目１番８号" }, "geometry": { "type": "Point", "coordinates": [ 141.160389, 39.117986 ] } },
{ "type": "Feature", "properties": { "ID": 3203200799, "正式名称": "吉田整形外科・リウマチ科クリニック", "機関区分": 2, "都道府県コード": 3, "市区町村コード": 201, "所在地": "岩手県盛岡市本町通一丁目９番２８号", "緯度": 39.705818, "経度": 141.15348, "url": "https://www.iryou.teikyouseido.mhlw.go.jp/znk-web/juminkanja/S2430/initialize?prefCd=03&kikanCd=03200799&kikanKbn=2", "url2": null, "内容": "吉田整形外科・リウマチ科クリニック【2:診療所】【診療科目:整形外科_リウマチ科_リハビリテーション科】岩手県盛岡市本町通一丁目９番２８号" }, "geometry": { "type": "Point", "coordinates": [ 141.15348, 39.705818 ] } },
{ "type": "Feature", "properties": { "ID": 3203200803, "正式名称": "医療法人たかがね内科泌尿器科クリニック", "機関区分": 2, "都道府県コード": 3, "市区町村コード": 209, "所在地": "岩手県一関市千厩町千厩字構井田４０番地", "緯度": 38.923955, "経度": 141.340608, "url": "https://www.iryou.teikyouseido.mhlw.go.jp/znk-web/juminkanja/S2430/initialize?prefCd=03&kikanCd=03200803&kikanKbn=2", "url2": "http://www.takagane.com", "内容": "医療法人たかがね内科泌尿器科クリニック【2:診療所】【診療科目:内科_外科_皮膚科_泌尿器科】岩手県一関市千厩町千厩字構井田４０番地" }, "geometry": { "type": "Point", "coordinates": [ 141.340608, 38.923955 ] } },
{ "type": "Feature", "properties": { "ID": 3203200807, "正式名称": "森眼科クリニック", "機関区分": 2, "都道府県コード": 3, "市区町村コード": 201, "所在地": "岩手県盛岡市盛岡駅前通１０ー２２", "緯度": 39.702824, "経度": 141.138488, "url": "https://www.iryou.teikyouseido.mhlw.go.jp/znk-web/juminkanja/S2430/initialize?prefCd=03&kikanCd=03200807&kikanKbn=2", "url2": "http://mori-ganka.or.jp", "内容": "森眼科クリニック【2:診療所】【診療科目:眼科】岩手県盛岡市盛岡駅前通１０ー２２" }, "geometry": { "type": "Point", "coordinates": [ 141.138488, 39.702824 ] } },
{ "type": "Feature", "properties": { "ID": 3203200808, "正式名称": "医療法人社団杜の希会千厩ひかりクリニック", "機関区分": 2, "都道府県コード": 3, "市区町村コード": 209, "所在地": "岩手県一関市千厩町千厩字石堂１３番地１２", "緯度": 38.921609, "経度": 141.343711, "url": "https://www.iryou.teikyouseido.mhlw.go.jp/znk-web/juminkanja/S2430/initialize?prefCd=03&kikanCd=03200808&kikanKbn=2", "url2": "http://www.hikari-clin.com", "内容": "医療法人社団杜の希会千厩ひかりクリニック【2:診療所】【診療科目:内科_脳神経内科_リハビリテーション科】岩手県一関市千厩町千厩字石堂１３番地１２" }, "geometry": { "type": "Point", "coordinates": [ 141.343711, 38.921609 ] } },
{ "type": "Feature", "properties": { "ID": 3203200809, "正式名称": "医療法人ＭＭＴ　本宮Ｃクリニック", "機関区分": 2, "都道府県コード": 3, "市区町村コード": 201, "所在地": "岩手県盛岡市向中野３丁目１０ー３", "緯度": 39.684335, "経度": 141.135038, "url": "https://www.iryou.teikyouseido.mhlw.go.jp/znk-web/juminkanja/S2430/initialize?prefCd=03&kikanCd=03200809&kikanKbn=2", "url2": "http://motomiya-c-clinic.com", "内容": "医療法人ＭＭＴ　本宮Ｃクリニック【2:診療所】【診療科目:内科_呼吸器内科_循環器内科】岩手県盛岡市向中野３丁目１０ー３" }, "geometry": { "type": "Point", "coordinates": [ 141.135038, 39.684335 ] } },
{ "type": "Feature", "properties": { "ID": 3203200810, "正式名称": "小野寺クリニック", "機関区分": 2, "都道府県コード": 3, "市区町村コード": 501, "所在地": "岩手県九戸郡軽米町軽米３ー５２ー３", "緯度": 40.324882, "経度": 141.443336, "url": "https://www.iryou.teikyouseido.mhlw.go.jp/znk-web/juminkanja/S2430/initialize?prefCd=03&kikanCd=03200810&kikanKbn=2", "url2": null, "内容": "小野寺クリニック【2:診療所】【診療科目:内科_皮膚科_泌尿器科】岩手県九戸郡軽米町軽米３ー５２ー３" }, "geometry": { "type": "Point", "coordinates": [ 141.443336, 40.324882 ] } },
{ "type": "Feature", "properties": { "ID": 3203200812, "正式名称": "さくらの内科クリニック", "機関区分": 2, "都道府県コード": 3, "市区町村コード": 206, "所在地": "岩手県北上市大曲町７－２０", "緯度": 39.286106, "経度": 141.11022, "url": "https://www.iryou.teikyouseido.mhlw.go.jp/znk-web/juminkanja/S2430/initialize?prefCd=03&kikanCd=03200812&kikanKbn=2", "url2": null, "内容": "さくらの内科クリニック【2:診療所】【診療科目:内科】岩手県北上市大曲町７－２０" }, "geometry": { "type": "Point", "coordinates": [ 141.11022, 39.286106 ] } },
{ "type": "Feature", "properties": { "ID": 3203200813, "正式名称": "北上脳神経外科クリニック", "機関区分": 2, "都道府県コード": 3, "市区町村コード": 303, "所在地": "岩手県岩手郡岩手町五日市１１－７９－６５", "緯度": 40.031511, "経度": 141.213815, "url": "https://www.iryou.teikyouseido.mhlw.go.jp/znk-web/juminkanja/S2430/initialize?prefCd=03&kikanCd=03200813&kikanKbn=2", "url2": "http://www.kitakami-neu.com/", "内容": "北上脳神経外科クリニック【2:診療所】【診療科目:内科_神経内科_外科_脳神経外科_整形外科_リハビリテーション科】岩手県岩手郡岩手町五日市１１－７９－６５" }, "geometry": { "type": "Point", "coordinates": [ 141.213815, 40.031511 ] } },
{ "type": "Feature", "properties": { "ID": 3203200814, "正式名称": "杜のこどもクリニック", "機関区分": 2, "都道府県コード": 3, "市区町村コード": 201, "所在地": "岩手県盛岡市向中野３丁目１０ー６", "緯度": 39.684017, "経度": 141.134973, "url": "https://www.iryou.teikyouseido.mhlw.go.jp/znk-web/juminkanja/S2430/initialize?prefCd=03&kikanCd=03200814&kikanKbn=2", "url2": "http://202.171.145.54/cti/hs789/index_i.html", "内容": "杜のこどもクリニック【2:診療所】【診療科目:小児科】岩手県盛岡市向中野３丁目１０ー６" }, "geometry": { "type": "Point", "coordinates": [ 141.134973, 39.684017 ] } },
{ "type": "Feature", "properties": { "ID": 3203200815, "正式名称": "もりおか心のクリニック", "機関区分": 2, "都道府県コード": 3, "市区町村コード": 201, "所在地": "岩手県盛岡市本宮６丁目１ー４８", "緯度": 39.688093, "経度": 141.124935, "url": "https://www.iryou.teikyouseido.mhlw.go.jp/znk-web/juminkanja/S2430/initialize?prefCd=03&kikanCd=03200815&kikanKbn=2", "url2": "http://www.moricoco.com", "内容": "もりおか心のクリニック【2:診療所】【診療科目:精神科_心療内科】岩手県盛岡市本宮６丁目１ー４８" }, "geometry": { "type": "Point", "coordinates": [ 141.124935, 39.688093 ] } },
{ "type": "Feature", "properties": { "ID": 3203200816, "正式名称": "ちあき眼科クリニック", "機関区分": 2, "都道府県コード": 3, "市区町村コード": 201, "所在地": "岩手県盛岡市山岸二丁目９ー２５", "緯度": 39.713232, "経度": 141.166987, "url": "https://www.iryou.teikyouseido.mhlw.go.jp/znk-web/juminkanja/S2430/initialize?prefCd=03&kikanCd=03200816&kikanKbn=2", "url2": null, "内容": "ちあき眼科クリニック【2:診療所】【診療科目:眼科】岩手県盛岡市山岸二丁目９ー２５" }, "geometry": { "type": "Point", "coordinates": [ 141.166987, 39.713232 ] } },
{ "type": "Feature", "properties": { "ID": 3203200817, "正式名称": "むらた眼科クリニック", "機関区分": 2, "都道府県コード": 3, "市区町村コード": 201, "所在地": "岩手県盛岡市みたけ五丁目８ー３０", "緯度": 39.739778, "経度": 141.111561, "url": "https://www.iryou.teikyouseido.mhlw.go.jp/znk-web/juminkanja/S2430/initialize?prefCd=03&kikanCd=03200817&kikanKbn=2", "url2": "http://www.murataganka-clinic.com", "内容": "むらた眼科クリニック【2:診療所】【診療科目:眼科】岩手県盛岡市みたけ五丁目８ー３０" }, "geometry": { "type": "Point", "coordinates": [ 141.111561, 39.739778 ] } },
{ "type": "Feature", "properties": { "ID": 3203200820, "正式名称": "医療法人　菊地内科クリニック", "機関区分": 2, "都道府県コード": 3, "市区町村コード": 205, "所在地": "岩手県花巻市浅沢８３ー３", "緯度": 39.404021, "経度": 141.117464, "url": "https://www.iryou.teikyouseido.mhlw.go.jp/znk-web/juminkanja/S2430/initialize?prefCd=03&kikanCd=03200820&kikanKbn=2", "url2": null, "内容": "医療法人　菊地内科クリニック【2:診療所】【診療科目:内科_循環器科、呼吸器科_アレルギー科】岩手県花巻市浅沢８３ー３" }, "geometry": { "type": "Point", "coordinates": [ 141.117464, 39.404021 ] } },
{ "type": "Feature", "properties": { "ID": 3203200821, "正式名称": "とみつか脳神経外科クリニック", "機関区分": 2, "都道府県コード": 3, "市区町村コード": 205, "所在地": "岩手県花巻市御田屋町１ー４１", "緯度": 39.387282, "経度": 141.124188, "url": "https://www.iryou.teikyouseido.mhlw.go.jp/znk-web/juminkanja/S2430/initialize?prefCd=03&kikanCd=03200821&kikanKbn=2", "url2": "http://tomy-clinic.net", "内容": "とみつか脳神経外科クリニック【2:診療所】【診療科目:内科_神経内科_外科_脳神経外科_リハビリテーション科】岩手県花巻市御田屋町１ー４１" }, "geometry": { "type": "Point", "coordinates": [ 141.124188, 39.387282 ] } },
{ "type": "Feature", "properties": { "ID": 3203200822, "正式名称": "医療法人　桜心会　おりそ内科・循環器クリニック", "機関区分": 2, "都道府県コード": 3, "市区町村コード": 213, "所在地": "岩手県二戸市福岡字長嶺３５番地４", "緯度": 40.279194, "経度": 141.299351, "url": "https://www.iryou.teikyouseido.mhlw.go.jp/znk-web/juminkanja/S2430/initialize?prefCd=03&kikanCd=03200822&kikanKbn=2", "url2": "http://www.oriso.or.jp", "内容": "医療法人　桜心会　おりそ内科・循環器クリニック【2:診療所】【診療科目:内科_呼吸器内科_循環器内科】岩手県二戸市福岡字長嶺３５番地４" }, "geometry": { "type": "Point", "coordinates": [ 141.299351, 40.279194 ] } },
{ "type": "Feature", "properties": { "ID": 3203200823, "正式名称": "医療法人社団銀河　雫石大森クリニック", "機関区分": 2, "都道府県コード": 3, "市区町村コード": 301, "所在地": "岩手県岩手郡雫石町千刈田７９ー２", "緯度": 39.694611, "経度": 140.975695, "url": "https://www.iryou.teikyouseido.mhlw.go.jp/znk-web/juminkanja/S2430/initialize?prefCd=03&kikanCd=03200823&kikanKbn=2", "url2": null, "内容": "医療法人社団銀河　雫石大森クリニック【2:診療所】【診療科目:内科_消化器科_外科_眼科_こう門科】岩手県岩手郡雫石町千刈田７９ー２" }, "geometry": { "type": "Point", "coordinates": [ 140.975695, 39.694611 ] } },
{ "type": "Feature", "properties": { "ID": 3203200824, "正式名称": "医療法人しろと内科循環器科クリニック", "機関区分": 2, "都道府県コード": 3, "市区町村コード": 207, "所在地": "岩手県久慈市田屋町第１地割３５番地１", "緯度": 40.194761, "経度": 141.776191, "url": "https://www.iryou.teikyouseido.mhlw.go.jp/znk-web/juminkanja/S2430/initialize?prefCd=03&kikanCd=03200824&kikanKbn=2", "url2": null, "内容": "医療法人しろと内科循環器科クリニック【2:診療所】【診療科目:内科_循環器内科】岩手県久慈市田屋町第１地割３５番地１" }, "geometry": { "type": "Point", "coordinates": [ 141.776191, 40.194761 ] } },
{ "type": "Feature", "properties": { "ID": 3203200825, "正式名称": "盛岡南眼科", "機関区分": 2, "都道府県コード": 3, "市区町村コード": 201, "所在地": "岩手県盛岡市本宮七丁目１番１号　イオンモール盛岡南２Ｆ", "緯度": 39.683472, "経度": 141.128516, "url": "https://www.iryou.teikyouseido.mhlw.go.jp/znk-web/juminkanja/S2430/initialize?prefCd=03&kikanCd=03200825&kikanKbn=2", "url2": "https://www.moriokaminami-ganka.com/", "内容": "盛岡南眼科【2:診療所】【診療科目:眼科】岩手県盛岡市本宮七丁目１番１号　イオンモール盛岡南２Ｆ" }, "geometry": { "type": "Point", "coordinates": [ 141.128516, 39.683472 ] } },
{ "type": "Feature", "properties": { "ID": 3203200826, "正式名称": "村井小児科クリニック", "機関区分": 2, "都道府県コード": 3, "市区町村コード": 381, "所在地": "岩手県胆沢郡金ケ崎町西根下谷地９３番１", "緯度": 39.20174, "経度": 141.104265, "url": "https://www.iryou.teikyouseido.mhlw.go.jp/znk-web/juminkanja/S2430/initialize?prefCd=03&kikanCd=03200826&kikanKbn=2", "url2": null, "内容": "村井小児科クリニック【2:診療所】【診療科目:小児科】岩手県胆沢郡金ケ崎町西根下谷地９３番１" }, "geometry": { "type": "Point", "coordinates": [ 141.104265, 39.20174 ] } },
{ "type": "Feature", "properties": { "ID": 3203200829, "正式名称": "石鳥谷駅前クリニック", "機関区分": 2, "都道府県コード": 3, "市区町村コード": 205, "所在地": "岩手県花巻市石鳥谷町好地第７地割２０９番地２", "緯度": 39.491498, "経度": 141.145645, "url": "https://www.iryou.teikyouseido.mhlw.go.jp/znk-web/juminkanja/S2430/initialize?prefCd=03&kikanCd=03200829&kikanKbn=2", "url2": "http://ishidoriya,exblog.jp/", "内容": "石鳥谷駅前クリニック【2:診療所】【診療科目:内科_外科_整形外科_小児科】岩手県花巻市石鳥谷町好地第７地割２０９番地２" }, "geometry": { "type": "Point", "coordinates": [ 141.145645, 39.491498 ] } },
{ "type": "Feature", "properties": { "ID": 3203200830, "正式名称": "かげやまクリニック", "機関区分": 2, "都道府県コード": 3, "市区町村コード": 209, "所在地": "岩手県一関市字西沢２８番地１", "緯度": 38.92167, "経度": 141.138515, "url": "https://www.iryou.teikyouseido.mhlw.go.jp/znk-web/juminkanja/S2430/initialize?prefCd=03&kikanCd=03200830&kikanKbn=2", "url2": null, "内容": "かげやまクリニック【2:診療所】【診療科目:内科_外科_泌尿器科】岩手県一関市字西沢２８番地１" }, "geometry": { "type": "Point", "coordinates": [ 141.138515, 38.92167 ] } },
{ "type": "Feature", "properties": { "ID": 3203200834, "正式名称": "須田内科医院", "機関区分": 2, "都道府県コード": 3, "市区町村コード": 205, "所在地": "岩手県花巻市円万寺字下中野４６ー４", "緯度": 39.390108, "経度": 141.053149, "url": "https://www.iryou.teikyouseido.mhlw.go.jp/znk-web/juminkanja/S2430/initialize?prefCd=03&kikanCd=03200834&kikanKbn=2", "url2": "https://suda-naika.jp", "内容": "須田内科医院【2:診療所】【診療科目:内科_呼吸器内科_循環器内科_リハビリテーション科】岩手県花巻市円万寺字下中野４６ー４" }, "geometry": { "type": "Point", "coordinates": [ 141.053149, 39.390108 ] } },
{ "type": "Feature", "properties": { "ID": 3203200835, "正式名称": "岩手県立中央病院附属大迫地域診療センター", "機関区分": 2, "都道府県コード": 3, "市区町村コード": 205, "所在地": "岩手県花巻市大迫町大迫第１３地割２０番地１", "緯度": 39.471385, "経度": 141.278107, "url": "https://www.iryou.teikyouseido.mhlw.go.jp/znk-web/juminkanja/S2430/initialize?prefCd=03&kikanCd=03200835&kikanKbn=2", "url2": "https://www.pref.iwate.jp/iryoukyoku/oohasama/index.html", "内容": "岩手県立中央病院附属大迫地域診療センター【2:診療所】【診療科目:内科_外科】岩手県花巻市大迫町大迫第１３地割２０番地１" }, "geometry": { "type": "Point", "coordinates": [ 141.278107, 39.471385 ] } },
{ "type": "Feature", "properties": { "ID": 3203200837, "正式名称": "桂島医院", "機関区分": 2, "都道府県コード": 3, "市区町村コード": 209, "所在地": "岩手県一関市字駅前２２番地", "緯度": 38.925124, "経度": 141.136186, "url": "https://www.iryou.teikyouseido.mhlw.go.jp/znk-web/juminkanja/S2430/initialize?prefCd=03&kikanCd=03200837&kikanKbn=2", "url2": "http://www.myclinic.ne.jp/katsurashima/", "内容": "桂島医院【2:診療所】【診療科目:内科_消化器内科】岩手県一関市字駅前２２番地" }, "geometry": { "type": "Point", "coordinates": [ 141.136186, 38.925124 ] } },
{ "type": "Feature", "properties": { "ID": 3203200838, "正式名称": "いしい内科・糖尿病クリニック", "機関区分": 2, "都道府県コード": 3, "市区町村コード": 201, "所在地": "岩手県盛岡市中ノ橋通１丁目４ー２０水晶堂ビル", "緯度": 39.700225, "経度": 141.156018, "url": "https://www.iryou.teikyouseido.mhlw.go.jp/znk-web/juminkanja/S2430/initialize?prefCd=03&kikanCd=03200838&kikanKbn=2", "url2": "http://nakanohashi.jp", "内容": "いしい内科・糖尿病クリニック【2:診療所】【診療科目:内科_糖尿病内科_消化器内科_整形外科】岩手県盛岡市中ノ橋通１丁目４ー２０水晶堂ビル" }, "geometry": { "type": "Point", "coordinates": [ 141.156018, 39.700225 ] } },
{ "type": "Feature", "properties": { "ID": 3203200840, "正式名称": "坂の上野田村太志クリニック", "機関区分": 2, "都道府県コード": 3, "市区町村コード": 206, "所在地": "岩手県北上市上野町４ー２ー１５", "緯度": 39.300373, "経度": 141.128422, "url": "https://www.iryou.teikyouseido.mhlw.go.jp/znk-web/juminkanja/S2430/initialize?prefCd=03&kikanCd=03200840&kikanKbn=2", "url2": "http://web.ginga-net.ne.jp/tamura-clinic/", "内容": "坂の上野田村太志クリニック【2:診療所】【診療科目:内科_呼吸器内科_循環器内科_アレルギー科】岩手県北上市上野町４ー２ー１５" }, "geometry": { "type": "Point", "coordinates": [ 141.128422, 39.300373 ] } },
{ "type": "Feature", "properties": { "ID": 3203200842, "正式名称": "医療法人　星が丘瀬川皮膚科クリニック", "機関区分": 2, "都道府県コード": 3, "市区町村コード": 205, "所在地": "岩手県花巻市星が丘１−８ー１４", "緯度": 39.401725, "経度": 141.101274, "url": "https://www.iryou.teikyouseido.mhlw.go.jp/znk-web/juminkanja/S2430/initialize?prefCd=03&kikanCd=03200842&kikanKbn=2", "url2": "http://http://hifu.littlestar.jp", "内容": "医療法人　星が丘瀬川皮膚科クリニック【2:診療所】【診療科目:皮膚科】岩手県花巻市星が丘１−８ー１４" }, "geometry": { "type": "Point", "coordinates": [ 141.101274, 39.401725 ] } },
{ "type": "Feature", "properties": { "ID": 3203200843, "正式名称": "養護老人ホーム北星荘医務室", "機関区分": 2, "都道府県コード": 3, "市区町村コード": 206, "所在地": "岩手県北上市下鬼柳１７地割１２７番地５", "緯度": 39.267394, "経度": 141.090053, "url": "https://www.iryou.teikyouseido.mhlw.go.jp/znk-web/juminkanja/S2430/initialize?prefCd=03&kikanCd=03200843&kikanKbn=2", "url2": null, "内容": "養護老人ホーム北星荘医務室【2:診療所】【診療科目:内科】岩手県北上市下鬼柳１７地割１２７番地５" }, "geometry": { "type": "Point", "coordinates": [ 141.090053, 39.267394 ] } },
{ "type": "Feature", "properties": { "ID": 3203200844, "正式名称": "医療法人社団北良会　かさい睡眠呼吸器クリニック", "機関区分": 2, "都道府県コード": 3, "市区町村コード": 206, "所在地": "岩手県北上市堤ケ丘１－９－３２", "緯度": 39.309872, "経度": 141.114641, "url": "https://www.iryou.teikyouseido.mhlw.go.jp/znk-web/juminkanja/S2430/initialize?prefCd=03&kikanCd=03200844&kikanKbn=2", "url2": "http://www.kasai-clinic.net", "内容": "医療法人社団北良会　かさい睡眠呼吸器クリニック【2:診療所】【診療科目:内科_呼吸器内科_アレルギー科】岩手県北上市堤ケ丘１－９－３２" }, "geometry": { "type": "Point", "coordinates": [ 141.114641, 39.309872 ] } },
{ "type": "Feature", "properties": { "ID": 3203200845, "正式名称": "医療法人さくらな会菜の花皮膚科クリニック", "機関区分": 2, "都道府県コード": 3, "市区町村コード": 209, "所在地": "岩手県一関市山目字中野６２番地１", "緯度": 38.934828, "経度": 141.113642, "url": "https://www.iryou.teikyouseido.mhlw.go.jp/znk-web/juminkanja/S2430/initialize?prefCd=03&kikanCd=03200845&kikanKbn=2", "url2": "http://www.sugawara-hifuka.com", "内容": "医療法人さくらな会菜の花皮膚科クリニック【2:診療所】【診療科目:形成外科_皮膚科_アレルギー科】岩手県一関市山目字中野６２番地１" }, "geometry": { "type": "Point", "coordinates": [ 141.113642, 38.934828 ] } },
{ "type": "Feature", "properties": { "ID": 3203200846, "正式名称": "原田内科脳神経機能クリニック", "機関区分": 2, "都道府県コード": 3, "市区町村コード": 201, "所在地": "岩手県盛岡市山岸３ー２ー１山岸中央ビル", "緯度": 39.71608, "経度": 141.168956, "url": "https://www.iryou.teikyouseido.mhlw.go.jp/znk-web/juminkanja/S2430/initialize?prefCd=03&kikanCd=03200846&kikanKbn=2", "url2": "http://harada-cl.info/", "内容": "原田内科脳神経機能クリニック【2:診療所】【診療科目:内科_脳神経外科_精神科_心療内科】岩手県盛岡市山岸３ー２ー１山岸中央ビル" }, "geometry": { "type": "Point", "coordinates": [ 141.168956, 39.71608 ] } },
{ "type": "Feature", "properties": { "ID": 3203200847, "正式名称": "かわさきファミリークリニック", "機関区分": 2, "都道府県コード": 3, "市区町村コード": 209, "所在地": "岩手県一関市川崎町薄衣字久伝３８番地１", "緯度": 38.898924, "経度": 141.274232, "url": "https://www.iryou.teikyouseido.mhlw.go.jp/znk-web/juminkanja/S2430/initialize?prefCd=03&kikanCd=03200847&kikanKbn=2", "url2": "https://c-kfc.com", "内容": "かわさきファミリークリニック【2:診療所】【診療科目:内科_糖尿病内科_消化器内科】岩手県一関市川崎町薄衣字久伝３８番地１" }, "geometry": { "type": "Point", "coordinates": [ 141.274232, 38.898924 ] } },
{ "type": "Feature", "properties": { "ID": 3203200848, "正式名称": "奥州金ケ崎夜間診療所", "機関区分": 2, "都道府県コード": 3, "市区町村コード": 215, "所在地": "岩手県奥州市水沢字多賀２１番地の１", "緯度": 39.13961, "経度": 141.14473, "url": "https://www.iryou.teikyouseido.mhlw.go.jp/znk-web/juminkanja/S2430/initialize?prefCd=03&kikanCd=03200848&kikanKbn=2", "url2": null, "内容": "奥州金ケ崎夜間診療所【2:診療所】【診療科目:内科_小児科】岩手県奥州市水沢字多賀２１番地の１" }, "geometry": { "type": "Point", "coordinates": [ 141.14473, 39.13961 ] } },
{ "type": "Feature", "properties": { "ID": 3203200849, "正式名称": "おばら内科・消化器内科クリニック", "機関区分": 2, "都道府県コード": 3, "市区町村コード": 205, "所在地": "岩手県花巻市仲町５ー８", "緯度": 39.387541, "経度": 141.11896, "url": "https://www.iryou.teikyouseido.mhlw.go.jp/znk-web/juminkanja/S2430/initialize?prefCd=03&kikanCd=03200849&kikanKbn=2", "url2": "http://www.obaranaika.jp/", "内容": "おばら内科・消化器内科クリニック【2:診療所】【診療科目:内科_消化器内科_消化器内科】岩手県花巻市仲町５ー８" }, "geometry": { "type": "Point", "coordinates": [ 141.11896, 39.387541 ] } },
{ "type": "Feature", "properties": { "ID": 3203200852, "正式名称": "さとう消化器科内科クリニック", "機関区分": 2, "都道府県コード": 3, "市区町村コード": 205, "所在地": "岩手県花巻市石鳥谷町好地１６－９－５", "緯度": 39.499297, "経度": 141.154142, "url": "https://www.iryou.teikyouseido.mhlw.go.jp/znk-web/juminkanja/S2430/initialize?prefCd=03&kikanCd=03200852&kikanKbn=2", "url2": "https://sato-shokaki-cln.jp/", "内容": "さとう消化器科内科クリニック【2:診療所】【診療科目:内科_消化器内科】岩手県花巻市石鳥谷町好地１６－９－５" }, "geometry": { "type": "Point", "coordinates": [ 141.154142, 39.499297 ] } },
{ "type": "Feature", "properties": { "ID": 3203200853, "正式名称": "佐藤健レディースクリニック", "機関区分": 2, "都道府県コード": 3, "市区町村コード": 201, "所在地": "岩手県盛岡市津志田西二丁目１３ー８３", "緯度": 39.66381, "経度": 141.150135, "url": "https://www.iryou.teikyouseido.mhlw.go.jp/znk-web/juminkanja/S2430/initialize?prefCd=03&kikanCd=03200853&kikanKbn=2", "url2": "http://www.satoken-ladies-clinic.com", "内容": "佐藤健レディースクリニック【2:診療所】【診療科目:産婦人科】岩手県盛岡市津志田西二丁目１３ー８３" }, "geometry": { "type": "Point", "coordinates": [ 141.150135, 39.66381 ] } },
{ "type": "Feature", "properties": { "ID": 3203200854, "正式名称": "医療法人　拓帆会　さいとう小児科クリニック", "機関区分": 2, "都道府県コード": 3, "市区町村コード": 201, "所在地": "岩手県盛岡市月が丘二丁目２番６０号", "緯度": 39.731162, "経度": 141.107634, "url": "https://www.iryou.teikyouseido.mhlw.go.jp/znk-web/juminkanja/S2430/initialize?prefCd=03&kikanCd=03200854&kikanKbn=2", "url2": "http://saito-ped.jp/", "内容": "医療法人　拓帆会　さいとう小児科クリニック【2:診療所】【診療科目:循環器内科_小児科_アレルギー科】岩手県盛岡市月が丘二丁目２番６０号" }, "geometry": { "type": "Point", "coordinates": [ 141.107634, 39.731162 ] } },
{ "type": "Feature", "properties": { "ID": 3203200856, "正式名称": "金子整形外科医院", "機関区分": 2, "都道府県コード": 3, "市区町村コード": 205, "所在地": "岩手県花巻市石鳥谷町八幡３－７６－５", "緯度": 39.480243, "経度": 141.147113, "url": "https://www.iryou.teikyouseido.mhlw.go.jp/znk-web/juminkanja/S2430/initialize?prefCd=03&kikanCd=03200856&kikanKbn=2", "url2": null, "内容": "金子整形外科医院【2:診療所】【診療科目:外科_整形外科_リウマチ科_リハビリテーション科】岩手県花巻市石鳥谷町八幡３－７６－５" }, "geometry": { "type": "Point", "coordinates": [ 141.147113, 39.480243 ] } },
{ "type": "Feature", "properties": { "ID": 3203200857, "正式名称": "医療法人社団徳心会　花城循環器クリニック", "機関区分": 2, "都道府県コード": 3, "市区町村コード": 205, "所在地": "岩手県花巻市花城町１２－１１", "緯度": 39.387386, "経度": 141.116173, "url": "https://www.iryou.teikyouseido.mhlw.go.jp/znk-web/juminkanja/S2430/initialize?prefCd=03&kikanCd=03200857&kikanKbn=2", "url2": null, "内容": "医療法人社団徳心会　花城循環器クリニック【2:診療所】【診療科目:循環器内科】岩手県花巻市花城町１２－１１" }, "geometry": { "type": "Point", "coordinates": [ 141.116173, 39.387386 ] } },
{ "type": "Feature", "properties": { "ID": 3203200858, "正式名称": "恵ライフクリニック", "機関区分": 2, "都道府県コード": 3, "市区町村コード": 205, "所在地": "岩手県花巻市太田第５１地割２２１", "緯度": 39.363962, "経度": 141.067261, "url": "https://www.iryou.teikyouseido.mhlw.go.jp/znk-web/juminkanja/S2430/initialize?prefCd=03&kikanCd=03200858&kikanKbn=2", "url2": "http://www.kei-life.com", "内容": "恵ライフクリニック【2:診療所】【診療科目:内科_リハビリテーション科】岩手県花巻市太田第５１地割２２１" }, "geometry": { "type": "Point", "coordinates": [ 141.067261, 39.363962 ] } },
{ "type": "Feature", "properties": { "ID": 3203200859, "正式名称": "雫石町立雫石診療所", "機関区分": 2, "都道府県コード": 3, "市区町村コード": 301, "所在地": "岩手県岩手郡雫石町万田渡７４番地１", "緯度": 39.696482, "経度": 140.970415, "url": "https://www.iryou.teikyouseido.mhlw.go.jp/znk-web/juminkanja/S2430/initialize?prefCd=03&kikanCd=03200859&kikanKbn=2", "url2": "http://www.town.shizukuishi.iwate.jp", "内容": "雫石町立雫石診療所【2:診療所】【診療科目:内科】岩手県岩手郡雫石町万田渡７４番地１" }, "geometry": { "type": "Point", "coordinates": [ 140.970415, 39.696482 ] } },
{ "type": "Feature", "properties": { "ID": 3203200860, "正式名称": "医療法人　希実会　守口医院", "機関区分": 2, "都道府県コード": 3, "市区町村コード": 208, "所在地": "岩手県遠野市材木町２－２５", "緯度": 39.333717, "経度": 141.529583, "url": "https://www.iryou.teikyouseido.mhlw.go.jp/znk-web/juminkanja/S2430/initialize?prefCd=03&kikanCd=03200860&kikanKbn=2", "url2": "https://moriguchi-iin.jp", "内容": "医療法人　希実会　守口医院【2:診療所】【診療科目:内科_脳神経外科】岩手県遠野市材木町２－２５" }, "geometry": { "type": "Point", "coordinates": [ 141.529583, 39.333717 ] } },
{ "type": "Feature", "properties": { "ID": 3203200862, "正式名称": "蓬田内科医院", "機関区分": 2, "都道府県コード": 3, "市区町村コード": 209, "所在地": "岩手県一関市花泉町涌津字二ノ町８番地１", "緯度": 38.83007, "経度": 141.18498, "url": "https://www.iryou.teikyouseido.mhlw.go.jp/znk-web/juminkanja/S2430/initialize?prefCd=03&kikanCd=03200862&kikanKbn=2", "url2": "https://yomogita-naika.ivalue.info", "内容": "蓬田内科医院【2:診療所】【診療科目:内科_呼吸器内科_循環器内科_消化器内科】岩手県一関市花泉町涌津字二ノ町８番地１" }, "geometry": { "type": "Point", "coordinates": [ 141.18498, 38.83007 ] } },
{ "type": "Feature", "properties": { "ID": 3203200864, "正式名称": "釜石ファミリークリニック", "機関区分": 2, "都道府県コード": 3, "市区町村コード": 211, "所在地": "岩手県釜石市大渡町三丁目１５番２６号", "緯度": 39.273576, "経度": 141.878466, "url": "https://www.iryou.teikyouseido.mhlw.go.jp/znk-web/juminkanja/S2430/initialize?prefCd=03&kikanCd=03200864&kikanKbn=2", "url2": null, "内容": "釜石ファミリークリニック【2:診療所】【診療科目:内科_脳神経外科】岩手県釜石市大渡町三丁目１５番２６号" }, "geometry": { "type": "Point", "coordinates": [ 141.878466, 39.273576 ] } },
{ "type": "Feature", "properties": { "ID": 3203200869, "正式名称": "笠原耳鼻咽喉科医院", "機関区分": 2, "都道府県コード": 3, "市区町村コード": 209, "所在地": "岩手県一関市五代町５番３号", "緯度": 38.936654, "経度": 141.13081, "url": "https://www.iryou.teikyouseido.mhlw.go.jp/znk-web/juminkanja/S2430/initialize?prefCd=03&kikanCd=03200869&kikanKbn=2", "url2": "http://nightsky.pekori.to/med/", "内容": "笠原耳鼻咽喉科医院【2:診療所】【診療科目:耳鼻いんこう科】岩手県一関市五代町５番３号" }, "geometry": { "type": "Point", "coordinates": [ 141.13081, 38.936654 ] } },
{ "type": "Feature", "properties": { "ID": 3203200871, "正式名称": "医療法人コスモスレディースクリニック", "機関区分": 2, "都道府県コード": 3, "市区町村コード": 209, "所在地": "岩手県一関市田村町５番５６号", "緯度": 38.930428, "経度": 141.132074, "url": "https://www.iryou.teikyouseido.mhlw.go.jp/znk-web/juminkanja/S2430/initialize?prefCd=03&kikanCd=03200871&kikanKbn=2", "url2": "cosmos-ladies-clinic.com", "内容": "医療法人コスモスレディースクリニック【2:診療所】【診療科目:産婦人科】岩手県一関市田村町５番５６号" }, "geometry": { "type": "Point", "coordinates": [ 141.132074, 38.930428 ] } },
{ "type": "Feature", "properties": { "ID": 3203200886, "正式名称": "特別養護老人ホーム成仁ハウス百年の里医務室", "機関区分": 2, "都道府県コード": 3, "市区町村コード": 203, "所在地": "岩手県大船渡市立根町字宮田９ー１", "緯度": 39.100738, "経度": 141.710854, "url": "https://www.iryou.teikyouseido.mhlw.go.jp/znk-web/juminkanja/S2430/initialize?prefCd=03&kikanCd=03200886&kikanKbn=2", "url2": null, "内容": "特別養護老人ホーム成仁ハウス百年の里医務室【2:診療所】【診療科目:内科】岩手県大船渡市立根町字宮田９ー１" }, "geometry": { "type": "Point", "coordinates": [ 141.710854, 39.100738 ] } },
{ "type": "Feature", "properties": { "ID": 3203200887, "正式名称": "障がい者支援施設　吉浜荘　医務室", "機関区分": 2, "都道府県コード": 3, "市区町村コード": 203, "所在地": "岩手県大船渡市三陸町吉浜字上野１２５番地２２４", "緯度": 39.160058, "経度": 141.830713, "url": "https://www.iryou.teikyouseido.mhlw.go.jp/znk-web/juminkanja/S2430/initialize?prefCd=03&kikanCd=03200887&kikanKbn=2", "url2": null, "内容": "障がい者支援施設　吉浜荘　医務室【2:診療所】【診療科目:心療内科】岩手県大船渡市三陸町吉浜字上野１２５番地２２４" }, "geometry": { "type": "Point", "coordinates": [ 141.830713, 39.160058 ] } },
{ "type": "Feature", "properties": { "ID": 3203200889, "正式名称": "社会福祉法人高寿会　特別養護老人ホーム　高寿園医務室", "機関区分": 2, "都道府県コード": 3, "市区町村コード": 210, "所在地": "岩手県陸前高田市高田町字東和野６７", "緯度": 39.02174, "経度": 141.63956, "url": "https://www.iryou.teikyouseido.mhlw.go.jp/znk-web/juminkanja/S2430/initialize?prefCd=03&kikanCd=03200889&kikanKbn=2", "url2": "rikutaka-koujyukai.com/", "内容": "社会福祉法人高寿会　特別養護老人ホーム　高寿園医務室【2:診療所】【診療科目:内科_外科】岩手県陸前高田市高田町字東和野６７" }, "geometry": { "type": "Point", "coordinates": [ 141.63956, 39.02174 ] } },
{ "type": "Feature", "properties": { "ID": 3203200891, "正式名称": "特別養護老人ホームアミーガはまゆり医務室", "機関区分": 2, "都道府県コード": 3, "市区町村コード": 211, "所在地": "岩手県釜石市小佐野町３ー９ー５０", "緯度": 39.263125, "経度": 141.838, "url": "https://www.iryou.teikyouseido.mhlw.go.jp/znk-web/juminkanja/S2430/initialize?prefCd=03&kikanCd=03200891&kikanKbn=2", "url2": null, "内容": "特別養護老人ホームアミーガはまゆり医務室【2:診療所】【診療科目:内科】岩手県釜石市小佐野町３ー９ー５０" }, "geometry": { "type": "Point", "coordinates": [ 141.838, 39.263125 ] } },
{ "type": "Feature", "properties": { "ID": 3203200892, "正式名称": "特別養護老人ホーム　あいぜんの里医務室", "機関区分": 2, "都道府県コード": 3, "市区町村コード": 211, "所在地": "岩手県釜石市平田第２地割５１番地７", "緯度": 39.243047, "経度": 141.872099, "url": "https://www.iryou.teikyouseido.mhlw.go.jp/znk-web/juminkanja/S2430/initialize?prefCd=03&kikanCd=03200892&kikanKbn=2", "url2": "http://aizen-iwate.jp", "内容": "特別養護老人ホーム　あいぜんの里医務室【2:診療所】【診療科目:内科_外科】岩手県釜石市平田第２地割５１番地７" }, "geometry": { "type": "Point", "coordinates": [ 141.872099, 39.243047 ] } },
{ "type": "Feature", "properties": { "ID": 3203200895, "正式名称": "サンホームみやこ診療所", "機関区分": 2, "都道府県コード": 3, "市区町村コード": 202, "所在地": "岩手県宮古市崎鍬ケ崎第４地割１番地２０", "緯度": 39.659811, "経度": 141.951596, "url": "https://www.iryou.teikyouseido.mhlw.go.jp/znk-web/juminkanja/S2430/initialize?prefCd=03&kikanCd=03200895&kikanKbn=2", "url2": null, "内容": "サンホームみやこ診療所【2:診療所】【診療科目:内科】岩手県宮古市崎鍬ケ崎第４地割１番地２０" }, "geometry": { "type": "Point", "coordinates": [ 141.951596, 39.659811 ] } },
{ "type": "Feature", "properties": { "ID": 3203200896, "正式名称": "特別養護老人ホーム慈苑医務室", "機関区分": 2, "都道府県コード": 3, "市区町村コード": 202, "所在地": "岩手県宮古市西ケ丘西ヶ丘四丁目５３番地８", "緯度": 39.643645, "経度": 141.914788, "url": "https://www.iryou.teikyouseido.mhlw.go.jp/znk-web/juminkanja/S2430/initialize?prefCd=03&kikanCd=03200896&kikanKbn=2", "url2": null, "内容": "特別養護老人ホーム慈苑医務室【2:診療所】【診療科目:内科】岩手県宮古市西ケ丘西ヶ丘四丁目５３番地８" }, "geometry": { "type": "Point", "coordinates": [ 141.914788, 39.643645 ] } },
{ "type": "Feature", "properties": { "ID": 3203200898, "正式名称": "宮古市立清寿荘診療所", "機関区分": 2, "都道府県コード": 3, "市区町村コード": 202, "所在地": "岩手県宮古市津軽石第１４地割３８番地３", "緯度": 39.56578, "経度": 141.92803, "url": "https://www.iryou.teikyouseido.mhlw.go.jp/znk-web/juminkanja/S2430/initialize?prefCd=03&kikanCd=03200898&kikanKbn=2", "url2": null, "内容": "宮古市立清寿荘診療所【2:診療所】【診療科目:内科】岩手県宮古市津軽石第１４地割３８番地３" }, "geometry": { "type": "Point", "coordinates": [ 141.92803, 39.56578 ] } },
{ "type": "Feature", "properties": { "ID": 3203200904, "正式名称": "特別養護老人ホーム百楽苑医務室", "機関区分": 2, "都道府県コード": 3, "市区町村コード": 483, "所在地": "岩手県下閉伊郡岩泉町岩泉字中家４０", "緯度": 39.848038, "経度": 141.795883, "url": "https://www.iryou.teikyouseido.mhlw.go.jp/znk-web/juminkanja/S2430/initialize?prefCd=03&kikanCd=03200904&kikanKbn=2", "url2": "http://www.hyakurakuen.org/", "内容": "特別養護老人ホーム百楽苑医務室【2:診療所】【診療科目:内科】岩手県下閉伊郡岩泉町岩泉字中家４０" }, "geometry": { "type": "Point", "coordinates": [ 141.795883, 39.848038 ] } },
{ "type": "Feature", "properties": { "ID": 3203200905, "正式名称": "特別養護老人ホーム寿生苑医務室", "機関区分": 2, "都道府県コード": 3, "市区町村コード": 484, "所在地": "岩手県下閉伊郡田野畑村田野畑１２０番地１８", "緯度": 39.932216, "経度": 141.894101, "url": "https://www.iryou.teikyouseido.mhlw.go.jp/znk-web/juminkanja/S2430/initialize?prefCd=03&kikanCd=03200905&kikanKbn=2", "url2": "http://www.jyuseikai.jp/", "内容": "特別養護老人ホーム寿生苑医務室【2:診療所】【診療科目:内科】岩手県下閉伊郡田野畑村田野畑１２０番地１８" }, "geometry": { "type": "Point", "coordinates": [ 141.894101, 39.932216 ] } },
{ "type": "Feature", "properties": { "ID": 3203200906, "正式名称": "特別養護老人ホーム　うねとり荘", "機関区分": 2, "都道府県コード": 3, "市区町村コード": 485, "所在地": "岩手県下閉伊郡普代村第２４地割字鳥居５番地１", "緯度": 40.013631, "経度": 141.854389, "url": "https://www.iryou.teikyouseido.mhlw.go.jp/znk-web/juminkanja/S2430/initialize?prefCd=03&kikanCd=03200906&kikanKbn=2", "url2": null, "内容": "特別養護老人ホーム　うねとり荘【2:診療所】【診療科目:内科】岩手県下閉伊郡普代村第２４地割字鳥居５番地１" }, "geometry": { "type": "Point", "coordinates": [ 141.854389, 40.013631 ] } },
{ "type": "Feature", "properties": { "ID": 3203200911, "正式名称": "社会福祉法人　久慈市社会福祉事業団　特別養護老人ホーム　ぎんたらす久慈", "機関区分": 2, "都道府県コード": 3, "市区町村コード": 207, "所在地": "岩手県久慈市旭町第７地割１０５番地１０", "緯度": 40.203941, "経度": 141.778093, "url": "https://www.iryou.teikyouseido.mhlw.go.jp/znk-web/juminkanja/S2430/initialize?prefCd=03&kikanCd=03200911&kikanKbn=2", "url2": null, "内容": "社会福祉法人　久慈市社会福祉事業団　特別養護老人ホーム　ぎんたらす久慈【2:診療所】【診療科目:内科_胃腸科】岩手県久慈市旭町第７地割１０５番地１０" }, "geometry": { "type": "Point", "coordinates": [ 141.778093, 40.203941 ] } },
{ "type": "Feature", "properties": { "ID": 3203200916, "正式名称": "社会福祉法人共生会　特別養護老人ホーム　サントピア", "機関区分": 2, "都道府県コード": 3, "市区町村コード": 213, "所在地": "岩手県二戸市似鳥字上平１５番地１", "緯度": 40.239998, "経度": 141.243344, "url": "https://www.iryou.teikyouseido.mhlw.go.jp/znk-web/juminkanja/S2430/initialize?prefCd=03&kikanCd=03200916&kikanKbn=2", "url2": "http://kyouseikai.or.jp", "内容": "社会福祉法人共生会　特別養護老人ホーム　サントピア【2:診療所】【診療科目:内科】岩手県二戸市似鳥字上平１５番地１" }, "geometry": { "type": "Point", "coordinates": [ 141.243344, 40.239998 ] } },
{ "type": "Feature", "properties": { "ID": 3203200918, "正式名称": "特別養護老人ホーム　わくわく荘医務室", "機関区分": 2, "都道府県コード": 3, "市区町村コード": 213, "所在地": "岩手県二戸市仁左平６－１", "緯度": 40.301822, "経度": 141.335611, "url": "https://www.iryou.teikyouseido.mhlw.go.jp/znk-web/juminkanja/S2430/initialize?prefCd=03&kikanCd=03200918&kikanKbn=2", "url2": "http://www.itutuboshi.com", "内容": "特別養護老人ホーム　わくわく荘医務室【2:診療所】【診療科目:内科】岩手県二戸市仁左平６－１" }, "geometry": { "type": "Point", "coordinates": [ 141.335611, 40.301822 ] } },
{ "type": "Feature", "properties": { "ID": 3203200919, "正式名称": "社会福祉法人　慈孝会　特別養護老人ホーム　慶寿園", "機関区分": 2, "都道府県コード": 3, "市区町村コード": 524, "所在地": "岩手県二戸郡一戸町姉帯２４番地１", "緯度": 40.166956, "経度": 141.337018, "url": "https://www.iryou.teikyouseido.mhlw.go.jp/znk-web/juminkanja/S2430/initialize?prefCd=03&kikanCd=03200919&kikanKbn=2", "url2": null, "内容": "社会福祉法人　慈孝会　特別養護老人ホーム　慶寿園【2:診療所】【診療科目:内科】岩手県二戸郡一戸町姉帯２４番地１" }, "geometry": { "type": "Point", "coordinates": [ 141.337018, 40.166956 ] } },
{ "type": "Feature", "properties": { "ID": 3203200921, "正式名称": "特別養護老人ホーム折爪荘", "機関区分": 2, "都道府県コード": 3, "市区町村コード": 506, "所在地": "岩手県九戸郡九戸村伊保内第９地割７３番地", "緯度": 40.214593, "経度": 141.421625, "url": "https://www.iryou.teikyouseido.mhlw.go.jp/znk-web/juminkanja/S2430/initialize?prefCd=03&kikanCd=03200921&kikanKbn=2", "url2": "https://www.oritsumesou.com", "内容": "特別養護老人ホーム折爪荘【2:診療所】【診療科目:内科】岩手県九戸郡九戸村伊保内第９地割７３番地" }, "geometry": { "type": "Point", "coordinates": [ 141.421625, 40.214593 ] } },
{ "type": "Feature", "properties": { "ID": 3203200924, "正式名称": "障がい者支援施設太陽荘医務室", "機関区分": 2, "都道府県コード": 3, "市区町村コード": 501, "所在地": "岩手県九戸郡軽米町山内第１２地割字太田向８９－７", "緯度": 40.31395, "経度": 141.38172, "url": "https://www.iryou.teikyouseido.mhlw.go.jp/znk-web/juminkanja/S2430/initialize?prefCd=03&kikanCd=03200924&kikanKbn=2", "url2": null, "内容": "障がい者支援施設太陽荘医務室【2:診療所】【診療科目:内科】岩手県九戸郡軽米町山内第１２地割字太田向８９－７" }, "geometry": { "type": "Point", "coordinates": [ 141.38172, 40.31395 ] } },
{ "type": "Feature", "properties": { "ID": 3203200925, "正式名称": "特別養護老人ホーム　くつろぎの家", "機関区分": 2, "都道府県コード": 3, "市区町村コード": 501, "所在地": "岩手県九戸郡軽米町山内第１２地割字太田向９６番地２", "緯度": 40.31395, "経度": 141.38172, "url": "https://www.iryou.teikyouseido.mhlw.go.jp/znk-web/juminkanja/S2430/initialize?prefCd=03&kikanCd=03200925&kikanKbn=2", "url2": null, "内容": "特別養護老人ホーム　くつろぎの家【2:診療所】【診療科目:内科_外科_整形外科_皮膚科_リハビリテーション科】岩手県九戸郡軽米町山内第１２地割字太田向９６番地２" }, "geometry": { "type": "Point", "coordinates": [ 141.38172, 40.31395 ] } },
{ "type": "Feature", "properties": { "ID": 3203200927, "正式名称": "特別養護老人ホーム高砂荘医務室", "機関区分": 2, "都道府県コード": 3, "市区町村コード": 302, "所在地": "岩手県岩手郡葛巻町葛巻第７地割１０４番地２", "緯度": 40.040129, "経度": 141.454457, "url": "https://www.iryou.teikyouseido.mhlw.go.jp/znk-web/juminkanja/S2430/initialize?prefCd=03&kikanCd=03200927&kikanKbn=2", "url2": "http://seishinseii-sw.or.jp", "内容": "特別養護老人ホーム高砂荘医務室【2:診療所】【診療科目:内科】岩手県岩手郡葛巻町葛巻第７地割１０４番地２" }, "geometry": { "type": "Point", "coordinates": [ 141.454457, 40.040129 ] } },
{ "type": "Feature", "properties": { "ID": 3203200929, "正式名称": "社会福祉法人安代会　特別養護老人ホーム　りんどう苑", "機関区分": 2, "都道府県コード": 3, "市区町村コード": 214, "所在地": "岩手県八幡平市丑山口２７番地５", "緯度": 40.135853, "経度": 140.953682, "url": "https://www.iryou.teikyouseido.mhlw.go.jp/znk-web/juminkanja/S2430/initialize?prefCd=03&kikanCd=03200929&kikanKbn=2", "url2": null, "内容": "社会福祉法人安代会　特別養護老人ホーム　りんどう苑【2:診療所】【診療科目:内科】岩手県八幡平市丑山口２７番地５" }, "geometry": { "type": "Point", "coordinates": [ 140.953682, 40.135853 ] } },
{ "type": "Feature", "properties": { "ID": 3203200931, "正式名称": "特別養護老人ホーム　むらさき苑　医務室", "機関区分": 2, "都道府県コード": 3, "市区町村コード": 214, "所在地": "岩手県八幡平市田頭第２４地割３６番地", "緯度": 39.918575, "経度": 141.086334, "url": "https://www.iryou.teikyouseido.mhlw.go.jp/znk-web/juminkanja/S2430/initialize?prefCd=03&kikanCd=03200931&kikanKbn=2", "url2": "https://nishinekai.jp/", "内容": "特別養護老人ホーム　むらさき苑　医務室【2:診療所】【診療科目:内科】岩手県八幡平市田頭第２４地割３６番地" }, "geometry": { "type": "Point", "coordinates": [ 141.086334, 39.918575 ] } },
{ "type": "Feature", "properties": { "ID": 3203200939, "正式名称": "鈴木肛門外科・守口内科", "機関区分": 2, "都道府県コード": 3, "市区町村コード": 201, "所在地": "岩手県盛岡市名須川町１６番１４号", "緯度": 39.711214, "経度": 141.150535, "url": "https://www.iryou.teikyouseido.mhlw.go.jp/znk-web/juminkanja/S2430/initialize?prefCd=03&kikanCd=03200939&kikanKbn=2", "url2": "https://suzuki-koumonka.com.", "内容": "鈴木肛門外科・守口内科【2:診療所】【診療科目:内科_呼吸器内科_肛門外科_アレルギー科】岩手県盛岡市名須川町１６番１４号" }, "geometry": { "type": "Point", "coordinates": [ 141.150535, 39.711214 ] } },
{ "type": "Feature", "properties": { "ID": 3203200944, "正式名称": "盛岡セイコー工業　健康相談室", "機関区分": 2, "都道府県コード": 3, "市区町村コード": 301, "所在地": "岩手県岩手郡雫石町板橋６１ー１", "緯度": 39.702057, "経度": 141.023618, "url": "https://www.iryou.teikyouseido.mhlw.go.jp/znk-web/juminkanja/S2430/initialize?prefCd=03&kikanCd=03200944&kikanKbn=2", "url2": null, "内容": "盛岡セイコー工業　健康相談室【2:診療所】【診療科目:内科】岩手県岩手郡雫石町板橋６１ー１" }, "geometry": { "type": "Point", "coordinates": [ 141.023618, 39.702057 ] } },
{ "type": "Feature", "properties": { "ID": 3203200945, "正式名称": "岩手県赤十字血液センター", "機関区分": 2, "都道府県コード": 3, "市区町村コード": 201, "所在地": "岩手県盛岡市三本柳６ー１ー６", "緯度": 39.662695, "経度": 141.165883, "url": "https://www.iryou.teikyouseido.mhlw.go.jp/znk-web/juminkanja/S2430/initialize?prefCd=03&kikanCd=03200945&kikanKbn=2", "url2": "http://www.iwate.bc.jrc.or.jp/", "内容": "岩手県赤十字血液センター【2:診療所】【診療科目:内科】岩手県盛岡市三本柳６ー１ー６" }, "geometry": { "type": "Point", "coordinates": [ 141.165883, 39.662695 ] } },
{ "type": "Feature", "properties": { "ID": 3203200947, "正式名称": "公益財団法人岩手県予防医学協会付属診療所", "機関区分": 2, "都道府県コード": 3, "市区町村コード": 201, "所在地": "岩手県盛岡市永井１４ー４２", "緯度": 39.660611, "経度": 141.138507, "url": "https://www.iryou.teikyouseido.mhlw.go.jp/znk-web/juminkanja/S2430/initialize?prefCd=03&kikanCd=03200947&kikanKbn=2", "url2": null, "内容": "公益財団法人岩手県予防医学協会付属診療所【2:診療所】【診療科目:内科_循環器科、消化器科、呼吸器科_外科_脳神経外科_婦人科_泌尿器科】岩手県盛岡市永井１４ー４２" }, "geometry": { "type": "Point", "coordinates": [ 141.138507, 39.660611 ] } },
{ "type": "Feature", "properties": { "ID": 3203200960, "正式名称": "百寿の郷　医務室", "機関区分": 2, "都道府県コード": 3, "市区町村コード": 321, "所在地": "岩手県紫波郡紫波町土舘字関沢２４ー１", "緯度": 39.547623, "経度": 141.1006, "url": "https://www.iryou.teikyouseido.mhlw.go.jp/znk-web/juminkanja/S2430/initialize?prefCd=03&kikanCd=03200960&kikanKbn=2", "url2": "http://mozunosato.com/", "内容": "百寿の郷　医務室【2:診療所】【診療科目:内科】岩手県紫波郡紫波町土舘字関沢２４ー１" }, "geometry": { "type": "Point", "coordinates": [ 141.1006, 39.547623 ] } },
{ "type": "Feature", "properties": { "ID": 3203200962, "正式名称": "特別養護老人ホーム　にいやま荘　医務室", "機関区分": 2, "都道府県コード": 3, "市区町村コード": 321, "所在地": "岩手県紫波郡紫波町桜町字三本木４６ー１", "緯度": 39.541937, "経度": 141.171773, "url": "https://www.iryou.teikyouseido.mhlw.go.jp/znk-web/juminkanja/S2430/initialize?prefCd=03&kikanCd=03200962&kikanKbn=2", "url2": null, "内容": "特別養護老人ホーム　にいやま荘　医務室【2:診療所】【診療科目:内科】岩手県紫波郡紫波町桜町字三本木４６ー１" }, "geometry": { "type": "Point", "coordinates": [ 141.171773, 39.541937 ] } },
{ "type": "Feature", "properties": { "ID": 3203200965, "正式名称": "社会福祉法人千慈会　障がい者支援施設瑞雲荘の医務室", "機関区分": 2, "都道府県コード": 3, "市区町村コード": 216, "所在地": "岩手県滝沢市大釜吉水８５ー３", "緯度": 39.697958, "経度": 141.056818, "url": "https://www.iryou.teikyouseido.mhlw.go.jp/znk-web/juminkanja/S2430/initialize?prefCd=03&kikanCd=03200965&kikanKbn=2", "url2": null, "内容": "社会福祉法人千慈会　障がい者支援施設瑞雲荘の医務室【2:診療所】【診療科目:内科】岩手県滝沢市大釜吉水８５ー３" }, "geometry": { "type": "Point", "coordinates": [ 141.056818, 39.697958 ] } },
{ "type": "Feature", "properties": { "ID": 3203200966, "正式名称": "社会福祉法人麗沢会　特別養護老人ホームれいたく苑", "機関区分": 2, "都道府県コード": 3, "市区町村コード": 216, "所在地": "岩手県滝沢市高屋敷１５", "緯度": 39.749716, "経度": 141.077982, "url": "https://www.iryou.teikyouseido.mhlw.go.jp/znk-web/juminkanja/S2430/initialize?prefCd=03&kikanCd=03200966&kikanKbn=2", "url2": "http://www.reitakukai.net/", "内容": "社会福祉法人麗沢会　特別養護老人ホームれいたく苑【2:診療所】【診療科目:内科】岩手県滝沢市高屋敷１５" }, "geometry": { "type": "Point", "coordinates": [ 141.077982, 39.749716 ] } },
{ "type": "Feature", "properties": { "ID": 3203200976, "正式名称": "特別養護老人ホーム福寿荘医務室", "機関区分": 2, "都道府県コード": 3, "市区町村コード": 215, "所在地": "岩手県奥州市水沢上姉体二丁目１番地２２", "緯度": 39.116024, "経度": 141.164466, "url": "https://www.iryou.teikyouseido.mhlw.go.jp/znk-web/juminkanja/S2430/initialize?prefCd=03&kikanCd=03200976&kikanKbn=2", "url2": "http://fukujyusou.jp", "内容": "特別養護老人ホーム福寿荘医務室【2:診療所】【診療科目:内科】岩手県奥州市水沢上姉体二丁目１番地２２" }, "geometry": { "type": "Point", "coordinates": [ 141.164466, 39.116024 ] } },
{ "type": "Feature", "properties": { "ID": 3203200978, "正式名称": "特別養護老人ホーム聖愛園医務室", "機関区分": 2, "都道府県コード": 3, "市区町村コード": 215, "所在地": "岩手県奥州市江刺愛宕字八日市５１番地３", "緯度": 39.185554, "経度": 141.160081, "url": "https://www.iryou.teikyouseido.mhlw.go.jp/znk-web/juminkanja/S2430/initialize?prefCd=03&kikanCd=03200978&kikanKbn=2", "url2": null, "内容": "特別養護老人ホーム聖愛園医務室【2:診療所】【診療科目:内科_胃腸科_小児科】岩手県奥州市江刺愛宕字八日市５１番地３" }, "geometry": { "type": "Point", "coordinates": [ 141.160081, 39.185554 ] } },
{ "type": "Feature", "properties": { "ID": 3203200979, "正式名称": "養護老人ホーム江寿園", "機関区分": 2, "都道府県コード": 3, "市区町村コード": 215, "所在地": "岩手県奥州市江刺伊手字新田１４９番地", "緯度": 39.175979, "経度": 141.312294, "url": "https://www.iryou.teikyouseido.mhlw.go.jp/znk-web/juminkanja/S2430/initialize?prefCd=03&kikanCd=03200979&kikanKbn=2", "url2": null, "内容": "養護老人ホーム江寿園【2:診療所】【診療科目:内科】岩手県奥州市江刺伊手字新田１４９番地" }, "geometry": { "type": "Point", "coordinates": [ 141.312294, 39.175979 ] } },
{ "type": "Feature", "properties": { "ID": 3203200981, "正式名称": "特別養護老人ホーム友愛園医務室", "機関区分": 2, "都道府県コード": 3, "市区町村コード": 381, "所在地": "岩手県胆沢郡金ケ崎町西根揚場後８番地２", "緯度": 39.186945, "経度": 141.10527, "url": "https://www.iryou.teikyouseido.mhlw.go.jp/znk-web/juminkanja/S2430/initialize?prefCd=03&kikanCd=03200981&kikanKbn=2", "url2": "http://yuaikai-kanegasaki.com/", "内容": "特別養護老人ホーム友愛園医務室【2:診療所】【診療科目:内科】岩手県胆沢郡金ケ崎町西根揚場後８番地２" }, "geometry": { "type": "Point", "coordinates": [ 141.10527, 39.186945 ] } },
{ "type": "Feature", "properties": { "ID": 3203200983, "正式名称": "シオノギファーマ株式会社金ケ崎工場診療所", "機関区分": 2, "都道府県コード": 3, "市区町村コード": 381, "所在地": "岩手県胆沢郡金ケ崎町西根森山７", "緯度": 39.21211, "経度": 141.065858, "url": "https://www.iryou.teikyouseido.mhlw.go.jp/znk-web/juminkanja/S2430/initialize?prefCd=03&kikanCd=03200983&kikanKbn=2", "url2": null, "内容": "シオノギファーマ株式会社金ケ崎工場診療所【2:診療所】【診療科目:内科_精神科】岩手県胆沢郡金ケ崎町西根森山７" }, "geometry": { "type": "Point", "coordinates": [ 141.065858, 39.21211 ] } },
{ "type": "Feature", "properties": { "ID": 3203200985, "正式名称": "公益財団法人岩手県予防医学協会県南センター付属診療所", "機関区分": 2, "都道府県コード": 3, "市区町村コード": 381, "所在地": "岩手県胆沢郡金ケ崎町西根前野２０９ー１", "緯度": 39.191094, "経度": 141.104893, "url": "https://www.iryou.teikyouseido.mhlw.go.jp/znk-web/juminkanja/S2430/initialize?prefCd=03&kikanCd=03200985&kikanKbn=2", "url2": null, "内容": "公益財団法人岩手県予防医学協会県南センター付属診療所【2:診療所】【診療科目:呼吸器内科】岩手県胆沢郡金ケ崎町西根前野２０９ー１" }, "geometry": { "type": "Point", "coordinates": [ 141.104893, 39.191094 ] } },
{ "type": "Feature", "properties": { "ID": 3203200988, "正式名称": "特別養護老人ホームまえさわ苑医務室", "機関区分": 2, "都道府県コード": 3, "市区町村コード": 215, "所在地": "岩手県奥州市前沢塔ケ崎７番地", "緯度": 39.040293, "経度": 141.120734, "url": "https://www.iryou.teikyouseido.mhlw.go.jp/znk-web/juminkanja/S2430/initialize?prefCd=03&kikanCd=03200988&kikanKbn=2", "url2": null, "内容": "特別養護老人ホームまえさわ苑医務室【2:診療所】【診療科目:内科】岩手県奥州市前沢塔ケ崎７番地" }, "geometry": { "type": "Point", "coordinates": [ 141.120734, 39.040293 ] } },
{ "type": "Feature", "properties": { "ID": 3203200990, "正式名称": "特別養護老人ホーム八天の里医務室", "機関区分": 2, "都道府県コード": 3, "市区町村コード": 206, "所在地": "岩手県北上市更木３４ー３２０ー１", "緯度": 39.330507, "経度": 141.158174, "url": "https://www.iryou.teikyouseido.mhlw.go.jp/znk-web/juminkanja/S2430/initialize?prefCd=03&kikanCd=03200990&kikanKbn=2", "url2": null, "内容": "特別養護老人ホーム八天の里医務室【2:診療所】【診療科目:内科_脳神経内科_歯科】岩手県北上市更木３４ー３２０ー１" }, "geometry": { "type": "Point", "coordinates": [ 141.158174, 39.330507 ] } },
{ "type": "Feature", "properties": { "ID": 3203200991, "正式名称": "特別養護老人ホーム敬愛園医務室", "機関区分": 2, "都道府県コード": 3, "市区町村コード": 206, "所在地": "岩手県北上市相去町６番地１４", "緯度": 39.257737, "経度": 141.085158, "url": "https://www.iryou.teikyouseido.mhlw.go.jp/znk-web/juminkanja/S2430/initialize?prefCd=03&kikanCd=03200991&kikanKbn=2", "url2": null, "内容": "特別養護老人ホーム敬愛園医務室【2:診療所】【診療科目:内科】岩手県北上市相去町６番地１４" }, "geometry": { "type": "Point", "coordinates": [ 141.085158, 39.257737 ] } },
{ "type": "Feature", "properties": { "ID": 3203200992, "正式名称": "特別養護老人ホームいいとよ医務室", "機関区分": 2, "都道府県コード": 3, "市区町村コード": 206, "所在地": "岩手県北上市村崎野１２地割７４番地２８", "緯度": 39.332708, "経度": 141.098439, "url": "https://www.iryou.teikyouseido.mhlw.go.jp/znk-web/juminkanja/S2430/initialize?prefCd=03&kikanCd=03200992&kikanKbn=2", "url2": null, "内容": "特別養護老人ホームいいとよ医務室【2:診療所】【診療科目:内科】岩手県北上市村崎野１２地割７４番地２８" }, "geometry": { "type": "Point", "coordinates": [ 141.098439, 39.332708 ] } },
{ "type": "Feature", "properties": { "ID": 3203200994, "正式名称": "特別養護老人ホームわがの里診療室", "機関区分": 2, "都道府県コード": 3, "市区町村コード": 206, "所在地": "岩手県北上市下江釣子１０－７４－３", "緯度": 39.295485, "経度": 141.038358, "url": "https://www.iryou.teikyouseido.mhlw.go.jp/znk-web/juminkanja/S2430/initialize?prefCd=03&kikanCd=03200994&kikanKbn=2", "url2": "http://www.waganosato.or.jp/", "内容": "特別養護老人ホームわがの里診療室【2:診療所】【診療科目:内科】岩手県北上市下江釣子１０－７４－３" }, "geometry": { "type": "Point", "coordinates": [ 141.038358, 39.295485 ] } },
{ "type": "Feature", "properties": { "ID": 3203200996, "正式名称": "特別養護老人ホーム光寿苑医務室", "機関区分": 2, "都道府県コード": 3, "市区町村コード": 366, "所在地": "岩手県和賀郡西和賀町湯本３０地割７６ー１", "緯度": 39.341369, "経度": 140.773381, "url": "https://www.iryou.teikyouseido.mhlw.go.jp/znk-web/juminkanja/S2430/initialize?prefCd=03&kikanCd=03200996&kikanKbn=2", "url2": "https://www.koujyukai.or.jp", "内容": "特別養護老人ホーム光寿苑医務室【2:診療所】【診療科目:内科】岩手県和賀郡西和賀町湯本３０地割７６ー１" }, "geometry": { "type": "Point", "coordinates": [ 140.773381, 39.341369 ] } },
{ "type": "Feature", "properties": { "ID": 3203200997, "正式名称": "特別養護老人ホームぶなの園医務室", "機関区分": 2, "都道府県コード": 3, "市区町村コード": 366, "所在地": "岩手県和賀郡西和賀町沢内太田２ー１３５", "緯度": 39.4317, "経度": 140.749859, "url": "https://www.iryou.teikyouseido.mhlw.go.jp/znk-web/juminkanja/S2430/initialize?prefCd=03&kikanCd=03200997&kikanKbn=2", "url2": null, "内容": "特別養護老人ホームぶなの園医務室【2:診療所】【診療科目:内科】岩手県和賀郡西和賀町沢内太田２ー１３５" }, "geometry": { "type": "Point", "coordinates": [ 140.749859, 39.4317 ] } },
{ "type": "Feature", "properties": { "ID": 3203200998, "正式名称": "特別養護老人ホーム花巻あすかの里", "機関区分": 2, "都道府県コード": 3, "市区町村コード": 205, "所在地": "岩手県花巻市西宮野目１４－５６－２", "緯度": 39.415119, "経度": 141.110771, "url": "https://www.iryou.teikyouseido.mhlw.go.jp/znk-web/juminkanja/S2430/initialize?prefCd=03&kikanCd=03200998&kikanKbn=2", "url2": null, "内容": "特別養護老人ホーム花巻あすかの里【2:診療所】【診療科目:内科】岩手県花巻市西宮野目１４－５６－２" }, "geometry": { "type": "Point", "coordinates": [ 141.110771, 39.415119 ] } },
{ "type": "Feature", "properties": { "ID": 3203201004, "正式名称": "養護老人ホーム　宝寿荘", "機関区分": 2, "都道府県コード": 3, "市区町村コード": 205, "所在地": "岩手県花巻市石鳥谷町上口１丁目３番地３", "緯度": 39.501466, "経度": 141.157927, "url": "https://www.iryou.teikyouseido.mhlw.go.jp/znk-web/juminkanja/S2430/initialize?prefCd=03&kikanCd=03201004&kikanKbn=2", "url2": null, "内容": "養護老人ホーム　宝寿荘【2:診療所】【診療科目:内科】岩手県花巻市石鳥谷町上口１丁目３番地３" }, "geometry": { "type": "Point", "coordinates": [ 141.157927, 39.501466 ] } },
{ "type": "Feature", "properties": { "ID": 3203201006, "正式名称": "特別養護老人ホーム　いしどりや荘医務室", "機関区分": 2, "都道府県コード": 3, "市区町村コード": 205, "所在地": "岩手県花巻市石鳥谷町好地第１４地割１０番地", "緯度": 39.503218, "経度": 141.161419, "url": "https://www.iryou.teikyouseido.mhlw.go.jp/znk-web/juminkanja/S2430/initialize?prefCd=03&kikanCd=03201006&kikanKbn=2", "url2": "https://www.ishidoriyasou.jp/", "内容": "特別養護老人ホーム　いしどりや荘医務室【2:診療所】【診療科目:内科】岩手県花巻市石鳥谷町好地第１４地割１０番地" }, "geometry": { "type": "Point", "coordinates": [ 141.161419, 39.503218 ] } },
{ "type": "Feature", "properties": { "ID": 3203201007, "正式名称": "特別養護老人ホーム　桐の里医務室", "機関区分": 2, "都道府県コード": 3, "市区町村コード": 205, "所在地": "岩手県花巻市大迫町大迫１１ー１ー１", "緯度": 39.469888, "経度": 141.283201, "url": "https://www.iryou.teikyouseido.mhlw.go.jp/znk-web/juminkanja/S2430/initialize?prefCd=03&kikanCd=03201007&kikanKbn=2", "url2": null, "内容": "特別養護老人ホーム　桐の里医務室【2:診療所】【診療科目:その他】岩手県花巻市大迫町大迫１１ー１ー１" }, "geometry": { "type": "Point", "coordinates": [ 141.283201, 39.469888 ] } },
{ "type": "Feature", "properties": { "ID": 3203201009, "正式名称": "特別養護老人ホーム遠野長寿の郷　医務室", "機関区分": 2, "都道府県コード": 3, "市区町村コード": 208, "所在地": "岩手県遠野市松崎町白岩１８－７", "緯度": 39.3437294, "経度": 141.5410386, "url": "https://www.iryou.teikyouseido.mhlw.go.jp/znk-web/juminkanja/S2430/initialize?prefCd=03&kikanCd=03201009&kikanKbn=2", "url2": null, "内容": "特別養護老人ホーム遠野長寿の郷　医務室【2:診療所】【診療科目:外科_精神科_歯科】岩手県遠野市松崎町白岩１８－７" }, "geometry": { "type": "Point", "coordinates": [ 141.5410386, 39.3437294 ] } },
{ "type": "Feature", "properties": { "ID": 3203201010, "正式名称": "障がい者支援施設　高舘の園　医務室", "機関区分": 2, "都道府県コード": 3, "市区町村コード": 208, "所在地": "岩手県遠野市宮守町下鱒沢３３ー２１６ー５", "緯度": 39.295971, "経度": 141.405772, "url": "https://www.iryou.teikyouseido.mhlw.go.jp/znk-web/juminkanja/S2430/initialize?prefCd=03&kikanCd=03201010&kikanKbn=2", "url2": null, "内容": "障がい者支援施設　高舘の園　医務室【2:診療所】【診療科目:医務室】岩手県遠野市宮守町下鱒沢３３ー２１６ー５" }, "geometry": { "type": "Point", "coordinates": [ 141.405772, 39.295971 ] } },
{ "type": "Feature", "properties": { "ID": 3203201012, "正式名称": "特別養護老人ホームみやもり荘", "機関区分": 2, "都道府県コード": 3, "市区町村コード": 208, "所在地": "岩手県遠野市宮守町下宮守２８地割１９番地１", "緯度": 39.346046, "経度": 141.362575, "url": "https://www.iryou.teikyouseido.mhlw.go.jp/znk-web/juminkanja/S2430/initialize?prefCd=03&kikanCd=03201012&kikanKbn=2", "url2": "http://www.tonotv.com/members/miyamorisou/", "内容": "特別養護老人ホームみやもり荘【2:診療所】【診療科目:内科】岩手県遠野市宮守町下宮守２８地割１９番地１" }, "geometry": { "type": "Point", "coordinates": [ 141.362575, 39.346046 ] } },
{ "type": "Feature", "properties": { "ID": 3203201021, "正式名称": "医療法人むらかみクリニック", "機関区分": 2, "都道府県コード": 3, "市区町村コード": 209, "所在地": "岩手県一関市銅谷町３番１０号", "緯度": 38.933568, "経度": 141.126109, "url": "https://www.iryou.teikyouseido.mhlw.go.jp/znk-web/juminkanja/S2430/initialize?prefCd=03&kikanCd=03201021&kikanKbn=2", "url2": null, "内容": "医療法人むらかみクリニック【2:診療所】【診療科目:精神科_心療内科】岩手県一関市銅谷町３番１０号" }, "geometry": { "type": "Point", "coordinates": [ 141.126109, 38.933568 ] } },
{ "type": "Feature", "properties": { "ID": 3203201022, "正式名称": "社会福祉法人江刺寿生会　養護老人ホーム松寿荘　医務室", "機関区分": 2, "都道府県コード": 3, "市区町村コード": 301, "所在地": "岩手県岩手郡雫石町七ツ森１６ー３７", "緯度": 39.6968, "経度": 141.013146, "url": "https://www.iryou.teikyouseido.mhlw.go.jp/znk-web/juminkanja/S2430/initialize?prefCd=03&kikanCd=03201022&kikanKbn=2", "url2": null, "内容": "社会福祉法人江刺寿生会　養護老人ホーム松寿荘　医務室【2:診療所】【診療科目:内科】岩手県岩手郡雫石町七ツ森１６ー３７" }, "geometry": { "type": "Point", "coordinates": [ 141.013146, 39.6968 ] } },
{ "type": "Feature", "properties": { "ID": 3203201026, "正式名称": "特別養護老人ホームあっぷるホーム医務室", "機関区分": 2, "都道府県コード": 3, "市区町村コード": 215, "所在地": "岩手県奥州市江刺玉里字青篠７番地３", "緯度": 39.228825, "経度": 141.25204, "url": "https://www.iryou.teikyouseido.mhlw.go.jp/znk-web/juminkanja/S2430/initialize?prefCd=03&kikanCd=03201026&kikanKbn=2", "url2": "http://care-net.biz/03/applehome/", "内容": "特別養護老人ホームあっぷるホーム医務室【2:診療所】【診療科目:内科】岩手県奥州市江刺玉里字青篠７番地３" }, "geometry": { "type": "Point", "coordinates": [ 141.25204, 39.228825 ] } },
{ "type": "Feature", "properties": { "ID": 3203201028, "正式名称": "さくらクリニック", "機関区分": 2, "都道府県コード": 3, "市区町村コード": 215, "所在地": "岩手県奥州市水沢大畑小路２７番地１", "緯度": 39.140628, "経度": 141.137301, "url": "https://www.iryou.teikyouseido.mhlw.go.jp/znk-web/juminkanja/S2430/initialize?prefCd=03&kikanCd=03201028&kikanKbn=2", "url2": "http://sakura-cl.com", "内容": "さくらクリニック【2:診療所】【診療科目:精神科_心療内科】岩手県奥州市水沢大畑小路２７番地１" }, "geometry": { "type": "Point", "coordinates": [ 141.137301, 39.140628 ] } },
{ "type": "Feature", "properties": { "ID": 3203201029, "正式名称": "本田胃腸内科", "機関区分": 2, "都道府県コード": 3, "市区町村コード": 215, "所在地": "岩手県奥州市水沢西町４番２１号", "緯度": 39.137081, "経度": 141.13274, "url": "https://www.iryou.teikyouseido.mhlw.go.jp/znk-web/juminkanja/S2430/initialize?prefCd=03&kikanCd=03201029&kikanKbn=2", "url2": null, "内容": "本田胃腸内科【2:診療所】【診療科目:内科_消化器内科_腎臓内科_内視鏡内科_外科_整形外科_皮膚科_泌尿器科】岩手県奥州市水沢西町４番２１号" }, "geometry": { "type": "Point", "coordinates": [ 141.13274, 39.137081 ] } },
{ "type": "Feature", "properties": { "ID": 3203201031, "正式名称": "介護老人福祉施設「ひまわり」医務室", "機関区分": 2, "都道府県コード": 3, "市区町村コード": 203, "所在地": "岩手県大船渡市大船渡町字山馬越１９７番地", "緯度": 39.070629, "経度": 141.711016, "url": "https://www.iryou.teikyouseido.mhlw.go.jp/znk-web/juminkanja/S2430/initialize?prefCd=03&kikanCd=03201031&kikanKbn=2", "url2": null, "内容": "介護老人福祉施設「ひまわり」医務室【2:診療所】【診療科目:内科_泌尿器科】岩手県大船渡市大船渡町字山馬越１９７番地" }, "geometry": { "type": "Point", "coordinates": [ 141.711016, 39.070629 ] } },
{ "type": "Feature", "properties": { "ID": 3203201033, "正式名称": "おおさわ内科・胃腸科医院", "機関区分": 2, "都道府県コード": 3, "市区町村コード": 207, "所在地": "岩手県久慈市中の橋１－４８－２", "緯度": 40.192137, "経度": 141.766723, "url": "https://www.iryou.teikyouseido.mhlw.go.jp/znk-web/juminkanja/S2430/initialize?prefCd=03&kikanCd=03201033&kikanKbn=2", "url2": "http://www4.ocn.ne.jp/~osawa/", "内容": "おおさわ内科・胃腸科医院【2:診療所】【診療科目:内科_胃腸科】岩手県久慈市中の橋１－４８－２" }, "geometry": { "type": "Point", "coordinates": [ 141.766723, 40.192137 ] } },
{ "type": "Feature", "properties": { "ID": 3203201034, "正式名称": "地域密着型介護老人福祉施設悠和荘", "機関区分": 2, "都道府県コード": 3, "市区町村コード": 322, "所在地": "岩手県紫波郡矢巾町広宮沢１ー２ー３１２", "緯度": 39.629995, "経度": 141.1008, "url": "https://www.iryou.teikyouseido.mhlw.go.jp/znk-web/juminkanja/S2430/initialize?prefCd=03&kikanCd=03201034&kikanKbn=2", "url2": null, "内容": "地域密着型介護老人福祉施設悠和荘【2:診療所】【診療科目:内科】岩手県紫波郡矢巾町広宮沢１ー２ー３１２" }, "geometry": { "type": "Point", "coordinates": [ 141.1008, 39.629995 ] } },
{ "type": "Feature", "properties": { "ID": 3203201035, "正式名称": "一戸町特別養護老人ホーム医務室", "機関区分": 2, "都道府県コード": 3, "市区町村コード": 524, "所在地": "岩手県二戸郡一戸町一戸字田中７２ー１", "緯度": 40.205745, "経度": 141.311373, "url": "https://www.iryou.teikyouseido.mhlw.go.jp/znk-web/juminkanja/S2430/initialize?prefCd=03&kikanCd=03201035&kikanKbn=2", "url2": null, "内容": "一戸町特別養護老人ホーム医務室【2:診療所】【診療科目:内科】岩手県二戸郡一戸町一戸字田中７２ー１" }, "geometry": { "type": "Point", "coordinates": [ 141.311373, 40.205745 ] } },
{ "type": "Feature", "properties": { "ID": 3203201036, "正式名称": "特別養護老人ホーム白梅荘医務室", "機関区分": 2, "都道府県コード": 3, "市区町村コード": 213, "所在地": "岩手県二戸市堀野字大畑１－１", "緯度": 40.298541, "経度": 141.307769, "url": "https://www.iryou.teikyouseido.mhlw.go.jp/znk-web/juminkanja/S2430/initialize?prefCd=03&kikanCd=03201036&kikanKbn=2", "url2": "http://www.itutuboshi.com", "内容": "特別養護老人ホーム白梅荘医務室【2:診療所】【診療科目:内科】岩手県二戸市堀野字大畑１－１" }, "geometry": { "type": "Point", "coordinates": [ 141.307769, 40.298541 ] } },
{ "type": "Feature", "properties": { "ID": 3203201037, "正式名称": "社会福祉法人松実会　特別養護老人ホーム麗峰苑", "機関区分": 2, "都道府県コード": 3, "市区町村コード": 214, "所在地": "岩手県八幡平市平舘１３ー１ー１", "緯度": 39.94291, "経度": 141.087439, "url": "https://www.iryou.teikyouseido.mhlw.go.jp/znk-web/juminkanja/S2430/initialize?prefCd=03&kikanCd=03201037&kikanKbn=2", "url2": null, "内容": "社会福祉法人松実会　特別養護老人ホーム麗峰苑【2:診療所】【診療科目:内科】岩手県八幡平市平舘１３ー１ー１" }, "geometry": { "type": "Point", "coordinates": [ 141.087439, 39.94291 ] } },
{ "type": "Feature", "properties": { "ID": 3203201038, "正式名称": "おおうち消化器内科クリニック", "機関区分": 2, "都道府県コード": 3, "市区町村コード": 202, "所在地": "岩手県宮古市舘合町１－８", "緯度": 39.641508, "経度": 141.942735, "url": "https://www.iryou.teikyouseido.mhlw.go.jp/znk-web/juminkanja/S2430/initialize?prefCd=03&kikanCd=03201038&kikanKbn=2", "url2": "https://www.oouchi-clinic.com", "内容": "おおうち消化器内科クリニック【2:診療所】【診療科目:内科_消化器内科】岩手県宮古市舘合町１－８" }, "geometry": { "type": "Point", "coordinates": [ 141.942735, 39.641508 ] } },
{ "type": "Feature", "properties": { "ID": 3203201039, "正式名称": "たかはしメンタルクリニック", "機関区分": 2, "都道府県コード": 3, "市区町村コード": 202, "所在地": "岩手県宮古市保久田８番１１号", "緯度": 39.643841, "経度": 141.947044, "url": "https://www.iryou.teikyouseido.mhlw.go.jp/znk-web/juminkanja/S2430/initialize?prefCd=03&kikanCd=03201039&kikanKbn=2", "url2": null, "内容": "たかはしメンタルクリニック【2:診療所】【診療科目:内科_精神科_心療内科】岩手県宮古市保久田８番１１号" }, "geometry": { "type": "Point", "coordinates": [ 141.947044, 39.643841 ] } },
{ "type": "Feature", "properties": { "ID": 3203201040, "正式名称": "社会福祉法人河北会　特別養護老人ホーム　さくらぎの里", "機関区分": 2, "都道府県コード": 3, "市区町村コード": 201, "所在地": "岩手県盛岡市上田字松屋敷１０３番地１", "緯度": 39.751756, "経度": 141.152479, "url": "https://www.iryou.teikyouseido.mhlw.go.jp/znk-web/juminkanja/S2430/initialize?prefCd=03&kikanCd=03201040&kikanKbn=2", "url2": "http://sakuraginosato.com/", "内容": "社会福祉法人河北会　特別養護老人ホーム　さくらぎの里【2:診療所】【診療科目:内科】岩手県盛岡市上田字松屋敷１０３番地１" }, "geometry": { "type": "Point", "coordinates": [ 141.152479, 39.751756 ] } },
{ "type": "Feature", "properties": { "ID": 3203201042, "正式名称": "大通コンタクトクリニック", "機関区分": 2, "都道府県コード": 3, "市区町村コード": 201, "所在地": "岩手県盛岡市大通１丁目７番１号", "緯度": 39.702635, "経度": 141.149304, "url": "https://www.iryou.teikyouseido.mhlw.go.jp/znk-web/juminkanja/S2430/initialize?prefCd=03&kikanCd=03201042&kikanKbn=2", "url2": "http://www17.ocn.ne.jp/~contact/", "内容": "大通コンタクトクリニック【2:診療所】【診療科目:眼科】岩手県盛岡市大通１丁目７番１号" }, "geometry": { "type": "Point", "coordinates": [ 141.149304, 39.702635 ] } },
{ "type": "Feature", "properties": { "ID": 3203201044, "正式名称": "かなざわ内科クリニック", "機関区分": 2, "都道府県コード": 3, "市区町村コード": 201, "所在地": "岩手県盛岡市上堂一丁目１８ー２４", "緯度": 39.724399, "経度": 141.122875, "url": "https://www.iryou.teikyouseido.mhlw.go.jp/znk-web/juminkanja/S2430/initialize?prefCd=03&kikanCd=03201044&kikanKbn=2", "url2": "http://www.kanazawa-clinic.jp", "内容": "かなざわ内科クリニック【2:診療所】【診療科目:内科_呼吸器内科_アレルギー科】岩手県盛岡市上堂一丁目１８ー２４" }, "geometry": { "type": "Point", "coordinates": [ 141.122875, 39.724399 ] } },
{ "type": "Feature", "properties": { "ID": 3203201046, "正式名称": "ひろし外科肛門科", "機関区分": 2, "都道府県コード": 3, "市区町村コード": 201, "所在地": "岩手県盛岡市菜園１丁目３ー１０", "緯度": 39.701221, "経度": 141.148971, "url": "https://www.iryou.teikyouseido.mhlw.go.jp/znk-web/juminkanja/S2430/initialize?prefCd=03&kikanCd=03201046&kikanKbn=2", "url2": null, "内容": "ひろし外科肛門科【2:診療所】【診療科目:肛門外科】岩手県盛岡市菜園１丁目３ー１０" }, "geometry": { "type": "Point", "coordinates": [ 141.148971, 39.701221 ] } },
{ "type": "Feature", "properties": { "ID": 3203201047, "正式名称": "特別養護老人ホームすずらんガーデン", "機関区分": 2, "都道府県コード": 3, "市区町村コード": 201, "所在地": "岩手県盛岡市好摩", "緯度": 39.866784, "経度": 141.165716, "url": "https://www.iryou.teikyouseido.mhlw.go.jp/znk-web/juminkanja/S2430/initialize?prefCd=03&kikanCd=03201047&kikanKbn=2", "url2": null, "内容": "特別養護老人ホームすずらんガーデン【2:診療所】【診療科目:内科】岩手県盛岡市好摩" }, "geometry": { "type": "Point", "coordinates": [ 141.165716, 39.866784 ] } },
{ "type": "Feature", "properties": { "ID": 3203201049, "正式名称": "医療法人社団　桂会　かつら内科クリニック", "機関区分": 2, "都道府県コード": 3, "市区町村コード": 201, "所在地": "岩手県盛岡市本宮字小板小瀬１３ー２", "緯度": 39.694326, "経度": 141.120462, "url": "https://www.iryou.teikyouseido.mhlw.go.jp/znk-web/juminkanja/S2430/initialize?prefCd=03&kikanCd=03201049&kikanKbn=2", "url2": "http://www.katsura-naika.com/", "内容": "医療法人社団　桂会　かつら内科クリニック【2:診療所】【診療科目:内科_脳神経内科_消化器内科】岩手県盛岡市本宮字小板小瀬１３ー２" }, "geometry": { "type": "Point", "coordinates": [ 141.120462, 39.694326 ] } },
{ "type": "Feature", "properties": { "ID": 3203201051, "正式名称": "社会福祉法人土淵朗親会　特別養護老人ホームおでんせ本宮　医務室", "機関区分": 2, "都道府県コード": 3, "市区町村コード": 201, "所在地": "岩手県盛岡市本宮字小板小瀬２０番地１", "緯度": 39.693969, "経度": 141.121197, "url": "https://www.iryou.teikyouseido.mhlw.go.jp/znk-web/juminkanja/S2430/initialize?prefCd=03&kikanCd=03201051&kikanKbn=2", "url2": null, "内容": "社会福祉法人土淵朗親会　特別養護老人ホームおでんせ本宮　医務室【2:診療所】【診療科目:内科_歯科】岩手県盛岡市本宮字小板小瀬２０番地１" }, "geometry": { "type": "Point", "coordinates": [ 141.121197, 39.693969 ] } },
{ "type": "Feature", "properties": { "ID": 3203201055, "正式名称": "医療法人純裕会齊藤産婦人科医院", "機関区分": 2, "都道府県コード": 3, "市区町村コード": 209, "所在地": "岩手県一関市中央町二丁目９番２０号", "緯度": 38.935558, "経度": 141.13034, "url": "https://www.iryou.teikyouseido.mhlw.go.jp/znk-web/juminkanja/S2430/initialize?prefCd=03&kikanCd=03201055&kikanKbn=2", "url2": "https://saito-obgyne.jp/", "内容": "医療法人純裕会齊藤産婦人科医院【2:診療所】【診療科目:内科_産婦人科】岩手県一関市中央町二丁目９番２０号" }, "geometry": { "type": "Point", "coordinates": [ 141.13034, 38.935558 ] } },
{ "type": "Feature", "properties": { "ID": 3203201059, "正式名称": "医療法人　ちだ内科・外科クリニック", "機関区分": 2, "都道府県コード": 3, "市区町村コード": 201, "所在地": "岩手県盛岡市東安庭１－２３－６０", "緯度": 39.680324, "経度": 141.164081, "url": "https://www.iryou.teikyouseido.mhlw.go.jp/znk-web/juminkanja/S2430/initialize?prefCd=03&kikanCd=03201059&kikanKbn=2", "url2": "http://www.chida-clinic.com", "内容": "医療法人　ちだ内科・外科クリニック【2:診療所】【診療科目:内科_消化器内科_外科_整形外科_小児外科_麻酔科】岩手県盛岡市東安庭１－２３－６０" }, "geometry": { "type": "Point", "coordinates": [ 141.164081, 39.680324 ] } },
{ "type": "Feature", "properties": { "ID": 3203201060, "正式名称": "奥脳神経外科クリニック", "機関区分": 2, "都道府県コード": 3, "市区町村コード": 202, "所在地": "岩手県宮古市保久田", "緯度": 39.643642, "経度": 141.948016, "url": "https://www.iryou.teikyouseido.mhlw.go.jp/znk-web/juminkanja/S2430/initialize?prefCd=03&kikanCd=03201060&kikanKbn=2", "url2": null, "内容": "奥脳神経外科クリニック【2:診療所】【診療科目:内科_脳神経外科_リハビリテーション科】岩手県宮古市保久田" }, "geometry": { "type": "Point", "coordinates": [ 141.948016, 39.643642 ] } },
{ "type": "Feature", "properties": { "ID": 3203201061, "正式名称": "いちのへ内科クリニック", "機関区分": 2, "都道府県コード": 3, "市区町村コード": 524, "所在地": "岩手県二戸郡一戸町高善寺字野田１１０ー１", "緯度": 40.211572, "経度": 141.297724, "url": "https://www.iryou.teikyouseido.mhlw.go.jp/znk-web/juminkanja/S2430/initialize?prefCd=03&kikanCd=03201061&kikanKbn=2", "url2": "ichinohe-naika.com", "内容": "いちのへ内科クリニック【2:診療所】【診療科目:内科】岩手県二戸郡一戸町高善寺字野田１１０ー１" }, "geometry": { "type": "Point", "coordinates": [ 141.297724, 40.211572 ] } },
{ "type": "Feature", "properties": { "ID": 3203201062, "正式名称": "公益財団法人岩手県対がん協会　いわて健康管理センター", "機関区分": 2, "都道府県コード": 3, "市区町村コード": 201, "所在地": "岩手県盛岡市西仙北１丁目１７－１８", "緯度": 39.688853, "経度": 141.145896, "url": "https://www.iryou.teikyouseido.mhlw.go.jp/znk-web/juminkanja/S2430/initialize?prefCd=03&kikanCd=03201062&kikanKbn=2", "url2": "http://www.i-taigan.jp/", "内容": "公益財団法人岩手県対がん協会　いわて健康管理センター【2:診療所】【診療科目:内科_消化器科_乳腺外科_婦人科】岩手県盛岡市西仙北１丁目１７－１８" }, "geometry": { "type": "Point", "coordinates": [ 141.145896, 39.688853 ] } },
{ "type": "Feature", "properties": { "ID": 3203201063, "正式名称": "けやき整形外科クリニック", "機関区分": 2, "都道府県コード": 3, "市区町村コード": 201, "所在地": "岩手県盛岡市上田１丁目１ー３５", "緯度": 39.713532, "経度": 141.148526, "url": "https://www.iryou.teikyouseido.mhlw.go.jp/znk-web/juminkanja/S2430/initialize?prefCd=03&kikanCd=03201063&kikanKbn=2", "url2": "http://www.keyaki-cl.jp", "内容": "けやき整形外科クリニック【2:診療所】【診療科目:整形外科_リウマチ科_リハビリテーション科】岩手県盛岡市上田１丁目１ー３５" }, "geometry": { "type": "Point", "coordinates": [ 141.148526, 39.713532 ] } },
{ "type": "Feature", "properties": { "ID": 3203201064, "正式名称": "特別養護老人ホーム繋松苑医務室", "機関区分": 2, "都道府県コード": 3, "市区町村コード": 201, "所在地": "岩手県盛岡市繋字猿田１番３７", "緯度": 39.681184, "経度": 141.02695, "url": "https://www.iryou.teikyouseido.mhlw.go.jp/znk-web/juminkanja/S2430/initialize?prefCd=03&kikanCd=03201064&kikanKbn=2", "url2": "http://shoujitsukai.or.jp", "内容": "特別養護老人ホーム繋松苑医務室【2:診療所】【診療科目:内科】岩手県盛岡市繋字猿田１番３７" }, "geometry": { "type": "Point", "coordinates": [ 141.02695, 39.681184 ] } },
{ "type": "Feature", "properties": { "ID": 3203201066, "正式名称": "厚生労働省第二共済組合花巻病院所属所　診療部", "機関区分": 2, "都道府県コード": 3, "市区町村コード": 205, "所在地": "岩手県花巻市諏訪５００", "緯度": 39.367428, "経度": 141.10616, "url": "https://www.iryou.teikyouseido.mhlw.go.jp/znk-web/juminkanja/S2430/initialize?prefCd=03&kikanCd=03201066&kikanKbn=2", "url2": "http://www.hosp.go.jp/~hanamaki/top.html", "内容": "厚生労働省第二共済組合花巻病院所属所　診療部【2:診療所】【診療科目:内科_精神科_歯科】岩手県花巻市諏訪５００" }, "geometry": { "type": "Point", "coordinates": [ 141.10616, 39.367428 ] } },
{ "type": "Feature", "properties": { "ID": 3203201069, "正式名称": "見分森・丸田クリニック", "機関区分": 2, "都道府県コード": 3, "市区町村コード": 215, "所在地": "岩手県奥州市胆沢小山字川北３５番地１", "緯度": 39.118257, "経度": 141.100929, "url": "https://www.iryou.teikyouseido.mhlw.go.jp/znk-web/juminkanja/S2430/initialize?prefCd=03&kikanCd=03201069&kikanKbn=2", "url2": null, "内容": "見分森・丸田クリニック【2:診療所】【診療科目:婦人科】岩手県奥州市胆沢小山字川北３５番地１" }, "geometry": { "type": "Point", "coordinates": [ 141.100929, 39.118257 ] } },
{ "type": "Feature", "properties": { "ID": 3203201072, "正式名称": "前沢眼科クリニック", "機関区分": 2, "都道府県コード": 3, "市区町村コード": 215, "所在地": "岩手県奥州市前沢向田一丁目２０番地１", "緯度": 39.048763, "経度": 141.130155, "url": "https://www.iryou.teikyouseido.mhlw.go.jp/znk-web/juminkanja/S2430/initialize?prefCd=03&kikanCd=03201072&kikanKbn=2", "url2": "http://www.maesawa-eye.jp/", "内容": "前沢眼科クリニック【2:診療所】【診療科目:眼科】岩手県奥州市前沢向田一丁目２０番地１" }, "geometry": { "type": "Point", "coordinates": [ 141.130155, 39.048763 ] } },
{ "type": "Feature", "properties": { "ID": 3203201073, "正式名称": "社会福祉法人　堤福祉会　特別養護老人ホーム　らふたぁヒルズ", "機関区分": 2, "都道府県コード": 3, "市区町村コード": 461, "所在地": "岩手県上閉伊郡大槌町吉里吉里２９ー２１ー５７", "緯度": 39.364753, "経度": 141.944117, "url": "https://www.iryou.teikyouseido.mhlw.go.jp/znk-web/juminkanja/S2430/initialize?prefCd=03&kikanCd=03201073&kikanKbn=2", "url2": null, "内容": "社会福祉法人　堤福祉会　特別養護老人ホーム　らふたぁヒルズ【2:診療所】【診療科目:内科】岩手県上閉伊郡大槌町吉里吉里２９ー２１ー５７" }, "geometry": { "type": "Point", "coordinates": [ 141.944117, 39.364753 ] } },
{ "type": "Feature", "properties": { "ID": 3203201074, "正式名称": "特別養護老人ホーム　花巻あすかの杜　医務室", "機関区分": 2, "都道府県コード": 3, "市区町村コード": 205, "所在地": "岩手県花巻市天下田１００ー１", "緯度": 39.412801, "経度": 141.107507, "url": "https://www.iryou.teikyouseido.mhlw.go.jp/znk-web/juminkanja/S2430/initialize?prefCd=03&kikanCd=03201074&kikanKbn=2", "url2": null, "内容": "特別養護老人ホーム　花巻あすかの杜　医務室【2:診療所】【診療科目:内科】岩手県花巻市天下田１００ー１" }, "geometry": { "type": "Point", "coordinates": [ 141.107507, 39.412801 ] } },
{ "type": "Feature", "properties": { "ID": 3203201075, "正式名称": "南矢巾ハートクリニック", "機関区分": 2, "都道府県コード": 3, "市区町村コード": 322, "所在地": "岩手県紫波郡矢巾町南矢幅第６地割１４３ー３１", "緯度": 39.612804, "経度": 141.142681, "url": "https://www.iryou.teikyouseido.mhlw.go.jp/znk-web/juminkanja/S2430/initialize?prefCd=03&kikanCd=03201075&kikanKbn=2", "url2": "https://m-heartclinic.jp", "内容": "南矢巾ハートクリニック【2:診療所】【診療科目:内科_呼吸器内科_循環器内科】岩手県紫波郡矢巾町南矢幅第６地割１４３ー３１" }, "geometry": { "type": "Point", "coordinates": [ 141.142681, 39.612804 ] } },
{ "type": "Feature", "properties": { "ID": 3203201076, "正式名称": "岩手県宮古保健所", "機関区分": 2, "都道府県コード": 3, "市区町村コード": 202, "所在地": "岩手県宮古市五月町１－２０", "緯度": 39.6475439, "経度": 141.9454313, "url": "https://www.iryou.teikyouseido.mhlw.go.jp/znk-web/juminkanja/S2430/initialize?prefCd=03&kikanCd=03201076&kikanKbn=2", "url2": "http://www.pref.iwate.jp/info.rbz?ik=3&nd=1472", "内容": "岩手県宮古保健所【2:診療所】【診療科目:内科】岩手県宮古市五月町１－２０" }, "geometry": { "type": "Point", "coordinates": [ 141.9454313, 39.6475439 ] } },
{ "type": "Feature", "properties": { "ID": 3203201079, "正式名称": "岩手県釜石保健所", "機関区分": 2, "都道府県コード": 3, "市区町村コード": 211, "所在地": "岩手県釜石市新町６－５０", "緯度": 39.266367, "経度": 141.846495, "url": "https://www.iryou.teikyouseido.mhlw.go.jp/znk-web/juminkanja/S2430/initialize?prefCd=03&kikanCd=03201079&kikanKbn=2", "url2": null, "内容": "岩手県釜石保健所【2:診療所】【診療科目:その他】岩手県釜石市新町６－５０" }, "geometry": { "type": "Point", "coordinates": [ 141.846495, 39.266367 ] } },
{ "type": "Feature", "properties": { "ID": 3203201083, "正式名称": "岩手県大船渡保健所", "機関区分": 2, "都道府県コード": 3, "市区町村コード": 203, "所在地": "岩手県大船渡市猪川町字前田６－１", "緯度": 39.0952339, "経度": 141.7046596, "url": "https://www.iryou.teikyouseido.mhlw.go.jp/znk-web/juminkanja/S2430/initialize?prefCd=03&kikanCd=03201083&kikanKbn=2", "url2": null, "内容": "岩手県大船渡保健所【2:診療所】【診療科目:内科】岩手県大船渡市猪川町字前田６－１" }, "geometry": { "type": "Point", "coordinates": [ 141.704659600000014, 39.0952339 ] } },
{ "type": "Feature", "properties": { "ID": 3203201087, "正式名称": "岩手県奥州保健所", "機関区分": 2, "都道府県コード": 3, "市区町村コード": 215, "所在地": "岩手県奥州市水沢大手町五丁目５番地", "緯度": 39.144025, "経度": 141.140155, "url": "https://www.iryou.teikyouseido.mhlw.go.jp/znk-web/juminkanja/S2430/initialize?prefCd=03&kikanCd=03201087&kikanKbn=2", "url2": null, "内容": "岩手県奥州保健所【2:診療所】【診療科目:内科】岩手県奥州市水沢大手町五丁目５番地" }, "geometry": { "type": "Point", "coordinates": [ 141.140155, 39.144025 ] } },
{ "type": "Feature", "properties": { "ID": 3203201089, "正式名称": "医療法人泰悠会　大浦内科・歯科クリニック", "機関区分": 2, "都道府県コード": 3, "市区町村コード": 201, "所在地": "岩手県盛岡市津志田西２－１３－３", "緯度": 39.663795, "経度": 141.150333, "url": "https://www.iryou.teikyouseido.mhlw.go.jp/znk-web/juminkanja/S2430/initialize?prefCd=03&kikanCd=03201089&kikanKbn=2", "url2": "https://oura-medical-clinic.com/", "内容": "医療法人泰悠会　大浦内科・歯科クリニック【2:診療所】【診療科目:内科_呼吸器内科_アレルギー疾患内科_小児科_歯科_矯正歯科_小児歯科_アレルギー科】岩手県盛岡市津志田西２－１３－３" }, "geometry": { "type": "Point", "coordinates": [ 141.150333, 39.663795 ] } },
{ "type": "Feature", "properties": { "ID": 3203201090, "正式名称": "茂木内科医院", "機関区分": 2, "都道府県コード": 3, "市区町村コード": 206, "所在地": "岩手県北上市本通り", "緯度": 39.287171, "経度": 141.115687, "url": "https://www.iryou.teikyouseido.mhlw.go.jp/znk-web/juminkanja/S2430/initialize?prefCd=03&kikanCd=03201090&kikanKbn=2", "url2": "http://www.motegi-c.com", "内容": "茂木内科医院【2:診療所】【診療科目:内科_循環器科】岩手県北上市本通り" }, "geometry": { "type": "Point", "coordinates": [ 141.115687, 39.287171 ] } },
{ "type": "Feature", "properties": { "ID": 3203201094, "正式名称": "医療法人守敬会　かねこ内科クリニック", "機関区分": 2, "都道府県コード": 3, "市区町村コード": 201, "所在地": "岩手県盛岡市月が丘１ー１ー６３", "緯度": 39.729374, "経度": 141.110604, "url": "https://www.iryou.teikyouseido.mhlw.go.jp/znk-web/juminkanja/S2430/initialize?prefCd=03&kikanCd=03201094&kikanKbn=2", "url2": "http://www.myclinic.ne.jp/kaneko_dm/", "内容": "医療法人守敬会　かねこ内科クリニック【2:診療所】【診療科目:内科_胃腸内科】岩手県盛岡市月が丘１ー１ー６３" }, "geometry": { "type": "Point", "coordinates": [ 141.110604, 39.729374 ] } },
{ "type": "Feature", "properties": { "ID": 3203201095, "正式名称": "加茂谷心療内科", "機関区分": 2, "都道府県コード": 3, "市区町村コード": 201, "所在地": "岩手県盛岡市神明町７ー３２", "緯度": 39.701166, "経度": 141.159148, "url": "https://www.iryou.teikyouseido.mhlw.go.jp/znk-web/juminkanja/S2430/initialize?prefCd=03&kikanCd=03201095&kikanKbn=2", "url2": null, "内容": "加茂谷心療内科【2:診療所】【診療科目:精神科_心療内科】岩手県盛岡市神明町７ー３２" }, "geometry": { "type": "Point", "coordinates": [ 141.159148, 39.701166 ] } },
{ "type": "Feature", "properties": { "ID": 3203201096, "正式名称": "葛クリニック", "機関区分": 2, "都道府県コード": 3, "市区町村コード": 201, "所在地": "岩手県盛岡市上田四丁目２０番５９号", "緯度": 39.72116, "経度": 141.137041, "url": "https://www.iryou.teikyouseido.mhlw.go.jp/znk-web/juminkanja/S2430/initialize?prefCd=03&kikanCd=03201096&kikanKbn=2", "url2": "https://www.kuzu-cl.com", "内容": "葛クリニック【2:診療所】【診療科目:内科_外科_婦人科_泌尿器科_心療内科】岩手県盛岡市上田四丁目２０番５９号" }, "geometry": { "type": "Point", "coordinates": [ 141.137041, 39.72116 ] } },
{ "type": "Feature", "properties": { "ID": 3203201097, "正式名称": "杉江内科クリニック", "機関区分": 2, "都道府県コード": 3, "市区町村コード": 216, "所在地": "岩手県滝沢市野沢６２ー１０１７", "緯度": 39.799299, "経度": 141.143927, "url": "https://www.iryou.teikyouseido.mhlw.go.jp/znk-web/juminkanja/S2430/initialize?prefCd=03&kikanCd=03201097&kikanKbn=2", "url2": null, "内容": "杉江内科クリニック【2:診療所】【診療科目:内科_呼吸器内科_胃腸内科_眼科_アレルギー科_放射線科】岩手県滝沢市野沢６２ー１０１７" }, "geometry": { "type": "Point", "coordinates": [ 141.143927, 39.799299 ] } },
{ "type": "Feature", "properties": { "ID": 3203201098, "正式名称": "見前ファミリークリニック", "機関区分": 2, "都道府県コード": 3, "市区町村コード": 201, "所在地": "岩手県盛岡市三本柳１２地割２０ー１", "緯度": 39.650401, "経度": 141.165169, "url": "https://www.iryou.teikyouseido.mhlw.go.jp/znk-web/juminkanja/S2430/initialize?prefCd=03&kikanCd=03201098&kikanKbn=2", "url2": null, "内容": "見前ファミリークリニック【2:診療所】【診療科目:内科_外科_小児外科】岩手県盛岡市三本柳１２地割２０ー１" }, "geometry": { "type": "Point", "coordinates": [ 141.165169, 39.650401 ] } },
{ "type": "Feature", "properties": { "ID": 3203201100, "正式名称": "医療法人　ちとせ医院", "機関区分": 2, "都道府県コード": 3, "市区町村コード": 206, "所在地": "岩手県北上市大通り２丁目１－２２", "緯度": 39.281977, "経度": 141.116736, "url": "https://www.iryou.teikyouseido.mhlw.go.jp/znk-web/juminkanja/S2430/initialize?prefCd=03&kikanCd=03201100&kikanKbn=2", "url2": null, "内容": "医療法人　ちとせ医院【2:診療所】【診療科目:内科_糖尿病内科_内分泌内科】岩手県北上市大通り２丁目１－２２" }, "geometry": { "type": "Point", "coordinates": [ 141.116736, 39.281977 ] } },
{ "type": "Feature", "properties": { "ID": 3203201101, "正式名称": "金子クリニック", "機関区分": 2, "都道府県コード": 3, "市区町村コード": 207, "所在地": "岩手県久慈市門前第２地割２６番地", "緯度": 40.197617, "経度": 141.767038, "url": "https://www.iryou.teikyouseido.mhlw.go.jp/znk-web/juminkanja/S2430/initialize?prefCd=03&kikanCd=03201101&kikanKbn=2", "url2": "http://kanekoclin.com/", "内容": "金子クリニック【2:診療所】【診療科目:内科_糖尿病内科_腎臓内科_泌尿器科】岩手県久慈市門前第２地割２６番地" }, "geometry": { "type": "Point", "coordinates": [ 141.767038, 40.197617 ] } },
{ "type": "Feature", "properties": { "ID": 3203201104, "正式名称": "さとう内科クリニック", "機関区分": 2, "都道府県コード": 3, "市区町村コード": 205, "所在地": "岩手県花巻市御田屋町４−２８", "緯度": 39.385219, "経度": 141.124788, "url": "https://www.iryou.teikyouseido.mhlw.go.jp/znk-web/juminkanja/S2430/initialize?prefCd=03&kikanCd=03201104&kikanKbn=2", "url2": "http://www.satonaikaclinic.com/", "内容": "さとう内科クリニック【2:診療所】【診療科目:内科_消化器内科_胃腸内科】岩手県花巻市御田屋町４−２８" }, "geometry": { "type": "Point", "coordinates": [ 141.124788, 39.385219 ] } },
{ "type": "Feature", "properties": { "ID": 3203201105, "正式名称": "さとう整形外科クリニック", "機関区分": 2, "都道府県コード": 3, "市区町村コード": 205, "所在地": "岩手県花巻市御田屋町４－２７", "緯度": 39.385375, "経度": 141.124805, "url": "https://www.iryou.teikyouseido.mhlw.go.jp/znk-web/juminkanja/S2430/initialize?prefCd=03&kikanCd=03201105&kikanKbn=2", "url2": "https://www.satoseikeigekaclinic.com/", "内容": "さとう整形外科クリニック【2:診療所】【診療科目:整形外科_リウマチ科_リハビリテーション科】岩手県花巻市御田屋町４－２７" }, "geometry": { "type": "Point", "coordinates": [ 141.124805, 39.385375 ] } },
{ "type": "Feature", "properties": { "ID": 3203201106, "正式名称": "あべ菜園内科クリニック", "機関区分": 2, "都道府県コード": 3, "市区町村コード": 201, "所在地": "岩手県盛岡市菜園二丁目５番２９号", "緯度": 39.702367, "経度": 141.145799, "url": "https://www.iryou.teikyouseido.mhlw.go.jp/znk-web/juminkanja/S2430/initialize?prefCd=03&kikanCd=03201106&kikanKbn=2", "url2": null, "内容": "あべ菜園内科クリニック【2:診療所】【診療科目:内科_消化器内科_胃腸内科_肝臓内科】岩手県盛岡市菜園二丁目５番２９号" }, "geometry": { "type": "Point", "coordinates": [ 141.145799, 39.702367 ] } },
{ "type": "Feature", "properties": { "ID": 3203201107, "正式名称": "菜園皮膚科クリニック", "機関区分": 2, "都道府県コード": 3, "市区町村コード": 201, "所在地": "岩手県盛岡市菜園菜園一丁目１２ー１８　盛岡菜園センタービル１階", "緯度": 39.701973, "経度": 141.147392, "url": "https://www.iryou.teikyouseido.mhlw.go.jp/znk-web/juminkanja/S2430/initialize?prefCd=03&kikanCd=03201107&kikanKbn=2", "url2": null, "内容": "菜園皮膚科クリニック【2:診療所】【診療科目:皮膚科_アレルギー科】岩手県盛岡市菜園菜園一丁目１２ー１８　盛岡菜園センタービル１階" }, "geometry": { "type": "Point", "coordinates": [ 141.147392, 39.701973 ] } },
{ "type": "Feature", "properties": { "ID": 3203201108, "正式名称": "医療法人百帆会　耳鼻咽喉科わたなべとしや診療室", "機関区分": 2, "都道府県コード": 3, "市区町村コード": 201, "所在地": "岩手県盛岡市北飯岡１ー２ー６７", "緯度": 39.680543, "経度": 141.132598, "url": "https://www.iryou.teikyouseido.mhlw.go.jp/znk-web/juminkanja/S2430/initialize?prefCd=03&kikanCd=03201108&kikanKbn=2", "url2": "http://toshiya-ent.net/", "内容": "医療法人百帆会　耳鼻咽喉科わたなべとしや診療室【2:診療所】【診療科目:耳鼻いんこう科_アレルギー科】岩手県盛岡市北飯岡１ー２ー６７" }, "geometry": { "type": "Point", "coordinates": [ 141.132598, 39.680543 ] } },
{ "type": "Feature", "properties": { "ID": 3203201109, "正式名称": "たけ循環器内科クリニック", "機関区分": 2, "都道府県コード": 3, "市区町村コード": 201, "所在地": "岩手県盛岡市北飯岡一丁目２番７０号", "緯度": 39.680082, "経度": 141.132731, "url": "https://www.iryou.teikyouseido.mhlw.go.jp/znk-web/juminkanja/S2430/initialize?prefCd=03&kikanCd=03201109&kikanKbn=2", "url2": "http://www.takekuri.com/", "内容": "たけ循環器内科クリニック【2:診療所】【診療科目:内科_呼吸器内科_循環器内科】岩手県盛岡市北飯岡一丁目２番７０号" }, "geometry": { "type": "Point", "coordinates": [ 141.132731, 39.680082 ] } },
{ "type": "Feature", "properties": { "ID": 3203201110, "正式名称": "くわた脳神経外科クリニック", "機関区分": 2, "都道府県コード": 3, "市区町村コード": 201, "所在地": "岩手県盛岡市北飯岡１ー２ー６８", "緯度": 39.68027, "経度": 141.132717, "url": "https://www.iryou.teikyouseido.mhlw.go.jp/znk-web/juminkanja/S2430/initialize?prefCd=03&kikanCd=03201110&kikanKbn=2", "url2": "www.kuwata-clinic.com", "内容": "くわた脳神経外科クリニック【2:診療所】【診療科目:神経内科_外科_脳神経外科_整形外科_リハビリテーション科】岩手県盛岡市北飯岡１ー２ー６８" }, "geometry": { "type": "Point", "coordinates": [ 141.132717, 39.68027 ] } },
{ "type": "Feature", "properties": { "ID": 3203201112, "正式名称": "おぼない内科クリニック", "機関区分": 2, "都道府県コード": 3, "市区町村コード": 322, "所在地": "岩手県紫波郡矢巾町大字南矢幅第８地割２３５番地", "緯度": 39.6103754, "経度": 141.1537267, "url": "https://www.iryou.teikyouseido.mhlw.go.jp/znk-web/juminkanja/S2430/initialize?prefCd=03&kikanCd=03201112&kikanKbn=2", "url2": "http://obonai-clinic.com", "内容": "おぼない内科クリニック【2:診療所】【診療科目:内科_循環器内科】岩手県紫波郡矢巾町大字南矢幅第８地割２３５番地" }, "geometry": { "type": "Point", "coordinates": [ 141.1537267, 39.6103754 ] } },
{ "type": "Feature", "properties": { "ID": 3203201115, "正式名称": "水沢キッズクリニック", "機関区分": 2, "都道府県コード": 3, "市区町村コード": 215, "所在地": "岩手県奥州市水沢横町９４", "緯度": 39.14083, "経度": 141.140051, "url": "https://www.iryou.teikyouseido.mhlw.go.jp/znk-web/juminkanja/S2430/initialize?prefCd=03&kikanCd=03201115&kikanKbn=2", "url2": "https://kids-clinic.org/", "内容": "水沢キッズクリニック【2:診療所】【診療科目:小児科】岩手県奥州市水沢横町９４" }, "geometry": { "type": "Point", "coordinates": [ 141.140051, 39.14083 ] } },
{ "type": "Feature", "properties": { "ID": 3203201118, "正式名称": "池田外科・消化器内科医院", "機関区分": 2, "都道府県コード": 3, "市区町村コード": 201, "所在地": "岩手県盛岡市境田町５−１８", "緯度": 39.705281, "経度": 141.123466, "url": "https://www.iryou.teikyouseido.mhlw.go.jp/znk-web/juminkanja/S2430/initialize?prefCd=03&kikanCd=03201118&kikanKbn=2", "url2": "http://www.ikeda-iin.jp", "内容": "池田外科・消化器内科医院【2:診療所】【診療科目:消化器内科_外科_消化器外科_肛門外科_整形外科_皮膚科】岩手県盛岡市境田町５−１８" }, "geometry": { "type": "Point", "coordinates": [ 141.123466, 39.705281 ] } },
{ "type": "Feature", "properties": { "ID": 3203201119, "正式名称": "岩手県中部保健所", "機関区分": 2, "都道府県コード": 3, "市区町村コード": 205, "所在地": "岩手県花巻市花城町１ー４１", "緯度": 39.390005, "経度": 141.115919, "url": "https://www.iryou.teikyouseido.mhlw.go.jp/znk-web/juminkanja/S2430/initialize?prefCd=03&kikanCd=03201119&kikanKbn=2", "url2": null, "内容": "岩手県中部保健所【2:診療所】【診療科目:内科】岩手県花巻市花城町１ー４１" }, "geometry": { "type": "Point", "coordinates": [ 141.115919, 39.390005 ] } },
{ "type": "Feature", "properties": { "ID": 3203201122, "正式名称": "おはようクリニック", "機関区分": 2, "都道府県コード": 3, "市区町村コード": 201, "所在地": "岩手県盛岡市高松二丁目２７－２７", "緯度": 39.725485, "経度": 141.136083, "url": "https://www.iryou.teikyouseido.mhlw.go.jp/znk-web/juminkanja/S2430/initialize?prefCd=03&kikanCd=03201122&kikanKbn=2", "url2": "http://r.goope.jp/ohayou", "内容": "おはようクリニック【2:診療所】【診療科目:内科_整形外科_リハビリテーション科】岩手県盛岡市高松二丁目２７－２７" }, "geometry": { "type": "Point", "coordinates": [ 141.136083, 39.725485 ] } },
{ "type": "Feature", "properties": { "ID": 3203201126, "正式名称": "花憩庵クリニック", "機関区分": 2, "都道府県コード": 3, "市区町村コード": 381, "所在地": "岩手県胆沢郡金ケ崎町西根谷来浦４６番地１", "緯度": 39.199564, "経度": 141.114896, "url": "https://www.iryou.teikyouseido.mhlw.go.jp/znk-web/juminkanja/S2430/initialize?prefCd=03&kikanCd=03201126&kikanKbn=2", "url2": "https://hanakeian.jp", "内容": "花憩庵クリニック【2:診療所】【診療科目:内科_リハビリテーション科】岩手県胆沢郡金ケ崎町西根谷来浦４６番地１" }, "geometry": { "type": "Point", "coordinates": [ 141.114896, 39.199564 ] } },
{ "type": "Feature", "properties": { "ID": 3203201128, "正式名称": "たかはし眼科", "機関区分": 2, "都道府県コード": 3, "市区町村コード": 201, "所在地": "岩手県盛岡市本宮", "緯度": 39.693195, "経度": 141.120236, "url": "https://www.iryou.teikyouseido.mhlw.go.jp/znk-web/juminkanja/S2430/initialize?prefCd=03&kikanCd=03201128&kikanKbn=2", "url2": "http://www.takahashiganka.net/", "内容": "たかはし眼科【2:診療所】【診療科目:眼科】岩手県盛岡市本宮" }, "geometry": { "type": "Point", "coordinates": [ 141.120236, 39.693195 ] } },
{ "type": "Feature", "properties": { "ID": 3203201131, "正式名称": "本町石部眼科クリニック", "機関区分": 2, "都道府県コード": 3, "市区町村コード": 201, "所在地": "岩手県盛岡市本町通１丁目９ー３２", "緯度": 39.705575, "経度": 141.153808, "url": "https://www.iryou.teikyouseido.mhlw.go.jp/znk-web/juminkanja/S2430/initialize?prefCd=03&kikanCd=03201131&kikanKbn=2", "url2": "http://www.ishibe-ganka.com/", "内容": "本町石部眼科クリニック【2:診療所】【診療科目:眼科】岩手県盛岡市本町通１丁目９ー３２" }, "geometry": { "type": "Point", "coordinates": [ 141.153808, 39.705575 ] } },
{ "type": "Feature", "properties": { "ID": 3203201132, "正式名称": "岩手県立中央病院附属沼宮内地域診療センター", "機関区分": 2, "都道府県コード": 3, "市区町村コード": 303, "所在地": "岩手県岩手郡岩手町大字五日市第１０地割４番地７", "緯度": 39.9712419, "経度": 141.2119792, "url": "https://www.iryou.teikyouseido.mhlw.go.jp/znk-web/juminkanja/S2430/initialize?prefCd=03&kikanCd=03201132&kikanKbn=2", "url2": "http://www.pref.iwate.jp/info.rbz?nd=1734&ik=3&pnp=17&pnp=83&pnp=1734", "内容": "岩手県立中央病院附属沼宮内地域診療センター【2:診療所】【診療科目:内科_外科_整形外科_リハビリテーション科】岩手県岩手郡岩手町大字五日市第１０地割４番地７" }, "geometry": { "type": "Point", "coordinates": [ 141.2119792, 39.9712419 ] } },
{ "type": "Feature", "properties": { "ID": 3203201133, "正式名称": "地域密着型小規模特別養護老人ホーム聖愛園にっかわ医務室", "機関区分": 2, "都道府県コード": 3, "市区町村コード": 215, "所在地": "岩手県奥州市江刺愛宕字八日市１番地２", "緯度": 39.186292, "経度": 141.160184, "url": "https://www.iryou.teikyouseido.mhlw.go.jp/znk-web/juminkanja/S2430/initialize?prefCd=03&kikanCd=03201133&kikanKbn=2", "url2": "https://seiaiikuseikai.or.jp", "内容": "地域密着型小規模特別養護老人ホーム聖愛園にっかわ医務室【2:診療所】【診療科目:消化器内科_整形外科_リハビリテーション科】岩手県奥州市江刺愛宕字八日市１番地２" }, "geometry": { "type": "Point", "coordinates": [ 141.160184, 39.186292 ] } },
{ "type": "Feature", "properties": { "ID": 3203201135, "正式名称": "関上こどもクリニック", "機関区分": 2, "都道府県コード": 3, "市区町村コード": 207, "所在地": "岩手県久慈市長内町第２４地割９８番地２", "緯度": 40.186719, "経度": 141.774261, "url": "https://www.iryou.teikyouseido.mhlw.go.jp/znk-web/juminkanja/S2430/initialize?prefCd=03&kikanCd=03201135&kikanKbn=2", "url2": "www.sekigami-c-c.com", "内容": "関上こどもクリニック【2:診療所】【診療科目:内科_小児科_アレルギー科】岩手県久慈市長内町第２４地割９８番地２" }, "geometry": { "type": "Point", "coordinates": [ 141.774261, 40.186719 ] } },
{ "type": "Feature", "properties": { "ID": 3203201136, "正式名称": "加賀野消化器内科・内科クリニック", "機関区分": 2, "都道府県コード": 3, "市区町村コード": 201, "所在地": "岩手県盛岡市天神町１１ー８", "緯度": 39.70431, "経度": 141.165983, "url": "https://www.iryou.teikyouseido.mhlw.go.jp/znk-web/juminkanja/S2430/initialize?prefCd=03&kikanCd=03201136&kikanKbn=2", "url2": "kaganoclinic.jp", "内容": "加賀野消化器内科・内科クリニック【2:診療所】【診療科目:内科_消化器内科】岩手県盛岡市天神町１１ー８" }, "geometry": { "type": "Point", "coordinates": [ 141.165983, 39.70431 ] } },
{ "type": "Feature", "properties": { "ID": 3203201137, "正式名称": "堀江医院", "機関区分": 2, "都道府県コード": 3, "市区町村コード": 322, "所在地": "岩手県紫波郡矢巾町西徳田６ー１４３", "緯度": 39.61287, "経度": 141.17177, "url": "https://www.iryou.teikyouseido.mhlw.go.jp/znk-web/juminkanja/S2430/initialize?prefCd=03&kikanCd=03201137&kikanKbn=2", "url2": null, "内容": "堀江医院【2:診療所】【診療科目:内科_呼吸器内科_外科_心臓血管外科_整形外科_小児科_麻酔科】岩手県紫波郡矢巾町西徳田６ー１４３" }, "geometry": { "type": "Point", "coordinates": [ 141.17177, 39.61287 ] } },
{ "type": "Feature", "properties": { "ID": 3203201140, "正式名称": "田村川上医院", "機関区分": 2, "都道府県コード": 3, "市区町村コード": 215, "所在地": "岩手県奥州市前沢七日町裏８６番１号", "緯度": 39.051435, "経度": 141.123435, "url": "https://www.iryou.teikyouseido.mhlw.go.jp/znk-web/juminkanja/S2430/initialize?prefCd=03&kikanCd=03201140&kikanKbn=2", "url2": "http://website2.infomity.net/840000098/", "内容": "田村川上医院【2:診療所】【診療科目:内科_循環器内科_外科_泌尿器科】岩手県奥州市前沢七日町裏８６番１号" }, "geometry": { "type": "Point", "coordinates": [ 141.123435, 39.051435 ] } },
{ "type": "Feature", "properties": { "ID": 3203201141, "正式名称": "千田内科クリニック", "機関区分": 2, "都道府県コード": 3, "市区町村コード": 215, "所在地": "岩手県奥州市前沢向田一丁目１６番地３", "緯度": 39.047326, "経度": 141.129479, "url": "https://www.iryou.teikyouseido.mhlw.go.jp/znk-web/juminkanja/S2430/initialize?prefCd=03&kikanCd=03201141&kikanKbn=2", "url2": null, "内容": "千田内科クリニック【2:診療所】【診療科目:内科_糖尿病内科_呼吸器内科_循環器内科_消化器内科】岩手県奥州市前沢向田一丁目１６番地３" }, "geometry": { "type": "Point", "coordinates": [ 141.129479, 39.047326 ] } },
{ "type": "Feature", "properties": { "ID": 3203201142, "正式名称": "水沢みなみ皮フ科", "機関区分": 2, "都道府県コード": 3, "市区町村コード": 215, "所在地": "岩手県奥州市水沢真城字杉山下７０番地１", "緯度": 39.12707, "経度": 141.148087, "url": "https://www.iryou.teikyouseido.mhlw.go.jp/znk-web/juminkanja/S2430/initialize?prefCd=03&kikanCd=03201142&kikanKbn=2", "url2": "https://minahihu.com/", "内容": "水沢みなみ皮フ科【2:診療所】【診療科目:皮膚科_アレルギー科】岩手県奥州市水沢真城字杉山下７０番地１" }, "geometry": { "type": "Point", "coordinates": [ 141.148087, 39.12707 ] } },
{ "type": "Feature", "properties": { "ID": 3203201143, "正式名称": "かじかわクリニック", "機関区分": 2, "都道府県コード": 3, "市区町村コード": 215, "所在地": "岩手県奥州市水沢佐倉河字慶徳２６番地１", "緯度": 39.144188, "経度": 141.151624, "url": "https://www.iryou.teikyouseido.mhlw.go.jp/znk-web/juminkanja/S2430/initialize?prefCd=03&kikanCd=03201143&kikanKbn=2", "url2": "http://kajikawa-clinic.sakura.ne.jp", "内容": "かじかわクリニック【2:診療所】【診療科目:内科_外科_皮膚科_泌尿器科】岩手県奥州市水沢佐倉河字慶徳２６番地１" }, "geometry": { "type": "Point", "coordinates": [ 141.151624, 39.144188 ] } },
{ "type": "Feature", "properties": { "ID": 3203201145, "正式名称": "岩手県立磐井病院附属花泉地域診療センター", "機関区分": 2, "都道府県コード": 3, "市区町村コード": 209, "所在地": "岩手県一関市花泉町涌津字上原３１番地", "緯度": 38.832999, "経度": 141.183268, "url": "https://www.iryou.teikyouseido.mhlw.go.jp/znk-web/juminkanja/S2430/initialize?prefCd=03&kikanCd=03201145&kikanKbn=2", "url2": "https://iwai-hp.com/about/about-hanaizumi/", "内容": "岩手県立磐井病院附属花泉地域診療センター【2:診療所】【診療科目:内科_外科】岩手県一関市花泉町涌津字上原３１番地" }, "geometry": { "type": "Point", "coordinates": [ 141.183268, 38.832999 ] } },
{ "type": "Feature", "properties": { "ID": 3203201148, "正式名称": "紫波中央眼科", "機関区分": 2, "都道府県コード": 3, "市区町村コード": 321, "所在地": "岩手県紫波郡紫波町紫波中央駅前２ー３ー３　オガールプラザ東棟１階", "緯度": 39.554152, "経度": 141.157617, "url": "https://www.iryou.teikyouseido.mhlw.go.jp/znk-web/juminkanja/S2430/initialize?prefCd=03&kikanCd=03201148&kikanKbn=2", "url2": null, "内容": "紫波中央眼科【2:診療所】【診療科目:眼科】岩手県紫波郡紫波町紫波中央駅前２ー３ー３　オガールプラザ東棟１階" }, "geometry": { "type": "Point", "coordinates": [ 141.157617, 39.554152 ] } },
{ "type": "Feature", "properties": { "ID": 3203201152, "正式名称": "社会福祉法人悠和会　特別養護老人ホーム銀河の里", "機関区分": 2, "都道府県コード": 3, "市区町村コード": 205, "所在地": "岩手県花巻市幸田６ー１４０", "緯度": 39.399244, "経度": 141.196683, "url": "https://www.iryou.teikyouseido.mhlw.go.jp/znk-web/juminkanja/S2430/initialize?prefCd=03&kikanCd=03201152&kikanKbn=2", "url2": "http://www.ginganosato.com", "内容": "社会福祉法人悠和会　特別養護老人ホーム銀河の里【2:診療所】【診療科目:内科_脳神経外科】岩手県花巻市幸田６ー１４０" }, "geometry": { "type": "Point", "coordinates": [ 141.196683, 39.399244 ] } },
{ "type": "Feature", "properties": { "ID": 3203201153, "正式名称": "特別養護老人ホーム　ラベンダー医務室", "機関区分": 2, "都道府県コード": 3, "市区町村コード": 303, "所在地": "岩手県岩手郡岩手町大字江刈内第１０地割２８番地３", "緯度": 39.966253, "経度": 141.224099, "url": "https://www.iryou.teikyouseido.mhlw.go.jp/znk-web/juminkanja/S2430/initialize?prefCd=03&kikanCd=03201153&kikanKbn=2", "url2": null, "内容": "特別養護老人ホーム　ラベンダー医務室【2:診療所】【診療科目:内科】岩手県岩手郡岩手町大字江刈内第１０地割２８番地３" }, "geometry": { "type": "Point", "coordinates": [ 141.224099, 39.966253 ] } },
{ "type": "Feature", "properties": { "ID": 3203201155, "正式名称": "みやた整形外科医院", "機関区分": 2, "都道府県コード": 3, "市区町村コード": 201, "所在地": "岩手県盛岡市上堂上堂２丁目４ー１２", "緯度": 39.72561, "経度": 141.119482, "url": "https://www.iryou.teikyouseido.mhlw.go.jp/znk-web/juminkanja/S2430/initialize?prefCd=03&kikanCd=03201155&kikanKbn=2", "url2": null, "内容": "みやた整形外科医院【2:診療所】【診療科目:内科_整形外科_リウマチ科_リハビリテーション科】岩手県盛岡市上堂上堂２丁目４ー１２" }, "geometry": { "type": "Point", "coordinates": [ 141.119482, 39.72561 ] } },
{ "type": "Feature", "properties": { "ID": 3203201156, "正式名称": "みずかわ耳鼻咽喉科医院", "機関区分": 2, "都道府県コード": 3, "市区町村コード": 206, "所在地": "岩手県北上市上江釣子１５－２１３", "緯度": 39.299926, "経度": 141.078769, "url": "https://www.iryou.teikyouseido.mhlw.go.jp/znk-web/juminkanja/S2430/initialize?prefCd=03&kikanCd=03201156&kikanKbn=2", "url2": null, "内容": "みずかわ耳鼻咽喉科医院【2:診療所】【診療科目:耳鼻いんこう科】岩手県北上市上江釣子１５－２１３" }, "geometry": { "type": "Point", "coordinates": [ 141.078769, 39.299926 ] } },
{ "type": "Feature", "properties": { "ID": 3203201157, "正式名称": "にしね眼科クリニック", "機関区分": 2, "都道府県コード": 3, "市区町村コード": 214, "所在地": "岩手県八幡平市大更第２４地割２９ー１", "緯度": 39.91426, "経度": 141.092196, "url": "https://www.iryou.teikyouseido.mhlw.go.jp/znk-web/juminkanja/S2430/initialize?prefCd=03&kikanCd=03201157&kikanKbn=2", "url2": null, "内容": "にしね眼科クリニック【2:診療所】【診療科目:眼科】岩手県八幡平市大更第２４地割２９ー１" }, "geometry": { "type": "Point", "coordinates": [ 141.092196, 39.91426 ] } },
{ "type": "Feature", "properties": { "ID": 3203201158, "正式名称": "医療法人清風会　なおしま医院", "機関区分": 2, "都道府県コード": 3, "市区町村コード": 321, "所在地": "岩手県紫波郡紫波町上平沢字川原田３３番地５", "緯度": 39.552446, "経度": 141.105521, "url": "https://www.iryou.teikyouseido.mhlw.go.jp/znk-web/juminkanja/S2430/initialize?prefCd=03&kikanCd=03201158&kikanKbn=2", "url2": null, "内容": "医療法人清風会　なおしま医院【2:診療所】【診療科目:内科】岩手県紫波郡紫波町上平沢字川原田３３番地５" }, "geometry": { "type": "Point", "coordinates": [ 141.105521, 39.552446 ] } },
{ "type": "Feature", "properties": { "ID": 3203201159, "正式名称": "わたなべ脳神経外科クリニック", "機関区分": 2, "都道府県コード": 3, "市区町村コード": 206, "所在地": "岩手県北上市しらゆり３番２号", "緯度": 39.289031, "経度": 141.101304, "url": "https://www.iryou.teikyouseido.mhlw.go.jp/znk-web/juminkanja/S2430/initialize?prefCd=03&kikanCd=03201159&kikanKbn=2", "url2": "http://website2.infomity.net/8460000119/m/", "内容": "わたなべ脳神経外科クリニック【2:診療所】【診療科目:神経内科_脳神経外科_リハビリテーション科】岩手県北上市しらゆり３番２号" }, "geometry": { "type": "Point", "coordinates": [ 141.101304, 39.289031 ] } },
{ "type": "Feature", "properties": { "ID": 3203201161, "正式名称": "特別養護老人ホームリアス倶楽部医務室", "機関区分": 2, "都道府県コード": 3, "市区町村コード": 484, "所在地": "岩手県下閉伊郡田野畑村奥地１３番地", "緯度": 39.941303, "経度": 141.828011, "url": "https://www.iryou.teikyouseido.mhlw.go.jp/znk-web/juminkanja/S2430/initialize?prefCd=03&kikanCd=03201161&kikanKbn=2", "url2": null, "内容": "特別養護老人ホームリアス倶楽部医務室【2:診療所】【診療科目:内科】岩手県下閉伊郡田野畑村奥地１３番地" }, "geometry": { "type": "Point", "coordinates": [ 141.828011, 39.941303 ] } },
{ "type": "Feature", "properties": { "ID": 3203201163, "正式名称": "岩泉町小本診療所", "機関区分": 2, "都道府県コード": 3, "市区町村コード": 483, "所在地": "岩手県下閉伊郡岩泉町小本字南中野２３９番地１", "緯度": 39.842706, "経度": 141.958682, "url": "https://www.iryou.teikyouseido.mhlw.go.jp/znk-web/juminkanja/S2430/initialize?prefCd=03&kikanCd=03201163&kikanKbn=2", "url2": null, "内容": "岩泉町小本診療所【2:診療所】【診療科目:内科】岩手県下閉伊郡岩泉町小本字南中野２３９番地１" }, "geometry": { "type": "Point", "coordinates": [ 141.958682, 39.842706 ] } },
{ "type": "Feature", "properties": { "ID": 3203201164, "正式名称": "田郷医院", "機関区分": 2, "都道府県コード": 3, "市区町村コード": 206, "所在地": "岩手県北上市さくら通り３丁目１４ー２５", "緯度": 39.298179, "経度": 141.115645, "url": "https://www.iryou.teikyouseido.mhlw.go.jp/znk-web/juminkanja/S2430/initialize?prefCd=03&kikanCd=03201164&kikanKbn=2", "url2": "http://tago-clinic.com/", "内容": "田郷医院【2:診療所】【診療科目:内科_神経内科_精神科】岩手県北上市さくら通り３丁目１４ー２５" }, "geometry": { "type": "Point", "coordinates": [ 141.115645, 39.298179 ] } },
{ "type": "Feature", "properties": { "ID": 3203201166, "正式名称": "とおの宮本眼科", "機関区分": 2, "都道府県コード": 3, "市区町村コード": 208, "所在地": "岩手県遠野市東舘町８番７号", "緯度": 39.328208, "経度": 141.532989, "url": "https://www.iryou.teikyouseido.mhlw.go.jp/znk-web/juminkanja/S2430/initialize?prefCd=03&kikanCd=03201166&kikanKbn=2", "url2": null, "内容": "とおの宮本眼科【2:診療所】【診療科目:眼科】岩手県遠野市東舘町８番７号" }, "geometry": { "type": "Point", "coordinates": [ 141.532989, 39.328208 ] } },
{ "type": "Feature", "properties": { "ID": 3203201167, "正式名称": "特別養護老人ホーム結いの郷　医務室", "機関区分": 2, "都道府県コード": 3, "市区町村コード": 205, "所在地": "岩手県花巻市大迫町大迫第１３地割２０番地１", "緯度": 39.471385, "経度": 141.278107, "url": "https://www.iryou.teikyouseido.mhlw.go.jp/znk-web/juminkanja/S2430/initialize?prefCd=03&kikanCd=03201167&kikanKbn=2", "url2": null, "内容": "特別養護老人ホーム結いの郷　医務室【2:診療所】【診療科目:内科】岩手県花巻市大迫町大迫第１３地割２０番地１" }, "geometry": { "type": "Point", "coordinates": [ 141.278107, 39.471385 ] } },
{ "type": "Feature", "properties": { "ID": 3203201173, "正式名称": "ホームケアクリニックえん", "機関区分": 2, "都道府県コード": 3, "市区町村コード": 206, "所在地": "岩手県北上市青柳町２丁目５－１５", "緯度": 39.284511, "経度": 141.117089, "url": "https://www.iryou.teikyouseido.mhlw.go.jp/znk-web/juminkanja/S2430/initialize?prefCd=03&kikanCd=03201173&kikanKbn=2", "url2": "http://hhc-en.jp", "内容": "ホームケアクリニックえん【2:診療所】【診療科目:内科_老年内科_緩和ケア内科】岩手県北上市青柳町２丁目５－１５" }, "geometry": { "type": "Point", "coordinates": [ 141.117089, 39.284511 ] } },
{ "type": "Feature", "properties": { "ID": 3203201174, "正式名称": "前多小児科クリニック", "機関区分": 2, "都道府県コード": 3, "市区町村コード": 201, "所在地": "岩手県盛岡市盛岡駅前通９ー１０丸善ビル５Ｆ", "緯度": 39.702261, "経度": 141.137291, "url": "https://www.iryou.teikyouseido.mhlw.go.jp/znk-web/juminkanja/S2430/initialize?prefCd=03&kikanCd=03201174&kikanKbn=2", "url2": "http://www.maeta-kids.com", "内容": "前多小児科クリニック【2:診療所】【診療科目:小児科_児童精神科】岩手県盛岡市盛岡駅前通９ー１０丸善ビル５Ｆ" }, "geometry": { "type": "Point", "coordinates": [ 141.137291, 39.702261 ] } },
{ "type": "Feature", "properties": { "ID": 3203201175, "正式名称": "医療法人社団帰厚堂　こずかた診療所", "機関区分": 2, "都道府県コード": 3, "市区町村コード": 322, "所在地": "岩手県紫波郡矢巾町又兵エ新田第５地割３３５番地", "緯度": 39.613391, "経度": 141.146978, "url": "https://www.iryou.teikyouseido.mhlw.go.jp/znk-web/juminkanja/S2430/initialize?prefCd=03&kikanCd=03201175&kikanKbn=2", "url2": "http://www.kikodo.or.jp/", "内容": "医療法人社団帰厚堂　こずかた診療所【2:診療所】【診療科目:内科_脳神経内科_脳神経外科_整形外科】岩手県紫波郡矢巾町又兵エ新田第５地割３３５番地" }, "geometry": { "type": "Point", "coordinates": [ 141.146978, 39.613391 ] } },
{ "type": "Feature", "properties": { "ID": 3203201176, "正式名称": "野崎内科・神経内科医院", "機関区分": 2, "都道府県コード": 3, "市区町村コード": 321, "所在地": "岩手県紫波郡紫波町高水寺字大坊１８３ー１", "緯度": 39.568712, "経度": 141.164869, "url": "https://www.iryou.teikyouseido.mhlw.go.jp/znk-web/juminkanja/S2430/initialize?prefCd=03&kikanCd=03201176&kikanKbn=2", "url2": "https://kerochan222.wixsite.com/nozakinaika", "内容": "野崎内科・神経内科医院【2:診療所】【診療科目:内科_神経内科】岩手県紫波郡紫波町高水寺字大坊１８３ー１" }, "geometry": { "type": "Point", "coordinates": [ 141.164869, 39.568712 ] } },
{ "type": "Feature", "properties": { "ID": 3203201177, "正式名称": "さいとうさやかクリニック", "機関区分": 2, "都道府県コード": 3, "市区町村コード": 206, "所在地": "岩手県北上市飯豊２０地割１２３ー１", "緯度": 39.347569, "経度": 141.091409, "url": "https://www.iryou.teikyouseido.mhlw.go.jp/znk-web/juminkanja/S2430/initialize?prefCd=03&kikanCd=03201177&kikanKbn=2", "url2": "http://www.sayaka-cl.com/", "内容": "さいとうさやかクリニック【2:診療所】【診療科目:内科_漢方内科_女性内科_アレルギー疾患内科_産婦人科_心療内科_アレルギー科】岩手県北上市飯豊２０地割１２３ー１" }, "geometry": { "type": "Point", "coordinates": [ 141.091409, 39.347569 ] } },
{ "type": "Feature", "properties": { "ID": 3203201180, "正式名称": "佐藤整形外科クリニック", "機関区分": 2, "都道府県コード": 3, "市区町村コード": 303, "所在地": "岩手県岩手郡岩手町大字江刈内７ー１０ー１", "緯度": 39.955686, "経度": 141.265233, "url": "https://www.iryou.teikyouseido.mhlw.go.jp/znk-web/juminkanja/S2430/initialize?prefCd=03&kikanCd=03201180&kikanKbn=2", "url2": null, "内容": "佐藤整形外科クリニック【2:診療所】【診療科目:整形外科_リウマチ科_リハビリテーション科】岩手県岩手郡岩手町大字江刈内７ー１０ー１" }, "geometry": { "type": "Point", "coordinates": [ 141.265233, 39.955686 ] } },
{ "type": "Feature", "properties": { "ID": 3203201181, "正式名称": "むろおか骨粗鬆症・整形外科クリニック", "機関区分": 2, "都道府県コード": 3, "市区町村コード": 201, "所在地": "岩手県盛岡市菜園１丁目１１ー１エスビル菜園４階", "緯度": 39.70127, "経度": 141.147643, "url": "https://www.iryou.teikyouseido.mhlw.go.jp/znk-web/juminkanja/S2430/initialize?prefCd=03&kikanCd=03201181&kikanKbn=2", "url2": "murooka-clinic. net", "内容": "むろおか骨粗鬆症・整形外科クリニック【2:診療所】【診療科目:老年内科_ペインクリニック外科_整形外科_リウマチ科】岩手県盛岡市菜園１丁目１１ー１エスビル菜園４階" }, "geometry": { "type": "Point", "coordinates": [ 141.147643, 39.70127 ] } },
{ "type": "Feature", "properties": { "ID": 3203201182, "正式名称": "医療法人　愛久会　きたかみ駅前内科クリニック", "機関区分": 2, "都道府県コード": 3, "市区町村コード": 206, "所在地": "岩手県北上市大通り１ー３ー１　おでんせプラザぐろーぶ２階", "緯度": 39.282174, "経度": 141.120214, "url": "https://www.iryou.teikyouseido.mhlw.go.jp/znk-web/juminkanja/S2430/initialize?prefCd=03&kikanCd=03201182&kikanKbn=2", "url2": "https://kitakami-naika.com/", "内容": "医療法人　愛久会　きたかみ駅前内科クリニック【2:診療所】【診療科目:内科_代謝内科】岩手県北上市大通り１ー３ー１　おでんせプラザぐろーぶ２階" }, "geometry": { "type": "Point", "coordinates": [ 141.120214, 39.282174 ] } },
{ "type": "Feature", "properties": { "ID": 3203201184, "正式名称": "上組町ほほえみスキンクリニック", "機関区分": 2, "都道府県コード": 3, "市区町村コード": 208, "所在地": "岩手県遠野市上組町３ー４", "緯度": 39.331986, "経度": 141.534906, "url": "https://www.iryou.teikyouseido.mhlw.go.jp/znk-web/juminkanja/S2430/initialize?prefCd=03&kikanCd=03201184&kikanKbn=2", "url2": "http://www.hohoemi-sc.com/", "内容": "上組町ほほえみスキンクリニック【2:診療所】【診療科目:皮膚科】岩手県遠野市上組町３ー４" }, "geometry": { "type": "Point", "coordinates": [ 141.534906, 39.331986 ] } },
{ "type": "Feature", "properties": { "ID": 3203201185, "正式名称": "開運橋消化器内科クリニック", "機関区分": 2, "都道府県コード": 3, "市区町村コード": 201, "所在地": "岩手県盛岡市大通３丁目９－３", "緯度": 39.702819, "経度": 141.140396, "url": "https://www.iryou.teikyouseido.mhlw.go.jp/znk-web/juminkanja/S2430/initialize?prefCd=03&kikanCd=03201185&kikanKbn=2", "url2": "http://www.kaiun-cl.com", "内容": "開運橋消化器内科クリニック【2:診療所】【診療科目:内科_糖尿病内科_消化器内科_胃腸内科_内視鏡内科】岩手県盛岡市大通３丁目９－３" }, "geometry": { "type": "Point", "coordinates": [ 141.140396, 39.702819 ] } },
{ "type": "Feature", "properties": { "ID": 3203201186, "正式名称": "大槌おおのクリニック", "機関区分": 2, "都道府県コード": 3, "市区町村コード": 461, "所在地": "岩手県上閉伊郡大槌町吉里吉里２丁目９番２０号", "緯度": 39.36841, "経度": 141.938136, "url": "https://www.iryou.teikyouseido.mhlw.go.jp/znk-web/juminkanja/S2430/initialize?prefCd=03&kikanCd=03201186&kikanKbn=2", "url2": null, "内容": "大槌おおのクリニック【2:診療所】【診療科目:内科_循環器内科】岩手県上閉伊郡大槌町吉里吉里２丁目９番２０号" }, "geometry": { "type": "Point", "coordinates": [ 141.938136, 39.36841 ] } },
{ "type": "Feature", "properties": { "ID": 3203201187, "正式名称": "ふじまる内科医院", "機関区分": 2, "都道府県コード": 3, "市区町村コード": 461, "所在地": "岩手県上閉伊郡大槌町上町１ー１６", "緯度": 39.357862, "経度": 141.900123, "url": "https://www.iryou.teikyouseido.mhlw.go.jp/znk-web/juminkanja/S2430/initialize?prefCd=03&kikanCd=03201187&kikanKbn=2", "url2": null, "内容": "ふじまる内科医院【2:診療所】【診療科目:内科_消化器内科】岩手県上閉伊郡大槌町上町１ー１６" }, "geometry": { "type": "Point", "coordinates": [ 141.900123, 39.357862 ] } },
{ "type": "Feature", "properties": { "ID": 3203201189, "正式名称": "ゆうあいの街クリニック", "機関区分": 2, "都道府県コード": 3, "市区町村コード": 201, "所在地": "岩手県盛岡市北飯岡１丁目２番２５号", "緯度": 39.679392, "経度": 141.13325, "url": "https://www.iryou.teikyouseido.mhlw.go.jp/znk-web/juminkanja/S2430/initialize?prefCd=03&kikanCd=03201189&kikanKbn=2", "url2": "http://www.yu-ai.net", "内容": "ゆうあいの街クリニック【2:診療所】【診療科目:内科_消化器内科】岩手県盛岡市北飯岡１丁目２番２５号" }, "geometry": { "type": "Point", "coordinates": [ 141.13325, 39.679392 ] } },
{ "type": "Feature", "properties": { "ID": 3203201190, "正式名称": "盛岡さくらクリニック", "機関区分": 2, "都道府県コード": 3, "市区町村コード": 201, "所在地": "岩手県盛岡市みたけ４丁目３６ー３２", "緯度": 39.747598, "経度": 141.125791, "url": "https://www.iryou.teikyouseido.mhlw.go.jp/znk-web/juminkanja/S2430/initialize?prefCd=03&kikanCd=03201190&kikanKbn=2", "url2": "http://morioka-sakura.com/", "内容": "盛岡さくらクリニック【2:診療所】【診療科目:内科_小児科_皮膚科_アレルギー科】岩手県盛岡市みたけ４丁目３６ー３２" }, "geometry": { "type": "Point", "coordinates": [ 141.125791, 39.747598 ] } },
{ "type": "Feature", "properties": { "ID": 3203201191, "正式名称": "公益財団法人岩手県予防医学協会付属第一診療所", "機関区分": 2, "都道府県コード": 3, "市区町村コード": 201, "所在地": "岩手県盛岡市北飯岡四丁目８番５０号", "緯度": 39.67062, "経度": 141.132483, "url": "https://www.iryou.teikyouseido.mhlw.go.jp/znk-web/juminkanja/S2430/initialize?prefCd=03&kikanCd=03201191&kikanKbn=2", "url2": "http://www.aogiri.org", "内容": "公益財団法人岩手県予防医学協会付属第一診療所【2:診療所】【診療科目:内科_呼吸器内科_循環器内科_消化器内科_外科_脳神経外科_婦人科_泌尿器科_臨床検査科】岩手県盛岡市北飯岡四丁目８番５０号" }, "geometry": { "type": "Point", "coordinates": [ 141.132483, 39.67062 ] } },
{ "type": "Feature", "properties": { "ID": 3203201192, "正式名称": "こどもみらいクリニック", "機関区分": 2, "都道府県コード": 3, "市区町村コード": 205, "所在地": "岩手県花巻市花城町１２番１４号　花城さくらマンション１Ｆ", "緯度": 39.386938, "経度": 141.116378, "url": "https://www.iryou.teikyouseido.mhlw.go.jp/znk-web/juminkanja/S2430/initialize?prefCd=03&kikanCd=03201192&kikanKbn=2", "url2": "http://kodomomirai.info", "内容": "こどもみらいクリニック【2:診療所】【診療科目:小児科】岩手県花巻市花城町１２番１４号　花城さくらマンション１Ｆ" }, "geometry": { "type": "Point", "coordinates": [ 141.116378, 39.386938 ] } },
{ "type": "Feature", "properties": { "ID": 3203201194, "正式名称": "小鳥谷診療所", "機関区分": 2, "都道府県コード": 3, "市区町村コード": 524, "所在地": "岩手県二戸郡一戸町小鳥谷字中屋敷上１－３", "緯度": 40.168398, "経度": 141.306069, "url": "https://www.iryou.teikyouseido.mhlw.go.jp/znk-web/juminkanja/S2430/initialize?prefCd=03&kikanCd=03201194&kikanKbn=2", "url2": null, "内容": "小鳥谷診療所【2:診療所】【診療科目:内科】岩手県二戸郡一戸町小鳥谷字中屋敷上１－３" }, "geometry": { "type": "Point", "coordinates": [ 141.306069, 40.168398 ] } },
{ "type": "Feature", "properties": { "ID": 3203201196, "正式名称": "メディケアプラザ中央通りクリニック", "機関区分": 2, "都道府県コード": 3, "市区町村コード": 201, "所在地": "岩手県盛岡市中央通三丁目１６番２３号", "緯度": 39.705817, "経度": 141.140998, "url": "https://www.iryou.teikyouseido.mhlw.go.jp/znk-web/juminkanja/S2430/initialize?prefCd=03&kikanCd=03201196&kikanKbn=2", "url2": "https://www.mpcyuo.jp/", "内容": "メディケアプラザ中央通りクリニック【2:診療所】【診療科目:内科_糖尿病内科_呼吸器内科_脳神経外科】岩手県盛岡市中央通三丁目１６番２３号" }, "geometry": { "type": "Point", "coordinates": [ 141.140998, 39.705817 ] } },
{ "type": "Feature", "properties": { "ID": 3203201197, "正式名称": "特別養護老人ホーム花あかり　医務室", "機関区分": 2, "都道府県コード": 3, "市区町村コード": 205, "所在地": "岩手県花巻市南城１０６番地", "緯度": 39.371384, "経度": 141.121849, "url": "https://www.iryou.teikyouseido.mhlw.go.jp/znk-web/juminkanja/S2430/initialize?prefCd=03&kikanCd=03201197&kikanKbn=2", "url2": null, "内容": "特別養護老人ホーム花あかり　医務室【2:診療所】【診療科目:内科】岩手県花巻市南城１０６番地" }, "geometry": { "type": "Point", "coordinates": [ 141.121849, 39.371384 ] } },
{ "type": "Feature", "properties": { "ID": 3203201199, "正式名称": "きたかみ皮膚科スキンケアクリニック", "機関区分": 2, "都道府県コード": 3, "市区町村コード": 206, "所在地": "岩手県北上市大曲町１ー２", "緯度": 39.28506, "経度": 141.112349, "url": "https://www.iryou.teikyouseido.mhlw.go.jp/znk-web/juminkanja/S2430/initialize?prefCd=03&kikanCd=03201199&kikanKbn=2", "url2": null, "内容": "きたかみ皮膚科スキンケアクリニック【2:診療所】【診療科目:皮膚科_美容皮膚科】岩手県北上市大曲町１ー２" }, "geometry": { "type": "Point", "coordinates": [ 141.112349, 39.28506 ] } },
{ "type": "Feature", "properties": { "ID": 3203201200, "正式名称": "地域密着型特別養護老人ホーム浮牛の里医務室", "機関区分": 2, "都道府県コード": 3, "市区町村コード": 206, "所在地": "岩手県北上市口内町久田２５番地１１", "緯度": 39.28916, "経度": 141.210202, "url": "https://www.iryou.teikyouseido.mhlw.go.jp/znk-web/juminkanja/S2430/initialize?prefCd=03&kikanCd=03201200&kikanKbn=2", "url2": "http://hakuaikai-kitakami.or.jp/", "内容": "地域密着型特別養護老人ホーム浮牛の里医務室【2:診療所】【診療科目:内科】岩手県北上市口内町久田２５番地１１" }, "geometry": { "type": "Point", "coordinates": [ 141.210202, 39.28916 ] } },
{ "type": "Feature", "properties": { "ID": 3203201201, "正式名称": "特別養護老人ホームぬくもりの家医務室", "機関区分": 2, "都道府県コード": 3, "市区町村コード": 215, "所在地": "岩手県奥州市胆沢南都田字大持３０番地", "緯度": 39.129068, "経度": 141.069448, "url": "https://www.iryou.teikyouseido.mhlw.go.jp/znk-web/juminkanja/S2430/initialize?prefCd=03&kikanCd=03201201&kikanKbn=2", "url2": null, "内容": "特別養護老人ホームぬくもりの家医務室【2:診療所】【診療科目:内科】岩手県奥州市胆沢南都田字大持３０番地" }, "geometry": { "type": "Point", "coordinates": [ 141.069448, 39.129068 ] } },
{ "type": "Feature", "properties": { "ID": 3203201202, "正式名称": "特別養護老人ホームまえさわ苑折居館医務室", "機関区分": 2, "都道府県コード": 3, "市区町村コード": 215, "所在地": "岩手県奥州市前沢古城字北舘２１番地１", "緯度": 39.093547, "経度": 141.135138, "url": "https://www.iryou.teikyouseido.mhlw.go.jp/znk-web/juminkanja/S2430/initialize?prefCd=03&kikanCd=03201202&kikanKbn=2", "url2": null, "内容": "特別養護老人ホームまえさわ苑折居館医務室【2:診療所】【診療科目:内科_循環器内科_胃腸内科】岩手県奥州市前沢古城字北舘２１番地１" }, "geometry": { "type": "Point", "coordinates": [ 141.135138, 39.093547 ] } },
{ "type": "Feature", "properties": { "ID": 3203201203, "正式名称": "地域密着型特別養護老人ホーム愛護苑医務室", "機関区分": 2, "都道府県コード": 3, "市区町村コード": 215, "所在地": "岩手県奥州市水沢羽田町字水無沢４９１番地３", "緯度": 39.128589, "経度": 141.21034, "url": "https://www.iryou.teikyouseido.mhlw.go.jp/znk-web/juminkanja/S2430/initialize?prefCd=03&kikanCd=03201203&kikanKbn=2", "url2": null, "内容": "地域密着型特別養護老人ホーム愛護苑医務室【2:診療所】【診療科目:内科_緩和ケア内科_外科_整形外科_リハビリテーション科】岩手県奥州市水沢羽田町字水無沢４９１番地３" }, "geometry": { "type": "Point", "coordinates": [ 141.21034, 39.128589 ] } },
{ "type": "Feature", "properties": { "ID": 3203201206, "正式名称": "特別養護老人ホームサンガ医務室", "機関区分": 2, "都道府県コード": 3, "市区町村コード": 205, "所在地": "岩手県花巻市十二丁目５７７番１", "緯度": 39.354243, "経度": 141.115096, "url": "https://www.iryou.teikyouseido.mhlw.go.jp/znk-web/juminkanja/S2430/initialize?prefCd=03&kikanCd=03201206&kikanKbn=2", "url2": null, "内容": "特別養護老人ホームサンガ医務室【2:診療所】【診療科目:内科_脳神経外科】岩手県花巻市十二丁目５７７番１" }, "geometry": { "type": "Point", "coordinates": [ 141.115096, 39.354243 ] } },
{ "type": "Feature", "properties": { "ID": 3203201211, "正式名称": "地域密着型介護老人福祉施設　蔵ハウス大船渡　医務室", "機関区分": 2, "都道府県コード": 3, "市区町村コード": 203, "所在地": "岩手県大船渡市盛町字町３ー１", "緯度": 39.085636, "経度": 141.71014, "url": "https://www.iryou.teikyouseido.mhlw.go.jp/znk-web/juminkanja/S2430/initialize?prefCd=03&kikanCd=03201211&kikanKbn=2", "url2": null, "内容": "地域密着型介護老人福祉施設　蔵ハウス大船渡　医務室【2:診療所】【診療科目:内科】岩手県大船渡市盛町字町３ー１" }, "geometry": { "type": "Point", "coordinates": [ 141.71014, 39.085636 ] } },
{ "type": "Feature", "properties": { "ID": 3203201212, "正式名称": "地域密着型介護老人福祉施設「陸前高田」医務室", "機関区分": 2, "都道府県コード": 3, "市区町村コード": 210, "所在地": "岩手県陸前高田市高田町字大隈８番地６", "緯度": 39.01565, "経度": 141.62874, "url": "https://www.iryou.teikyouseido.mhlw.go.jp/znk-web/juminkanja/S2430/initialize?prefCd=03&kikanCd=03201212&kikanKbn=2", "url2": null, "内容": "地域密着型介護老人福祉施設「陸前高田」医務室【2:診療所】【診療科目:精神科】岩手県陸前高田市高田町字大隈８番地６" }, "geometry": { "type": "Point", "coordinates": [ 141.62874, 39.01565 ] } },
{ "type": "Feature", "properties": { "ID": 3203201213, "正式名称": "やご内科・循環器クリニック", "機関区分": 2, "都道府県コード": 3, "市区町村コード": 206, "所在地": "岩手県北上市上野町５－５", "緯度": 39.298103, "経度": 141.129119, "url": "https://www.iryou.teikyouseido.mhlw.go.jp/znk-web/juminkanja/S2430/initialize?prefCd=03&kikanCd=03201213&kikanKbn=2", "url2": "http://www.yago-clinic.com/", "内容": "やご内科・循環器クリニック【2:診療所】【診療科目:内科_循環器内科】岩手県北上市上野町５－５" }, "geometry": { "type": "Point", "coordinates": [ 141.129119, 39.298103 ] } },
{ "type": "Feature", "properties": { "ID": 3203201214, "正式名称": "水沢形成外科医院", "機関区分": 2, "都道府県コード": 3, "市区町村コード": 215, "所在地": "岩手県奥州市水沢佐倉河字慶徳４１－１", "緯度": 39.144029, "経度": 141.153825, "url": "https://www.iryou.teikyouseido.mhlw.go.jp/znk-web/juminkanja/S2430/initialize?prefCd=03&kikanCd=03201214&kikanKbn=2", "url2": "http://mizusawa-plastic.com/", "内容": "水沢形成外科医院【2:診療所】【診療科目:形成外科_美容外科】岩手県奥州市水沢佐倉河字慶徳４１－１" }, "geometry": { "type": "Point", "coordinates": [ 141.153825, 39.144029 ] } },
{ "type": "Feature", "properties": { "ID": 3203201215, "正式名称": "デンソー岩手健康推進センター", "機関区分": 2, "都道府県コード": 3, "市区町村コード": 381, "所在地": "岩手県胆沢郡金ケ崎町西根森山４番地２", "緯度": 39.212262, "経度": 141.076815, "url": "https://www.iryou.teikyouseido.mhlw.go.jp/znk-web/juminkanja/S2430/initialize?prefCd=03&kikanCd=03201215&kikanKbn=2", "url2": null, "内容": "デンソー岩手健康推進センター【2:診療所】【診療科目:内科_循環器内科】岩手県胆沢郡金ケ崎町西根森山４番地２" }, "geometry": { "type": "Point", "coordinates": [ 141.076815, 39.212262 ] } },
{ "type": "Feature", "properties": { "ID": 3203201221, "正式名称": "竹花乳腺クリニック", "機関区分": 2, "都道府県コード": 3, "市区町村コード": 215, "所在地": "岩手県奥州市水沢山崎町８番１号", "緯度": 39.133737, "経度": 141.144487, "url": "https://www.iryou.teikyouseido.mhlw.go.jp/znk-web/juminkanja/S2430/initialize?prefCd=03&kikanCd=03201221&kikanKbn=2", "url2": "http://www.takehana-cl.com/", "内容": "竹花乳腺クリニック【2:診療所】【診療科目:外科_乳腺外科_乳腺・内分泌外科】岩手県奥州市水沢山崎町８番１号" }, "geometry": { "type": "Point", "coordinates": [ 141.144487, 39.133737 ] } },
{ "type": "Feature", "properties": { "ID": 3203201222, "正式名称": "しゅういちろう内科クリニック", "機関区分": 2, "都道府県コード": 3, "市区町村コード": 206, "所在地": "岩手県北上市村崎野１７地割１６７番３", "緯度": 39.327683, "経度": 141.103741, "url": "https://www.iryou.teikyouseido.mhlw.go.jp/znk-web/juminkanja/S2430/initialize?prefCd=03&kikanCd=03201222&kikanKbn=2", "url2": "http://s16naika.com", "内容": "しゅういちろう内科クリニック【2:診療所】【診療科目:内科_消化器内科】岩手県北上市村崎野１７地割１６７番３" }, "geometry": { "type": "Point", "coordinates": [ 141.103741, 39.327683 ] } },
{ "type": "Feature", "properties": { "ID": 3203201225, "正式名称": "医療法人サンフラワー　佐藤クリニック", "機関区分": 2, "都道府県コード": 3, "市区町村コード": 215, "所在地": "岩手県奥州市水沢字川口町２７番地３", "緯度": 39.148207, "経度": 141.140473, "url": "https://www.iryou.teikyouseido.mhlw.go.jp/znk-web/juminkanja/S2430/initialize?prefCd=03&kikanCd=03201225&kikanKbn=2", "url2": null, "内容": "医療法人サンフラワー　佐藤クリニック【2:診療所】【診療科目:内科_循環器内科_消化器内科】岩手県奥州市水沢字川口町２７番地３" }, "geometry": { "type": "Point", "coordinates": [ 141.140473, 39.148207 ] } },
{ "type": "Feature", "properties": { "ID": 3203201226, "正式名称": "医療法人　天音会　おいかわ内科クリニック", "機関区分": 2, "都道府県コード": 3, "市区町村コード": 201, "所在地": "岩手県盛岡市上田一丁目１８ー４６", "緯度": 39.71103, "経度": 141.140876, "url": "https://www.iryou.teikyouseido.mhlw.go.jp/znk-web/juminkanja/S2430/initialize?prefCd=03&kikanCd=03201226&kikanKbn=2", "url2": "http://www.o-med.net/", "内容": "医療法人　天音会　おいかわ内科クリニック【2:診療所】【診療科目:内科_胃腸内科_神経内科_リハビリテーション科】岩手県盛岡市上田一丁目１８ー４６" }, "geometry": { "type": "Point", "coordinates": [ 141.140876, 39.71103 ] } },
{ "type": "Feature", "properties": { "ID": 3203201228, "正式名称": "わたなべ内科・脳神経内科クリニック", "機関区分": 2, "都道府県コード": 3, "市区町村コード": 201, "所在地": "岩手県盛岡市高松三丁目９ー８", "緯度": 39.727833, "経度": 141.139651, "url": "https://www.iryou.teikyouseido.mhlw.go.jp/znk-web/juminkanja/S2430/initialize?prefCd=03&kikanCd=03201228&kikanKbn=2", "url2": "http://clinic-watanabe.com", "内容": "わたなべ内科・脳神経内科クリニック【2:診療所】【診療科目:内科_脳神経内科_脳神経外科_整形外科_リハビリテーション科】岩手県盛岡市高松三丁目９ー８" }, "geometry": { "type": "Point", "coordinates": [ 141.139651, 39.727833 ] } },
{ "type": "Feature", "properties": { "ID": 3203201229, "正式名称": "カシオペア医院", "機関区分": 2, "都道府県コード": 3, "市区町村コード": 213, "所在地": "岩手県二戸市堀野字大川原毛１３４ー５", "緯度": 40.30241, "経度": 141.306061, "url": "https://www.iryou.teikyouseido.mhlw.go.jp/znk-web/juminkanja/S2430/initialize?prefCd=03&kikanCd=03201229&kikanKbn=2", "url2": "https://www.cassiopeia-clinic.com/", "内容": "カシオペア医院【2:診療所】【診療科目:内科_消化器内科】岩手県二戸市堀野字大川原毛１３４ー５" }, "geometry": { "type": "Point", "coordinates": [ 141.306061, 40.30241 ] } },
{ "type": "Feature", "properties": { "ID": 3203201230, "正式名称": "地域密着型特別養護老人ホームときわ苑医務室", "機関区分": 2, "都道府県コード": 3, "市区町村コード": 215, "所在地": "岩手県奥州市水沢中田町４番１８号", "緯度": 39.132606, "経度": 141.152576, "url": "https://www.iryou.teikyouseido.mhlw.go.jp/znk-web/juminkanja/S2430/initialize?prefCd=03&kikanCd=03201230&kikanKbn=2", "url2": "http://tokiwaen.dip.jp", "内容": "地域密着型特別養護老人ホームときわ苑医務室【2:診療所】【診療科目:内科】岩手県奥州市水沢中田町４番１８号" }, "geometry": { "type": "Point", "coordinates": [ 141.152576, 39.132606 ] } },
{ "type": "Feature", "properties": { "ID": 3203201231, "正式名称": "特別養護老人ホーム福寿荘福原山荘医務室", "機関区分": 2, "都道府県コード": 3, "市区町村コード": 215, "所在地": "岩手県奥州市水沢大橋３４番地４", "緯度": 39.12979, "経度": 141.130196, "url": "https://www.iryou.teikyouseido.mhlw.go.jp/znk-web/juminkanja/S2430/initialize?prefCd=03&kikanCd=03201231&kikanKbn=2", "url2": null, "内容": "特別養護老人ホーム福寿荘福原山荘医務室【2:診療所】【診療科目:内科】岩手県奥州市水沢大橋３４番地４" }, "geometry": { "type": "Point", "coordinates": [ 141.130196, 39.12979 ] } },
{ "type": "Feature", "properties": { "ID": 3203201233, "正式名称": "医療法人純仁会　盛岡前潟眼科", "機関区分": 2, "都道府県コード": 3, "市区町村コード": 201, "所在地": "岩手県盛岡市前潟４－７－１", "緯度": 39.711722, "経度": 141.098651, "url": "https://www.iryou.teikyouseido.mhlw.go.jp/znk-web/juminkanja/S2430/initialize?prefCd=03&kikanCd=03201233&kikanKbn=2", "url2": null, "内容": "医療法人純仁会　盛岡前潟眼科【2:診療所】【診療科目:眼科】岩手県盛岡市前潟４－７－１" }, "geometry": { "type": "Point", "coordinates": [ 141.098651, 39.711722 ] } },
{ "type": "Feature", "properties": { "ID": 3203201234, "正式名称": "釜石しょうけいクリニック", "機関区分": 2, "都道府県コード": 3, "市区町村コード": 211, "所在地": "岩手県釜石市甲子町第１０地割２６８ー１", "緯度": 39.254832, "経度": 141.802208, "url": "https://www.iryou.teikyouseido.mhlw.go.jp/znk-web/juminkanja/S2430/initialize?prefCd=03&kikanCd=03201234&kikanKbn=2", "url2": "https://shokei-cli.com", "内容": "釜石しょうけいクリニック【2:診療所】【診療科目:内科_消化器内科_脳神経外科_小児科】岩手県釜石市甲子町第１０地割２６８ー１" }, "geometry": { "type": "Point", "coordinates": [ 141.802208, 39.254832 ] } },
{ "type": "Feature", "properties": { "ID": 3203201238, "正式名称": "盛岡北心療クリニック", "機関区分": 2, "都道府県コード": 3, "市区町村コード": 201, "所在地": "岩手県盛岡市月が丘３ー２９ー２", "緯度": 39.735493, "経度": 141.11167, "url": "https://www.iryou.teikyouseido.mhlw.go.jp/znk-web/juminkanja/S2430/initialize?prefCd=03&kikanCd=03201238&kikanKbn=2", "url2": "http://morioka-kitacli.com/", "内容": "盛岡北心療クリニック【2:診療所】【診療科目:精神科_心療内科】岩手県盛岡市月が丘３ー２９ー２" }, "geometry": { "type": "Point", "coordinates": [ 141.11167, 39.735493 ] } },
{ "type": "Feature", "properties": { "ID": 3203201239, "正式名称": "盛岡駅前おおば脳神経内科クリニック", "機関区分": 2, "都道府県コード": 3, "市区町村コード": 201, "所在地": "岩手県盛岡市盛岡駅前通１３ー８", "緯度": 39.703148, "経度": 141.137744, "url": "https://www.iryou.teikyouseido.mhlw.go.jp/znk-web/juminkanja/S2430/initialize?prefCd=03&kikanCd=03201239&kikanKbn=2", "url2": "http://ohba-neurology.com", "内容": "盛岡駅前おおば脳神経内科クリニック【2:診療所】【診療科目:内科_神経内科_脳神経外科_整形外科_リハビリテーション科】岩手県盛岡市盛岡駅前通１３ー８" }, "geometry": { "type": "Point", "coordinates": [ 141.137744, 39.703148 ] } },
{ "type": "Feature", "properties": { "ID": 3203201242, "正式名称": "やはば産婦人科", "機関区分": 2, "都道府県コード": 3, "市区町村コード": 322, "所在地": "岩手県紫波郡矢巾町医大通二丁目４番６号", "緯度": 39.613726, "経度": 141.164997, "url": "https://www.iryou.teikyouseido.mhlw.go.jp/znk-web/juminkanja/S2430/initialize?prefCd=03&kikanCd=03201242&kikanKbn=2", "url2": "www.yahaba-sanfujinka.com", "内容": "やはば産婦人科【2:診療所】【診療科目:産科_婦人科】岩手県紫波郡矢巾町医大通二丁目４番６号" }, "geometry": { "type": "Point", "coordinates": [ 141.164997, 39.613726 ] } },
{ "type": "Feature", "properties": { "ID": 3203201245, "正式名称": "藤井クリニック", "機関区分": 2, "都道府県コード": 3, "市区町村コード": 211, "所在地": "岩手県釜石市只越町３丁目５番１５号", "緯度": 39.275438, "経度": 141.884124, "url": "https://www.iryou.teikyouseido.mhlw.go.jp/znk-web/juminkanja/S2430/initialize?prefCd=03&kikanCd=03201245&kikanKbn=2", "url2": null, "内容": "藤井クリニック【2:診療所】【診療科目:精神科_心療内科】岩手県釜石市只越町３丁目５番１５号" }, "geometry": { "type": "Point", "coordinates": [ 141.884124, 39.275438 ] } },
{ "type": "Feature", "properties": { "ID": 3203201247, "正式名称": "いとうファミリークリニック", "機関区分": 2, "都道府県コード": 3, "市区町村コード": 215, "所在地": "岩手県奥州市江刺西大通り１１番１４号", "緯度": 39.196636, "経度": 141.17159, "url": "https://www.iryou.teikyouseido.mhlw.go.jp/znk-web/juminkanja/S2430/initialize?prefCd=03&kikanCd=03201247&kikanKbn=2", "url2": "http://www.ito-fc.com/", "内容": "いとうファミリークリニック【2:診療所】【診療科目:内科_小児科_皮膚科_美容皮膚科】岩手県奥州市江刺西大通り１１番１４号" }, "geometry": { "type": "Point", "coordinates": [ 141.17159, 39.196636 ] } },
{ "type": "Feature", "properties": { "ID": 3203201248, "正式名称": "宮古市国民健康保険田老診療所", "機関区分": 2, "都道府県コード": 3, "市区町村コード": 202, "所在地": "岩手県宮古市田老三王一丁目１番３号", "緯度": 39.740819, "経度": 141.975857, "url": "https://www.iryou.teikyouseido.mhlw.go.jp/znk-web/juminkanja/S2430/initialize?prefCd=03&kikanCd=03201248&kikanKbn=2", "url2": null, "内容": "宮古市国民健康保険田老診療所【2:診療所】【診療科目:内科】岩手県宮古市田老三王一丁目１番３号" }, "geometry": { "type": "Point", "coordinates": [ 141.975857, 39.740819 ] } },
{ "type": "Feature", "properties": { "ID": 3203201250, "正式名称": "銀河クリニック", "機関区分": 2, "都道府県コード": 3, "市区町村コード": 205, "所在地": "岩手県花巻市花城町１２番地１１号", "緯度": 39.387386, "経度": 141.116173, "url": "https://www.iryou.teikyouseido.mhlw.go.jp/znk-web/juminkanja/S2430/initialize?prefCd=03&kikanCd=03201250&kikanKbn=2", "url2": "www.ginga-clinic.com", "内容": "銀河クリニック【2:診療所】【診療科目:内科_精神科_心療内科】岩手県花巻市花城町１２番地１１号" }, "geometry": { "type": "Point", "coordinates": [ 141.116173, 39.387386 ] } },
{ "type": "Feature", "properties": { "ID": 3203201251, "正式名称": "石倉クリニック", "機関区分": 2, "都道府県コード": 3, "市区町村コード": 203, "所在地": "岩手県大船渡市大船渡町字地ノ森４３ー９", "緯度": 39.071608, "経度": 141.715482, "url": "https://www.iryou.teikyouseido.mhlw.go.jp/znk-web/juminkanja/S2430/initialize?prefCd=03&kikanCd=03201251&kikanKbn=2", "url2": null, "内容": "石倉クリニック【2:診療所】【診療科目:内科_皮膚科_泌尿器科】岩手県大船渡市大船渡町字地ノ森４３ー９" }, "geometry": { "type": "Point", "coordinates": [ 141.715482, 39.071608 ] } },
{ "type": "Feature", "properties": { "ID": 3203201252, "正式名称": "医療法人清和会岩手クリニック一関", "機関区分": 2, "都道府県コード": 3, "市区町村コード": 209, "所在地": "岩手県一関市中里字在家６５番地", "緯度": 38.938337, "経度": 141.149859, "url": "https://www.iryou.teikyouseido.mhlw.go.jp/znk-web/juminkanja/S2430/initialize?prefCd=03&kikanCd=03201252&kikanKbn=2", "url2": "https://www.seiwakai-med.or.jp/", "内容": "医療法人清和会岩手クリニック一関【2:診療所】【診療科目:内科_腎臓内科】岩手県一関市中里字在家６５番地" }, "geometry": { "type": "Point", "coordinates": [ 141.149859, 38.938337 ] } },
{ "type": "Feature", "properties": { "ID": 3203201253, "正式名称": "齋藤整形外科クリニック", "機関区分": 2, "都道府県コード": 3, "市区町村コード": 205, "所在地": "岩手県花巻市西宮野目第６地割１６７番地１", "緯度": 39.425251, "経度": 141.126881, "url": "https://www.iryou.teikyouseido.mhlw.go.jp/znk-web/juminkanja/S2430/initialize?prefCd=03&kikanCd=03201253&kikanKbn=2", "url2": "www.saito.iwate.jp", "内容": "齋藤整形外科クリニック【2:診療所】【診療科目:整形外科_リウマチ科_リハビリテーション科_麻酔科】岩手県花巻市西宮野目第６地割１６７番地１" }, "geometry": { "type": "Point", "coordinates": [ 141.126881, 39.425251 ] } },
{ "type": "Feature", "properties": { "ID": 3203201254, "正式名称": "済生会陸前高田診療所", "機関区分": 2, "都道府県コード": 3, "市区町村コード": 210, "所在地": "岩手県陸前高田市気仙町字中井１９４番地", "緯度": 39.013138, "経度": 141.61632, "url": "https://www.iryou.teikyouseido.mhlw.go.jp/znk-web/juminkanja/S2430/initialize?prefCd=03&kikanCd=03201254&kikanKbn=2", "url2": null, "内容": "済生会陸前高田診療所【2:診療所】【診療科目:内科_整形外科】岩手県陸前高田市気仙町字中井１９４番地" }, "geometry": { "type": "Point", "coordinates": [ 141.61632, 39.013138 ] } },
{ "type": "Feature", "properties": { "ID": 3203201255, "正式名称": "紫波中央小児科", "機関区分": 2, "都道府県コード": 3, "市区町村コード": 321, "所在地": "岩手県紫波郡紫波町紫波中央駅前２丁目３ー９４　オガールセンター１階", "緯度": 39.554083, "経度": 141.156277, "url": "https://www.iryou.teikyouseido.mhlw.go.jp/znk-web/juminkanja/S2430/initialize?prefCd=03&kikanCd=03201255&kikanKbn=2", "url2": "http://ssc2.doctorqube.com/siwa-kids/", "内容": "紫波中央小児科【2:診療所】【診療科目:小児科_アレルギー科】岩手県紫波郡紫波町紫波中央駅前２丁目３ー９４　オガールセンター１階" }, "geometry": { "type": "Point", "coordinates": [ 141.156277, 39.554083 ] } },
{ "type": "Feature", "properties": { "ID": 3203201256, "正式名称": "畑山レディスクリニック", "機関区分": 2, "都道府県コード": 3, "市区町村コード": 201, "所在地": "岩手県盛岡市三本柳２３地割６９番地１", "緯度": 39.646912, "経度": 141.166284, "url": "https://www.iryou.teikyouseido.mhlw.go.jp/znk-web/juminkanja/S2430/initialize?prefCd=03&kikanCd=03201256&kikanKbn=2", "url2": "http://hatayama-ladiescl.net/", "内容": "畑山レディスクリニック【2:診療所】【診療科目:婦人科】岩手県盛岡市三本柳２３地割６９番地１" }, "geometry": { "type": "Point", "coordinates": [ 141.166284, 39.646912 ] } },
{ "type": "Feature", "properties": { "ID": 3203201259, "正式名称": "大澤クリニック", "機関区分": 2, "都道府県コード": 3, "市区町村コード": 201, "所在地": "岩手県盛岡市茶畑二丁目８番３号", "緯度": 39.69258, "経度": 141.164429, "url": "https://www.iryou.teikyouseido.mhlw.go.jp/znk-web/juminkanja/S2430/initialize?prefCd=03&kikanCd=03201259&kikanKbn=2", "url2": "https://clinic-osawa.com", "内容": "大澤クリニック【2:診療所】【診療科目:内科_神経内科_外科_脳神経外科_整形外科_歯科_リハビリテーション科】岩手県盛岡市茶畑二丁目８番３号" }, "geometry": { "type": "Point", "coordinates": [ 141.164429, 39.69258 ] } },
{ "type": "Feature", "properties": { "ID": 3203201261, "正式名称": "ぱっちり眼科クリニック", "機関区分": 2, "都道府県コード": 3, "市区町村コード": 201, "所在地": "岩手県盛岡市盛岡駅前通１ー４４　フェザン盛岡本館３階", "緯度": 39.702726, "経度": 141.135639, "url": "https://www.iryou.teikyouseido.mhlw.go.jp/znk-web/juminkanja/S2430/initialize?prefCd=03&kikanCd=03201261&kikanKbn=2", "url2": "ooba1952.ec-net.jp/pm/pacchiri-ganka/index.html", "内容": "ぱっちり眼科クリニック【2:診療所】【診療科目:眼科】岩手県盛岡市盛岡駅前通１ー４４　フェザン盛岡本館３階" }, "geometry": { "type": "Point", "coordinates": [ 141.135639, 39.702726 ] } },
{ "type": "Feature", "properties": { "ID": 3203201263, "正式名称": "医療法人爽生会　千葉耳鼻咽喉科医院", "機関区分": 2, "都道府県コード": 3, "市区町村コード": 213, "所在地": "岩手県二戸市石切所字森合８５", "緯度": 40.261875, "経度": 141.286119, "url": "https://www.iryou.teikyouseido.mhlw.go.jp/znk-web/juminkanja/S2430/initialize?prefCd=03&kikanCd=03201263&kikanKbn=2", "url2": "chiba-ent-ninohe.jp", "内容": "医療法人爽生会　千葉耳鼻咽喉科医院【2:診療所】【診療科目:耳鼻いんこう科】岩手県二戸市石切所字森合８５" }, "geometry": { "type": "Point", "coordinates": [ 141.286119, 40.261875 ] } },
{ "type": "Feature", "properties": { "ID": 3203201267, "正式名称": "たかはし整形外科スポーツクリニック", "機関区分": 2, "都道府県コード": 3, "市区町村コード": 215, "所在地": "岩手県奥州市前沢二十人町８番地２", "緯度": 39.055996, "経度": 141.12308, "url": "https://www.iryou.teikyouseido.mhlw.go.jp/znk-web/juminkanja/S2430/initialize?prefCd=03&kikanCd=03201267&kikanKbn=2", "url2": null, "内容": "たかはし整形外科スポーツクリニック【2:診療所】【診療科目:整形外科_リウマチ科_リハビリテーション科】岩手県奥州市前沢二十人町８番地２" }, "geometry": { "type": "Point", "coordinates": [ 141.12308, 39.055996 ] } },
{ "type": "Feature", "properties": { "ID": 3203201268, "正式名称": "地域密着型特別養護老人ホーム穂の香の郷医務室", "機関区分": 2, "都道府県コード": 3, "市区町村コード": 381, "所在地": "岩手県胆沢郡金ケ崎町西根北荒巻２１番地１９", "緯度": 39.220547, "経度": 141.093394, "url": "https://www.iryou.teikyouseido.mhlw.go.jp/znk-web/juminkanja/S2430/initialize?prefCd=03&kikanCd=03201268&kikanKbn=2", "url2": "http://furusato-fukushi.com/", "内容": "地域密着型特別養護老人ホーム穂の香の郷医務室【2:診療所】【診療科目:内科】岩手県胆沢郡金ケ崎町西根北荒巻２１番地１９" }, "geometry": { "type": "Point", "coordinates": [ 141.093394, 39.220547 ] } },
{ "type": "Feature", "properties": { "ID": 3203201269, "正式名称": "なないろのとびら診療所", "機関区分": 2, "都道府県コード": 3, "市区町村コード": 201, "所在地": "岩手県盛岡市仙北二丁目１ー２０", "緯度": 39.686916, "経度": 141.149227, "url": "https://www.iryou.teikyouseido.mhlw.go.jp/znk-web/juminkanja/S2430/initialize?prefCd=03&kikanCd=03201269&kikanKbn=2", "url2": "https://www.clinic.nanairomirai.or.jp/", "内容": "なないろのとびら診療所【2:診療所】【診療科目:内科_心療内科】岩手県盛岡市仙北二丁目１ー２０" }, "geometry": { "type": "Point", "coordinates": [ 141.149227, 39.686916 ] } },
{ "type": "Feature", "properties": { "ID": 3203201270, "正式名称": "もりおか往診ホームケアクリニック", "機関区分": 2, "都道府県コード": 3, "市区町村コード": 201, "所在地": "岩手県盛岡市北飯岡３丁目２０－３", "緯度": 39.668137, "経度": 141.13607, "url": "https://www.iryou.teikyouseido.mhlw.go.jp/znk-web/juminkanja/S2430/initialize?prefCd=03&kikanCd=03201270&kikanKbn=2", "url2": "https://www.mhc-clinic.jp/", "内容": "もりおか往診ホームケアクリニック【2:診療所】【診療科目:内科_消化器内科_神経内科_外科_脳神経外科】岩手県盛岡市北飯岡３丁目２０－３" }, "geometry": { "type": "Point", "coordinates": [ 141.13607, 39.668137 ] } },
{ "type": "Feature", "properties": { "ID": 3203201271, "正式名称": "みやもと内科クリニック", "機関区分": 2, "都道府県コード": 3, "市区町村コード": 201, "所在地": "岩手県盛岡市上厨川字杉原１０１ー４", "緯度": 39.708653, "経度": 141.106658, "url": "https://www.iryou.teikyouseido.mhlw.go.jp/znk-web/juminkanja/S2430/initialize?prefCd=03&kikanCd=03201271&kikanKbn=2", "url2": "http://www.miyamoto-naika.net", "内容": "みやもと内科クリニック【2:診療所】【診療科目:内科_消化器内科_肝臓内科_内視鏡内科】岩手県盛岡市上厨川字杉原１０１ー４" }, "geometry": { "type": "Point", "coordinates": [ 141.106658, 39.708653 ] } },
{ "type": "Feature", "properties": { "ID": 3203201273, "正式名称": "一戸森眼科", "機関区分": 2, "都道府県コード": 3, "市区町村コード": 524, "所在地": "岩手県二戸郡一戸町一戸字向町１０８ー１", "緯度": 40.215906, "経度": 141.300943, "url": "https://www.iryou.teikyouseido.mhlw.go.jp/znk-web/juminkanja/S2430/initialize?prefCd=03&kikanCd=03201273&kikanKbn=2", "url2": null, "内容": "一戸森眼科【2:診療所】【診療科目:眼科】岩手県二戸郡一戸町一戸字向町１０８ー１" }, "geometry": { "type": "Point", "coordinates": [ 141.300943, 40.215906 ] } },
{ "type": "Feature", "properties": { "ID": 3203201276, "正式名称": "亀井整形外科クリニック", "機関区分": 2, "都道府県コード": 3, "市区町村コード": 215, "所在地": "岩手県奥州市水沢東中通り二丁目４番２４ー１号", "緯度": 39.13565, "経度": 141.15822, "url": "https://www.iryou.teikyouseido.mhlw.go.jp/znk-web/juminkanja/S2430/initialize?prefCd=03&kikanCd=03201276&kikanKbn=2", "url2": null, "内容": "亀井整形外科クリニック【2:診療所】【診療科目:整形外科】岩手県奥州市水沢東中通り二丁目４番２４ー１号" }, "geometry": { "type": "Point", "coordinates": [ 141.15822, 39.13565 ] } },
{ "type": "Feature", "properties": { "ID": 3203201277, "正式名称": "医療法人ハレルヤ会　森田小児科医院", "機関区分": 2, "都道府県コード": 3, "市区町村コード": 201, "所在地": "岩手県盛岡市緑が丘４丁目１ー５０", "緯度": 39.735485, "経度": 141.142534, "url": "https://www.iryou.teikyouseido.mhlw.go.jp/znk-web/juminkanja/S2430/initialize?prefCd=03&kikanCd=03201277&kikanKbn=2", "url2": "https://www.morita-c.net", "内容": "医療法人ハレルヤ会　森田小児科医院【2:診療所】【診療科目:小児科】岩手県盛岡市緑が丘４丁目１ー５０" }, "geometry": { "type": "Point", "coordinates": [ 141.142534, 39.735485 ] } },
{ "type": "Feature", "properties": { "ID": 3203201278, "正式名称": "循環器内科　金矢クリニック", "機関区分": 2, "都道府県コード": 3, "市区町村コード": 201, "所在地": "岩手県盛岡市津志田中央３丁目７ー７", "緯度": 39.662615, "経度": 141.153526, "url": "https://www.iryou.teikyouseido.mhlw.go.jp/znk-web/juminkanja/S2430/initialize?prefCd=03&kikanCd=03201278&kikanKbn=2", "url2": "http://kanaya-clinic.com", "内容": "循環器内科　金矢クリニック【2:診療所】【診療科目:内科_循環器内科】岩手県盛岡市津志田中央３丁目７ー７" }, "geometry": { "type": "Point", "coordinates": [ 141.153526, 39.662615 ] } },
{ "type": "Feature", "properties": { "ID": 3203201280, "正式名称": "たかしクリニック", "機関区分": 2, "都道府県コード": 3, "市区町村コード": 201, "所在地": "岩手県盛岡市東仙北二丁目４番２８号", "緯度": 39.682392, "経度": 141.15686, "url": "https://www.iryou.teikyouseido.mhlw.go.jp/znk-web/juminkanja/S2430/initialize?prefCd=03&kikanCd=03201280&kikanKbn=2", "url2": "http://takashiclnc.com", "内容": "たかしクリニック【2:診療所】【診療科目:内科_外科_整形外科_形成外科_皮膚科】岩手県盛岡市東仙北二丁目４番２８号" }, "geometry": { "type": "Point", "coordinates": [ 141.15686, 39.682392 ] } },
{ "type": "Feature", "properties": { "ID": 3203201282, "正式名称": "社会福祉法人尽誠会　じょうないクリニック", "機関区分": 2, "都道府県コード": 3, "市区町村コード": 507, "所在地": "岩手県九戸郡洋野町種市第５６地割８０番地１", "緯度": 40.375789, "経度": 141.659814, "url": "https://www.iryou.teikyouseido.mhlw.go.jp/znk-web/juminkanja/S2430/initialize?prefCd=03&kikanCd=03201282&kikanKbn=2", "url2": null, "内容": "社会福祉法人尽誠会　じょうないクリニック【2:診療所】【診療科目:内科】岩手県九戸郡洋野町種市第５６地割８０番地１" }, "geometry": { "type": "Point", "coordinates": [ 141.659814, 40.375789 ] } },
{ "type": "Feature", "properties": { "ID": 3203201283, "正式名称": "医療法人社団ほそかわ小児科クリニック", "機関区分": 2, "都道府県コード": 3, "市区町村コード": 213, "所在地": "岩手県二戸市福岡２８－１８", "緯度": 40.281462, "経度": 141.298291, "url": "https://www.iryou.teikyouseido.mhlw.go.jp/znk-web/juminkanja/S2430/initialize?prefCd=03&kikanCd=03201283&kikanKbn=2", "url2": "http://www.hosokawa-shounika.com/", "内容": "医療法人社団ほそかわ小児科クリニック【2:診療所】【診療科目:小児科_アレルギー科】岩手県二戸市福岡２８－１８" }, "geometry": { "type": "Point", "coordinates": [ 141.298291, 40.281462 ] } },
{ "type": "Feature", "properties": { "ID": 3203201284, "正式名称": "けんたろうこどもクリニック", "機関区分": 2, "都道府県コード": 3, "市区町村コード": 322, "所在地": "岩手県紫波郡矢巾町西徳田", "緯度": 39.609745, "経度": 141.169904, "url": "https://www.iryou.teikyouseido.mhlw.go.jp/znk-web/juminkanja/S2430/initialize?prefCd=03&kikanCd=03201284&kikanKbn=2", "url2": "https://kentaro-kodomo.com/", "内容": "けんたろうこどもクリニック【2:診療所】【診療科目:小児科】岩手県紫波郡矢巾町西徳田" }, "geometry": { "type": "Point", "coordinates": [ 141.169904, 39.609745 ] } },
{ "type": "Feature", "properties": { "ID": 3203201286, "正式名称": "医療法人　小野寺内科医院", "機関区分": 2, "都道府県コード": 3, "市区町村コード": 524, "所在地": "岩手県二戸郡一戸町一戸字向町１４８ー１", "緯度": 40.215957, "経度": 141.300505, "url": "https://www.iryou.teikyouseido.mhlw.go.jp/znk-web/juminkanja/S2430/initialize?prefCd=03&kikanCd=03201286&kikanKbn=2", "url2": "http://onodera-iin.byoinnavi.jp/pc/index.html", "内容": "医療法人　小野寺内科医院【2:診療所】【診療科目:内科_循環器内科_消化器内科】岩手県二戸郡一戸町一戸字向町１４８ー１" }, "geometry": { "type": "Point", "coordinates": [ 141.300505, 40.215957 ] } },
{ "type": "Feature", "properties": { "ID": 3203201287, "正式名称": "長橋皮ふ科クリニック", "機関区分": 2, "都道府県コード": 3, "市区町村コード": 201, "所在地": "岩手県盛岡市長橋町３８ー７", "緯度": 39.71915, "経度": 141.100391, "url": "https://www.iryou.teikyouseido.mhlw.go.jp/znk-web/juminkanja/S2430/initialize?prefCd=03&kikanCd=03201287&kikanKbn=2", "url2": "www.nagahashi-cl.com", "内容": "長橋皮ふ科クリニック【2:診療所】【診療科目:内科_小児皮膚科_皮膚科】岩手県盛岡市長橋町３８ー７" }, "geometry": { "type": "Point", "coordinates": [ 141.100391, 39.71915 ] } },
{ "type": "Feature", "properties": { "ID": 3203201290, "正式名称": "こいわ耳鼻咽喉科・アレルギー科クリニック", "機関区分": 2, "都道府県コード": 3, "市区町村コード": 209, "所在地": "岩手県一関市山目字中野１９番地１", "緯度": 38.935532, "経度": 141.114688, "url": "https://www.iryou.teikyouseido.mhlw.go.jp/znk-web/juminkanja/S2430/initialize?prefCd=03&kikanCd=03201290&kikanKbn=2", "url2": "koiwa-cl.jp", "内容": "こいわ耳鼻咽喉科・アレルギー科クリニック【2:診療所】【診療科目:耳鼻いんこう科_アレルギー科】岩手県一関市山目字中野１９番地１" }, "geometry": { "type": "Point", "coordinates": [ 141.114688, 38.935532 ] } },
{ "type": "Feature", "properties": { "ID": 3203201291, "正式名称": "三本柳かんのクリニック", "機関区分": 2, "都道府県コード": 3, "市区町村コード": 201, "所在地": "岩手県盛岡市三本柳２３地割１０ー５", "緯度": 39.648809, "経度": 141.165375, "url": "https://www.iryou.teikyouseido.mhlw.go.jp/znk-web/juminkanja/S2430/initialize?prefCd=03&kikanCd=03201291&kikanKbn=2", "url2": null, "内容": "三本柳かんのクリニック【2:診療所】【診療科目:内科_消化器内科_外科_整形外科_リハビリテーション科】岩手県盛岡市三本柳２３地割１０ー５" }, "geometry": { "type": "Point", "coordinates": [ 141.165375, 39.648809 ] } },
{ "type": "Feature", "properties": { "ID": 3203201293, "正式名称": "ながの内科クリニック", "機関区分": 2, "都道府県コード": 3, "市区町村コード": 215, "所在地": "岩手県奥州市水沢佐倉河五反町９２－１", "緯度": 39.152698, "経度": 141.147857, "url": "https://www.iryou.teikyouseido.mhlw.go.jp/znk-web/juminkanja/S2430/initialize?prefCd=03&kikanCd=03201293&kikanKbn=2", "url2": "http://nagano-naika.com/", "内容": "ながの内科クリニック【2:診療所】【診療科目:内科_消化器内科】岩手県奥州市水沢佐倉河五反町９２－１" }, "geometry": { "type": "Point", "coordinates": [ 141.147857, 39.152698 ] } },
{ "type": "Feature", "properties": { "ID": 3203201294, "正式名称": "特別養護老人ホーム優愛の家医務室", "機関区分": 2, "都道府県コード": 3, "市区町村コード": 215, "所在地": "岩手県奥州市前沢竹沢１４７番地", "緯度": 39.05298, "経度": 141.1352073, "url": "https://www.iryou.teikyouseido.mhlw.go.jp/znk-web/juminkanja/S2430/initialize?prefCd=03&kikanCd=03201294&kikanKbn=2", "url2": "http://www.yuuaifukushikai.com/", "内容": "特別養護老人ホーム優愛の家医務室【2:診療所】【診療科目:内科】岩手県奥州市前沢竹沢１４７番地" }, "geometry": { "type": "Point", "coordinates": [ 141.1352073, 39.05298 ] } },
{ "type": "Feature", "properties": { "ID": 3203201295, "正式名称": "佐藤皮膚科医院", "機関区分": 2, "都道府県コード": 3, "市区町村コード": 201, "所在地": "岩手県盛岡市青山三丁目７番３０号", "緯度": 39.726971, "経度": 141.117157, "url": "https://www.iryou.teikyouseido.mhlw.go.jp/znk-web/juminkanja/S2430/initialize?prefCd=03&kikanCd=03201295&kikanKbn=2", "url2": "http://satohifuka.com", "内容": "佐藤皮膚科医院【2:診療所】【診療科目:皮膚科】岩手県盛岡市青山三丁目７番３０号" }, "geometry": { "type": "Point", "coordinates": [ 141.117157, 39.726971 ] } },
{ "type": "Feature", "properties": { "ID": 3203201296, "正式名称": "地域密着型介護老人福祉施設　「つばきの丘」医務室", "機関区分": 2, "都道府県コード": 3, "市区町村コード": 203, "所在地": "岩手県大船渡市末崎町字中井１９４番地", "緯度": 39.015118, "経度": 141.70996, "url": "https://www.iryou.teikyouseido.mhlw.go.jp/znk-web/juminkanja/S2430/initialize?prefCd=03&kikanCd=03201296&kikanKbn=2", "url2": null, "内容": "地域密着型介護老人福祉施設　「つばきの丘」医務室【2:診療所】【診療科目:内科】岩手県大船渡市末崎町字中井１９４番地" }, "geometry": { "type": "Point", "coordinates": [ 141.70996, 39.015118 ] } },
{ "type": "Feature", "properties": { "ID": 3203201297, "正式名称": "子どもは未来もりおかこどもクリニック", "機関区分": 2, "都道府県コード": 3, "市区町村コード": 201, "所在地": "岩手県盛岡市上田字松屋敷１１ー１４", "緯度": 39.759323, "経度": 141.155336, "url": "https://www.iryou.teikyouseido.mhlw.go.jp/znk-web/juminkanja/S2430/initialize?prefCd=03&kikanCd=03201297&kikanKbn=2", "url2": "https://www.aiji.or.jp/publics/index/80/", "内容": "子どもは未来もりおかこどもクリニック【2:診療所】【診療科目:小児科_児童精神科_小児歯科】岩手県盛岡市上田字松屋敷１１ー１４" }, "geometry": { "type": "Point", "coordinates": [ 141.155336, 39.759323 ] } },
{ "type": "Feature", "properties": { "ID": 3203201299, "正式名称": "みんなのクリニック", "機関区分": 2, "都道府県コード": 3, "市区町村コード": 201, "所在地": "岩手県盛岡市みたけ二丁目２１番４２号", "緯度": 39.747, "経度": 141.129739, "url": "https://www.iryou.teikyouseido.mhlw.go.jp/znk-web/juminkanja/S2430/initialize?prefCd=03&kikanCd=03201299&kikanKbn=2", "url2": null, "内容": "みんなのクリニック【2:診療所】【診療科目:内科】岩手県盛岡市みたけ二丁目２１番４２号" }, "geometry": { "type": "Point", "coordinates": [ 141.129739, 39.747 ] } },
{ "type": "Feature", "properties": { "ID": 3203201300, "正式名称": "かわさきクリニック", "機関区分": 2, "都道府県コード": 3, "市区町村コード": 213, "所在地": "岩手県二戸市堀野字長地９－１１", "緯度": 40.295274, "経度": 141.301318, "url": "https://www.iryou.teikyouseido.mhlw.go.jp/znk-web/juminkanja/S2430/initialize?prefCd=03&kikanCd=03201300&kikanKbn=2", "url2": "http://kawasaki-clinic.info/", "内容": "かわさきクリニック【2:診療所】【診療科目:内科_外科_整形外科_皮膚科_リハビリテーション科】岩手県二戸市堀野字長地９－１１" }, "geometry": { "type": "Point", "coordinates": [ 141.301318, 40.295274 ] } },
{ "type": "Feature", "properties": { "ID": 3203201301, "正式名称": "こずかたクリニック", "機関区分": 2, "都道府県コード": 3, "市区町村コード": 201, "所在地": "岩手県盛岡市津志田南三丁目１４番８８号", "緯度": 39.658563, "経度": 141.148918, "url": "https://www.iryou.teikyouseido.mhlw.go.jp/znk-web/juminkanja/S2430/initialize?prefCd=03&kikanCd=03201301&kikanKbn=2", "url2": "http://www.kozukata-clinic.jp/", "内容": "こずかたクリニック【2:診療所】【診療科目:形成外科_皮膚科】岩手県盛岡市津志田南三丁目１４番８８号" }, "geometry": { "type": "Point", "coordinates": [ 141.148918, 39.658563 ] } },
{ "type": "Feature", "properties": { "ID": 3203201302, "正式名称": "まさと脳神経内科クリニック", "機関区分": 2, "都道府県コード": 3, "市区町村コード": 201, "所在地": "岩手県盛岡市向中野五丁目１８番３０号", "緯度": 39.678162, "経度": 141.139442, "url": "https://www.iryou.teikyouseido.mhlw.go.jp/znk-web/juminkanja/S2430/initialize?prefCd=03&kikanCd=03201302&kikanKbn=2", "url2": "http://masatonc.com", "内容": "まさと脳神経内科クリニック【2:診療所】【診療科目:内科_脳神経内科】岩手県盛岡市向中野五丁目１８番３０号" }, "geometry": { "type": "Point", "coordinates": [ 141.139442, 39.678162 ] } },
{ "type": "Feature", "properties": { "ID": 3203201303, "正式名称": "特別養護老人ホームえびす医務室", "機関区分": 2, "都道府県コード": 3, "市区町村コード": 206, "所在地": "岩手県北上市小鳥崎２地割１６５番地", "緯度": 39.296331, "経度": 141.14025, "url": "https://www.iryou.teikyouseido.mhlw.go.jp/znk-web/juminkanja/S2430/initialize?prefCd=03&kikanCd=03201303&kikanKbn=2", "url2": "https://koutokukai.info/", "内容": "特別養護老人ホームえびす医務室【2:診療所】【診療科目:内科】岩手県北上市小鳥崎２地割１６５番地" }, "geometry": { "type": "Point", "coordinates": [ 141.14025, 39.296331 ] } },
{ "type": "Feature", "properties": { "ID": 3203201304, "正式名称": "みなみ内科クリニック", "機関区分": 2, "都道府県コード": 3, "市区町村コード": 206, "所在地": "岩手県北上市鬼柳町荒高３５ー１", "緯度": 39.273339, "経度": 141.101673, "url": "https://www.iryou.teikyouseido.mhlw.go.jp/znk-web/juminkanja/S2430/initialize?prefCd=03&kikanCd=03201304&kikanKbn=2", "url2": "http://www.minami-naika.net", "内容": "みなみ内科クリニック【2:診療所】【診療科目:内科_循環器内科】岩手県北上市鬼柳町荒高３５ー１" }, "geometry": { "type": "Point", "coordinates": [ 141.101673, 39.273339 ] } },
{ "type": "Feature", "properties": { "ID": 3203201306, "正式名称": "よしだ整形外科クリニック", "機関区分": 2, "都道府県コード": 3, "市区町村コード": 206, "所在地": "岩手県北上市鬼柳町荒高３４−１", "緯度": 39.273151, "経度": 141.102047, "url": "https://www.iryou.teikyouseido.mhlw.go.jp/znk-web/juminkanja/S2430/initialize?prefCd=03&kikanCd=03201306&kikanKbn=2", "url2": null, "内容": "よしだ整形外科クリニック【2:診療所】【診療科目:整形外科_リウマチ科_リハビリテーション科】岩手県北上市鬼柳町荒高３４−１" }, "geometry": { "type": "Point", "coordinates": [ 141.102047, 39.273151 ] } },
{ "type": "Feature", "properties": { "ID": 3203201307, "正式名称": "大手先内科循環器クリニック", "機関区分": 2, "都道府県コード": 3, "市区町村コード": 201, "所在地": "岩手県盛岡市本町通一丁目８番９号", "緯度": 39.705126, "経度": 141.154632, "url": "https://www.iryou.teikyouseido.mhlw.go.jp/znk-web/juminkanja/S2430/initialize?prefCd=03&kikanCd=03201307&kikanKbn=2", "url2": null, "内容": "大手先内科循環器クリニック【2:診療所】【診療科目:内科_糖尿病内科_脂質代謝内科_糖尿病・内分泌内科_糖尿病・代謝内科_呼吸器内科_循環器内科_心臓内科_消化器内科_胃腸内科_腎臓内科_老年内科_アレルギー疾患内科】岩手県盛岡市本町通一丁目８番９号" }, "geometry": { "type": "Point", "coordinates": [ 141.154632, 39.705126 ] } },
{ "type": "Feature", "properties": { "ID": 3203201308, "正式名称": "京野アートクリニック盛岡", "機関区分": 2, "都道府県コード": 3, "市区町村コード": 201, "所在地": "岩手県盛岡市盛岡駅前通１５ー５　ワールドインＧＥＮプラザ３階", "緯度": 39.702833, "経度": 141.136574, "url": "https://www.iryou.teikyouseido.mhlw.go.jp/znk-web/juminkanja/S2430/initialize?prefCd=03&kikanCd=03201308&kikanKbn=2", "url2": "https://ivf-kyono-morioka.jp/", "内容": "京野アートクリニック盛岡【2:診療所】【診療科目:産婦人科（生殖医療）_泌尿器科（不妊治療）】岩手県盛岡市盛岡駅前通１５ー５　ワールドインＧＥＮプラザ３階" }, "geometry": { "type": "Point", "coordinates": [ 141.136574, 39.702833 ] } },
{ "type": "Feature", "properties": { "ID": 3203201309, "正式名称": "あいのの皮フ科クリニック", "機関区分": 2, "都道府県コード": 3, "市区町村コード": 322, "所在地": "岩手県紫波郡矢巾町間野々９ー２０２", "緯度": 39.596785, "経度": 141.17322, "url": "https://www.iryou.teikyouseido.mhlw.go.jp/znk-web/juminkanja/S2430/initialize?prefCd=03&kikanCd=03201309&kikanKbn=2", "url2": null, "内容": "あいのの皮フ科クリニック【2:診療所】【診療科目:小児皮膚科_皮膚科_アレルギー科】岩手県紫波郡矢巾町間野々９ー２０２" }, "geometry": { "type": "Point", "coordinates": [ 141.17322, 39.596785 ] } },
{ "type": "Feature", "properties": { "ID": 3203201310, "正式名称": "久喜内科・脳神経内科医院", "機関区分": 2, "都道府県コード": 3, "市区町村コード": 201, "所在地": "岩手県盛岡市緑が丘３丁目２ー３４", "緯度": 39.733183, "経度": 141.14399, "url": "https://www.iryou.teikyouseido.mhlw.go.jp/znk-web/juminkanja/S2430/initialize?prefCd=03&kikanCd=03201310&kikanKbn=2", "url2": "https://www.kuki3.com/", "内容": "久喜内科・脳神経内科医院【2:診療所】【診療科目:内科_脳神経内科】岩手県盛岡市緑が丘３丁目２ー３４" }, "geometry": { "type": "Point", "coordinates": [ 141.14399, 39.733183 ] } },
{ "type": "Feature", "properties": { "ID": 3203201311, "正式名称": "社会福祉法人三陸福祉会　特別養護老人ホームさんりくの園　医務室", "機関区分": 2, "都道府県コード": 3, "市区町村コード": 203, "所在地": "岩手県大船渡市三陸町越喜来字所通９１番地", "緯度": 39.125155, "経度": 141.805881, "url": "https://www.iryou.teikyouseido.mhlw.go.jp/znk-web/juminkanja/S2430/initialize?prefCd=03&kikanCd=03201311&kikanKbn=2", "url2": null, "内容": "社会福祉法人三陸福祉会　特別養護老人ホームさんりくの園　医務室【2:診療所】【診療科目:内科】岩手県大船渡市三陸町越喜来字所通９１番地" }, "geometry": { "type": "Point", "coordinates": [ 141.805881, 39.125155 ] } },
{ "type": "Feature", "properties": { "ID": 3203201312, "正式名称": "とみさわ甲状腺・乳腺と日帰り手術のクリニック盛岡", "機関区分": 2, "都道府県コード": 3, "市区町村コード": 201, "所在地": "岩手県盛岡市菜園一丁目５番２３号", "緯度": 39.701526, "経度": 141.148887, "url": "https://www.iryou.teikyouseido.mhlw.go.jp/znk-web/juminkanja/S2430/initialize?prefCd=03&kikanCd=03201312&kikanKbn=2", "url2": "http://tomy-mgt-office.sun.bindcloud.jp/0430/", "内容": "とみさわ甲状腺・乳腺と日帰り手術のクリニック盛岡【2:診療所】【診療科目:内分泌内科_乳腺外科_乳腺・内分泌外科_頚部外科】岩手県盛岡市菜園一丁目５番２３号" }, "geometry": { "type": "Point", "coordinates": [ 141.148887, 39.701526 ] } },
{ "type": "Feature", "properties": { "ID": 3203201313, "正式名称": "みたけ消化器内科クリニック", "機関区分": 2, "都道府県コード": 3, "市区町村コード": 201, "所在地": "岩手県盛岡市みたけ４丁目１１ー４６", "緯度": 39.74367, "経度": 141.122886, "url": "https://www.iryou.teikyouseido.mhlw.go.jp/znk-web/juminkanja/S2430/initialize?prefCd=03&kikanCd=03201313&kikanKbn=2", "url2": "www.mitake-clinic.com", "内容": "みたけ消化器内科クリニック【2:診療所】【診療科目:内科_糖尿病・代謝内科_消化器内科】岩手県盛岡市みたけ４丁目１１ー４６" }, "geometry": { "type": "Point", "coordinates": [ 141.122886, 39.74367 ] } },
{ "type": "Feature", "properties": { "ID": 3203201316, "正式名称": "アビエスかんのクリニック", "機関区分": 2, "都道府県コード": 3, "市区町村コード": 209, "所在地": "岩手県一関市中里字神明４４番地２", "緯度": 38.940865, "経度": 141.142424, "url": "https://www.iryou.teikyouseido.mhlw.go.jp/znk-web/juminkanja/S2430/initialize?prefCd=03&kikanCd=03201316&kikanKbn=2", "url2": "https://www.abies-kanno.jp", "内容": "アビエスかんのクリニック【2:診療所】【診療科目:内科_糖尿病・代謝内科_消化器内科_肝臓内科_胆のう・膵臓内科】岩手県一関市中里字神明４４番地２" }, "geometry": { "type": "Point", "coordinates": [ 141.142424, 38.940865 ] } },
{ "type": "Feature", "properties": { "ID": 3203201317, "正式名称": "ちば内科診療所", "機関区分": 2, "都道府県コード": 3, "市区町村コード": 203, "所在地": "岩手県大船渡市猪川町字前田１０ー９", "緯度": 39.096491, "経度": 141.705968, "url": "https://www.iryou.teikyouseido.mhlw.go.jp/znk-web/juminkanja/S2430/initialize?prefCd=03&kikanCd=03201317&kikanKbn=2", "url2": "https://chiba-naika.net", "内容": "ちば内科診療所【2:診療所】【診療科目:内科_循環器内科_老年内科_アレルギー科_リハビリテーション科】岩手県大船渡市猪川町字前田１０ー９" }, "geometry": { "type": "Point", "coordinates": [ 141.705968, 39.096491 ] } },
{ "type": "Feature", "properties": { "ID": 3203201318, "正式名称": "吉田整形外科医院", "機関区分": 2, "都道府県コード": 3, "市区町村コード": 205, "所在地": "岩手県花巻市西大通り１丁目５ー１１", "緯度": 39.391734, "経度": 141.109395, "url": "https://www.iryou.teikyouseido.mhlw.go.jp/znk-web/juminkanja/S2430/initialize?prefCd=03&kikanCd=03201318&kikanKbn=2", "url2": null, "内容": "吉田整形外科医院【2:診療所】【診療科目:整形外科_リウマチ科_リハビリテーション科】岩手県花巻市西大通り１丁目５ー１１" }, "geometry": { "type": "Point", "coordinates": [ 141.109395, 39.391734 ] } },
{ "type": "Feature", "properties": { "ID": 3203201319, "正式名称": "ちば眼科クリニック", "機関区分": 2, "都道府県コード": 3, "市区町村コード": 205, "所在地": "岩手県花巻市上小舟渡１３４番地１", "緯度": 39.395979, "経度": 141.123517, "url": "https://www.iryou.teikyouseido.mhlw.go.jp/znk-web/juminkanja/S2430/initialize?prefCd=03&kikanCd=03201319&kikanKbn=2", "url2": "https://www.chiba-eyeclinic.com/", "内容": "ちば眼科クリニック【2:診療所】【診療科目:眼科】岩手県花巻市上小舟渡１３４番地１" }, "geometry": { "type": "Point", "coordinates": [ 141.123517, 39.395979 ] } },
{ "type": "Feature", "properties": { "ID": 3203201320, "正式名称": "エールクリニック八幡平", "機関区分": 2, "都道府県コード": 3, "市区町村コード": 214, "所在地": "岩手県八幡平市田頭３７－１０３－１", "緯度": 39.918217, "経度": 141.073675, "url": "https://www.iryou.teikyouseido.mhlw.go.jp/znk-web/juminkanja/S2430/initialize?prefCd=03&kikanCd=03201320&kikanKbn=2", "url2": "http://yell-clinic-hachimantai.com", "内容": "エールクリニック八幡平【2:診療所】【診療科目:内科_内分泌内科_消化器内科_外科】岩手県八幡平市田頭３７－１０３－１" }, "geometry": { "type": "Point", "coordinates": [ 141.073675, 39.918217 ] } },
{ "type": "Feature", "properties": { "ID": 3203201321, "正式名称": "村井産婦人科・小児歯科医院", "機関区分": 2, "都道府県コード": 3, "市区町村コード": 201, "所在地": "岩手県盛岡市向中野八丁目８番４６号", "緯度": 39.671986, "経度": 141.139745, "url": "https://www.iryou.teikyouseido.mhlw.go.jp/znk-web/juminkanja/S2430/initialize?prefCd=03&kikanCd=03201321&kikanKbn=2", "url2": "murai-clinic.net", "内容": "村井産婦人科・小児歯科医院【2:診療所】【診療科目:産婦人科_小児歯科】岩手県盛岡市向中野八丁目８番４６号" }, "geometry": { "type": "Point", "coordinates": [ 141.139745, 39.671986 ] } },
{ "type": "Feature", "properties": { "ID": 3203201322, "正式名称": "みうら産婦人科医院", "機関区分": 2, "都道府県コード": 3, "市区町村コード": 201, "所在地": "岩手県盛岡市上鹿妻田貝１１番地１", "緯度": 39.681977, "経度": 141.107456, "url": "https://www.iryou.teikyouseido.mhlw.go.jp/znk-web/juminkanja/S2430/initialize?prefCd=03&kikanCd=03201322&kikanKbn=2", "url2": "https://www.miurasanfujinka.jp/", "内容": "みうら産婦人科医院【2:診療所】【診療科目:産婦人科】岩手県盛岡市上鹿妻田貝１１番地１" }, "geometry": { "type": "Point", "coordinates": [ 141.107456, 39.681977 ] } },
{ "type": "Feature", "properties": { "ID": 3203201325, "正式名称": "公益財団法人岩手県対がん協会附属矢巾診療所", "機関区分": 2, "都道府県コード": 3, "市区町村コード": 322, "所在地": "岩手県紫波郡矢巾町医大通２丁目１番６号", "緯度": 39.617842, "経度": 141.163495, "url": "https://www.iryou.teikyouseido.mhlw.go.jp/znk-web/juminkanja/S2430/initialize?prefCd=03&kikanCd=03201325&kikanKbn=2", "url2": null, "内容": "公益財団法人岩手県対がん協会附属矢巾診療所【2:診療所】【診療科目:内科_消化器内科_婦人科】岩手県紫波郡矢巾町医大通２丁目１番６号" }, "geometry": { "type": "Point", "coordinates": [ 141.163495, 39.617842 ] } },
{ "type": "Feature", "properties": { "ID": 3203201328, "正式名称": "盛岡タウン形成外科クリニック", "機関区分": 2, "都道府県コード": 3, "市区町村コード": 201, "所在地": "岩手県盛岡市盛岡駅前通１５番５号　ワールドインＧＥＮプラザ５階", "緯度": 39.702833, "経度": 141.136574, "url": "https://www.iryou.teikyouseido.mhlw.go.jp/znk-web/juminkanja/S2430/initialize?prefCd=03&kikanCd=03201328&kikanKbn=2", "url2": null, "内容": "盛岡タウン形成外科クリニック【2:診療所】【診療科目:形成外科_美容外科_皮膚科】岩手県盛岡市盛岡駅前通１５番５号　ワールドインＧＥＮプラザ５階" }, "geometry": { "type": "Point", "coordinates": [ 141.136574, 39.702833 ] } },
{ "type": "Feature", "properties": { "ID": 3203201329, "正式名称": "かまいしベイ眼科クリニック", "機関区分": 2, "都道府県コード": 3, "市区町村コード": 211, "所在地": "岩手県釜石市港町２－１－１　イオンタウン釜石３階", "緯度": 39.271, "経度": 141.88163, "url": "https://www.iryou.teikyouseido.mhlw.go.jp/znk-web/juminkanja/S2430/initialize?prefCd=03&kikanCd=03201329&kikanKbn=2", "url2": null, "内容": "かまいしベイ眼科クリニック【2:診療所】【診療科目:眼科】岩手県釜石市港町２－１－１　イオンタウン釜石３階" }, "geometry": { "type": "Point", "coordinates": [ 141.88163, 39.271 ] } },
{ "type": "Feature", "properties": { "ID": 3203201335, "正式名称": "みやもと皮ふ科クリニック", "機関区分": 2, "都道府県コード": 3, "市区町村コード": 206, "所在地": "岩手県北上市柳原町五丁目１２ー９", "緯度": 39.296001, "経度": 141.110321, "url": "https://www.iryou.teikyouseido.mhlw.go.jp/znk-web/juminkanja/S2430/initialize?prefCd=03&kikanCd=03201335&kikanKbn=2", "url2": "https://miyamoto-skin.com", "内容": "みやもと皮ふ科クリニック【2:診療所】【診療科目:皮膚科_美容皮膚科_アレルギー科】岩手県北上市柳原町五丁目１２ー９" }, "geometry": { "type": "Point", "coordinates": [ 141.110321, 39.296001 ] } },
{ "type": "Feature", "properties": { "ID": 3203201336, "正式名称": "ふじたファミリークリニック", "機関区分": 2, "都道府県コード": 3, "市区町村コード": 202, "所在地": "岩手県宮古市向町２番３０号", "緯度": 39.641248, "経度": 141.954379, "url": "https://www.iryou.teikyouseido.mhlw.go.jp/znk-web/juminkanja/S2430/initialize?prefCd=03&kikanCd=03201336&kikanKbn=2", "url2": "https://fujita-fc.com", "内容": "ふじたファミリークリニック【2:診療所】【診療科目:内科_消化器内科】岩手県宮古市向町２番３０号" }, "geometry": { "type": "Point", "coordinates": [ 141.954379, 39.641248 ] } },
{ "type": "Feature", "properties": { "ID": 3203201337, "正式名称": "医療法人社団やまと　やまと在宅診療所一関", "機関区分": 2, "都道府県コード": 3, "市区町村コード": 209, "所在地": "岩手県一関市宮坂町２番９号", "緯度": 38.922649, "経度": 141.133832, "url": "https://www.iryou.teikyouseido.mhlw.go.jp/znk-web/juminkanja/S2430/initialize?prefCd=03&kikanCd=03201337&kikanKbn=2", "url2": "https://ichinoseki.yamatoclinic.org/", "内容": "医療法人社団やまと　やまと在宅診療所一関【2:診療所】【診療科目:内科_外科_皮膚科】岩手県一関市宮坂町２番９号" }, "geometry": { "type": "Point", "coordinates": [ 141.133832, 38.922649 ] } },
{ "type": "Feature", "properties": { "ID": 3203201340, "正式名称": "いわて飯岡駅前内科クリニック", "機関区分": 2, "都道府県コード": 3, "市区町村コード": 201, "所在地": "岩手県盛岡市永井１７地割３６ー１", "緯度": 39.654259, "経度": 141.147628, "url": "https://www.iryou.teikyouseido.mhlw.go.jp/znk-web/juminkanja/S2430/initialize?prefCd=03&kikanCd=03201340&kikanKbn=2", "url2": "https://iiokaekimae.com/", "内容": "いわて飯岡駅前内科クリニック【2:診療所】【診療科目:内科_糖尿病内科_消化器内科_肝臓内科_内視鏡内科】岩手県盛岡市永井１７地割３６ー１" }, "geometry": { "type": "Point", "coordinates": [ 141.147628, 39.654259 ] } },
{ "type": "Feature", "properties": { "ID": 3203201344, "正式名称": "こたに内科・甲状腺クリニック", "機関区分": 2, "都道府県コード": 3, "市区町村コード": 201, "所在地": "岩手県盛岡市上厨川字横長根７６－３", "緯度": 39.706814, "経度": 141.084485, "url": "https://www.iryou.teikyouseido.mhlw.go.jp/znk-web/juminkanja/S2430/initialize?prefCd=03&kikanCd=03201344&kikanKbn=2", "url2": "http://kotani-cl.com", "内容": "こたに内科・甲状腺クリニック【2:診療所】【診療科目:内科_内分泌内科】岩手県盛岡市上厨川字横長根７６－３" }, "geometry": { "type": "Point", "coordinates": [ 141.084485, 39.706814 ] } },
{ "type": "Feature", "properties": { "ID": 3203201345, "正式名称": "玉田眼科", "機関区分": 2, "都道府県コード": 3, "市区町村コード": 201, "所在地": "岩手県盛岡市仙北二丁目１番９号", "緯度": 39.688227, "経度": 141.149008, "url": "https://www.iryou.teikyouseido.mhlw.go.jp/znk-web/juminkanja/S2430/initialize?prefCd=03&kikanCd=03201345&kikanKbn=2", "url2": "http://www.tamadaganka.com", "内容": "玉田眼科【2:診療所】【診療科目:眼科】岩手県盛岡市仙北二丁目１番９号" }, "geometry": { "type": "Point", "coordinates": [ 141.149008, 39.688227 ] } },
{ "type": "Feature", "properties": { "ID": 3203201346, "正式名称": "星が丘おおうち整形外科クリニック", "機関区分": 2, "都道府県コード": 3, "市区町村コード": 205, "所在地": "岩手県花巻市星が丘一丁目２０番１１号", "緯度": 39.402926, "経度": 141.101453, "url": "https://www.iryou.teikyouseido.mhlw.go.jp/znk-web/juminkanja/S2430/initialize?prefCd=03&kikanCd=03201346&kikanKbn=2", "url2": "https://ouchiseikei.com", "内容": "星が丘おおうち整形外科クリニック【2:診療所】【診療科目:整形外科】岩手県花巻市星が丘一丁目２０番１１号" }, "geometry": { "type": "Point", "coordinates": [ 141.101453, 39.402926 ] } },
{ "type": "Feature", "properties": { "ID": 3203201347, "正式名称": "なかつか消化器内科クリニック", "機関区分": 2, "都道府県コード": 3, "市区町村コード": 201, "所在地": "岩手県盛岡市太田五丁目１０番２７号", "緯度": 39.701724, "経度": 141.114634, "url": "https://www.iryou.teikyouseido.mhlw.go.jp/znk-web/juminkanja/S2430/initialize?prefCd=03&kikanCd=03201347&kikanKbn=2", "url2": "https://nakatsuka-clinic.jp", "内容": "なかつか消化器内科クリニック【2:診療所】【診療科目:内科_消化器内科】岩手県盛岡市太田五丁目１０番２７号" }, "geometry": { "type": "Point", "coordinates": [ 141.114634, 39.701724 ] } },
{ "type": "Feature", "properties": { "ID": 3203201348, "正式名称": "公園通りクリニック", "機関区分": 2, "都道府県コード": 3, "市区町村コード": 201, "所在地": "岩手県盛岡市菜園一丁目６番１３号　公園通りプラザビル２階", "緯度": 39.701392, "経度": 141.148025, "url": "https://www.iryou.teikyouseido.mhlw.go.jp/znk-web/juminkanja/S2430/initialize?prefCd=03&kikanCd=03201348&kikanKbn=2", "url2": "http://aiwakai-iwate.com", "内容": "公園通りクリニック【2:診療所】【診療科目:内科_呼吸器内科_外科_整形外科_アレルギー科_救急科】岩手県盛岡市菜園一丁目６番１３号　公園通りプラザビル２階" }, "geometry": { "type": "Point", "coordinates": [ 141.148025, 39.701392 ] } },
{ "type": "Feature", "properties": { "ID": 3203201350, "正式名称": "武田整形外科", "機関区分": 2, "都道府県コード": 3, "市区町村コード": 211, "所在地": "岩手県釜石市甲子町第１０地割１５９番地２０９", "緯度": 39.255445, "経度": 141.809994, "url": "https://www.iryou.teikyouseido.mhlw.go.jp/znk-web/juminkanja/S2430/initialize?prefCd=03&kikanCd=03201350&kikanKbn=2", "url2": null, "内容": "武田整形外科【2:診療所】【診療科目:整形外科_リハビリテーション科】岩手県釜石市甲子町第１０地割１５９番地２０９" }, "geometry": { "type": "Point", "coordinates": [ 141.809994, 39.255445 ] } },
{ "type": "Feature", "properties": { "ID": 3203201354, "正式名称": "医療法人千花千和クリニック", "機関区分": 2, "都道府県コード": 3, "市区町村コード": 209, "所在地": "岩手県一関市桜木町３番１９号", "緯度": 38.932827, "経度": 141.136637, "url": "https://www.iryou.teikyouseido.mhlw.go.jp/znk-web/juminkanja/S2430/initialize?prefCd=03&kikanCd=03201354&kikanKbn=2", "url2": "https://www.senwaclinic.com/", "内容": "医療法人千花千和クリニック【2:診療所】【診療科目:内科_糖尿病内科_脂質代謝内科_糖尿病・内分泌内科_糖尿病・代謝内科_消化器内科_内視鏡内科_整形外科_美容皮膚科_リウマチ科_リハビリテーション科】岩手県一関市桜木町３番１９号" }, "geometry": { "type": "Point", "coordinates": [ 141.136637, 38.932827 ] } },
{ "type": "Feature", "properties": { "ID": 3203201355, "正式名称": "ちえ内科・外科クリニック", "機関区分": 2, "都道府県コード": 3, "市区町村コード": 201, "所在地": "岩手県盛岡市上田１丁目１ー１９", "緯度": 39.713194, "経度": 141.14758, "url": "https://www.iryou.teikyouseido.mhlw.go.jp/znk-web/juminkanja/S2430/initialize?prefCd=03&kikanCd=03201355&kikanKbn=2", "url2": "itochie-clinic.com", "内容": "ちえ内科・外科クリニック【2:診療所】【診療科目:内科_外科】岩手県盛岡市上田１丁目１ー１９" }, "geometry": { "type": "Point", "coordinates": [ 141.14758, 39.713194 ] } },
{ "type": "Feature", "properties": { "ID": 3203201356, "正式名称": "紫波整形外科クリニック", "機関区分": 2, "都道府県コード": 3, "市区町村コード": 321, "所在地": "岩手県紫波郡紫波町日詰字東裏２０ー２", "緯度": 39.557317, "経度": 141.172542, "url": "https://www.iryou.teikyouseido.mhlw.go.jp/znk-web/juminkanja/S2430/initialize?prefCd=03&kikanCd=03201356&kikanKbn=2", "url2": "https://shiwa-seikei.com/", "内容": "紫波整形外科クリニック【2:診療所】【診療科目:外科_整形外科_リウマチ科_リハビリテーション科】岩手県紫波郡紫波町日詰字東裏２０ー２" }, "geometry": { "type": "Point", "coordinates": [ 141.172542, 39.557317 ] } },
{ "type": "Feature", "properties": { "ID": 3203201357, "正式名称": "特別養護老人ホームあすなろ医務室", "機関区分": 2, "都道府県コード": 3, "市区町村コード": 381, "所在地": "岩手県胆沢郡金ケ崎町六原坊主屋敷３６番地１", "緯度": 39.241595, "経度": 141.070801, "url": "https://www.iryou.teikyouseido.mhlw.go.jp/znk-web/juminkanja/S2430/initialize?prefCd=03&kikanCd=03201357&kikanKbn=2", "url2": null, "内容": "特別養護老人ホームあすなろ医務室【2:診療所】【診療科目:内科】岩手県胆沢郡金ケ崎町六原坊主屋敷３６番地１" }, "geometry": { "type": "Point", "coordinates": [ 141.070801, 39.241595 ] } },
{ "type": "Feature", "properties": { "ID": 3203201358, "正式名称": "エミナルクリニック盛岡院", "機関区分": 2, "都道府県コード": 3, "市区町村コード": 201, "所在地": "岩手県盛岡市中央通１ー９ー１１　ＣＵＢＥ映画館通りビル２階", "緯度": 39.703962, "経度": 141.14778, "url": "https://www.iryou.teikyouseido.mhlw.go.jp/znk-web/juminkanja/S2430/initialize?prefCd=03&kikanCd=03201358&kikanKbn=2", "url2": null, "内容": "エミナルクリニック盛岡院【2:診療所】【診療科目:美容皮膚科】岩手県盛岡市中央通１ー９ー１１　ＣＵＢＥ映画館通りビル２階" }, "geometry": { "type": "Point", "coordinates": [ 141.14778, 39.703962 ] } },
{ "type": "Feature", "properties": { "ID": 3203201359, "正式名称": "いしかわ耳鼻咽喉科めまいクリニック", "機関区分": 2, "都道府県コード": 3, "市区町村コード": 322, "所在地": "岩手県紫波郡矢巾町南矢幅第７地割４５５番地", "緯度": 39.610954, "経度": 141.154302, "url": "https://www.iryou.teikyouseido.mhlw.go.jp/znk-web/juminkanja/S2430/initialize?prefCd=03&kikanCd=03201359&kikanKbn=2", "url2": "https://ishikawa-ent-memai.jp/", "内容": "いしかわ耳鼻咽喉科めまいクリニック【2:診療所】【診療科目:耳鼻いんこう科】岩手県紫波郡矢巾町南矢幅第７地割４５５番地" }, "geometry": { "type": "Point", "coordinates": [ 141.154302, 39.610954 ] } },
{ "type": "Feature", "properties": { "ID": 3203201360, "正式名称": "大津小児科ファミリークリニック", "機関区分": 2, "都道府県コード": 3, "市区町村コード": 203, "所在地": "岩手県大船渡市盛町字東町１１ー１１", "緯度": 39.087287, "経度": 141.710686, "url": "https://www.iryou.teikyouseido.mhlw.go.jp/znk-web/juminkanja/S2430/initialize?prefCd=03&kikanCd=03201360&kikanKbn=2", "url2": "https.//www.ootsu-children-family-cl.jp", "内容": "大津小児科ファミリークリニック【2:診療所】【診療科目:内科_小児科】岩手県大船渡市盛町字東町１１ー１１" }, "geometry": { "type": "Point", "coordinates": [ 141.710686, 39.087287 ] } },
{ "type": "Feature", "properties": { "ID": 3203201364, "正式名称": "遠野バイパス整形外科", "機関区分": 2, "都道府県コード": 3, "市区町村コード": 208, "所在地": "岩手県遠野市松崎町白岩１５地割１３ー１１", "緯度": 39.338215, "経度": 141.540895, "url": "https://www.iryou.teikyouseido.mhlw.go.jp/znk-web/juminkanja/S2430/initialize?prefCd=03&kikanCd=03201364&kikanKbn=2", "url2": "https://www.kamaishi-seikei-cl.com/", "内容": "遠野バイパス整形外科【2:診療所】【診療科目:整形外科_形成外科_リウマチ科_リハビリテーション科】岩手県遠野市松崎町白岩１５地割１３ー１１" }, "geometry": { "type": "Point", "coordinates": [ 141.540895, 39.338215 ] } },
{ "type": "Feature", "properties": { "ID": 3203201365, "正式名称": "アクアＡＧＡクリニック盛岡院", "機関区分": 2, "都道府県コード": 3, "市区町村コード": 201, "所在地": "岩手県盛岡市盛岡駅前通１４－６", "緯度": 39.702609, "経度": 141.137066, "url": "https://www.iryou.teikyouseido.mhlw.go.jp/znk-web/juminkanja/S2430/initialize?prefCd=03&kikanCd=03201365&kikanKbn=2", "url2": null, "内容": "アクアＡＧＡクリニック盛岡院【2:診療所】【診療科目:美容皮膚科】岩手県盛岡市盛岡駅前通１４－６" }, "geometry": { "type": "Point", "coordinates": [ 141.137066, 39.702609 ] } },
{ "type": "Feature", "properties": { "ID": 3203201367, "正式名称": "肴町皮フ科クリニック", "機関区分": 2, "都道府県コード": 3, "市区町村コード": 201, "所在地": "岩手県盛岡市肴町５−４", "緯度": 39.698819, "経度": 141.155259, "url": "https://www.iryou.teikyouseido.mhlw.go.jp/znk-web/juminkanja/S2430/initialize?prefCd=03&kikanCd=03201367&kikanKbn=2", "url2": "https://sakanacho-hifu.com", "内容": "肴町皮フ科クリニック【2:診療所】【診療科目:皮膚科】岩手県盛岡市肴町５−４" }, "geometry": { "type": "Point", "coordinates": [ 141.155259, 39.698819 ] } },
{ "type": "Feature", "properties": { "ID": 3203201368, "正式名称": "やすみ整形外科クリニック", "機関区分": 2, "都道府県コード": 3, "市区町村コード": 202, "所在地": "岩手県宮古市黒田町", "緯度": 39.642822, "経度": 141.95107, "url": "https://www.iryou.teikyouseido.mhlw.go.jp/znk-web/juminkanja/S2430/initialize?prefCd=03&kikanCd=03201368&kikanKbn=2", "url2": null, "内容": "やすみ整形外科クリニック【2:診療所】【診療科目:整形外科_リハビリテーション科】岩手県宮古市黒田町" }, "geometry": { "type": "Point", "coordinates": [ 141.95107, 39.642822 ] } },
{ "type": "Feature", "properties": { "ID": 3203201369, "正式名称": "さくらＰＯＲＴクリニック", "機関区分": 2, "都道府県コード": 3, "市区町村コード": 206, "所在地": "岩手県北上市川岸一丁目１番２０号　さくらＰＯＲＴ・オフィス１階", "緯度": 39.280058, "経度": 141.122833, "url": "https://www.iryou.teikyouseido.mhlw.go.jp/znk-web/juminkanja/S2430/initialize?prefCd=03&kikanCd=03201369&kikanKbn=2", "url2": "http://sakuraportclinic.com", "内容": "さくらＰＯＲＴクリニック【2:診療所】【診療科目:内科_小児科_精神科_心療内科】岩手県北上市川岸一丁目１番２０号　さくらＰＯＲＴ・オフィス１階" }, "geometry": { "type": "Point", "coordinates": [ 141.122833, 39.280058 ] } },
{ "type": "Feature", "properties": { "ID": 3203201370, "正式名称": "盛岡ふじさわ整形外科クリニック", "機関区分": 2, "都道府県コード": 3, "市区町村コード": 201, "所在地": "岩手県盛岡市本宮３丁目９番１３号", "緯度": 39.692966, "経度": 141.13297, "url": "https://www.iryou.teikyouseido.mhlw.go.jp/znk-web/juminkanja/S2430/initialize?prefCd=03&kikanCd=03201370&kikanKbn=2", "url2": "http://www.fujisawa-orthop-cl.jp", "内容": "盛岡ふじさわ整形外科クリニック【2:診療所】【診療科目:整形外科_リウマチ科_リハビリテーション科】岩手県盛岡市本宮３丁目９番１３号" }, "geometry": { "type": "Point", "coordinates": [ 141.13297, 39.692966 ] } },
{ "type": "Feature", "properties": { "ID": 3203201371, "正式名称": "特別養護老人ホームほうじゅの郷医務室", "機関区分": 2, "都道府県コード": 3, "市区町村コード": 205, "所在地": "岩手県花巻市石鳥谷町上口一丁目３番地３", "緯度": 39.501466, "経度": 141.157927, "url": "https://www.iryou.teikyouseido.mhlw.go.jp/znk-web/juminkanja/S2430/initialize?prefCd=03&kikanCd=03201371&kikanKbn=2", "url2": null, "内容": "特別養護老人ホームほうじゅの郷医務室【2:診療所】【診療科目:内科_外科】岩手県花巻市石鳥谷町上口一丁目３番地３" }, "geometry": { "type": "Point", "coordinates": [ 141.157927, 39.501466 ] } },
{ "type": "Feature", "properties": { "ID": 3203201372, "正式名称": "特別養護老人ホーム光の苑医務室", "機関区分": 2, "都道府県コード": 3, "市区町村コード": 205, "所在地": "岩手県花巻市東和町土沢８区２０５", "緯度": 39.383734, "経度": 141.233254, "url": "https://www.iryou.teikyouseido.mhlw.go.jp/znk-web/juminkanja/S2430/initialize?prefCd=03&kikanCd=03201372&kikanKbn=2", "url2": null, "内容": "特別養護老人ホーム光の苑医務室【2:診療所】【診療科目:内科_精神科】岩手県花巻市東和町土沢８区２０５" }, "geometry": { "type": "Point", "coordinates": [ 141.233254, 39.383734 ] } },
{ "type": "Feature", "properties": { "ID": 3203201373, "正式名称": "特別養護老人ホームすずの里医務室", "機関区分": 2, "都道府県コード": 3, "市区町村コード": 206, "所在地": "岩手県北上市北鬼柳１５地割１２８番地２", "緯度": 39.295909, "経度": 141.092726, "url": "https://www.iryou.teikyouseido.mhlw.go.jp/znk-web/juminkanja/S2430/initialize?prefCd=03&kikanCd=03201373&kikanKbn=2", "url2": "https://yamadori-iwate.com", "内容": "特別養護老人ホームすずの里医務室【2:診療所】【診療科目:内科_脳神経外科】岩手県北上市北鬼柳１５地割１２８番地２" }, "geometry": { "type": "Point", "coordinates": [ 141.092726, 39.295909 ] } },
{ "type": "Feature", "properties": { "ID": 3203201374, "正式名称": "特別養護老人ホーム聖愛園（ユニット型）医務室", "機関区分": 2, "都道府県コード": 3, "市区町村コード": 215, "所在地": "岩手県奥州市江刺愛宕字八日市５１番地３", "緯度": 39.185554, "経度": 141.160081, "url": "https://www.iryou.teikyouseido.mhlw.go.jp/znk-web/juminkanja/S2430/initialize?prefCd=03&kikanCd=03201374&kikanKbn=2", "url2": null, "内容": "特別養護老人ホーム聖愛園（ユニット型）医務室【2:診療所】【診療科目:内科】岩手県奥州市江刺愛宕字八日市５１番地３" }, "geometry": { "type": "Point", "coordinates": [ 141.160081, 39.185554 ] } },
{ "type": "Feature", "properties": { "ID": 3203201376, "正式名称": "特別養護老人ホーム　いこいの麓・滝沢あなぐち　医務室", "機関区分": 2, "都道府県コード": 3, "市区町村コード": 216, "所在地": "岩手県滝沢市穴口２２１番地２", "緯度": 39.738407, "経度": 141.102178, "url": "https://www.iryou.teikyouseido.mhlw.go.jp/znk-web/juminkanja/S2430/initialize?prefCd=03&kikanCd=03201376&kikanKbn=2", "url2": null, "内容": "特別養護老人ホーム　いこいの麓・滝沢あなぐち　医務室【2:診療所】【診療科目:内科】岩手県滝沢市穴口２２１番地２" }, "geometry": { "type": "Point", "coordinates": [ 141.102178, 39.738407 ] } },
{ "type": "Feature", "properties": { "ID": 3203201380, "正式名称": "地域密着型特別養護老人ホーム　おりつめの里　医務室", "機関区分": 2, "都道府県コード": 3, "市区町村コード": 506, "所在地": "岩手県九戸郡九戸村大字伊保内第７地割３５番地１", "緯度": 40.21113, "経度": 141.420618, "url": "https://www.iryou.teikyouseido.mhlw.go.jp/znk-web/juminkanja/S2430/initialize?prefCd=03&kikanCd=03201380&kikanKbn=2", "url2": null, "内容": "地域密着型特別養護老人ホーム　おりつめの里　医務室【2:診療所】【診療科目:内科_外科】岩手県九戸郡九戸村大字伊保内第７地割３５番地１" }, "geometry": { "type": "Point", "coordinates": [ 141.420618, 40.21113 ] } },
{ "type": "Feature", "properties": { "ID": 3203201381, "正式名称": "西松園内科クリニック", "機関区分": 2, "都道府県コード": 3, "市区町村コード": 201, "所在地": "岩手県盛岡市西松園三丁目２２番１号", "緯度": 39.756007, "経度": 141.163085, "url": "https://www.iryou.teikyouseido.mhlw.go.jp/znk-web/juminkanja/S2430/initialize?prefCd=03&kikanCd=03201381&kikanKbn=2", "url2": "https://www.nishimatsu-cl.com/", "内容": "西松園内科クリニック【2:診療所】【診療科目:内科_消化器内科_肝臓内科】岩手県盛岡市西松園三丁目２２番１号" }, "geometry": { "type": "Point", "coordinates": [ 141.163085, 39.756007 ] } },
{ "type": "Feature", "properties": { "ID": 3203201383, "正式名称": "本間内科医院", "機関区分": 2, "都道府県コード": 3, "市区町村コード": 201, "所在地": "岩手県盛岡市上田２丁目２０ー１３", "緯度": 39.719034, "経度": 141.140526, "url": "https://www.iryou.teikyouseido.mhlw.go.jp/znk-web/juminkanja/S2430/initialize?prefCd=03&kikanCd=03201383&kikanKbn=2", "url2": "http://honmacl.byoinnavi.jp/pc/index.html", "内容": "本間内科医院【2:診療所】【診療科目:内科】岩手県盛岡市上田２丁目２０ー１３" }, "geometry": { "type": "Point", "coordinates": [ 141.140526, 39.719034 ] } },
{ "type": "Feature", "properties": { "ID": 3203201384, "正式名称": "東京エレクトロンテクノロジーソリューションズ株式会社東北診療所", "機関区分": 2, "都道府県コード": 3, "市区町村コード": 215, "所在地": "岩手県奥州市江刺岩谷堂字松長根５２番地", "緯度": 39.21395, "経度": 141.184625, "url": "https://www.iryou.teikyouseido.mhlw.go.jp/znk-web/juminkanja/S2430/initialize?prefCd=03&kikanCd=03201384&kikanKbn=2", "url2": null, "内容": "東京エレクトロンテクノロジーソリューションズ株式会社東北診療所【2:診療所】【診療科目:内科】岩手県奥州市江刺岩谷堂字松長根５２番地" }, "geometry": { "type": "Point", "coordinates": [ 141.184625, 39.21395 ] } },
{ "type": "Feature", "properties": { "ID": 3203201385, "正式名称": "特別養護老人ホームさくらの郷医務室", "機関区分": 2, "都道府県コード": 3, "市区町村コード": 215, "所在地": "岩手県奥州市江刺岩谷堂字下惣田２９０番地１", "緯度": 39.180545, "経度": 141.18166, "url": "https://www.iryou.teikyouseido.mhlw.go.jp/znk-web/juminkanja/S2430/initialize?prefCd=03&kikanCd=03201385&kikanKbn=2", "url2": null, "内容": "特別養護老人ホームさくらの郷医務室【2:診療所】【診療科目:内科】岩手県奥州市江刺岩谷堂字下惣田２９０番地１" }, "geometry": { "type": "Point", "coordinates": [ 141.18166, 39.180545 ] } },
{ "type": "Feature", "properties": { "ID": 3203201386, "正式名称": "ＴＣＢ　東京中央美容外科・ＴＣＢ　スキンクリニック　盛岡院", "機関区分": 2, "都道府県コード": 3, "市区町村コード": 201, "所在地": "岩手県盛岡市菜園菜園１丁目１０ー１　パルクアベニューカワトク８階", "緯度": 39.700876, "経度": 141.146917, "url": "https://www.iryou.teikyouseido.mhlw.go.jp/znk-web/juminkanja/S2430/initialize?prefCd=03&kikanCd=03201386&kikanKbn=2", "url2": null, "内容": "ＴＣＢ　東京中央美容外科・ＴＣＢ　スキンクリニック　盛岡院【2:診療所】【診療科目:形成外科_美容外科_皮膚科_美容皮膚科】岩手県盛岡市菜園菜園１丁目１０ー１　パルクアベニューカワトク８階" }, "geometry": { "type": "Point", "coordinates": [ 141.146917, 39.700876 ] } },
{ "type": "Feature", "properties": { "ID": 3203201393, "正式名称": "医療法人菅原　大通りクリニック", "機関区分": 2, "都道府県コード": 3, "市区町村コード": 201, "所在地": "岩手県盛岡市大通一丁目３番４号宏陽ビル４階", "緯度": 39.702507, "経度": 141.149917, "url": "https://www.iryou.teikyouseido.mhlw.go.jp/znk-web/juminkanja/S2430/initialize?prefCd=03&kikanCd=03201393&kikanKbn=2", "url2": null, "内容": "医療法人菅原　大通りクリニック【2:診療所】【診療科目:血液内科_糖尿病・代謝内科_呼吸器内科_循環器内科_消化器内科_アレルギー疾患内科】岩手県盛岡市大通一丁目３番４号宏陽ビル４階" }, "geometry": { "type": "Point", "coordinates": [ 141.149917, 39.702507 ] } },
{ "type": "Feature", "properties": { "ID": 3203210001, "正式名称": "たにむらクリニック", "機関区分": 2, "都道府県コード": 3, "市区町村コード": 201, "所在地": "岩手県盛岡市向中野二丁目４２番１０号", "緯度": 39.680569, "経度": 141.139607, "url": "https://www.iryou.teikyouseido.mhlw.go.jp/znk-web/juminkanja/S2430/initialize?prefCd=03&kikanCd=03210001&kikanKbn=2", "url2": null, "内容": "たにむらクリニック【2:診療所】【診療科目:外科_乳腺外科_整形外科_皮膚科】岩手県盛岡市向中野二丁目４２番１０号" }, "geometry": { "type": "Point", "coordinates": [ 141.139607, 39.680569 ] } },
{ "type": "Feature", "properties": { "ID": 3203210002, "正式名称": "映画館通りキザワ眼科", "機関区分": 2, "都道府県コード": 3, "市区町村コード": 201, "所在地": "岩手県盛岡市菜園１丁目１２－１８盛岡菜園センタービル", "緯度": 39.702097, "経度": 141.147009, "url": "https://www.iryou.teikyouseido.mhlw.go.jp/znk-web/juminkanja/S2430/initialize?prefCd=03&kikanCd=03210002&kikanKbn=2", "url2": "https://kizawa-eye.com", "内容": "映画館通りキザワ眼科【2:診療所】【診療科目:眼科_眼科】岩手県盛岡市菜園１丁目１２－１８盛岡菜園センタービル" }, "geometry": { "type": "Point", "coordinates": [ 141.147009, 39.702097 ] } },
{ "type": "Feature", "properties": { "ID": 3203210003, "正式名称": "松尾医院", "機関区分": 2, "都道府県コード": 3, "市区町村コード": 201, "所在地": "岩手県盛岡市みたけ２－２１－２３", "緯度": 39.745783, "経度": 141.128999, "url": "https://www.iryou.teikyouseido.mhlw.go.jp/znk-web/juminkanja/S2430/initialize?prefCd=03&kikanCd=03210003&kikanKbn=2", "url2": "https://matsuo-iin-morioka.com/", "内容": "松尾医院【2:診療所】【診療科目:内科_外科_大腸・肛門外科】岩手県盛岡市みたけ２－２１－２３" }, "geometry": { "type": "Point", "coordinates": [ 141.128999, 39.745783 ] } },
{ "type": "Feature", "properties": { "ID": 3203210004, "正式名称": "しおはたファミリークリニック", "機関区分": 2, "都道府県コード": 3, "市区町村コード": 201, "所在地": "岩手県盛岡市中ノ橋通１丁目６番８号ＭＯＮＡＫＡ３階", "緯度": 39.6994, "経度": 141.15589, "url": "https://www.iryou.teikyouseido.mhlw.go.jp/znk-web/juminkanja/S2430/initialize?prefCd=03&kikanCd=03210004&kikanKbn=2", "url2": "https://www.shiohata-f.com/", "内容": "しおはたファミリークリニック【2:診療所】【診療科目:内科_小児科】岩手県盛岡市中ノ橋通１丁目６番８号ＭＯＮＡＫＡ３階" }, "geometry": { "type": "Point", "coordinates": [ 141.15589, 39.6994 ] } },
{ "type": "Feature", "properties": { "ID": 3203210005, "正式名称": "とりょう腎・泌尿器科クリニック", "機関区分": 2, "都道府県コード": 3, "市区町村コード": 201, "所在地": "岩手県盛岡市中ノ橋通１丁目６番８号ｍｏｎａｋａ３Ｆ", "緯度": 39.6994, "経度": 141.15589, "url": "https://www.iryou.teikyouseido.mhlw.go.jp/znk-web/juminkanja/S2430/initialize?prefCd=03&kikanCd=03210005&kikanKbn=2", "url2": "https://toryo-clinic.com/#top5", "内容": "とりょう腎・泌尿器科クリニック【2:診療所】【診療科目:内科_腎臓内科_泌尿器科】岩手県盛岡市中ノ橋通１丁目６番８号ｍｏｎａｋａ３Ｆ" }, "geometry": { "type": "Point", "coordinates": [ 141.15589, 39.6994 ] } },
{ "type": "Feature", "properties": { "ID": 3203210006, "正式名称": "あべ脳神経内科・物忘れクリニック", "機関区分": 2, "都道府県コード": 3, "市区町村コード": 201, "所在地": "岩手県盛岡市中ノ橋通１丁目６－８ｍｏｎａｋａ３階", "緯度": 39.69954, "経度": 141.155948, "url": "https://www.iryou.teikyouseido.mhlw.go.jp/znk-web/juminkanja/S2430/initialize?prefCd=03&kikanCd=03210006&kikanKbn=2", "url2": null, "内容": "あべ脳神経内科・物忘れクリニック【2:診療所】【診療科目:内科_脳神経内科_リハビリテーション科】岩手県盛岡市中ノ橋通１丁目６－８ｍｏｎａｋａ３階" }, "geometry": { "type": "Point", "coordinates": [ 141.155948, 39.69954 ] } },
{ "type": "Feature", "properties": { "ID": 321510374, "正式名称": "亜理眼科医院", "機関区分": 2, "都道府県コード": 3, "市区町村コード": 215, "所在地": "岩手県奥州市水沢西町１３０−１", "緯度": 39.138695, "経度": 141.13678, "url": "https://www.iryou.teikyouseido.mhlw.go.jp/znk-web/juminkanja/S2430/initialize?prefCd=03&kikanCd=1510374&kikanKbn=2", "url2": null, "内容": "亜理眼科医院【2:診療所】【診療科目:眼科】岩手県奥州市水沢西町１３０−１" }, "geometry": { "type": "Point", "coordinates": [ 141.13678, 39.138695 ] } },
{ "type": "Feature", "properties": { "ID": 323200001, "正式名称": "いわてスポーツ・整形外科クリニック", "機関区分": 2, "都道府県コード": 3, "市区町村コード": 201, "所在地": "岩手県盛岡市向中野字細谷地１１４", "緯度": 39.672537, "経度": 141.139855, "url": "https://www.iryou.teikyouseido.mhlw.go.jp/znk-web/juminkanja/S2430/initialize?prefCd=03&kikanCd=3200001&kikanKbn=2", "url2": "https://iwasupo.jp", "内容": "いわてスポーツ・整形外科クリニック【2:診療所】【診療科目:整形外科_リハビリテーション科】岩手県盛岡市向中野字細谷地１１４" }, "geometry": { "type": "Point", "coordinates": [ 141.139855, 39.672537 ] } },
{ "type": "Feature", "properties": { "ID": 323200003, "正式名称": "石部整形外科クリニック", "機関区分": 2, "都道府県コード": 3, "市区町村コード": 201, "所在地": "岩手県盛岡市上ノ橋町１－５４", "緯度": 39.705084, "経度": 141.157084, "url": "https://www.iryou.teikyouseido.mhlw.go.jp/znk-web/juminkanja/S2430/initialize?prefCd=03&kikanCd=3200003&kikanKbn=2", "url2": null, "内容": "石部整形外科クリニック【2:診療所】【診療科目:整形外科_リハビリテーション科】岩手県盛岡市上ノ橋町１－５４" }, "geometry": { "type": "Point", "coordinates": [ 141.157084, 39.705084 ] } },
{ "type": "Feature", "properties": { "ID": 323200004, "正式名称": "エールクリニック盛岡", "機関区分": 2, "都道府県コード": 3, "市区町村コード": 201, "所在地": "岩手県盛岡市中ノ橋通１－４－２０水晶堂ビル５階", "緯度": 39.700182, "経度": 141.155941, "url": "https://www.iryou.teikyouseido.mhlw.go.jp/znk-web/juminkanja/S2430/initialize?prefCd=03&kikanCd=3200004&kikanKbn=2", "url2": "http://yell-clinic-morioka.com", "内容": "エールクリニック盛岡【2:診療所】【診療科目:内分泌内科_漢方内科_外科_乳腺外科_美容皮膚科】岩手県盛岡市中ノ橋通１－４－２０水晶堂ビル５階" }, "geometry": { "type": "Point", "coordinates": [ 141.155941, 39.700182 ] } },
{ "type": "Feature", "properties": { "ID": 323200005, "正式名称": "つしだ糖尿病内科・眼科クリニック", "機関区分": 2, "都道府県コード": 3, "市区町村コード": 201, "所在地": "岩手県盛岡市津志田１５地割５０番地１", "緯度": 39.655122, "経度": 141.162935, "url": "https://www.iryou.teikyouseido.mhlw.go.jp/znk-web/juminkanja/S2430/initialize?prefCd=03&kikanCd=3200005&kikanKbn=2", "url2": null, "内容": "つしだ糖尿病内科・眼科クリニック【2:診療所】【診療科目:内科_糖尿病内科_眼科】岩手県盛岡市津志田１５地割５０番地１" }, "geometry": { "type": "Point", "coordinates": [ 141.162935, 39.655122 ] } },
{ "type": "Feature", "properties": { "ID": 323200006, "正式名称": "盛岡おおうら脳神経内科クリニック", "機関区分": 2, "都道府県コード": 3, "市区町村コード": 201, "所在地": "岩手県盛岡市青山三丁目２７－５", "緯度": 39.727868, "経度": 141.113326, "url": "https://www.iryou.teikyouseido.mhlw.go.jp/znk-web/juminkanja/S2430/initialize?prefCd=03&kikanCd=3200006&kikanKbn=2", "url2": "https://www.oura-clinic.com/", "内容": "盛岡おおうら脳神経内科クリニック【2:診療所】【診療科目:内科_脳神経内科】岩手県盛岡市青山三丁目２７－５" }, "geometry": { "type": "Point", "coordinates": [ 141.113326, 39.727868 ] } },
{ "type": "Feature", "properties": { "ID": 323200007, "正式名称": "くぼ脳神経外科・頭痛クリニック", "機関区分": 2, "都道府県コード": 3, "市区町村コード": 201, "所在地": "岩手県盛岡市津志田１６－１７－２", "緯度": 39.657259, "経度": 141.159638, "url": "https://www.iryou.teikyouseido.mhlw.go.jp/znk-web/juminkanja/S2430/initialize?prefCd=03&kikanCd=3200007&kikanKbn=2", "url2": "https://www.kubons-clinic.jp/", "内容": "くぼ脳神経外科・頭痛クリニック【2:診療所】【診療科目:脳神経外科_整形外科_リハビリテーション科】岩手県盛岡市津志田１６－１７－２" }, "geometry": { "type": "Point", "coordinates": [ 141.159638, 39.657259 ] } },
{ "type": "Feature", "properties": { "ID": 323200008, "正式名称": "茶畑内科消化器内科クリニック", "機関区分": 2, "都道府県コード": 3, "市区町村コード": 201, "所在地": "岩手県盛岡市茶畑１−８ー２", "緯度": 39.695395, "経度": 141.166671, "url": "https://www.iryou.teikyouseido.mhlw.go.jp/znk-web/juminkanja/S2430/initialize?prefCd=03&kikanCd=3200008&kikanKbn=2", "url2": "https://chabatake-clinic.jp", "内容": "茶畑内科消化器内科クリニック【2:診療所】【診療科目:内科_消化器内科】岩手県盛岡市茶畑１−８ー２" }, "geometry": { "type": "Point", "coordinates": [ 141.166671, 39.695395 ] } },
{ "type": "Feature", "properties": { "ID": 323200009, "正式名称": "盛岡南皮膚科クリニック", "機関区分": 2, "都道府県コード": 3, "市区町村コード": 201, "所在地": "岩手県盛岡市津志田１５地割５０番地１", "緯度": 39.655104, "経度": 141.163149, "url": "https://www.iryou.teikyouseido.mhlw.go.jp/znk-web/juminkanja/S2430/initialize?prefCd=03&kikanCd=3200009&kikanKbn=2", "url2": "mmdcl.com", "内容": "盛岡南皮膚科クリニック【2:診療所】【診療科目:皮膚科_美容皮膚科】岩手県盛岡市津志田１５地割５０番地１" }, "geometry": { "type": "Point", "coordinates": [ 141.163149, 39.655104 ] } },
{ "type": "Feature", "properties": { "ID": 323200013, "正式名称": "こずかた南眼科", "機関区分": 2, "都道府県コード": 3, "市区町村コード": 201, "所在地": "岩手県盛岡市津志田町２丁目３番６４号", "緯度": 39.66646, "経度": 141.155922, "url": "https://www.iryou.teikyouseido.mhlw.go.jp/znk-web/juminkanja/S2430/initialize?prefCd=03&kikanCd=3200013&kikanKbn=2", "url2": "https://kozukataminamiganka.com/", "内容": "こずかた南眼科【2:診療所】【診療科目:眼科】岩手県盛岡市津志田町２丁目３番６４号" }, "geometry": { "type": "Point", "coordinates": [ 141.155922, 39.66646 ] } },
{ "type": "Feature", "properties": { "ID": 323200017, "正式名称": "向中野あらかわ皮フ科", "機関区分": 2, "都道府県コード": 3, "市区町村コード": 201, "所在地": "岩手県盛岡市向中野五丁目２９番１号", "緯度": 39.677463, "経度": 141.139337, "url": "https://www.iryou.teikyouseido.mhlw.go.jp/znk-web/juminkanja/S2430/initialize?prefCd=03&kikanCd=3200017&kikanKbn=2", "url2": null, "内容": "向中野あらかわ皮フ科【2:診療所】【診療科目:小児皮膚科_皮膚科_美容皮膚科】岩手県盛岡市向中野五丁目２９番１号" }, "geometry": { "type": "Point", "coordinates": [ 141.139337, 39.677463 ] } },
{ "type": "Feature", "properties": { "ID": 32320004, "正式名称": "花巻まつぞの内科循環器内科クリニック", "機関区分": 2, "都道府県コード": 3, "市区町村コード": 205, "所在地": "岩手県花巻市松園町１丁目１２－４８", "緯度": 39.408225, "経度": 141.104741, "url": "https://www.iryou.teikyouseido.mhlw.go.jp/znk-web/juminkanja/S2430/initialize?prefCd=03&kikanCd=320004&kikanKbn=2", "url2": "http://matsuzono-clinic.com", "内容": "花巻まつぞの内科循環器内科クリニック【2:診療所】【診療科目:内科_循環器内科】岩手県花巻市松園町１丁目１２－４８" }, "geometry": { "type": "Point", "coordinates": [ 141.104741, 39.408225 ] } },
{ "type": "Feature", "properties": { "ID": 323200248, "正式名称": "横川産婦人科医院", "機関区分": 2, "都道府県コード": 3, "市区町村コード": 321, "所在地": "岩手県紫波郡紫波町北日詰字東ノ坊２８ー３", "緯度": 39.54213, "経度": 141.16357, "url": "https://www.iryou.teikyouseido.mhlw.go.jp/znk-web/juminkanja/S2430/initialize?prefCd=03&kikanCd=3200248&kikanKbn=2", "url2": null, "内容": "横川産婦人科医院【2:診療所】【診療科目:産婦人科】岩手県紫波郡紫波町北日詰字東ノ坊２８ー３" }, "geometry": { "type": "Point", "coordinates": [ 141.16357, 39.54213 ] } },
{ "type": "Feature", "properties": { "ID": 323201387, "正式名称": "くじ整形外科・内科クリニック", "機関区分": 2, "都道府県コード": 3, "市区町村コード": 207, "所在地": "岩手県久慈市二十八日町１丁目４番地", "緯度": 40.190599, "経度": 141.76799, "url": "https://www.iryou.teikyouseido.mhlw.go.jp/znk-web/juminkanja/S2430/initialize?prefCd=03&kikanCd=3201387&kikanKbn=2", "url2": null, "内容": "くじ整形外科・内科クリニック【2:診療所】【診療科目:内科_糖尿病内科_整形外科_リハビリテーション科】岩手県久慈市二十八日町１丁目４番地" }, "geometry": { "type": "Point", "coordinates": [ 141.76799, 40.190599 ] } },
{ "type": "Feature", "properties": { "ID": 323201398, "正式名称": "巣子こどもクリニック", "機関区分": 2, "都道府県コード": 3, "市区町村コード": 216, "所在地": "岩手県滝沢市狼久保６８８番地１", "緯度": 39.78263, "経度": 141.137892, "url": "https://www.iryou.teikyouseido.mhlw.go.jp/znk-web/juminkanja/S2430/initialize?prefCd=03&kikanCd=3201398&kikanKbn=2", "url2": "https://www.yamaguchi-kodomo-clinic.com/sugokodomoclinic", "内容": "巣子こどもクリニック【2:診療所】【診療科目:小児科】岩手県滝沢市狼久保６８８番地１" }, "geometry": { "type": "Point", "coordinates": [ 141.137892, 39.78263 ] } },
{ "type": "Feature", "properties": { "ID": 323210002, "正式名称": "和や家在宅クリニック岩手町", "機関区分": 2, "都道府県コード": 3, "市区町村コード": 303, "所在地": "岩手県岩手郡岩手町沼宮内第１８地割８５番地２", "緯度": 39.9995781, "経度": 141.2373888, "url": "https://www.iryou.teikyouseido.mhlw.go.jp/znk-web/juminkanja/S2430/initialize?prefCd=03&kikanCd=3210002&kikanKbn=2", "url2": null, "内容": "和や家在宅クリニック岩手町【2:診療所】【診療科目:内科_外科】岩手県岩手郡岩手町沼宮内第１８地割８５番地２" }, "geometry": { "type": "Point", "coordinates": [ 141.2373888, 39.9995781 ] } },
{ "type": "Feature", "properties": { "ID": 323220002, "正式名称": "さいとう内科・循環器内科　はるかぜ医院", "機関区分": 2, "都道府県コード": 3, "市区町村コード": 206, "所在地": "岩手県北上市北鬼柳１８地割１８番１", "緯度": 39.293652, "経度": 141.102146, "url": "https://www.iryou.teikyouseido.mhlw.go.jp/znk-web/juminkanja/S2430/initialize?prefCd=03&kikanCd=3220002&kikanKbn=2", "url2": "https://www.kitakami-harukaze-clinic.com", "内容": "さいとう内科・循環器内科　はるかぜ医院【2:診療所】【診療科目:内科_循環器内科】岩手県北上市北鬼柳１８地割１８番１" }, "geometry": { "type": "Point", "coordinates": [ 141.102146, 39.293652 ] } },
{ "type": "Feature", "properties": { "ID": 323220003, "正式名称": "おか乳腺クリニック", "機関区分": 2, "都道府県コード": 3, "市区町村コード": 206, "所在地": "岩手県北上市さくら通り１丁目５－１１", "緯度": 39.2964474, "経度": 141.1154729, "url": "https://www.iryou.teikyouseido.mhlw.go.jp/znk-web/juminkanja/S2430/initialize?prefCd=03&kikanCd=3220003&kikanKbn=2", "url2": null, "内容": "おか乳腺クリニック【2:診療所】【診療科目:内科_乳腺外科】岩手県北上市さくら通り１丁目５－１１" }, "geometry": { "type": "Point", "coordinates": [ 141.115472899999986, 39.2964474 ] } },
{ "type": "Feature", "properties": { "ID": 323220005, "正式名称": "医療法人愛恵会北上駅前眼科クリニック", "機関区分": 2, "都道府県コード": 3, "市区町村コード": 206, "所在地": "岩手県北上市大通り１丁目３－１おでんせプラザぐろーぶ１階", "緯度": 39.2821745, "経度": 141.1202144, "url": "https://www.iryou.teikyouseido.mhlw.go.jp/znk-web/juminkanja/S2430/initialize?prefCd=03&kikanCd=3220005&kikanKbn=2", "url2": null, "内容": "医療法人愛恵会北上駅前眼科クリニック【2:診療所】【診療科目:眼科】岩手県北上市大通り１丁目３－１おでんせプラザぐろーぶ１階" }, "geometry": { "type": "Point", "coordinates": [ 141.1202144, 39.2821745 ] } },
{ "type": "Feature", "properties": { "ID": 323220006, "正式名称": "北上こども医院", "機関区分": 2, "都道府県コード": 3, "市区町村コード": 206, "所在地": "岩手県北上市村崎野１５地割３５４－２", "緯度": 39.323595, "経度": 141.1033139, "url": "https://www.iryou.teikyouseido.mhlw.go.jp/znk-web/juminkanja/S2430/initialize?prefCd=03&kikanCd=3220006&kikanKbn=2", "url2": "https://kitakami-kodomo.com/", "内容": "北上こども医院【2:診療所】【診療科目:小児科】岩手県北上市村崎野１５地割３５４－２" }, "geometry": { "type": "Point", "coordinates": [ 141.103313899999989, 39.323595 ] } },
{ "type": "Feature", "properties": { "ID": 323240001, "正式名称": "谷藤内科医院", "機関区分": 2, "都道府県コード": 3, "市区町村コード": 209, "所在地": "岩手県一関市千厩町千厩字町２０番地", "緯度": 38.919693, "経度": 141.334255, "url": "https://www.iryou.teikyouseido.mhlw.go.jp/znk-web/juminkanja/S2430/initialize?prefCd=03&kikanCd=3240001&kikanKbn=2", "url2": "https://www.tanifujinaika.jp/", "内容": "谷藤内科医院【2:診療所】【診療科目:内科_小児科】岩手県一関市千厩町千厩字町２０番地" }, "geometry": { "type": "Point", "coordinates": [ 141.334255, 38.919693 ] } },
{ "type": "Feature", "properties": { "ID": 323240002, "正式名称": "たんぽぽクリニック", "機関区分": 2, "都道府県コード": 3, "市区町村コード": 209, "所在地": "岩手県一関市千厩町千厩字東小田９０番地　千厩ショッピングモールエスピア", "緯度": 38.907013, "経度": 141.326752, "url": "https://www.iryou.teikyouseido.mhlw.go.jp/znk-web/juminkanja/S2430/initialize?prefCd=03&kikanCd=3240002&kikanKbn=2", "url2": null, "内容": "たんぽぽクリニック【2:診療所】【診療科目:内科_循環器内科_皮膚科_アレルギー科】岩手県一関市千厩町千厩字東小田９０番地　千厩ショッピングモールエスピア" }, "geometry": { "type": "Point", "coordinates": [ 141.326752, 38.907013 ] } },
{ "type": "Feature", "properties": { "ID": 323240003, "正式名称": "町浦診療所", "機関区分": 2, "都道府県コード": 3, "市区町村コード": 209, "所在地": "岩手県一関市千厩町千厩字町浦１８５番地", "緯度": 38.917369, "経度": 141.333387, "url": "https://www.iryou.teikyouseido.mhlw.go.jp/znk-web/juminkanja/S2430/initialize?prefCd=03&kikanCd=3240003&kikanKbn=2", "url2": "https://www.machiura-sinnryousyo.jp/", "内容": "町浦診療所【2:診療所】【診療科目:内科】岩手県一関市千厩町千厩字町浦１８５番地" }, "geometry": { "type": "Point", "coordinates": [ 141.333387, 38.917369 ] } },
{ "type": "Feature", "properties": { "ID": 323280001, "正式名称": "特別養護老人ホーム杜の華", "機関区分": 2, "都道府県コード": 3, "市区町村コード": 507, "所在地": "岩手県九戸郡洋野町種市第１９地割１７１番地２", "緯度": 40.3892602, "経度": 141.7036651, "url": "https://www.iryou.teikyouseido.mhlw.go.jp/znk-web/juminkanja/S2430/initialize?prefCd=03&kikanCd=3280001&kikanKbn=2", "url2": null, "内容": "特別養護老人ホーム杜の華【2:診療所】【診療科目:内科】岩手県九戸郡洋野町種市第１９地割１７１番地２" }, "geometry": { "type": "Point", "coordinates": [ 141.7036651, 40.3892602 ] } },
{ "type": "Feature", "properties": { "ID": 323290001, "正式名称": "にのへ駅前脳神経外科クリニック", "機関区分": 2, "都道府県コード": 3, "市区町村コード": 213, "所在地": "岩手県二戸市石切所字枋ノ木１７番地１", "緯度": 40.259148, "経度": 141.288311, "url": "https://www.iryou.teikyouseido.mhlw.go.jp/znk-web/juminkanja/S2430/initialize?prefCd=03&kikanCd=3290001&kikanKbn=2", "url2": "https://ninohe-nsg.com", "内容": "にのへ駅前脳神経外科クリニック【2:診療所】【診療科目:脳神経外科】岩手県二戸市石切所字枋ノ木１７番地１" }, "geometry": { "type": "Point", "coordinates": [ 141.288311, 40.259148 ] } }
]
}
