{
  "type": "FeatureCollection",
  "features": [
    {
      "type": "Feature",
      "geometry": {
        "type": "Point",
        "coordinates": [
          141.1366786,
          39.7021603
        ]
      },
      "properties": {
        "内容": "バス停: 盛岡駅東口バスターミナル",
        "name": "盛岡駅東口バスターミナル",
        "operator": "事業者不明",
        "ref": "",
        "url": "",
        "url2": ""
      }
    },
    {
      "type": "Feature",
      "geometry": {
        "type": "Point",
        "coordinates": [
          141.1544746,
          39.7492205
        ]
      },
      "properties": {
        "内容": "バス停: 松園バスターミナル",
        "name": "松園バスターミナル",
        "operator": "事業者不明",
        "ref": "",
        "url": "",
        "url2": ""
      }
    },
    {
      "type": "Feature",
      "geometry": {
        "type": "Point",
        "coordinates": [
          141.1410059,
          39.7128284
        ]
      },
      "properties": {
        "内容": "バス停: 一高前",
        "name": "一高前",
        "operator": "事業者不明",
        "ref": "",
        "url": "",
        "url2": ""
      }
    },
    {
      "type": "Feature",
      "geometry": {
        "type": "Point",
        "coordinates": [
          141.1385275,
          39.7168286
        ]
      },
      "properties": {
        "内容": "バス停: 岩手大学前",
        "name": "岩手大学前",
        "operator": "事業者不明",
        "ref": "",
        "url": "",
        "url2": ""
      }
    },
    {
      "type": "Feature",
      "geometry": {
        "type": "Point",
        "coordinates": [
          141.134465,
          39.7018727
        ]
      },
      "properties": {
        "内容": "バス停: 盛岡駅西口バスターミナル",
        "name": "盛岡駅西口バスターミナル",
        "operator": "事業者不明",
        "ref": "",
        "url": "",
        "url2": ""
      }
    },
    {
      "type": "Feature",
      "geometry": {
        "type": "Point",
        "coordinates": [
          141.1350009,
          39.6786852
        ]
      },
      "properties": {
        "内容": "バス停: 才川",
        "name": "才川",
        "operator": "事業者不明",
        "ref": "",
        "url": "",
        "url2": ""
      }
    },
    {
      "type": "Feature",
      "geometry": {
        "type": "Point",
        "coordinates": [
          141.1355563,
          39.6786558
        ]
      },
      "properties": {
        "内容": "バス停: 才川",
        "name": "才川",
        "operator": "事業者不明",
        "ref": "",
        "url": "",
        "url2": ""
      }
    },
    {
      "type": "Feature",
      "geometry": {
        "type": "Point",
        "coordinates": [
          141.1370578,
          38.926157
        ]
      },
      "properties": {
        "内容": "バス停: 名称不明バス停",
        "name": "名称不明バス停",
        "operator": "事業者不明",
        "ref": "",
        "url": "",
        "url2": ""
      }
    },
    {
      "type": "Feature",
      "geometry": {
        "type": "Point",
        "coordinates": [
          140.9755098,
          39.6893791
        ]
      },
      "properties": {
        "内容": "バス停: 雫石駅前",
        "name": "雫石駅前",
        "operator": "事業者不明",
        "ref": "",
        "url": "",
        "url2": ""
      }
    },
    {
      "type": "Feature",
      "geometry": {
        "type": "Point",
        "coordinates": [
          141.9467744,
          39.6404693
        ]
      },
      "properties": {
        "内容": "バス停: 宮古駅前",
        "name": "宮古駅前",
        "operator": "事業者不明",
        "ref": "",
        "url": "",
        "url2": ""
      }
    },
    {
      "type": "Feature",
      "geometry": {
        "type": "Point",
        "coordinates": [
          141.1169114,
          38.9882688
        ]
      },
      "properties": {
        "内容": "バス停: 平泉駅前",
        "name": "平泉駅前",
        "operator": "事業者不明",
        "ref": "",
        "url": "",
        "url2": ""
      }
    },
    {
      "type": "Feature",
      "geometry": {
        "type": "Point",
        "coordinates": [
          141.0170741,
          39.7504029
        ]
      },
      "properties": {
        "内容": "バス停: 名称不明バス停",
        "name": "名称不明バス停",
        "operator": "事業者不明",
        "ref": "",
        "url": "",
        "url2": ""
      }
    },
    {
      "type": "Feature",
      "geometry": {
        "type": "Point",
        "coordinates": [
          141.937701,
          39.6408045
        ]
      },
      "properties": {
        "内容": "バス停: 岩手県北バス宮古営業所",
        "name": "岩手県北バス宮古営業所",
        "operator": "事業者不明",
        "ref": "",
        "url": "",
        "url2": ""
      }
    },
    {
      "type": "Feature",
      "geometry": {
        "type": "Point",
        "coordinates": [
          141.872516,
          39.272556
        ]
      },
      "properties": {
        "内容": "バス停: 釜石駅前",
        "name": "釜石駅前",
        "operator": "事業者不明",
        "ref": "",
        "url": "",
        "url2": ""
      }
    },
    {
      "type": "Feature",
      "geometry": {
        "type": "Point",
        "coordinates": [
          141.871132,
          39.272668
        ]
      },
      "properties": {
        "内容": "バス停: 釜石駅前 (けせんライナー)",
        "name": "釜石駅前",
        "operator": "けせんライナー",
        "ref": "",
        "url": "",
        "url2": ""
      }
    },
    {
      "type": "Feature",
      "geometry": {
        "type": "Point",
        "coordinates": [
          141.5879632,
          39.0257015
        ]
      },
      "properties": {
        "内容": "バス停: 元屋敷",
        "name": "元屋敷",
        "operator": "事業者不明",
        "ref": "",
        "url": "",
        "url2": ""
      }
    },
    {
      "type": "Feature",
      "geometry": {
        "type": "Point",
        "coordinates": [
          141.879831,
          39.27318
        ]
      },
      "properties": {
        "内容": "バス停: 大町 (岩手県交通)",
        "name": "大町",
        "operator": "岩手県交通",
        "ref": "",
        "url": "",
        "url2": ""
      }
    },
    {
      "type": "Feature",
      "geometry": {
        "type": "Point",
        "coordinates": [
          141.8809437,
          39.2737896
        ]
      },
      "properties": {
        "内容": "バス停: 岩手銀行前 (岩手県交通)",
        "name": "岩手銀行前",
        "operator": "岩手県交通",
        "ref": "",
        "url": "",
        "url2": ""
      }
    },
    {
      "type": "Feature",
      "geometry": {
        "type": "Point",
        "coordinates": [
          141.1207751,
          39.2817634
        ]
      },
      "properties": {
        "内容": "バス停: 北上駅前",
        "name": "北上駅前",
        "operator": "事業者不明",
        "ref": "降車専用",
        "url": "",
        "url2": ""
      }
    },
    {
      "type": "Feature",
      "geometry": {
        "type": "Point",
        "coordinates": [
          141.1207637,
          39.2818735
        ]
      },
      "properties": {
        "内容": "バス停: 北上駅前",
        "name": "北上駅前",
        "operator": "事業者不明",
        "ref": "1a",
        "url": "",
        "url2": ""
      }
    },
    {
      "type": "Feature",
      "geometry": {
        "type": "Point",
        "coordinates": [
          141.1208417,
          39.2820374
        ]
      },
      "properties": {
        "内容": "バス停: 北上駅前",
        "name": "北上駅前",
        "operator": "事業者不明",
        "ref": "1b",
        "url": "",
        "url2": ""
      }
    },
    {
      "type": "Feature",
      "geometry": {
        "type": "Point",
        "coordinates": [
          141.1208164,
          39.2818514
        ]
      },
      "properties": {
        "内容": "バス停: 北上駅前",
        "name": "北上駅前",
        "operator": "事業者不明",
        "ref": "1c",
        "url": "",
        "url2": ""
      }
    },
    {
      "type": "Feature",
      "geometry": {
        "type": "Point",
        "coordinates": [
          141.120884,
          39.2819795
        ]
      },
      "properties": {
        "内容": "バス停: 北上駅前",
        "name": "北上駅前",
        "operator": "事業者不明",
        "ref": "1d",
        "url": "",
        "url2": ""
      }
    },
    {
      "type": "Feature",
      "geometry": {
        "type": "Point",
        "coordinates": [
          141.6257267,
          39.0269151
        ]
      },
      "properties": {
        "内容": "バス停: 陸前高田市役所前 (けせんライナー)",
        "name": "陸前高田市役所前",
        "operator": "けせんライナー",
        "ref": "",
        "url": "",
        "url2": ""
      }
    },
    {
      "type": "Feature",
      "geometry": {
        "type": "Point",
        "coordinates": [
          141.6140181,
          39.0331298
        ]
      },
      "properties": {
        "内容": "バス停: 仲の沢",
        "name": "仲の沢",
        "operator": "事業者不明",
        "ref": "",
        "url": "",
        "url2": ""
      }
    },
    {
      "type": "Feature",
      "geometry": {
        "type": "Point",
        "coordinates": [
          141.1338056,
          38.9233991
        ]
      },
      "properties": {
        "内容": "バス停: 新大町 (岩手県交通)",
        "name": "新大町",
        "operator": "岩手県交通",
        "ref": "",
        "url": "",
        "url2": ""
      }
    },
    {
      "type": "Feature",
      "geometry": {
        "type": "Point",
        "coordinates": [
          141.1417741,
          38.9161696
        ]
      },
      "properties": {
        "内容": "バス停: 七沢",
        "name": "七沢",
        "operator": "事業者不明",
        "ref": "",
        "url": "",
        "url2": ""
      }
    },
    {
      "type": "Feature",
      "geometry": {
        "type": "Point",
        "coordinates": [
          141.1818096,
          38.9015927
        ]
      },
      "properties": {
        "内容": "バス停: 九鬼",
        "name": "九鬼",
        "operator": "事業者不明",
        "ref": "",
        "url": "",
        "url2": ""
      }
    },
    {
      "type": "Feature",
      "geometry": {
        "type": "Point",
        "coordinates": [
          141.214887,
          38.901487
        ]
      },
      "properties": {
        "内容": "バス停: 鎌ノ沢",
        "name": "鎌ノ沢",
        "operator": "事業者不明",
        "ref": "",
        "url": "",
        "url2": ""
      }
    },
    {
      "type": "Feature",
      "geometry": {
        "type": "Point",
        "coordinates": [
          141.232132,
          38.894838
        ]
      },
      "properties": {
        "内容": "バス停: 蕎麦沢入口",
        "name": "蕎麦沢入口",
        "operator": "事業者不明",
        "ref": "",
        "url": "",
        "url2": ""
      }
    },
    {
      "type": "Feature",
      "geometry": {
        "type": "Point",
        "coordinates": [
          141.6190644,
          38.9861705
        ]
      },
      "properties": {
        "内容": "バス停: 上双六",
        "name": "上双六",
        "operator": "事業者不明",
        "ref": "",
        "url": "",
        "url2": ""
      }
    },
    {
      "type": "Feature",
      "geometry": {
        "type": "Point",
        "coordinates": [
          141.7162485,
          39.069312
        ]
      },
      "properties": {
        "内容": "バス停: 赤沢新田",
        "name": "赤沢新田",
        "operator": "事業者不明",
        "ref": "",
        "url": "",
        "url2": ""
      }
    },
    {
      "type": "Feature",
      "geometry": {
        "type": "Point",
        "coordinates": [
          141.708704,
          39.082673
        ]
      },
      "properties": {
        "内容": "バス停: 大船渡市役所前",
        "name": "大船渡市役所前",
        "operator": "事業者不明",
        "ref": "",
        "url": "",
        "url2": ""
      }
    },
    {
      "type": "Feature",
      "geometry": {
        "type": "Point",
        "coordinates": [
          141.8767926,
          39.2727682
        ]
      },
      "properties": {
        "内容": "バス停: 大渡",
        "name": "大渡",
        "operator": "事業者不明",
        "ref": "",
        "url": "",
        "url2": ""
      }
    },
    {
      "type": "Feature",
      "geometry": {
        "type": "Point",
        "coordinates": [
          141.8849729,
          39.2743427
        ]
      },
      "properties": {
        "内容": "バス停: 釜石市役所前 (岩手県交通)",
        "name": "釜石市役所前",
        "operator": "岩手県交通",
        "ref": "",
        "url": "",
        "url2": ""
      }
    },
    {
      "type": "Feature",
      "geometry": {
        "type": "Point",
        "coordinates": [
          141.884856,
          39.27421
        ]
      },
      "properties": {
        "内容": "バス停: 釜石市役所前 (岩手県交通)",
        "name": "釜石市役所前",
        "operator": "岩手県交通",
        "ref": "",
        "url": "",
        "url2": ""
      }
    },
    {
      "type": "Feature",
      "geometry": {
        "type": "Point",
        "coordinates": [
          141.9471063,
          39.6407338
        ]
      },
      "properties": {
        "内容": "バス停: 宮古駅前 (MEX)",
        "name": "宮古駅前",
        "operator": "MEX",
        "ref": "",
        "url": "",
        "url2": ""
      }
    },
    {
      "type": "Feature",
      "geometry": {
        "type": "Point",
        "coordinates": [
          141.9469985,
          39.6404073
        ]
      },
      "properties": {
        "内容": "バス停: 宮古駅前",
        "name": "宮古駅前",
        "operator": "事業者不明",
        "ref": "",
        "url": "",
        "url2": ""
      }
    },
    {
      "type": "Feature",
      "geometry": {
        "type": "Point",
        "coordinates": [
          141.9468748,
          39.640557
        ]
      },
      "properties": {
        "内容": "バス停: 宮古駅前",
        "name": "宮古駅前",
        "operator": "事業者不明",
        "ref": "",
        "url": "",
        "url2": ""
      }
    },
    {
      "type": "Feature",
      "geometry": {
        "type": "Point",
        "coordinates": [
          141.9616216,
          39.6181983
        ]
      },
      "properties": {
        "内容": "バス停: 商業校舎前 (岩手県北バス)",
        "name": "商業校舎前",
        "operator": "岩手県北バス",
        "ref": "",
        "url": "",
        "url2": ""
      }
    },
    {
      "type": "Feature",
      "geometry": {
        "type": "Point",
        "coordinates": [
          141.9624259,
          39.6213822
        ]
      },
      "properties": {
        "内容": "バス停: 名称不明バス停",
        "name": "名称不明バス停",
        "operator": "事業者不明",
        "ref": "",
        "url": "",
        "url2": ""
      }
    },
    {
      "type": "Feature",
      "geometry": {
        "type": "Point",
        "coordinates": [
          141.9371265,
          39.5798233
        ]
      },
      "properties": {
        "内容": "バス停: 名称不明バス停",
        "name": "名称不明バス停",
        "operator": "事業者不明",
        "ref": "",
        "url": "",
        "url2": ""
      }
    },
    {
      "type": "Feature",
      "geometry": {
        "type": "Point",
        "coordinates": [
          141.9567775,
          39.456898
        ]
      },
      "properties": {
        "内容": "バス停: 細浦",
        "name": "細浦",
        "operator": "事業者不明",
        "ref": "",
        "url": "",
        "url2": ""
      }
    },
    {
      "type": "Feature",
      "geometry": {
        "type": "Point",
        "coordinates": [
          141.9611524,
          39.4529315
        ]
      },
      "properties": {
        "内容": "バス停: 名称不明バス停",
        "name": "名称不明バス停",
        "operator": "事業者不明",
        "ref": "",
        "url": "",
        "url2": ""
      }
    },
    {
      "type": "Feature",
      "geometry": {
        "type": "Point",
        "coordinates": [
          141.9730495,
          39.4382565
        ]
      },
      "properties": {
        "内容": "バス停: 長林 (岩手県北バス)",
        "name": "長林",
        "operator": "岩手県北バス",
        "ref": "",
        "url": "",
        "url2": ""
      }
    },
    {
      "type": "Feature",
      "geometry": {
        "type": "Point",
        "coordinates": [
          141.9732366,
          39.4310303
        ]
      },
      "properties": {
        "内容": "バス停: 船越駅前 (岩手県北バス)",
        "name": "船越駅前",
        "operator": "岩手県北バス",
        "ref": "",
        "url": "",
        "url2": ""
      }
    },
    {
      "type": "Feature",
      "geometry": {
        "type": "Point",
        "coordinates": [
          141.9734418,
          39.4371015
        ]
      },
      "properties": {
        "内容": "バス停: 道の駅ふなこし (岩手県北バス)",
        "name": "道の駅ふなこし",
        "operator": "岩手県北バス",
        "ref": "",
        "url": "",
        "url2": ""
      }
    },
    {
      "type": "Feature",
      "geometry": {
        "type": "Point",
        "coordinates": [
          141.9389495,
          39.3802861
        ]
      },
      "properties": {
        "内容": "バス停: 浪板海岸",
        "name": "浪板海岸",
        "operator": "事業者不明",
        "ref": "",
        "url": "",
        "url2": ""
      }
    },
    {
      "type": "Feature",
      "geometry": {
        "type": "Point",
        "coordinates": [
          141.9432742,
          39.3714826
        ]
      },
      "properties": {
        "内容": "バス停: 吉里吉里",
        "name": "吉里吉里",
        "operator": "事業者不明",
        "ref": "",
        "url": "",
        "url2": ""
      }
    },
    {
      "type": "Feature",
      "geometry": {
        "type": "Point",
        "coordinates": [
          141.9364854,
          39.3667884
        ]
      },
      "properties": {
        "内容": "バス停: 吉里吉里一丁目",
        "name": "吉里吉里一丁目",
        "operator": "事業者不明",
        "ref": "",
        "url": "",
        "url2": ""
      }
    },
    {
      "type": "Feature",
      "geometry": {
        "type": "Point",
        "coordinates": [
          141.8936595,
          39.3543029
        ]
      },
      "properties": {
        "内容": "バス停: マスト前",
        "name": "マスト前",
        "operator": "事業者不明",
        "ref": "",
        "url": "",
        "url2": ""
      }
    },
    {
      "type": "Feature",
      "geometry": {
        "type": "Point",
        "coordinates": [
          141.1825645,
          39.4072236
        ]
      },
      "properties": {
        "内容": "バス停: 名称不明バス停",
        "name": "名称不明バス停",
        "operator": "事業者不明",
        "ref": "",
        "url": "",
        "url2": ""
      }
    },
    {
      "type": "Feature",
      "geometry": {
        "type": "Point",
        "coordinates": [
          141.1368842,
          38.9259126
        ]
      },
      "properties": {
        "内容": "バス停: バスセンター",
        "name": "バスセンター",
        "operator": "事業者不明",
        "ref": "",
        "url": "",
        "url2": ""
      }
    },
    {
      "type": "Feature",
      "geometry": {
        "type": "Point",
        "coordinates": [
          141.1373023,
          38.9259974
        ]
      },
      "properties": {
        "内容": "バス停: 仙台行",
        "name": "仙台行",
        "operator": "事業者不明",
        "ref": "1",
        "url": "",
        "url2": ""
      }
    },
    {
      "type": "Feature",
      "geometry": {
        "type": "Point",
        "coordinates": [
          141.9467681,
          39.6406416
        ]
      },
      "properties": {
        "内容": "バス停: 宮古駅前",
        "name": "宮古駅前",
        "operator": "事業者不明",
        "ref": "",
        "url": "",
        "url2": ""
      }
    },
    {
      "type": "Feature",
      "geometry": {
        "type": "Point",
        "coordinates": [
          141.947293,
          39.6403329
        ]
      },
      "properties": {
        "内容": "バス停: 宮古駅前",
        "name": "宮古駅前",
        "operator": "事業者不明",
        "ref": "",
        "url": "",
        "url2": ""
      }
    },
    {
      "type": "Feature",
      "geometry": {
        "type": "Point",
        "coordinates": [
          141.9470371,
          39.6407883
        ]
      },
      "properties": {
        "内容": "バス停: 宮古駅前",
        "name": "宮古駅前",
        "operator": "事業者不明",
        "ref": "",
        "url": "",
        "url2": ""
      }
    },
    {
      "type": "Feature",
      "geometry": {
        "type": "Point",
        "coordinates": [
          141.9471857,
          39.6406419
        ]
      },
      "properties": {
        "内容": "バス停: 宮古駅前",
        "name": "宮古駅前",
        "operator": "事業者不明",
        "ref": "",
        "url": "",
        "url2": ""
      }
    },
    {
      "type": "Feature",
      "geometry": {
        "type": "Point",
        "coordinates": [
          141.9469692,
          39.6404924
        ]
      },
      "properties": {
        "内容": "バス停: 宮古駅前",
        "name": "宮古駅前",
        "operator": "事業者不明",
        "ref": "",
        "url": "",
        "url2": ""
      }
    },
    {
      "type": "Feature",
      "geometry": {
        "type": "Point",
        "coordinates": [
          141.6273076,
          39.0076553
        ]
      },
      "properties": {
        "内容": "バス停: 奇跡の一本松 (大船渡線BRT)",
        "name": "奇跡の一本松",
        "operator": "大船渡線BRT",
        "ref": "",
        "url": "",
        "url2": ""
      }
    },
    {
      "type": "Feature",
      "geometry": {
        "type": "Point",
        "coordinates": [
          141.61922,
          38.986118
        ]
      },
      "properties": {
        "内容": "バス停: 長部 (JR東日本)",
        "name": "長部",
        "operator": "JR東日本",
        "ref": "",
        "url": "",
        "url2": "Q11654092"
      }
    },
    {
      "type": "Feature",
      "geometry": {
        "type": "Point",
        "coordinates": [
          141.6732307,
          39.0111569
        ]
      },
      "properties": {
        "内容": "バス停: 脇ノ沢",
        "name": "脇ノ沢",
        "operator": "事業者不明",
        "ref": "",
        "url": "",
        "url2": "Q7961190"
      }
    },
    {
      "type": "Feature",
      "geometry": {
        "type": "Point",
        "coordinates": [
          141.6623446,
          39.0189168
        ]
      },
      "properties": {
        "内容": "バス停: 高田病院",
        "name": "高田病院",
        "operator": "事業者不明",
        "ref": "",
        "url": "",
        "url2": ""
      }
    },
    {
      "type": "Feature",
      "geometry": {
        "type": "Point",
        "coordinates": [
          141.6624814,
          39.0190981
        ]
      },
      "properties": {
        "内容": "バス停: 高田病院",
        "name": "高田病院",
        "operator": "事業者不明",
        "ref": "",
        "url": "",
        "url2": ""
      }
    },
    {
      "type": "Feature",
      "geometry": {
        "type": "Point",
        "coordinates": [
          141.672929,
          39.0114673
        ]
      },
      "properties": {
        "内容": "バス停: 脇ノ沢",
        "name": "脇ノ沢",
        "operator": "事業者不明",
        "ref": "",
        "url": "",
        "url2": "Q7961190"
      }
    },
    {
      "type": "Feature",
      "geometry": {
        "type": "Point",
        "coordinates": [
          141.6184683,
          38.9861039
        ]
      },
      "properties": {
        "内容": "バス停: 長部 (JR東日本)",
        "name": "長部",
        "operator": "JR東日本",
        "ref": "",
        "url": "",
        "url2": "Q11654092"
      }
    },
    {
      "type": "Feature",
      "geometry": {
        "type": "Point",
        "coordinates": [
          141.6272095,
          39.0076211
        ]
      },
      "properties": {
        "内容": "バス停: 奇跡の一本松 (大船渡線BRT)",
        "name": "奇跡の一本松",
        "operator": "大船渡線BRT",
        "ref": "",
        "url": "",
        "url2": ""
      }
    },
    {
      "type": "Feature",
      "geometry": {
        "type": "Point",
        "coordinates": [
          141.1415545,
          39.7023617
        ]
      },
      "properties": {
        "内容": "バス停: 開運橋",
        "name": "開運橋",
        "operator": "事業者不明",
        "ref": "DD19",
        "url": "",
        "url2": ""
      }
    },
    {
      "type": "Feature",
      "geometry": {
        "type": "Point",
        "coordinates": [
          141.141033,
          39.702359
        ]
      },
      "properties": {
        "内容": "バス停: 開運橋 (岩手県交通;ジェイアールバス東北)",
        "name": "開運橋",
        "operator": "岩手県交通;ジェイアールバス東北",
        "ref": "DD19",
        "url": "",
        "url2": ""
      }
    },
    {
      "type": "Feature",
      "geometry": {
        "type": "Point",
        "coordinates": [
          141.048818,
          38.944399
        ]
      },
      "properties": {
        "内容": "バス停: 厳美渓",
        "name": "厳美渓",
        "operator": "事業者不明",
        "ref": "",
        "url": "",
        "url2": ""
      }
    },
    {
      "type": "Feature",
      "geometry": {
        "type": "Point",
        "coordinates": [
          141.532266,
          39.331207
        ]
      },
      "properties": {
        "内容": "バス停: とぴあ前",
        "name": "とぴあ前",
        "operator": "事業者不明",
        "ref": "",
        "url": "",
        "url2": ""
      }
    },
    {
      "type": "Feature",
      "geometry": {
        "type": "Point",
        "coordinates": [
          141.531662,
          39.331593
        ]
      },
      "properties": {
        "内容": "バス停: とぴあ前",
        "name": "とぴあ前",
        "operator": "事業者不明",
        "ref": "",
        "url": "",
        "url2": ""
      }
    },
    {
      "type": "Feature",
      "geometry": {
        "type": "Point",
        "coordinates": [
          141.531876,
          39.328911
        ]
      },
      "properties": {
        "内容": "バス停: 一日市",
        "name": "一日市",
        "operator": "事業者不明",
        "ref": "",
        "url": "",
        "url2": ""
      }
    },
    {
      "type": "Feature",
      "geometry": {
        "type": "Point",
        "coordinates": [
          141.53539,
          39.332925
        ]
      },
      "properties": {
        "内容": "バス停: 上組町",
        "name": "上組町",
        "operator": "事業者不明",
        "ref": "",
        "url": "",
        "url2": ""
      }
    },
    {
      "type": "Feature",
      "geometry": {
        "type": "Point",
        "coordinates": [
          141.534076,
          39.331145
        ]
      },
      "properties": {
        "内容": "バス停: 穀町",
        "name": "穀町",
        "operator": "事業者不明",
        "ref": "",
        "url": "",
        "url2": ""
      }
    },
    {
      "type": "Feature",
      "geometry": {
        "type": "Point",
        "coordinates": [
          141.530281,
          39.332486
        ]
      },
      "properties": {
        "内容": "バス停: 遠野駅前",
        "name": "遠野駅前",
        "operator": "事業者不明",
        "ref": "",
        "url": "",
        "url2": ""
      }
    },
    {
      "type": "Feature",
      "geometry": {
        "type": "Point",
        "coordinates": [
          141.7105957,
          39.0857336
        ]
      },
      "properties": {
        "内容": "バス停: 盛駅前 (岩手県交通)",
        "name": "盛駅前",
        "operator": "岩手県交通",
        "ref": "",
        "url": "",
        "url2": ""
      }
    },
    {
      "type": "Feature",
      "geometry": {
        "type": "Point",
        "coordinates": [
          141.7096929,
          39.0877592
        ]
      },
      "properties": {
        "内容": "バス停: サンリアショッピングセンター前",
        "name": "サンリアショッピングセンター前",
        "operator": "事業者不明",
        "ref": "",
        "url": "",
        "url2": ""
      }
    },
    {
      "type": "Feature",
      "geometry": {
        "type": "Point",
        "coordinates": [
          141.7100899,
          39.0863692
        ]
      },
      "properties": {
        "内容": "バス停: 盛駅前",
        "name": "盛駅前",
        "operator": "事業者不明",
        "ref": "",
        "url": "",
        "url2": ""
      }
    },
    {
      "type": "Feature",
      "geometry": {
        "type": "Point",
        "coordinates": [
          141.709782,
          39.0880232
        ]
      },
      "properties": {
        "内容": "バス停: サンリアショッピングセンター前",
        "name": "サンリアショッピングセンター前",
        "operator": "事業者不明",
        "ref": "",
        "url": "",
        "url2": ""
      }
    },
    {
      "type": "Feature",
      "geometry": {
        "type": "Point",
        "coordinates": [
          141.105029,
          39.682891
        ]
      },
      "properties": {
        "内容": "バス停: 志波城古代公園前 (岩手県交通)",
        "name": "志波城古代公園前",
        "operator": "岩手県交通",
        "ref": "",
        "url": "",
        "url2": ""
      }
    },
    {
      "type": "Feature",
      "geometry": {
        "type": "Point",
        "coordinates": [
          141.121315,
          39.685071
        ]
      },
      "properties": {
        "内容": "バス停: 鬼柳 (岩手県交通)",
        "name": "鬼柳",
        "operator": "岩手県交通",
        "ref": "",
        "url": "",
        "url2": ""
      }
    },
    {
      "type": "Feature",
      "geometry": {
        "type": "Point",
        "coordinates": [
          141.153802,
          39.684766
        ]
      },
      "properties": {
        "内容": "バス停: 仙北中学校前 (岩手県交通)",
        "name": "仙北中学校前",
        "operator": "岩手県交通",
        "ref": "",
        "url": "",
        "url2": ""
      }
    },
    {
      "type": "Feature",
      "geometry": {
        "type": "Point",
        "coordinates": [
          141.165982,
          39.691658
        ]
      },
      "properties": {
        "内容": "バス停: 中野小学校口",
        "name": "中野小学校口",
        "operator": "事業者不明",
        "ref": "",
        "url": "",
        "url2": ""
      }
    },
    {
      "type": "Feature",
      "geometry": {
        "type": "Point",
        "coordinates": [
          141.17155,
          39.636894
        ]
      },
      "properties": {
        "内容": "バス停: 上畑",
        "name": "上畑",
        "operator": "事業者不明",
        "ref": "",
        "url": "",
        "url2": ""
      }
    },
    {
      "type": "Feature",
      "geometry": {
        "type": "Point",
        "coordinates": [
          141.1743893,
          39.6289178
        ]
      },
      "properties": {
        "内容": "バス停: 北高田",
        "name": "北高田",
        "operator": "事業者不明",
        "ref": "",
        "url": "",
        "url2": ""
      }
    },
    {
      "type": "Feature",
      "geometry": {
        "type": "Point",
        "coordinates": [
          141.014095,
          39.4181494
        ]
      },
      "properties": {
        "内容": "バス停: 志戸平温泉",
        "name": "志戸平温泉",
        "operator": "事業者不明",
        "ref": "",
        "url": "",
        "url2": ""
      }
    },
    {
      "type": "Feature",
      "geometry": {
        "type": "Point",
        "coordinates": [
          141.6196712,
          39.0010145
        ]
      },
      "properties": {
        "内容": "バス停: 気仙中学校前 (岩手県交通)",
        "name": "気仙中学校前",
        "operator": "岩手県交通",
        "ref": "",
        "url": "",
        "url2": ""
      }
    },
    {
      "type": "Feature",
      "geometry": {
        "type": "Point",
        "coordinates": [
          141.6195199,
          39.0009364
        ]
      },
      "properties": {
        "内容": "バス停: 気仙中学校前 (岩手県交通)",
        "name": "気仙中学校前",
        "operator": "岩手県交通",
        "ref": "",
        "url": "",
        "url2": ""
      }
    },
    {
      "type": "Feature",
      "geometry": {
        "type": "Point",
        "coordinates": [
          141.6399759,
          39.0173599
        ]
      },
      "properties": {
        "内容": "バス停: 高田高校前 (東日本旅客鉄道)",
        "name": "高田高校前",
        "operator": "東日本旅客鉄道",
        "ref": "",
        "url": "",
        "url2": "Q21653455"
      }
    },
    {
      "type": "Feature",
      "geometry": {
        "type": "Point",
        "coordinates": [
          141.6185152,
          38.9860995
        ]
      },
      "properties": {
        "内容": "バス停: 上双六",
        "name": "上双六",
        "operator": "事業者不明",
        "ref": "",
        "url": "",
        "url2": ""
      }
    },
    {
      "type": "Feature",
      "geometry": {
        "type": "Point",
        "coordinates": [
          141.6997213,
          38.989066
        ]
      },
      "properties": {
        "内容": "バス停: 小友",
        "name": "小友",
        "operator": "事業者不明",
        "ref": "",
        "url": "",
        "url2": "Q7108986"
      }
    },
    {
      "type": "Feature",
      "geometry": {
        "type": "Point",
        "coordinates": [
          141.1376761,
          39.8009784
        ]
      },
      "properties": {
        "内容": "バス停: 岩手県立大学前バス停",
        "name": "岩手県立大学前バス停",
        "operator": "事業者不明",
        "ref": "",
        "url": "",
        "url2": ""
      }
    },
    {
      "type": "Feature",
      "geometry": {
        "type": "Point",
        "coordinates": [
          141.036296,
          39.702258
        ]
      },
      "properties": {
        "内容": "バス停: 名称不明バス停 (岩手県交通)",
        "name": "名称不明バス停",
        "operator": "岩手県交通",
        "ref": "",
        "url": "",
        "url2": ""
      }
    },
    {
      "type": "Feature",
      "geometry": {
        "type": "Point",
        "coordinates": [
          141.058513,
          39.69937
        ]
      },
      "properties": {
        "内容": "バス停: 名称不明バス停 (岩手県交通)",
        "name": "名称不明バス停",
        "operator": "岩手県交通",
        "ref": "",
        "url": "",
        "url2": ""
      }
    },
    {
      "type": "Feature",
      "geometry": {
        "type": "Point",
        "coordinates": [
          141.078245,
          39.705765
        ]
      },
      "properties": {
        "内容": "バス停: 名称不明バス停 (岩手県交通)",
        "name": "名称不明バス停",
        "operator": "岩手県交通",
        "ref": "",
        "url": "",
        "url2": ""
      }
    },
    {
      "type": "Feature",
      "geometry": {
        "type": "Point",
        "coordinates": [
          141.083816,
          39.706366
        ]
      },
      "properties": {
        "内容": "バス停: 名称不明バス停 (岩手県交通)",
        "name": "名称不明バス停",
        "operator": "岩手県交通",
        "ref": "",
        "url": "",
        "url2": ""
      }
    },
    {
      "type": "Feature",
      "geometry": {
        "type": "Point",
        "coordinates": [
          141.088785,
          39.708247
        ]
      },
      "properties": {
        "内容": "バス停: 宗任橋 (岩手県交通)",
        "name": "宗任橋",
        "operator": "岩手県交通",
        "ref": "",
        "url": "",
        "url2": ""
      }
    },
    {
      "type": "Feature",
      "geometry": {
        "type": "Point",
        "coordinates": [
          141.2723607,
          38.9969806
        ]
      },
      "properties": {
        "内容": "バス停: 柴宿駅",
        "name": "柴宿駅",
        "operator": "事業者不明",
        "ref": "",
        "url": "",
        "url2": ""
      }
    },
    {
      "type": "Feature",
      "geometry": {
        "type": "Point",
        "coordinates": [
          141.677609,
          39.009184
        ]
      },
      "properties": {
        "内容": "バス停: 名称不明バス停",
        "name": "名称不明バス停",
        "operator": "事業者不明",
        "ref": "",
        "url": "",
        "url2": ""
      }
    },
    {
      "type": "Feature",
      "geometry": {
        "type": "Point",
        "coordinates": [
          141.6997955,
          38.9891297
        ]
      },
      "properties": {
        "内容": "バス停: 小友",
        "name": "小友",
        "operator": "事業者不明",
        "ref": "",
        "url": "",
        "url2": "Q7108986"
      }
    },
    {
      "type": "Feature",
      "geometry": {
        "type": "Point",
        "coordinates": [
          141.7207529,
          39.051141
        ]
      },
      "properties": {
        "内容": "バス停: 大船渡魚市場前",
        "name": "大船渡魚市場前",
        "operator": "事業者不明",
        "ref": "",
        "url": "",
        "url2": "Q21652638"
      }
    },
    {
      "type": "Feature",
      "geometry": {
        "type": "Point",
        "coordinates": [
          141.6257031,
          39.0269399
        ]
      },
      "properties": {
        "内容": "バス停: 市役所前 (たかたのゆめちゃん)",
        "name": "市役所前",
        "operator": "たかたのゆめちゃん",
        "ref": "",
        "url": "",
        "url2": ""
      }
    },
    {
      "type": "Feature",
      "geometry": {
        "type": "Point",
        "coordinates": [
          141.6254523,
          39.0270806
        ]
      },
      "properties": {
        "内容": "バス停: 陸前高田市役所前 (けせんライナー)",
        "name": "陸前高田市役所前",
        "operator": "けせんライナー",
        "ref": "",
        "url": "",
        "url2": ""
      }
    },
    {
      "type": "Feature",
      "geometry": {
        "type": "Point",
        "coordinates": [
          141.1458037,
          39.7048061
        ]
      },
      "properties": {
        "内容": "バス停: 中央通二丁目",
        "name": "中央通二丁目",
        "operator": "事業者不明",
        "ref": "",
        "url": "",
        "url2": ""
      }
    },
    {
      "type": "Feature",
      "geometry": {
        "type": "Point",
        "coordinates": [
          141.1465869,
          39.7048268
        ]
      },
      "properties": {
        "内容": "バス停: 中央通二丁目",
        "name": "中央通二丁目",
        "operator": "事業者不明",
        "ref": "",
        "url": "",
        "url2": ""
      }
    },
    {
      "type": "Feature",
      "geometry": {
        "type": "Point",
        "coordinates": [
          141.2009887,
          39.7519234
        ]
      },
      "properties": {
        "内容": "バス停: 桜台団地東口",
        "name": "桜台団地東口",
        "operator": "事業者不明",
        "ref": "",
        "url": "",
        "url2": ""
      }
    },
    {
      "type": "Feature",
      "geometry": {
        "type": "Point",
        "coordinates": [
          141.2036534,
          39.7440225
        ]
      },
      "properties": {
        "内容": "バス停: 上米内駅前",
        "name": "上米内駅前",
        "operator": "事業者不明",
        "ref": "",
        "url": "",
        "url2": ""
      }
    },
    {
      "type": "Feature",
      "geometry": {
        "type": "Point",
        "coordinates": [
          141.1481665,
          39.7058026
        ]
      },
      "properties": {
        "内容": "バス停: 盛岡中央郵便局前",
        "name": "盛岡中央郵便局前",
        "operator": "事業者不明",
        "ref": "",
        "url": "",
        "url2": ""
      }
    },
    {
      "type": "Feature",
      "geometry": {
        "type": "Point",
        "coordinates": [
          141.1484291,
          39.7063712
        ]
      },
      "properties": {
        "内容": "バス停: 盛岡中央郵便局前",
        "name": "盛岡中央郵便局前",
        "operator": "事業者不明",
        "ref": "",
        "url": "",
        "url2": ""
      }
    },
    {
      "type": "Feature",
      "geometry": {
        "type": "Point",
        "coordinates": [
          141.1494585,
          39.7040216
        ]
      },
      "properties": {
        "内容": "バス停: 中央通一丁目",
        "name": "中央通一丁目",
        "operator": "事業者不明",
        "ref": "",
        "url": "",
        "url2": ""
      }
    },
    {
      "type": "Feature",
      "geometry": {
        "type": "Point",
        "coordinates": [
          141.150115,
          39.7039657
        ]
      },
      "properties": {
        "内容": "バス停: 中央通一丁目",
        "name": "中央通一丁目",
        "operator": "事業者不明",
        "ref": "",
        "url": "",
        "url2": ""
      }
    },
    {
      "type": "Feature",
      "geometry": {
        "type": "Point",
        "coordinates": [
          141.1508921,
          39.7046551
        ]
      },
      "properties": {
        "内容": "バス停: 医大内丸メディカルセンター前",
        "name": "医大内丸メディカルセンター前",
        "operator": "事業者不明",
        "ref": "",
        "url": "",
        "url2": ""
      }
    },
    {
      "type": "Feature",
      "geometry": {
        "type": "Point",
        "coordinates": [
          141.1509888,
          39.7044925
        ]
      },
      "properties": {
        "内容": "バス停: 医大内丸メディカルセンター前",
        "name": "医大内丸メディカルセンター前",
        "operator": "事業者不明",
        "ref": "",
        "url": "",
        "url2": ""
      }
    },
    {
      "type": "Feature",
      "geometry": {
        "type": "Point",
        "coordinates": [
          141.1487101,
          39.7085867
        ]
      },
      "properties": {
        "内容": "バス停: 仁王小学校前",
        "name": "仁王小学校前",
        "operator": "事業者不明",
        "ref": "",
        "url": "",
        "url2": ""
      }
    },
    {
      "type": "Feature",
      "geometry": {
        "type": "Point",
        "coordinates": [
          141.1523227,
          39.708336
        ]
      },
      "properties": {
        "内容": "バス停: 大泉寺口",
        "name": "大泉寺口",
        "operator": "事業者不明",
        "ref": "",
        "url": "",
        "url2": ""
      }
    },
    {
      "type": "Feature",
      "geometry": {
        "type": "Point",
        "coordinates": [
          141.1524164,
          39.7081497
        ]
      },
      "properties": {
        "内容": "バス停: 大泉寺口",
        "name": "大泉寺口",
        "operator": "事業者不明",
        "ref": "",
        "url": "",
        "url2": ""
      }
    },
    {
      "type": "Feature",
      "geometry": {
        "type": "Point",
        "coordinates": [
          141.1443073,
          39.7127412
        ]
      },
      "properties": {
        "内容": "バス停: 県立中央病院前",
        "name": "県立中央病院前",
        "operator": "事業者不明",
        "ref": "",
        "url": "",
        "url2": ""
      }
    },
    {
      "type": "Feature",
      "geometry": {
        "type": "Point",
        "coordinates": [
          141.1367642,
          39.7020859
        ]
      },
      "properties": {
        "内容": "バス停: 盛岡駅前",
        "name": "盛岡駅前",
        "operator": "事業者不明",
        "ref": "",
        "url": "",
        "url2": ""
      }
    },
    {
      "type": "Feature",
      "geometry": {
        "type": "Point",
        "coordinates": [
          141.1368139,
          39.702194
        ]
      },
      "properties": {
        "内容": "バス停: 盛岡駅前",
        "name": "盛岡駅前",
        "operator": "事業者不明",
        "ref": "",
        "url": "",
        "url2": ""
      }
    },
    {
      "type": "Feature",
      "geometry": {
        "type": "Point",
        "coordinates": [
          141.1367107,
          39.7022979
        ]
      },
      "properties": {
        "内容": "バス停: 盛岡駅前",
        "name": "盛岡駅前",
        "operator": "事業者不明",
        "ref": "",
        "url": "",
        "url2": ""
      }
    },
    {
      "type": "Feature",
      "geometry": {
        "type": "Point",
        "coordinates": [
          141.1362856,
          39.7023854
        ]
      },
      "properties": {
        "内容": "バス停: 盛岡駅前",
        "name": "盛岡駅前",
        "operator": "事業者不明",
        "ref": "",
        "url": "",
        "url2": ""
      }
    },
    {
      "type": "Feature",
      "geometry": {
        "type": "Point",
        "coordinates": [
          141.1365913,
          39.7024123
        ]
      },
      "properties": {
        "内容": "バス停: 盛岡駅前",
        "name": "盛岡駅前",
        "operator": "事業者不明",
        "ref": "",
        "url": "",
        "url2": ""
      }
    },
    {
      "type": "Feature",
      "geometry": {
        "type": "Point",
        "coordinates": [
          141.1363368,
          39.7024901
        ]
      },
      "properties": {
        "内容": "バス停: 盛岡駅前",
        "name": "盛岡駅前",
        "operator": "事業者不明",
        "ref": "",
        "url": "",
        "url2": ""
      }
    },
    {
      "type": "Feature",
      "geometry": {
        "type": "Point",
        "coordinates": [
          141.1364729,
          39.7025012
        ]
      },
      "properties": {
        "内容": "バス停: 盛岡駅前",
        "name": "盛岡駅前",
        "operator": "事業者不明",
        "ref": "",
        "url": "",
        "url2": ""
      }
    },
    {
      "type": "Feature",
      "geometry": {
        "type": "Point",
        "coordinates": [
          141.1357809,
          39.7034825
        ]
      },
      "properties": {
        "内容": "バス停: 旭橋",
        "name": "旭橋",
        "operator": "事業者不明",
        "ref": "",
        "url": "",
        "url2": ""
      }
    },
    {
      "type": "Feature",
      "geometry": {
        "type": "Point",
        "coordinates": [
          141.1385003,
          39.7052139
        ]
      },
      "properties": {
        "内容": "バス停: 材木町南口",
        "name": "材木町南口",
        "operator": "事業者不明",
        "ref": "",
        "url": "",
        "url2": ""
      }
    },
    {
      "type": "Feature",
      "geometry": {
        "type": "Point",
        "coordinates": [
          141.1411846,
          39.7060088
        ]
      },
      "properties": {
        "内容": "バス停: 啄木新婚の家口",
        "name": "啄木新婚の家口",
        "operator": "事業者不明",
        "ref": "4",
        "url": "",
        "url2": ""
      }
    },
    {
      "type": "Feature",
      "geometry": {
        "type": "Point",
        "coordinates": [
          141.1466206,
          39.7048196
        ]
      },
      "properties": {
        "内容": "バス停: 中央通二丁目",
        "name": "中央通二丁目",
        "operator": "事業者不明",
        "ref": "",
        "url": "",
        "url2": ""
      }
    },
    {
      "type": "Feature",
      "geometry": {
        "type": "Point",
        "coordinates": [
          141.1501368,
          39.703959
        ]
      },
      "properties": {
        "内容": "バス停: 中央通一丁目",
        "name": "中央通一丁目",
        "operator": "事業者不明",
        "ref": "",
        "url": "",
        "url2": ""
      }
    },
    {
      "type": "Feature",
      "geometry": {
        "type": "Point",
        "coordinates": [
          141.1535019,
          39.7026658
        ]
      },
      "properties": {
        "内容": "バス停: 県庁・市役所前",
        "name": "県庁・市役所前",
        "operator": "事業者不明",
        "ref": "DD15",
        "url": "",
        "url2": ""
      }
    },
    {
      "type": "Feature",
      "geometry": {
        "type": "Point",
        "coordinates": [
          141.156849,
          39.6996896
        ]
      },
      "properties": {
        "内容": "バス停: 盛岡バスセンター",
        "name": "盛岡バスセンター",
        "operator": "事業者不明",
        "ref": "DD14",
        "url": "",
        "url2": ""
      }
    },
    {
      "type": "Feature",
      "geometry": {
        "type": "Point",
        "coordinates": [
          141.4244829,
          39.6395953
        ]
      },
      "properties": {
        "内容": "バス停: 黒沢 (岩手県北バス)",
        "name": "黒沢",
        "operator": "岩手県北バス",
        "ref": "",
        "url": "",
        "url2": ""
      }
    },
    {
      "type": "Feature",
      "geometry": {
        "type": "Point",
        "coordinates": [
          141.5895312,
          39.6487169
        ]
      },
      "properties": {
        "内容": "バス停: やまびこ産直館 (岩手県北バス)",
        "name": "やまびこ産直館",
        "operator": "岩手県北バス",
        "ref": "",
        "url": "",
        "url2": ""
      }
    },
    {
      "type": "Feature",
      "geometry": {
        "type": "Point",
        "coordinates": [
          140.9314552,
          39.9474643
        ]
      },
      "properties": {
        "内容": "バス停: 御在所",
        "name": "御在所",
        "operator": "事業者不明",
        "ref": "",
        "url": "",
        "url2": ""
      }
    },
    {
      "type": "Feature",
      "geometry": {
        "type": "Point",
        "coordinates": [
          140.9315075,
          39.9475573
        ]
      },
      "properties": {
        "内容": "バス停: 御在所",
        "name": "御在所",
        "operator": "事業者不明",
        "ref": "",
        "url": "",
        "url2": ""
      }
    },
    {
      "type": "Feature",
      "geometry": {
        "type": "Point",
        "coordinates": [
          140.9494668,
          39.9423985
        ]
      },
      "properties": {
        "内容": "バス停: 緑ガ丘",
        "name": "緑ガ丘",
        "operator": "事業者不明",
        "ref": "",
        "url": "",
        "url2": ""
      }
    },
    {
      "type": "Feature",
      "geometry": {
        "type": "Point",
        "coordinates": [
          140.9076436,
          39.9438169
        ]
      },
      "properties": {
        "内容": "バス停: 茶臼口",
        "name": "茶臼口",
        "operator": "事業者不明",
        "ref": "",
        "url": "",
        "url2": ""
      }
    },
    {
      "type": "Feature",
      "geometry": {
        "type": "Point",
        "coordinates": [
          140.8856145,
          39.9545271
        ]
      },
      "properties": {
        "内容": "バス停: 黒谷地",
        "name": "黒谷地",
        "operator": "事業者不明",
        "ref": "",
        "url": "",
        "url2": ""
      }
    },
    {
      "type": "Feature",
      "geometry": {
        "type": "Point",
        "coordinates": [
          141.7209311,
          39.0510163
        ]
      },
      "properties": {
        "内容": "バス停: 大船渡魚市場前",
        "name": "大船渡魚市場前",
        "operator": "事業者不明",
        "ref": "",
        "url": "",
        "url2": "Q21652638"
      }
    },
    {
      "type": "Feature",
      "geometry": {
        "type": "Point",
        "coordinates": [
          141.7138453,
          39.015298
        ]
      },
      "properties": {
        "内容": "バス停: 細浦",
        "name": "細浦",
        "operator": "事業者不明",
        "ref": "",
        "url": "",
        "url2": "Q8189404"
      }
    },
    {
      "type": "Feature",
      "geometry": {
        "type": "Point",
        "coordinates": [
          141.7111487,
          39.0027982
        ]
      },
      "properties": {
        "内容": "バス停: 碁石海岸口",
        "name": "碁石海岸口",
        "operator": "事業者不明",
        "ref": "",
        "url": "",
        "url2": "Q17228412"
      }
    },
    {
      "type": "Feature",
      "geometry": {
        "type": "Point",
        "coordinates": [
          141.7110761,
          39.0028589
        ]
      },
      "properties": {
        "内容": "バス停: 碁石海岸口",
        "name": "碁石海岸口",
        "operator": "事業者不明",
        "ref": "",
        "url": "",
        "url2": "Q17228412"
      }
    },
    {
      "type": "Feature",
      "geometry": {
        "type": "Point",
        "coordinates": [
          141.7211737,
          39.0385018
        ]
      },
      "properties": {
        "内容": "バス停: 下船渡",
        "name": "下船渡",
        "operator": "事業者不明",
        "ref": "",
        "url": "",
        "url2": "Q7496955"
      }
    },
    {
      "type": "Feature",
      "geometry": {
        "type": "Point",
        "coordinates": [
          141.721196,
          39.0383444
        ]
      },
      "properties": {
        "内容": "バス停: 下船渡",
        "name": "下船渡",
        "operator": "事業者不明",
        "ref": "",
        "url": "",
        "url2": "Q7496955"
      }
    },
    {
      "type": "Feature",
      "geometry": {
        "type": "Point",
        "coordinates": [
          141.7138958,
          39.0153524
        ]
      },
      "properties": {
        "内容": "バス停: 細浦",
        "name": "細浦",
        "operator": "事業者不明",
        "ref": "",
        "url": "",
        "url2": "Q8189404"
      }
    },
    {
      "type": "Feature",
      "geometry": {
        "type": "Point",
        "coordinates": [
          141.1659671,
          38.908287
        ]
      },
      "properties": {
        "内容": "バス停: 水口",
        "name": "水口",
        "operator": "事業者不明",
        "ref": "",
        "url": "",
        "url2": ""
      }
    },
    {
      "type": "Feature",
      "geometry": {
        "type": "Point",
        "coordinates": [
          141.1538974,
          38.9112999
        ]
      },
      "properties": {
        "内容": "バス停: 追分 (岩手県交通)",
        "name": "追分",
        "operator": "岩手県交通",
        "ref": "",
        "url": "",
        "url2": ""
      }
    },
    {
      "type": "Feature",
      "geometry": {
        "type": "Point",
        "coordinates": [
          141.1363492,
          39.7020728
        ]
      },
      "properties": {
        "内容": "バス停: 盛岡駅前",
        "name": "盛岡駅前",
        "operator": "事業者不明",
        "ref": "",
        "url": "",
        "url2": ""
      }
    },
    {
      "type": "Feature",
      "geometry": {
        "type": "Point",
        "coordinates": [
          141.1361924,
          39.7022159
        ]
      },
      "properties": {
        "内容": "バス停: 盛岡駅前",
        "name": "盛岡駅前",
        "operator": "事業者不明",
        "ref": "",
        "url": "",
        "url2": ""
      }
    },
    {
      "type": "Feature",
      "geometry": {
        "type": "Point",
        "coordinates": [
          141.1409628,
          39.7029892
        ]
      },
      "properties": {
        "内容": "バス停: 開運橋",
        "name": "開運橋",
        "operator": "事業者不明",
        "ref": "",
        "url": "",
        "url2": ""
      }
    },
    {
      "type": "Feature",
      "geometry": {
        "type": "Point",
        "coordinates": [
          141.1429122,
          39.703562
        ]
      },
      "properties": {
        "内容": "バス停: 大通三丁目",
        "name": "大通三丁目",
        "operator": "事業者不明",
        "ref": "",
        "url": "",
        "url2": ""
      }
    },
    {
      "type": "Feature",
      "geometry": {
        "type": "Point",
        "coordinates": [
          141.1439526,
          39.7043955
        ]
      },
      "properties": {
        "内容": "バス停: 大通三丁目",
        "name": "大通三丁目",
        "operator": "事業者不明",
        "ref": "",
        "url": "",
        "url2": ""
      }
    },
    {
      "type": "Feature",
      "geometry": {
        "type": "Point",
        "coordinates": [
          141.2990458,
          40.2198599
        ]
      },
      "properties": {
        "内容": "バス停: 下町",
        "name": "下町",
        "operator": "事業者不明",
        "ref": "",
        "url": "",
        "url2": ""
      }
    },
    {
      "type": "Feature",
      "geometry": {
        "type": "Point",
        "coordinates": [
          141.2986561,
          40.2200497
        ]
      },
      "properties": {
        "内容": "バス停: 下町",
        "name": "下町",
        "operator": "事業者不明",
        "ref": "",
        "url": "",
        "url2": ""
      }
    },
    {
      "type": "Feature",
      "geometry": {
        "type": "Point",
        "coordinates": [
          141.2956669,
          40.2231139
        ]
      },
      "properties": {
        "内容": "バス停: 蒔前",
        "name": "蒔前",
        "operator": "事業者不明",
        "ref": "",
        "url": "",
        "url2": ""
      }
    },
    {
      "type": "Feature",
      "geometry": {
        "type": "Point",
        "coordinates": [
          141.2956688,
          40.2232695
        ]
      },
      "properties": {
        "内容": "バス停: 蒔前",
        "name": "蒔前",
        "operator": "事業者不明",
        "ref": "",
        "url": "",
        "url2": ""
      }
    },
    {
      "type": "Feature",
      "geometry": {
        "type": "Point",
        "coordinates": [
          141.2911053,
          40.2284872
        ]
      },
      "properties": {
        "内容": "バス停: 越田橋",
        "name": "越田橋",
        "operator": "事業者不明",
        "ref": "",
        "url": "",
        "url2": ""
      }
    },
    {
      "type": "Feature",
      "geometry": {
        "type": "Point",
        "coordinates": [
          141.2913397,
          40.2285245
        ]
      },
      "properties": {
        "内容": "バス停: 越田橋",
        "name": "越田橋",
        "operator": "事業者不明",
        "ref": "",
        "url": "",
        "url2": ""
      }
    },
    {
      "type": "Feature",
      "geometry": {
        "type": "Point",
        "coordinates": [
          141.3531253,
          40.2169166
        ]
      },
      "properties": {
        "内容": "バス停: 来田温泉",
        "name": "来田温泉",
        "operator": "事業者不明",
        "ref": "",
        "url": "",
        "url2": ""
      }
    },
    {
      "type": "Feature",
      "geometry": {
        "type": "Point",
        "coordinates": [
          141.297006,
          40.2052194
        ]
      },
      "properties": {
        "内容": "バス停: 碧橋",
        "name": "碧橋",
        "operator": "事業者不明",
        "ref": "",
        "url": "",
        "url2": ""
      }
    },
    {
      "type": "Feature",
      "geometry": {
        "type": "Point",
        "coordinates": [
          141.2968969,
          40.2050581
        ]
      },
      "properties": {
        "内容": "バス停: 碧橋",
        "name": "碧橋",
        "operator": "事業者不明",
        "ref": "",
        "url": "",
        "url2": ""
      }
    },
    {
      "type": "Feature",
      "geometry": {
        "type": "Point",
        "coordinates": [
          141.300858,
          40.2040559
        ]
      },
      "properties": {
        "内容": "バス停: 名称不明バス停",
        "name": "名称不明バス停",
        "operator": "事業者不明",
        "ref": "",
        "url": "",
        "url2": ""
      }
    },
    {
      "type": "Feature",
      "geometry": {
        "type": "Point",
        "coordinates": [
          141.3008545,
          40.2039628
        ]
      },
      "properties": {
        "内容": "バス停: 一戸中学校",
        "name": "一戸中学校",
        "operator": "事業者不明",
        "ref": "",
        "url": "",
        "url2": ""
      }
    },
    {
      "type": "Feature",
      "geometry": {
        "type": "Point",
        "coordinates": [
          141.3040765,
          40.2107512
        ]
      },
      "properties": {
        "内容": "バス停: イコオショッピングセンター",
        "name": "イコオショッピングセンター",
        "operator": "事業者不明",
        "ref": "",
        "url": "",
        "url2": ""
      }
    },
    {
      "type": "Feature",
      "geometry": {
        "type": "Point",
        "coordinates": [
          141.2762633,
          40.2388448
        ]
      },
      "properties": {
        "内容": "バス停: 鳥越観音前",
        "name": "鳥越観音前",
        "operator": "事業者不明",
        "ref": "",
        "url": "",
        "url2": ""
      }
    },
    {
      "type": "Feature",
      "geometry": {
        "type": "Point",
        "coordinates": [
          141.2758853,
          40.2400083
        ]
      },
      "properties": {
        "内容": "バス停: 鳥越観音前",
        "name": "鳥越観音前",
        "operator": "事業者不明",
        "ref": "",
        "url": "",
        "url2": ""
      }
    },
    {
      "type": "Feature",
      "geometry": {
        "type": "Point",
        "coordinates": [
          141.297722,
          40.2108133
        ]
      },
      "properties": {
        "内容": "バス停: 一戸駅",
        "name": "一戸駅",
        "operator": "事業者不明",
        "ref": "",
        "url": "",
        "url2": ""
      }
    },
    {
      "type": "Feature",
      "geometry": {
        "type": "Point",
        "coordinates": [
          141.188078,
          40.2101005
        ]
      },
      "properties": {
        "内容": "バス停: 長流部口",
        "name": "長流部口",
        "operator": "事業者不明",
        "ref": "",
        "url": "",
        "url2": ""
      }
    },
    {
      "type": "Feature",
      "geometry": {
        "type": "Point",
        "coordinates": [
          141.2856309,
          40.2601909
        ]
      },
      "properties": {
        "内容": "バス停: 二戸駅",
        "name": "二戸駅",
        "operator": "事業者不明",
        "ref": "",
        "url": "",
        "url2": ""
      }
    },
    {
      "type": "Feature",
      "geometry": {
        "type": "Point",
        "coordinates": [
          141.133957,
          38.9233995
        ]
      },
      "properties": {
        "内容": "バス停: 新大町 (岩手県交通)",
        "name": "新大町",
        "operator": "岩手県交通",
        "ref": "",
        "url": "",
        "url2": ""
      }
    },
    {
      "type": "Feature",
      "geometry": {
        "type": "Point",
        "coordinates": [
          141.1353302,
          38.9264789
        ]
      },
      "properties": {
        "内容": "バス停: 一ノ関駅口 (岩手県交通)",
        "name": "一ノ関駅口",
        "operator": "岩手県交通",
        "ref": "",
        "url": "",
        "url2": ""
      }
    },
    {
      "type": "Feature",
      "geometry": {
        "type": "Point",
        "coordinates": [
          141.135434,
          38.9264024
        ]
      },
      "properties": {
        "内容": "バス停: 一ノ関駅口 (岩手県交通)",
        "name": "一ノ関駅口",
        "operator": "岩手県交通",
        "ref": "",
        "url": "",
        "url2": ""
      }
    },
    {
      "type": "Feature",
      "geometry": {
        "type": "Point",
        "coordinates": [
          141.1415604,
          38.9162002
        ]
      },
      "properties": {
        "内容": "バス停: 七沢",
        "name": "七沢",
        "operator": "事業者不明",
        "ref": "",
        "url": "",
        "url2": ""
      }
    },
    {
      "type": "Feature",
      "geometry": {
        "type": "Point",
        "coordinates": [
          141.1542516,
          38.9111987
        ]
      },
      "properties": {
        "内容": "バス停: 追分 (岩手県交通)",
        "name": "追分",
        "operator": "岩手県交通",
        "ref": "",
        "url": "",
        "url2": ""
      }
    },
    {
      "type": "Feature",
      "geometry": {
        "type": "Point",
        "coordinates": [
          141.1605552,
          38.9103207
        ]
      },
      "properties": {
        "内容": "バス停: 流通団地入口",
        "name": "流通団地入口",
        "operator": "事業者不明",
        "ref": "",
        "url": "",
        "url2": ""
      }
    },
    {
      "type": "Feature",
      "geometry": {
        "type": "Point",
        "coordinates": [
          141.1606182,
          38.9099637
        ]
      },
      "properties": {
        "内容": "バス停: 流通団地入口",
        "name": "流通団地入口",
        "operator": "事業者不明",
        "ref": "",
        "url": "",
        "url2": ""
      }
    },
    {
      "type": "Feature",
      "geometry": {
        "type": "Point",
        "coordinates": [
          141.1662832,
          38.9083428
        ]
      },
      "properties": {
        "内容": "バス停: 水口",
        "name": "水口",
        "operator": "事業者不明",
        "ref": "",
        "url": "",
        "url2": ""
      }
    },
    {
      "type": "Feature",
      "geometry": {
        "type": "Point",
        "coordinates": [
          141.4956393,
          39.5408136
        ]
      },
      "properties": {
        "内容": "バス停: 小田越",
        "name": "小田越",
        "operator": "事業者不明",
        "ref": "",
        "url": "",
        "url2": ""
      }
    },
    {
      "type": "Feature",
      "geometry": {
        "type": "Point",
        "coordinates": [
          141.4956424,
          39.5407656
        ]
      },
      "properties": {
        "内容": "バス停: 小田越",
        "name": "小田越",
        "operator": "事業者不明",
        "ref": "",
        "url": "",
        "url2": ""
      }
    },
    {
      "type": "Feature",
      "geometry": {
        "type": "Point",
        "coordinates": [
          141.64177,
          39.0254648
        ]
      },
      "properties": {
        "内容": "バス停: 高田病院 (東日本旅客鉄道)",
        "name": "高田病院",
        "operator": "東日本旅客鉄道",
        "ref": "",
        "url": "",
        "url2": "Q11672180"
      }
    },
    {
      "type": "Feature",
      "geometry": {
        "type": "Point",
        "coordinates": [
          141.640066,
          39.0182524
        ]
      },
      "properties": {
        "内容": "バス停: 高田高校前 (JR東日本)",
        "name": "高田高校前",
        "operator": "JR東日本",
        "ref": "",
        "url": "",
        "url2": "Q21653455"
      }
    },
    {
      "type": "Feature",
      "geometry": {
        "type": "Point",
        "coordinates": [
          141.7206737,
          39.0629084
        ]
      },
      "properties": {
        "内容": "バス停: 大船渡",
        "name": "大船渡",
        "operator": "事業者不明",
        "ref": "",
        "url": "",
        "url2": "Q8081459"
      }
    },
    {
      "type": "Feature",
      "geometry": {
        "type": "Point",
        "coordinates": [
          141.6417466,
          39.0254073
        ]
      },
      "properties": {
        "内容": "バス停: 高田病院 (岩手県交通)",
        "name": "高田病院",
        "operator": "岩手県交通",
        "ref": "",
        "url": "",
        "url2": ""
      }
    },
    {
      "type": "Feature",
      "geometry": {
        "type": "Point",
        "coordinates": [
          141.7208149,
          39.0629163
        ]
      },
      "properties": {
        "内容": "バス停: 大船渡",
        "name": "大船渡",
        "operator": "事業者不明",
        "ref": "",
        "url": "",
        "url2": "Q8081459"
      }
    },
    {
      "type": "Feature",
      "geometry": {
        "type": "Point",
        "coordinates": [
          141.6307559,
          39.0162325
        ]
      },
      "properties": {
        "内容": "バス停: アバッセたかた前 (岩手県交通)",
        "name": "アバッセたかた前",
        "operator": "岩手県交通",
        "ref": "",
        "url": "",
        "url2": ""
      }
    },
    {
      "type": "Feature",
      "geometry": {
        "type": "Point",
        "coordinates": [
          141.6308596,
          39.0161043
        ]
      },
      "properties": {
        "内容": "バス停: アバッセたかた前 (岩手県交通)",
        "name": "アバッセたかた前",
        "operator": "岩手県交通",
        "ref": "",
        "url": "",
        "url2": ""
      }
    },
    {
      "type": "Feature",
      "geometry": {
        "type": "Point",
        "coordinates": [
          141.8609332,
          39.2705757
        ]
      },
      "properties": {
        "内容": "バス停: 名称不明バス停",
        "name": "名称不明バス停",
        "operator": "事業者不明",
        "ref": "",
        "url": "",
        "url2": ""
      }
    },
    {
      "type": "Feature",
      "geometry": {
        "type": "Point",
        "coordinates": [
          141.0278824,
          39.4019669
        ]
      },
      "properties": {
        "内容": "バス停: クレー射擊場",
        "name": "クレー射擊場",
        "operator": "事業者不明",
        "ref": "",
        "url": "",
        "url2": ""
      }
    },
    {
      "type": "Feature",
      "geometry": {
        "type": "Point",
        "coordinates": [
          141.014905,
          39.4357719
        ]
      },
      "properties": {
        "内容": "バス停: 大沢温泉",
        "name": "大沢温泉",
        "operator": "事業者不明",
        "ref": "",
        "url": "",
        "url2": ""
      }
    },
    {
      "type": "Feature",
      "geometry": {
        "type": "Point",
        "coordinates": [
          141.111533,
          39.3928646
        ]
      },
      "properties": {
        "内容": "バス停: 花卷駅前3",
        "name": "花卷駅前3",
        "operator": "事業者不明",
        "ref": "",
        "url": "",
        "url2": ""
      }
    },
    {
      "type": "Feature",
      "geometry": {
        "type": "Point",
        "coordinates": [
          141.5617207,
          39.3772044
        ]
      },
      "properties": {
        "内容": "バス停: 駒木",
        "name": "駒木",
        "operator": "事業者不明",
        "ref": "",
        "url": "",
        "url2": ""
      }
    },
    {
      "type": "Feature",
      "geometry": {
        "type": "Point",
        "coordinates": [
          141.563128,
          39.3715771
        ]
      },
      "properties": {
        "内容": "バス停: 福泉寺",
        "name": "福泉寺",
        "operator": "事業者不明",
        "ref": "",
        "url": "",
        "url2": ""
      }
    },
    {
      "type": "Feature",
      "geometry": {
        "type": "Point",
        "coordinates": [
          141.8692868,
          39.3260818
        ]
      },
      "properties": {
        "内容": "バス停: 日向",
        "name": "日向",
        "operator": "事業者不明",
        "ref": "",
        "url": "",
        "url2": ""
      }
    },
    {
      "type": "Feature",
      "geometry": {
        "type": "Point",
        "coordinates": [
          141.059597,
          38.9682791
        ]
      },
      "properties": {
        "内容": "バス停: 名称不明バス停",
        "name": "名称不明バス停",
        "operator": "事業者不明",
        "ref": "",
        "url": "",
        "url2": ""
      }
    },
    {
      "type": "Feature",
      "geometry": {
        "type": "Point",
        "coordinates": [
          141.5090527,
          40.0798136
        ]
      },
      "properties": {
        "内容": "バス停: 平庭高原",
        "name": "平庭高原",
        "operator": "事業者不明",
        "ref": "",
        "url": "",
        "url2": ""
      }
    },
    {
      "type": "Feature",
      "geometry": {
        "type": "Point",
        "coordinates": [
          141.4695466,
          40.0496866
        ]
      },
      "properties": {
        "内容": "バス停: グリーンテージ入口",
        "name": "グリーンテージ入口",
        "operator": "事業者不明",
        "ref": "",
        "url": "",
        "url2": ""
      }
    },
    {
      "type": "Feature",
      "geometry": {
        "type": "Point",
        "coordinates": [
          141.4371728,
          40.041074
        ]
      },
      "properties": {
        "内容": "バス停: 葛巻役場前",
        "name": "葛巻役場前",
        "operator": "事業者不明",
        "ref": "",
        "url": "",
        "url2": ""
      }
    },
    {
      "type": "Feature",
      "geometry": {
        "type": "Point",
        "coordinates": [
          141.9505992,
          39.4644539
        ]
      },
      "properties": {
        "内容": "バス停: 山田駅前",
        "name": "山田駅前",
        "operator": "事業者不明",
        "ref": "",
        "url": "",
        "url2": ""
      }
    },
    {
      "type": "Feature",
      "geometry": {
        "type": "Point",
        "coordinates": [
          141.9508204,
          39.4641032
        ]
      },
      "properties": {
        "内容": "バス停: 山田駅前",
        "name": "山田駅前",
        "operator": "事業者不明",
        "ref": "",
        "url": "",
        "url2": ""
      }
    },
    {
      "type": "Feature",
      "geometry": {
        "type": "Point",
        "coordinates": [
          141.9613905,
          39.6407913
        ]
      },
      "properties": {
        "内容": "バス停: 築地二丁目 (岩手県北バス)",
        "name": "築地二丁目",
        "operator": "岩手県北バス",
        "ref": "",
        "url": "",
        "url2": ""
      }
    },
    {
      "type": "Feature",
      "geometry": {
        "type": "Point",
        "coordinates": [
          141.9678292,
          39.6444429
        ]
      },
      "properties": {
        "内容": "バス停: 名称不明バス停",
        "name": "名称不明バス停",
        "operator": "事業者不明",
        "ref": "",
        "url": "",
        "url2": ""
      }
    },
    {
      "type": "Feature",
      "geometry": {
        "type": "Point",
        "coordinates": [
          141.9676253,
          39.6429497
        ]
      },
      "properties": {
        "内容": "バス停: 名称不明バス停",
        "name": "名称不明バス停",
        "operator": "事業者不明",
        "ref": "",
        "url": "",
        "url2": ""
      }
    },
    {
      "type": "Feature",
      "geometry": {
        "type": "Point",
        "coordinates": [
          141.9709392,
          39.6469977
        ]
      },
      "properties": {
        "内容": "バス停: 日立浜",
        "name": "日立浜",
        "operator": "事業者不明",
        "ref": "",
        "url": "",
        "url2": ""
      }
    },
    {
      "type": "Feature",
      "geometry": {
        "type": "Point",
        "coordinates": [
          141.9766805,
          39.648525
        ]
      },
      "properties": {
        "内容": "バス停: 浄土ヶ浜パークホテル入口",
        "name": "浄土ヶ浜パークホテル入口",
        "operator": "事業者不明",
        "ref": "",
        "url": "",
        "url2": ""
      }
    },
    {
      "type": "Feature",
      "geometry": {
        "type": "Point",
        "coordinates": [
          141.9709781,
          39.6470927
        ]
      },
      "properties": {
        "内容": "バス停: 日立浜",
        "name": "日立浜",
        "operator": "事業者不明",
        "ref": "",
        "url": "",
        "url2": ""
      }
    },
    {
      "type": "Feature",
      "geometry": {
        "type": "Point",
        "coordinates": [
          141.9368979,
          39.5797983
        ]
      },
      "properties": {
        "内容": "バス停: 名称不明バス停",
        "name": "名称不明バス停",
        "operator": "事業者不明",
        "ref": "",
        "url": "",
        "url2": ""
      }
    },
    {
      "type": "Feature",
      "geometry": {
        "type": "Point",
        "coordinates": [
          140.8292993,
          39.5179999
        ]
      },
      "properties": {
        "内容": "バス停: 大荒沢バス停留所",
        "name": "大荒沢バス停留所",
        "operator": "事業者不明",
        "ref": "",
        "url": "",
        "url2": ""
      }
    },
    {
      "type": "Feature",
      "geometry": {
        "type": "Point",
        "coordinates": [
          140.8276063,
          39.523699
        ]
      },
      "properties": {
        "内容": "バス停: 上大荒沢バス停留所",
        "name": "上大荒沢バス停留所",
        "operator": "事業者不明",
        "ref": "",
        "url": "",
        "url2": ""
      }
    },
    {
      "type": "Feature",
      "geometry": {
        "type": "Point",
        "coordinates": [
          140.8278014,
          39.5113008
        ]
      },
      "properties": {
        "内容": "バス停: 若畑バス停留所",
        "name": "若畑バス停留所",
        "operator": "事業者不明",
        "ref": "",
        "url": "",
        "url2": ""
      }
    },
    {
      "type": "Feature",
      "geometry": {
        "type": "Point",
        "coordinates": [
          140.8153668,
          39.4963376
        ]
      },
      "properties": {
        "内容": "バス停: 新山バス停留所",
        "name": "新山バス停留所",
        "operator": "事業者不明",
        "ref": "",
        "url": "",
        "url2": ""
      }
    },
    {
      "type": "Feature",
      "geometry": {
        "type": "Point",
        "coordinates": [
          140.8244964,
          39.5060937
        ]
      },
      "properties": {
        "内容": "バス停: 八ツ又バス停留所",
        "name": "八ツ又バス停留所",
        "operator": "事業者不明",
        "ref": "",
        "url": "",
        "url2": ""
      }
    },
    {
      "type": "Feature",
      "geometry": {
        "type": "Point",
        "coordinates": [
          140.8464511,
          39.5553952
        ]
      },
      "properties": {
        "内容": "バス停: 貝沢バス停留所",
        "name": "貝沢バス停留所",
        "operator": "事業者不明",
        "ref": "",
        "url": "",
        "url2": ""
      }
    },
    {
      "type": "Feature",
      "geometry": {
        "type": "Point",
        "coordinates": [
          140.8428819,
          39.5482635
        ]
      },
      "properties": {
        "内容": "バス停: 下貝沢バス停留所",
        "name": "下貝沢バス停留所",
        "operator": "事業者不明",
        "ref": "",
        "url": "",
        "url2": ""
      }
    },
    {
      "type": "Feature",
      "geometry": {
        "type": "Point",
        "coordinates": [
          140.8332599,
          39.532143
        ]
      },
      "properties": {
        "内容": "バス停: 大志田バス停留所",
        "name": "大志田バス停留所",
        "operator": "事業者不明",
        "ref": "",
        "url": "",
        "url2": ""
      }
    },
    {
      "type": "Feature",
      "geometry": {
        "type": "Point",
        "coordinates": [
          141.9677241,
          39.6486218
        ]
      },
      "properties": {
        "内容": "バス停: 名称不明バス停",
        "name": "名称不明バス停",
        "operator": "事業者不明",
        "ref": "",
        "url": "",
        "url2": ""
      }
    },
    {
      "type": "Feature",
      "geometry": {
        "type": "Point",
        "coordinates": [
          141.7179861,
          39.0718377
        ]
      },
      "properties": {
        "内容": "バス停: 地ノ森 (東日本旅客鉄道)",
        "name": "地ノ森",
        "operator": "東日本旅客鉄道",
        "ref": "",
        "url": "",
        "url2": "Q85878278"
      }
    },
    {
      "type": "Feature",
      "geometry": {
        "type": "Point",
        "coordinates": [
          141.7137043,
          39.0796375
        ]
      },
      "properties": {
        "内容": "バス停: 田茂山 (東日本旅客鉄道)",
        "name": "田茂山",
        "operator": "東日本旅客鉄道",
        "ref": "",
        "url": "",
        "url2": "Q85882464"
      }
    },
    {
      "type": "Feature",
      "geometry": {
        "type": "Point",
        "coordinates": [
          141.7133972,
          39.0800914
        ]
      },
      "properties": {
        "内容": "バス停: 田茂山 (東日本旅客鉄道)",
        "name": "田茂山",
        "operator": "東日本旅客鉄道",
        "ref": "",
        "url": "",
        "url2": "Q85882464"
      }
    },
    {
      "type": "Feature",
      "geometry": {
        "type": "Point",
        "coordinates": [
          141.7109378,
          39.085854
        ]
      },
      "properties": {
        "内容": "バス停: 盛 (東日本旅客鉄道)",
        "name": "盛",
        "operator": "東日本旅客鉄道",
        "ref": "",
        "url": "",
        "url2": "Q8190872"
      }
    },
    {
      "type": "Feature",
      "geometry": {
        "type": "Point",
        "coordinates": [
          141.7107602,
          39.085898
        ]
      },
      "properties": {
        "内容": "バス停: 盛 (東日本旅客鉄道)",
        "name": "盛",
        "operator": "東日本旅客鉄道",
        "ref": "",
        "url": "",
        "url2": "Q8190872"
      }
    },
    {
      "type": "Feature",
      "geometry": {
        "type": "Point",
        "coordinates": [
          141.7182504,
          39.0714063
        ]
      },
      "properties": {
        "内容": "バス停: 地ノ森 (東日本旅客鉄道)",
        "name": "地ノ森",
        "operator": "東日本旅客鉄道",
        "ref": "",
        "url": "",
        "url2": "Q85878278"
      }
    },
    {
      "type": "Feature",
      "geometry": {
        "type": "Point",
        "coordinates": [
          141.300084,
          40.2143738
        ]
      },
      "properties": {
        "内容": "バス停: 向町",
        "name": "向町",
        "operator": "事業者不明",
        "ref": "",
        "url": "",
        "url2": ""
      }
    },
    {
      "type": "Feature",
      "geometry": {
        "type": "Point",
        "coordinates": [
          141.3006352,
          40.2153569
        ]
      },
      "properties": {
        "内容": "バス停: 向町",
        "name": "向町",
        "operator": "事業者不明",
        "ref": "",
        "url": "",
        "url2": ""
      }
    },
    {
      "type": "Feature",
      "geometry": {
        "type": "Point",
        "coordinates": [
          141.3305494,
          40.2218941
        ]
      },
      "properties": {
        "内容": "バス停: 双畑 (岩手県北自動車)",
        "name": "双畑",
        "operator": "岩手県北自動車",
        "ref": "",
        "url": "",
        "url2": ""
      }
    },
    {
      "type": "Feature",
      "geometry": {
        "type": "Point",
        "coordinates": [
          141.3161015,
          40.2289268
        ]
      },
      "properties": {
        "内容": "バス停: 下楢山 (岩手県北自動車)",
        "name": "下楢山",
        "operator": "岩手県北自動車",
        "ref": "",
        "url": "",
        "url2": ""
      }
    },
    {
      "type": "Feature",
      "geometry": {
        "type": "Point",
        "coordinates": [
          141.3124992,
          40.2293758
        ]
      },
      "properties": {
        "内容": "バス停: 楢山口 (岩手県北自動車)",
        "name": "楢山口",
        "operator": "岩手県北自動車",
        "ref": "",
        "url": "",
        "url2": ""
      }
    },
    {
      "type": "Feature",
      "geometry": {
        "type": "Point",
        "coordinates": [
          141.3029988,
          40.2301366
        ]
      },
      "properties": {
        "内容": "バス停: 平船 (岩手県北自動車)",
        "name": "平船",
        "operator": "岩手県北自動車",
        "ref": "",
        "url": "",
        "url2": ""
      }
    },
    {
      "type": "Feature",
      "geometry": {
        "type": "Point",
        "coordinates": [
          141.294882,
          40.2249738
        ]
      },
      "properties": {
        "内容": "バス停: 伊保内口 (岩手県北自動車)",
        "name": "伊保内口",
        "operator": "岩手県北自動車",
        "ref": "",
        "url": "",
        "url2": ""
      }
    },
    {
      "type": "Feature",
      "geometry": {
        "type": "Point",
        "coordinates": [
          141.301154,
          40.218086
        ]
      },
      "properties": {
        "内容": "バス停: 一戸本町",
        "name": "一戸本町",
        "operator": "事業者不明",
        "ref": "",
        "url": "",
        "url2": ""
      }
    },
    {
      "type": "Feature",
      "geometry": {
        "type": "Point",
        "coordinates": [
          141.3008715,
          40.218235
        ]
      },
      "properties": {
        "内容": "バス停: 一戸本町",
        "name": "一戸本町",
        "operator": "事業者不明",
        "ref": "",
        "url": "",
        "url2": ""
      }
    },
    {
      "type": "Feature",
      "geometry": {
        "type": "Point",
        "coordinates": [
          141.7902628,
          39.8472027
        ]
      },
      "properties": {
        "内容": "バス停: 名称不明バス停",
        "name": "名称不明バス停",
        "operator": "事業者不明",
        "ref": "",
        "url": "",
        "url2": ""
      }
    },
    {
      "type": "Feature",
      "geometry": {
        "type": "Point",
        "coordinates": [
          141.7974783,
          39.8456853
        ]
      },
      "properties": {
        "内容": "バス停: 名称不明バス停",
        "name": "名称不明バス停",
        "operator": "事業者不明",
        "ref": "",
        "url": "",
        "url2": ""
      }
    },
    {
      "type": "Feature",
      "geometry": {
        "type": "Point",
        "coordinates": [
          141.7948955,
          39.8469911
        ]
      },
      "properties": {
        "内容": "バス停: 名称不明バス停",
        "name": "名称不明バス停",
        "operator": "事業者不明",
        "ref": "",
        "url": "",
        "url2": ""
      }
    },
    {
      "type": "Feature",
      "geometry": {
        "type": "Point",
        "coordinates": [
          141.8106966,
          39.8439282
        ]
      },
      "properties": {
        "内容": "バス停: 名称不明バス停",
        "name": "名称不明バス停",
        "operator": "事業者不明",
        "ref": "",
        "url": "",
        "url2": ""
      }
    },
    {
      "type": "Feature",
      "geometry": {
        "type": "Point",
        "coordinates": [
          141.8559972,
          39.8396038
        ]
      },
      "properties": {
        "内容": "バス停: 名称不明バス停",
        "name": "名称不明バス停",
        "operator": "事業者不明",
        "ref": "",
        "url": "",
        "url2": ""
      }
    },
    {
      "type": "Feature",
      "geometry": {
        "type": "Point",
        "coordinates": [
          141.8036662,
          39.8490305
        ]
      },
      "properties": {
        "内容": "バス停: 名称不明バス停",
        "name": "名称不明バス停",
        "operator": "事業者不明",
        "ref": "",
        "url": "",
        "url2": ""
      }
    },
    {
      "type": "Feature",
      "geometry": {
        "type": "Point",
        "coordinates": [
          141.8158794,
          39.8482387
        ]
      },
      "properties": {
        "内容": "バス停: 名称不明バス停",
        "name": "名称不明バス停",
        "operator": "事業者不明",
        "ref": "",
        "url": "",
        "url2": ""
      }
    },
    {
      "type": "Feature",
      "geometry": {
        "type": "Point",
        "coordinates": [
          141.1906823,
          39.6965178
        ]
      },
      "properties": {
        "内容": "バス停: 名称不明バス停",
        "name": "名称不明バス停",
        "operator": "事業者不明",
        "ref": "",
        "url": "",
        "url2": ""
      }
    },
    {
      "type": "Feature",
      "geometry": {
        "type": "Point",
        "coordinates": [
          141.1416862,
          39.7168904
        ]
      },
      "properties": {
        "内容": "バス停: 上田二丁目",
        "name": "上田二丁目",
        "operator": "事業者不明",
        "ref": "",
        "url": "",
        "url2": ""
      }
    },
    {
      "type": "Feature",
      "geometry": {
        "type": "Point",
        "coordinates": [
          141.3472392,
          38.9237984
        ]
      },
      "properties": {
        "内容": "バス停: 千厩駅口 (岩手県交通)",
        "name": "千厩駅口",
        "operator": "岩手県交通",
        "ref": "",
        "url": "",
        "url2": ""
      }
    },
    {
      "type": "Feature",
      "geometry": {
        "type": "Point",
        "coordinates": [
          141.3424418,
          38.9233965
        ]
      },
      "properties": {
        "内容": "バス停: 千厩駅通り (岩手県交通)",
        "name": "千厩駅通り",
        "operator": "岩手県交通",
        "ref": "",
        "url": "",
        "url2": ""
      }
    },
    {
      "type": "Feature",
      "geometry": {
        "type": "Point",
        "coordinates": [
          141.3471052,
          38.9238559
        ]
      },
      "properties": {
        "内容": "バス停: 千厩駅口 (岩手県交通)",
        "name": "千厩駅口",
        "operator": "岩手県交通",
        "ref": "",
        "url": "",
        "url2": ""
      }
    },
    {
      "type": "Feature",
      "geometry": {
        "type": "Point",
        "coordinates": [
          141.3449037,
          38.9240883
        ]
      },
      "properties": {
        "内容": "バス停: 千厩駅前 (岩手県交通)",
        "name": "千厩駅前",
        "operator": "岩手県交通",
        "ref": "",
        "url": "",
        "url2": ""
      }
    },
    {
      "type": "Feature",
      "geometry": {
        "type": "Point",
        "coordinates": [
          141.340567,
          38.922485
        ]
      },
      "properties": {
        "内容": "バス停: 構井田 (岩手県交通)",
        "name": "構井田",
        "operator": "岩手県交通",
        "ref": "",
        "url": "",
        "url2": ""
      }
    },
    {
      "type": "Feature",
      "geometry": {
        "type": "Point",
        "coordinates": [
          141.3380331,
          38.9188308
        ]
      },
      "properties": {
        "内容": "バス停: 千厩体育館入口 (岩手県交通)",
        "name": "千厩体育館入口",
        "operator": "岩手県交通",
        "ref": "",
        "url": "",
        "url2": ""
      }
    },
    {
      "type": "Feature",
      "geometry": {
        "type": "Point",
        "coordinates": [
          141.3355167,
          38.9171587
        ]
      },
      "properties": {
        "内容": "バス停: 館山 (岩手県交通)",
        "name": "館山",
        "operator": "岩手県交通",
        "ref": "",
        "url": "",
        "url2": ""
      }
    },
    {
      "type": "Feature",
      "geometry": {
        "type": "Point",
        "coordinates": [
          141.3335131,
          38.9159913
        ]
      },
      "properties": {
        "内容": "バス停: 館山下 (岩手県交通)",
        "name": "館山下",
        "operator": "岩手県交通",
        "ref": "",
        "url": "",
        "url2": ""
      }
    },
    {
      "type": "Feature",
      "geometry": {
        "type": "Point",
        "coordinates": [
          141.3358059,
          38.9171666
        ]
      },
      "properties": {
        "内容": "バス停: 館山 (岩手県交通)",
        "name": "館山",
        "operator": "岩手県交通",
        "ref": "",
        "url": "",
        "url2": ""
      }
    },
    {
      "type": "Feature",
      "geometry": {
        "type": "Point",
        "coordinates": [
          141.3335444,
          38.9161456
        ]
      },
      "properties": {
        "内容": "バス停: 館山下 (岩手県交通)",
        "name": "館山下",
        "operator": "岩手県交通",
        "ref": "",
        "url": "",
        "url2": ""
      }
    },
    {
      "type": "Feature",
      "geometry": {
        "type": "Point",
        "coordinates": [
          141.345189,
          38.9242748
        ]
      },
      "properties": {
        "内容": "バス停: 千厩駅前 (岩手県交通)",
        "name": "千厩駅前",
        "operator": "岩手県交通",
        "ref": "",
        "url": "",
        "url2": ""
      }
    },
    {
      "type": "Feature",
      "geometry": {
        "type": "Point",
        "coordinates": [
          141.6134267,
          39.0043283
        ]
      },
      "properties": {
        "内容": "バス停: 陸前今泉 (東日本旅客鉄道)",
        "name": "陸前今泉",
        "operator": "東日本旅客鉄道",
        "ref": "",
        "url": "",
        "url2": "Q85884362"
      }
    },
    {
      "type": "Feature",
      "geometry": {
        "type": "Point",
        "coordinates": [
          141.6133674,
          39.0041597
        ]
      },
      "properties": {
        "内容": "バス停: 陸前今泉 (東日本旅客鉄道)",
        "name": "陸前今泉",
        "operator": "東日本旅客鉄道",
        "ref": "",
        "url": "",
        "url2": "Q85884362"
      }
    },
    {
      "type": "Feature",
      "geometry": {
        "type": "Point",
        "coordinates": [
          141.3270126,
          38.9109691
        ]
      },
      "properties": {
        "内容": "バス停: 雇用促進住宅前 (岩手県交通)",
        "name": "雇用促進住宅前",
        "operator": "岩手県交通",
        "ref": "",
        "url": "",
        "url2": ""
      }
    },
    {
      "type": "Feature",
      "geometry": {
        "type": "Point",
        "coordinates": [
          141.3306644,
          38.9159434
        ]
      },
      "properties": {
        "内容": "バス停: 久伝橋 (岩手県交通)",
        "name": "久伝橋",
        "operator": "岩手県交通",
        "ref": "",
        "url": "",
        "url2": ""
      }
    },
    {
      "type": "Feature",
      "geometry": {
        "type": "Point",
        "coordinates": [
          141.3268931,
          38.9109964
        ]
      },
      "properties": {
        "内容": "バス停: 雇用促進住宅前 (岩手県交通)",
        "name": "雇用促進住宅前",
        "operator": "岩手県交通",
        "ref": "",
        "url": "",
        "url2": ""
      }
    },
    {
      "type": "Feature",
      "geometry": {
        "type": "Point",
        "coordinates": [
          141.327283,
          38.9129508
        ]
      },
      "properties": {
        "内容": "バス停: 梅田 (岩手県交通)",
        "name": "梅田",
        "operator": "岩手県交通",
        "ref": "",
        "url": "",
        "url2": ""
      }
    },
    {
      "type": "Feature",
      "geometry": {
        "type": "Point",
        "coordinates": [
          141.6150141,
          39.0065077
        ]
      },
      "properties": {
        "内容": "バス停: 今泉団地前 (陸前高田市コミュニティバス)",
        "name": "今泉団地前",
        "operator": "陸前高田市コミュニティバス",
        "ref": "",
        "url": "",
        "url2": ""
      }
    },
    {
      "type": "Feature",
      "geometry": {
        "type": "Point",
        "coordinates": [
          141.6157886,
          39.000651
        ]
      },
      "properties": {
        "内容": "バス停: 気仙小学校前 (陸前高田市コミュニティバス)",
        "name": "気仙小学校前",
        "operator": "陸前高田市コミュニティバス",
        "ref": "",
        "url": "",
        "url2": ""
      }
    },
    {
      "type": "Feature",
      "geometry": {
        "type": "Point",
        "coordinates": [
          141.6183238,
          38.9993462
        ]
      },
      "properties": {
        "内容": "バス停: 長部団地前 (陸前高田市コミュニティバス)",
        "name": "長部団地前",
        "operator": "陸前高田市コミュニティバス",
        "ref": "",
        "url": "",
        "url2": ""
      }
    },
    {
      "type": "Feature",
      "geometry": {
        "type": "Point",
        "coordinates": [
          141.3262672,
          38.9078296
        ]
      },
      "properties": {
        "内容": "バス停: 西子田工業団地入口 (岩手県交通)",
        "name": "西子田工業団地入口",
        "operator": "岩手県交通",
        "ref": "",
        "url": "",
        "url2": ""
      }
    },
    {
      "type": "Feature",
      "geometry": {
        "type": "Point",
        "coordinates": [
          141.3402775,
          38.9203809
        ]
      },
      "properties": {
        "内容": "バス停: 千厩高校前 (岩手県交通)",
        "name": "千厩高校前",
        "operator": "岩手県交通",
        "ref": "",
        "url": "",
        "url2": ""
      }
    },
    {
      "type": "Feature",
      "geometry": {
        "type": "Point",
        "coordinates": [
          141.3401673,
          38.9204689
        ]
      },
      "properties": {
        "内容": "バス停: 千厩高校前 (岩手県交通)",
        "name": "千厩高校前",
        "operator": "岩手県交通",
        "ref": "",
        "url": "",
        "url2": ""
      }
    },
    {
      "type": "Feature",
      "geometry": {
        "type": "Point",
        "coordinates": [
          141.3427412,
          38.9236509
        ]
      },
      "properties": {
        "内容": "バス停: 千厩駅通り",
        "name": "千厩駅通り",
        "operator": "事業者不明",
        "ref": "",
        "url": "",
        "url2": ""
      }
    },
    {
      "type": "Feature",
      "geometry": {
        "type": "Point",
        "coordinates": [
          141.339794,
          38.9218221
        ]
      },
      "properties": {
        "内容": "バス停: 構井田 (岩手県交通)",
        "name": "構井田",
        "operator": "岩手県交通",
        "ref": "",
        "url": "",
        "url2": ""
      }
    },
    {
      "type": "Feature",
      "geometry": {
        "type": "Point",
        "coordinates": [
          141.3384694,
          38.9189755
        ]
      },
      "properties": {
        "内容": "バス停: 千厩体育館入口 (岩手県交通)",
        "name": "千厩体育館入口",
        "operator": "岩手県交通",
        "ref": "",
        "url": "",
        "url2": ""
      }
    },
    {
      "type": "Feature",
      "geometry": {
        "type": "Point",
        "coordinates": [
          141.3352556,
          38.9196795
        ]
      },
      "properties": {
        "内容": "バス停: 本町 (岩手県交通)",
        "name": "本町",
        "operator": "岩手県交通",
        "ref": "",
        "url": "",
        "url2": ""
      }
    },
    {
      "type": "Feature",
      "geometry": {
        "type": "Point",
        "coordinates": [
          141.3347642,
          38.9194201
        ]
      },
      "properties": {
        "内容": "バス停: 本町 (岩手県交通)",
        "name": "本町",
        "operator": "岩手県交通",
        "ref": "",
        "url": "",
        "url2": ""
      }
    },
    {
      "type": "Feature",
      "geometry": {
        "type": "Point",
        "coordinates": [
          141.3316212,
          38.9175844
        ]
      },
      "properties": {
        "内容": "バス停: 一関市役所 千厩支所入口 (岩手県交通)",
        "name": "一関市役所 千厩支所入口",
        "operator": "岩手県交通",
        "ref": "",
        "url": "",
        "url2": ""
      }
    },
    {
      "type": "Feature",
      "geometry": {
        "type": "Point",
        "coordinates": [
          141.3314269,
          38.9174195
        ]
      },
      "properties": {
        "内容": "バス停: 一関市役所 千厩支所入口 (岩手県交通)",
        "name": "一関市役所 千厩支所入口",
        "operator": "岩手県交通",
        "ref": "",
        "url": "",
        "url2": ""
      }
    },
    {
      "type": "Feature",
      "geometry": {
        "type": "Point",
        "coordinates": [
          141.3307645,
          38.9160135
        ]
      },
      "properties": {
        "内容": "バス停: 久伝橋 (岩手県交通)",
        "name": "久伝橋",
        "operator": "岩手県交通",
        "ref": "",
        "url": "",
        "url2": ""
      }
    },
    {
      "type": "Feature",
      "geometry": {
        "type": "Point",
        "coordinates": [
          141.3291717,
          38.9155508
        ]
      },
      "properties": {
        "内容": "バス停: 片倉前 (岩手県交通)",
        "name": "片倉前",
        "operator": "岩手県交通",
        "ref": "",
        "url": "",
        "url2": ""
      }
    },
    {
      "type": "Feature",
      "geometry": {
        "type": "Point",
        "coordinates": [
          141.329249,
          38.9155083
        ]
      },
      "properties": {
        "内容": "バス停: 片倉前 (岩手県交通)",
        "name": "片倉前",
        "operator": "岩手県交通",
        "ref": "",
        "url": "",
        "url2": ""
      }
    },
    {
      "type": "Feature",
      "geometry": {
        "type": "Point",
        "coordinates": [
          141.3262765,
          38.9074563
        ]
      },
      "properties": {
        "内容": "バス停: 西子田工業団地入口 (岩手県交通)",
        "name": "西子田工業団地入口",
        "operator": "岩手県交通",
        "ref": "",
        "url": "",
        "url2": ""
      }
    },
    {
      "type": "Feature",
      "geometry": {
        "type": "Point",
        "coordinates": [
          141.6891003,
          39.0010039
        ]
      },
      "properties": {
        "内容": "バス停: 西下",
        "name": "西下",
        "operator": "事業者不明",
        "ref": "",
        "url": "",
        "url2": "Q60988308"
      }
    },
    {
      "type": "Feature",
      "geometry": {
        "type": "Point",
        "coordinates": [
          141.688993,
          39.0009413
        ]
      },
      "properties": {
        "内容": "バス停: 西下",
        "name": "西下",
        "operator": "事業者不明",
        "ref": "",
        "url": "",
        "url2": "Q60988308"
      }
    },
    {
      "type": "Feature",
      "geometry": {
        "type": "Point",
        "coordinates": [
          141.1714904,
          39.7120417
        ]
      },
      "properties": {
        "内容": "バス停: 田神松 (岩手県交通)",
        "name": "田神松",
        "operator": "岩手県交通",
        "ref": "",
        "url": "",
        "url2": ""
      }
    },
    {
      "type": "Feature",
      "geometry": {
        "type": "Point",
        "coordinates": [
          141.1713375,
          39.7120667
        ]
      },
      "properties": {
        "内容": "バス停: 田神松 (岩手県交通)",
        "name": "田神松",
        "operator": "岩手県交通",
        "ref": "",
        "url": "",
        "url2": ""
      }
    },
    {
      "type": "Feature",
      "geometry": {
        "type": "Point",
        "coordinates": [
          141.1741973,
          39.7129607
        ]
      },
      "properties": {
        "内容": "バス停: 浅岸 (岩手県交通)",
        "name": "浅岸",
        "operator": "岩手県交通",
        "ref": "",
        "url": "",
        "url2": ""
      }
    },
    {
      "type": "Feature",
      "geometry": {
        "type": "Point",
        "coordinates": [
          141.1743462,
          39.7130811
        ]
      },
      "properties": {
        "内容": "バス停: 浅岸 (岩手県交通)",
        "name": "浅岸",
        "operator": "岩手県交通",
        "ref": "",
        "url": "",
        "url2": ""
      }
    },
    {
      "type": "Feature",
      "geometry": {
        "type": "Point",
        "coordinates": [
          141.1754148,
          39.7139782
        ]
      },
      "properties": {
        "内容": "バス停: 浅岸橋 (岩手県交通)",
        "name": "浅岸橋",
        "operator": "岩手県交通",
        "ref": "",
        "url": "",
        "url2": ""
      }
    },
    {
      "type": "Feature",
      "geometry": {
        "type": "Point",
        "coordinates": [
          141.1783785,
          39.714951
        ]
      },
      "properties": {
        "内容": "バス停: 中津川ニュータウン前 (岩手県交通)",
        "name": "中津川ニュータウン前",
        "operator": "岩手県交通",
        "ref": "",
        "url": "",
        "url2": ""
      }
    },
    {
      "type": "Feature",
      "geometry": {
        "type": "Point",
        "coordinates": [
          141.1812945,
          39.7157027
        ]
      },
      "properties": {
        "内容": "バス停: 落合 (岩手県交通)",
        "name": "落合",
        "operator": "岩手県交通",
        "ref": "",
        "url": "",
        "url2": ""
      }
    },
    {
      "type": "Feature",
      "geometry": {
        "type": "Point",
        "coordinates": [
          141.1822377,
          39.715169
        ]
      },
      "properties": {
        "内容": "バス停: 落合橋 (岩手県交通)",
        "name": "落合橋",
        "operator": "岩手県交通",
        "ref": "",
        "url": "",
        "url2": ""
      }
    },
    {
      "type": "Feature",
      "geometry": {
        "type": "Point",
        "coordinates": [
          141.1805135,
          39.7132347
        ]
      },
      "properties": {
        "内容": "バス停: 水道橋 (岩手県交通)",
        "name": "水道橋",
        "operator": "岩手県交通",
        "ref": "",
        "url": "",
        "url2": ""
      }
    },
    {
      "type": "Feature",
      "geometry": {
        "type": "Point",
        "coordinates": [
          141.1772322,
          39.7130407
        ]
      },
      "properties": {
        "内容": "バス停: 浅岸公民館前 (岩手県交通)",
        "name": "浅岸公民館前",
        "operator": "岩手県交通",
        "ref": "",
        "url": "",
        "url2": ""
      }
    },
    {
      "type": "Feature",
      "geometry": {
        "type": "Point",
        "coordinates": [
          141.1751116,
          39.7068386
        ]
      },
      "properties": {
        "内容": "バス停: 新庄浄水場 (岩手県交通)",
        "name": "新庄浄水場",
        "operator": "岩手県交通",
        "ref": "",
        "url": "",
        "url2": ""
      }
    },
    {
      "type": "Feature",
      "geometry": {
        "type": "Point",
        "coordinates": [
          141.1751411,
          39.706745
        ]
      },
      "properties": {
        "内容": "バス停: 新庄浄水場 (岩手県交通)",
        "name": "新庄浄水場",
        "operator": "岩手県交通",
        "ref": "",
        "url": "",
        "url2": ""
      }
    },
    {
      "type": "Feature",
      "geometry": {
        "type": "Point",
        "coordinates": [
          141.180683,
          39.7072423
        ]
      },
      "properties": {
        "内容": "バス停: つつじヶ丘団地 (岩手県交通)",
        "name": "つつじヶ丘団地",
        "operator": "岩手県交通",
        "ref": "",
        "url": "",
        "url2": ""
      }
    },
    {
      "type": "Feature",
      "geometry": {
        "type": "Point",
        "coordinates": [
          141.1721214,
          39.7047142
        ]
      },
      "properties": {
        "内容": "バス停: 新庄 (岩手県交通)",
        "name": "新庄",
        "operator": "岩手県交通",
        "ref": "",
        "url": "",
        "url2": ""
      }
    },
    {
      "type": "Feature",
      "geometry": {
        "type": "Point",
        "coordinates": [
          141.1723442,
          39.7046417
        ]
      },
      "properties": {
        "内容": "バス停: 新庄 (岩手県交通)",
        "name": "新庄",
        "operator": "岩手県交通",
        "ref": "",
        "url": "",
        "url2": ""
      }
    },
    {
      "type": "Feature",
      "geometry": {
        "type": "Point",
        "coordinates": [
          141.1668716,
          39.7069901
        ]
      },
      "properties": {
        "内容": "バス停: 附属中学校前",
        "name": "附属中学校前",
        "operator": "事業者不明",
        "ref": "",
        "url": "",
        "url2": ""
      }
    },
    {
      "type": "Feature",
      "geometry": {
        "type": "Point",
        "coordinates": [
          141.1669006,
          39.7067301
        ]
      },
      "properties": {
        "内容": "バス停: 附属中学校前",
        "name": "附属中学校前",
        "operator": "事業者不明",
        "ref": "",
        "url": "",
        "url2": ""
      }
    },
    {
      "type": "Feature",
      "geometry": {
        "type": "Point",
        "coordinates": [
          141.1661657,
          39.7054369
        ]
      },
      "properties": {
        "内容": "バス停: 附属小学校前",
        "name": "附属小学校前",
        "operator": "事業者不明",
        "ref": "",
        "url": "",
        "url2": ""
      }
    },
    {
      "type": "Feature",
      "geometry": {
        "type": "Point",
        "coordinates": [
          141.1661541,
          39.7051893
        ]
      },
      "properties": {
        "内容": "バス停: 名称不明バス停",
        "name": "名称不明バス停",
        "operator": "事業者不明",
        "ref": "",
        "url": "",
        "url2": ""
      }
    },
    {
      "type": "Feature",
      "geometry": {
        "type": "Point",
        "coordinates": [
          141.1675837,
          39.7089992
        ]
      },
      "properties": {
        "内容": "バス停: 加賀野公民館前 (岩手県交通)",
        "name": "加賀野公民館前",
        "operator": "岩手県交通",
        "ref": "",
        "url": "",
        "url2": ""
      }
    },
    {
      "type": "Feature",
      "geometry": {
        "type": "Point",
        "coordinates": [
          141.1677358,
          39.7089971
        ]
      },
      "properties": {
        "内容": "バス停: 加賀野公民館前 (岩手県交通)",
        "name": "加賀野公民館前",
        "operator": "岩手県交通",
        "ref": "",
        "url": "",
        "url2": ""
      }
    },
    {
      "type": "Feature",
      "geometry": {
        "type": "Point",
        "coordinates": [
          141.1366301,
          39.7020694
        ]
      },
      "properties": {
        "内容": "バス停: 盛岡駅前",
        "name": "盛岡駅前",
        "operator": "事業者不明",
        "ref": "",
        "url": "",
        "url2": ""
      }
    },
    {
      "type": "Feature",
      "geometry": {
        "type": "Point",
        "coordinates": [
          141.1365049,
          39.7021664
        ]
      },
      "properties": {
        "内容": "バス停: 盛岡駅前",
        "name": "盛岡駅前",
        "operator": "事業者不明",
        "ref": "",
        "url": "",
        "url2": ""
      }
    },
    {
      "type": "Feature",
      "geometry": {
        "type": "Point",
        "coordinates": [
          141.1363834,
          39.7022778
        ]
      },
      "properties": {
        "内容": "バス停: 盛岡駅前",
        "name": "盛岡駅前",
        "operator": "事業者不明",
        "ref": "",
        "url": "",
        "url2": ""
      }
    },
    {
      "type": "Feature",
      "geometry": {
        "type": "Point",
        "coordinates": [
          141.1365175,
          39.7019187
        ]
      },
      "properties": {
        "内容": "バス停: 盛岡駅前",
        "name": "盛岡駅前",
        "operator": "事業者不明",
        "ref": "",
        "url": "",
        "url2": ""
      }
    },
    {
      "type": "Feature",
      "geometry": {
        "type": "Point",
        "coordinates": [
          141.1367681,
          39.7018601
        ]
      },
      "properties": {
        "内容": "バス停: 盛岡駅前",
        "name": "盛岡駅前",
        "operator": "事業者不明",
        "ref": "DD1",
        "url": "",
        "url2": ""
      }
    },
    {
      "type": "Feature",
      "geometry": {
        "type": "Point",
        "coordinates": [
          141.1368402,
          39.7019096
        ]
      },
      "properties": {
        "内容": "バス停: 盛岡駅前",
        "name": "盛岡駅前",
        "operator": "事業者不明",
        "ref": "DD1",
        "url": "",
        "url2": ""
      }
    },
    {
      "type": "Feature",
      "geometry": {
        "type": "Point",
        "coordinates": [
          141.182476,
          39.7063166
        ]
      },
      "properties": {
        "内容": "バス停: 県営つつじヶ丘アパート前 (岩手県交通)",
        "name": "県営つつじヶ丘アパート前",
        "operator": "岩手県交通",
        "ref": "",
        "url": "",
        "url2": ""
      }
    },
    {
      "type": "Feature",
      "geometry": {
        "type": "Point",
        "coordinates": [
          141.1842463,
          39.7067335
        ]
      },
      "properties": {
        "内容": "バス停: 市営つつじヶ丘住宅前 (岩手県交通)",
        "name": "市営つつじヶ丘住宅前",
        "operator": "岩手県交通",
        "ref": "",
        "url": "",
        "url2": ""
      }
    },
    {
      "type": "Feature",
      "geometry": {
        "type": "Point",
        "coordinates": [
          141.1831005,
          39.7074705
        ]
      },
      "properties": {
        "内容": "バス停: つつじヶ丘幼児公園東 (岩手県交通)",
        "name": "つつじヶ丘幼児公園東",
        "operator": "岩手県交通",
        "ref": "",
        "url": "",
        "url2": ""
      }
    },
    {
      "type": "Feature",
      "geometry": {
        "type": "Point",
        "coordinates": [
          141.181531,
          39.7082577
        ]
      },
      "properties": {
        "内容": "バス停: つつじヶ丘幼児公園西 (岩手県交通)",
        "name": "つつじヶ丘幼児公園西",
        "operator": "岩手県交通",
        "ref": "",
        "url": "",
        "url2": ""
      }
    },
    {
      "type": "Feature",
      "geometry": {
        "type": "Point",
        "coordinates": [
          141.1802811,
          39.7081566
        ]
      },
      "properties": {
        "内容": "バス停: 東桜山 (岩手県交通)",
        "name": "東桜山",
        "operator": "岩手県交通",
        "ref": "",
        "url": "",
        "url2": ""
      }
    },
    {
      "type": "Feature",
      "geometry": {
        "type": "Point",
        "coordinates": [
          141.1805274,
          39.7092034
        ]
      },
      "properties": {
        "内容": "バス停: つつじヶ丘公民館裏通り (岩手県交通)",
        "name": "つつじヶ丘公民館裏通り",
        "operator": "岩手県交通",
        "ref": "",
        "url": "",
        "url2": ""
      }
    },
    {
      "type": "Feature",
      "geometry": {
        "type": "Point",
        "coordinates": [
          141.1643216,
          39.7030696
        ]
      },
      "properties": {
        "内容": "バス停: 天満宮前",
        "name": "天満宮前",
        "operator": "事業者不明",
        "ref": "",
        "url": "",
        "url2": ""
      }
    },
    {
      "type": "Feature",
      "geometry": {
        "type": "Point",
        "coordinates": [
          141.164481,
          39.7031081
        ]
      },
      "properties": {
        "内容": "バス停: 天満宮前",
        "name": "天満宮前",
        "operator": "事業者不明",
        "ref": "",
        "url": "",
        "url2": ""
      }
    },
    {
      "type": "Feature",
      "geometry": {
        "type": "Point",
        "coordinates": [
          141.1597326,
          39.704338
        ]
      },
      "properties": {
        "内容": "バス停: 上の橋町",
        "name": "上の橋町",
        "operator": "事業者不明",
        "ref": "",
        "url": "",
        "url2": ""
      }
    },
    {
      "type": "Feature",
      "geometry": {
        "type": "Point",
        "coordinates": [
          141.159356,
          39.704342
        ]
      },
      "properties": {
        "内容": "バス停: 上の橋町",
        "name": "上の橋町",
        "operator": "事業者不明",
        "ref": "",
        "url": "",
        "url2": ""
      }
    },
    {
      "type": "Feature",
      "geometry": {
        "type": "Point",
        "coordinates": [
          141.1565337,
          39.7031074
        ]
      },
      "properties": {
        "内容": "バス停: 紺屋町",
        "name": "紺屋町",
        "operator": "事業者不明",
        "ref": "",
        "url": "",
        "url2": ""
      }
    },
    {
      "type": "Feature",
      "geometry": {
        "type": "Point",
        "coordinates": [
          141.156936,
          39.7040594
        ]
      },
      "properties": {
        "内容": "バス停: 紺屋町",
        "name": "紺屋町",
        "operator": "事業者不明",
        "ref": "",
        "url": "",
        "url2": ""
      }
    },
    {
      "type": "Feature",
      "geometry": {
        "type": "Point",
        "coordinates": [
          141.1548269,
          39.6997368
        ]
      },
      "properties": {
        "内容": "バス停: みずほ銀行・青春館前",
        "name": "みずほ銀行・青春館前",
        "operator": "事業者不明",
        "ref": "",
        "url": "",
        "url2": ""
      }
    },
    {
      "type": "Feature",
      "geometry": {
        "type": "Point",
        "coordinates": [
          141.154522,
          39.699569
        ]
      },
      "properties": {
        "内容": "バス停: みずほ銀行・青春館前",
        "name": "みずほ銀行・青春館前",
        "operator": "事業者不明",
        "ref": "",
        "url": "",
        "url2": ""
      }
    },
    {
      "type": "Feature",
      "geometry": {
        "type": "Point",
        "coordinates": [
          141.1532569,
          39.6979644
        ]
      },
      "properties": {
        "内容": "バス停: 栃内病院前",
        "name": "栃内病院前",
        "operator": "事業者不明",
        "ref": "",
        "url": "",
        "url2": ""
      }
    },
    {
      "type": "Feature",
      "geometry": {
        "type": "Point",
        "coordinates": [
          141.153395,
          39.698297
        ]
      },
      "properties": {
        "内容": "バス停: 栃内病院前",
        "name": "栃内病院前",
        "operator": "事業者不明",
        "ref": "",
        "url": "",
        "url2": ""
      }
    },
    {
      "type": "Feature",
      "geometry": {
        "type": "Point",
        "coordinates": [
          141.1507928,
          39.6968699
        ]
      },
      "properties": {
        "内容": "バス停: 下の橋町",
        "name": "下の橋町",
        "operator": "事業者不明",
        "ref": "",
        "url": "",
        "url2": ""
      }
    },
    {
      "type": "Feature",
      "geometry": {
        "type": "Point",
        "coordinates": [
          141.1517486,
          39.698403
        ]
      },
      "properties": {
        "内容": "バス停: 下の橋町",
        "name": "下の橋町",
        "operator": "事業者不明",
        "ref": "",
        "url": "",
        "url2": ""
      }
    },
    {
      "type": "Feature",
      "geometry": {
        "type": "Point",
        "coordinates": [
          141.147216,
          39.7010137
        ]
      },
      "properties": {
        "内容": "バス停: 菜園川徳前",
        "name": "菜園川徳前",
        "operator": "事業者不明",
        "ref": "",
        "url": "",
        "url2": ""
      }
    },
    {
      "type": "Feature",
      "geometry": {
        "type": "Point",
        "coordinates": [
          141.1472756,
          39.701178
        ]
      },
      "properties": {
        "内容": "バス停: 菜園川徳前",
        "name": "菜園川徳前",
        "operator": "事業者不明",
        "ref": "",
        "url": "",
        "url2": ""
      }
    },
    {
      "type": "Feature",
      "geometry": {
        "type": "Point",
        "coordinates": [
          141.1446086,
          39.7017324
        ]
      },
      "properties": {
        "内容": "バス停: 柳新道",
        "name": "柳新道",
        "operator": "事業者不明",
        "ref": "",
        "url": "",
        "url2": ""
      }
    },
    {
      "type": "Feature",
      "geometry": {
        "type": "Point",
        "coordinates": [
          141.1447382,
          39.7015865
        ]
      },
      "properties": {
        "内容": "バス停: 柳新道",
        "name": "柳新道",
        "operator": "事業者不明",
        "ref": "",
        "url": "",
        "url2": ""
      }
    },
    {
      "type": "Feature",
      "geometry": {
        "type": "Point",
        "coordinates": [
          141.1602181,
          39.7038496
        ]
      },
      "properties": {
        "内容": "バス停: 若園町",
        "name": "若園町",
        "operator": "事業者不明",
        "ref": "",
        "url": "",
        "url2": ""
      }
    },
    {
      "type": "Feature",
      "geometry": {
        "type": "Point",
        "coordinates": [
          141.1602852,
          39.7036708
        ]
      },
      "properties": {
        "内容": "バス停: 若園町",
        "name": "若園町",
        "operator": "事業者不明",
        "ref": "",
        "url": "",
        "url2": ""
      }
    },
    {
      "type": "Feature",
      "geometry": {
        "type": "Point",
        "coordinates": [
          141.1581308,
          39.7004839
        ]
      },
      "properties": {
        "内容": "バス停: 盛岡バスセンター",
        "name": "盛岡バスセンター",
        "operator": "事業者不明",
        "ref": "DD13",
        "url": "",
        "url2": ""
      }
    },
    {
      "type": "Feature",
      "geometry": {
        "type": "Point",
        "coordinates": [
          141.1581201,
          39.7001875
        ]
      },
      "properties": {
        "内容": "バス停: 盛岡バスセンター (岩手県交通)",
        "name": "盛岡バスセンター",
        "operator": "岩手県交通",
        "ref": "DD13",
        "url": "",
        "url2": ""
      }
    },
    {
      "type": "Feature",
      "geometry": {
        "type": "Point",
        "coordinates": [
          141.1561768,
          39.6998097
        ]
      },
      "properties": {
        "内容": "バス停: 盛岡バスセンター",
        "name": "盛岡バスセンター",
        "operator": "事業者不明",
        "ref": "DD14",
        "url": "",
        "url2": ""
      }
    },
    {
      "type": "Feature",
      "geometry": {
        "type": "Point",
        "coordinates": [
          141.1563108,
          39.6997438
        ]
      },
      "properties": {
        "内容": "バス停: 盛岡バスセンター",
        "name": "盛岡バスセンター",
        "operator": "事業者不明",
        "ref": "",
        "url": "",
        "url2": ""
      }
    },
    {
      "type": "Feature",
      "geometry": {
        "type": "Point",
        "coordinates": [
          141.1529901,
          39.7026484
        ]
      },
      "properties": {
        "内容": "バス停: 県庁・市役所前",
        "name": "県庁・市役所前",
        "operator": "事業者不明",
        "ref": "DD15",
        "url": "",
        "url2": ""
      }
    },
    {
      "type": "Feature",
      "geometry": {
        "type": "Point",
        "coordinates": [
          141.1413014,
          39.7029496
        ]
      },
      "properties": {
        "内容": "バス停: 開運橋",
        "name": "開運橋",
        "operator": "事業者不明",
        "ref": "",
        "url": "",
        "url2": ""
      }
    },
    {
      "type": "Feature",
      "geometry": {
        "type": "Point",
        "coordinates": [
          141.1559244,
          39.7053717
        ]
      },
      "properties": {
        "内容": "バス停: 上の橋",
        "name": "上の橋",
        "operator": "事業者不明",
        "ref": "",
        "url": "",
        "url2": ""
      }
    },
    {
      "type": "Feature",
      "geometry": {
        "type": "Point",
        "coordinates": [
          141.1556892,
          39.7052897
        ]
      },
      "properties": {
        "内容": "バス停: 上の橋",
        "name": "上の橋",
        "operator": "事業者不明",
        "ref": "",
        "url": "",
        "url2": ""
      }
    },
    {
      "type": "Feature",
      "geometry": {
        "type": "Point",
        "coordinates": [
          141.152225,
          39.7063895
        ]
      },
      "properties": {
        "内容": "バス停: 本町通一丁目",
        "name": "本町通一丁目",
        "operator": "事業者不明",
        "ref": "",
        "url": "",
        "url2": ""
      }
    },
    {
      "type": "Feature",
      "geometry": {
        "type": "Point",
        "coordinates": [
          141.1532791,
          39.7060129
        ]
      },
      "properties": {
        "内容": "バス停: 本町通一丁目",
        "name": "本町通一丁目",
        "operator": "事業者不明",
        "ref": "",
        "url": "",
        "url2": ""
      }
    },
    {
      "type": "Feature",
      "geometry": {
        "type": "Point",
        "coordinates": [
          141.1433563,
          39.7052886
        ]
      },
      "properties": {
        "内容": "バス停: 商工中金前",
        "name": "商工中金前",
        "operator": "事業者不明",
        "ref": "",
        "url": "",
        "url2": ""
      }
    },
    {
      "type": "Feature",
      "geometry": {
        "type": "Point",
        "coordinates": [
          141.1407867,
          39.7060067
        ]
      },
      "properties": {
        "内容": "バス停: 啄木新婚の家口",
        "name": "啄木新婚の家口",
        "operator": "事業者不明",
        "ref": "",
        "url": "",
        "url2": ""
      }
    },
    {
      "type": "Feature",
      "geometry": {
        "type": "Point",
        "coordinates": [
          141.1385087,
          39.7049598
        ]
      },
      "properties": {
        "内容": "バス停: 材木町南口",
        "name": "材木町南口",
        "operator": "事業者不明",
        "ref": "",
        "url": "",
        "url2": ""
      }
    },
    {
      "type": "Feature",
      "geometry": {
        "type": "Point",
        "coordinates": [
          141.1368698,
          39.7038217
        ]
      },
      "properties": {
        "内容": "バス停: 旭橋",
        "name": "旭橋",
        "operator": "事業者不明",
        "ref": "",
        "url": "",
        "url2": ""
      }
    },
    {
      "type": "Feature",
      "geometry": {
        "type": "Point",
        "coordinates": [
          141.1499456,
          39.7015948
        ]
      },
      "properties": {
        "内容": "バス停: 盛岡城跡公園",
        "name": "盛岡城跡公園",
        "operator": "事業者不明",
        "ref": "",
        "url": "",
        "url2": ""
      }
    },
    {
      "type": "Feature",
      "geometry": {
        "type": "Point",
        "coordinates": [
          141.1501154,
          39.7015859
        ]
      },
      "properties": {
        "内容": "バス停: 盛岡城跡公園",
        "name": "盛岡城跡公園",
        "operator": "事業者不明",
        "ref": "",
        "url": "",
        "url2": ""
      }
    },
    {
      "type": "Feature",
      "geometry": {
        "type": "Point",
        "coordinates": [
          141.1469138,
          39.702412
        ]
      },
      "properties": {
        "内容": "バス停: 映画館通り",
        "name": "映画館通り",
        "operator": "事業者不明",
        "ref": "",
        "url": "",
        "url2": ""
      }
    },
    {
      "type": "Feature",
      "geometry": {
        "type": "Point",
        "coordinates": [
          141.1469265,
          39.7020483
        ]
      },
      "properties": {
        "内容": "バス停: 映画館通り",
        "name": "映画館通り",
        "operator": "事業者不明",
        "ref": "",
        "url": "",
        "url2": ""
      }
    },
    {
      "type": "Feature",
      "geometry": {
        "type": "Point",
        "coordinates": [
          141.1451683,
          39.7069405
        ]
      },
      "properties": {
        "内容": "バス停: 中央通三丁目",
        "name": "中央通三丁目",
        "operator": "事業者不明",
        "ref": "",
        "url": "",
        "url2": ""
      }
    },
    {
      "type": "Feature",
      "geometry": {
        "type": "Point",
        "coordinates": [
          141.144424,
          39.7059039
        ]
      },
      "properties": {
        "内容": "バス停: 中央通三丁目",
        "name": "中央通三丁目",
        "operator": "事業者不明",
        "ref": "",
        "url": "",
        "url2": ""
      }
    },
    {
      "type": "Feature",
      "geometry": {
        "type": "Point",
        "coordinates": [
          141.1462255,
          39.7078598
        ]
      },
      "properties": {
        "内容": "バス停: 本町通三丁目",
        "name": "本町通三丁目",
        "operator": "事業者不明",
        "ref": "",
        "url": "",
        "url2": ""
      }
    },
    {
      "type": "Feature",
      "geometry": {
        "type": "Point",
        "coordinates": [
          141.1473494,
          39.707661
        ]
      },
      "properties": {
        "内容": "バス停: 本町通三丁目",
        "name": "本町通三丁目",
        "operator": "事業者不明",
        "ref": "",
        "url": "",
        "url2": ""
      }
    },
    {
      "type": "Feature",
      "geometry": {
        "type": "Point",
        "coordinates": [
          141.1492171,
          39.7071775
        ]
      },
      "properties": {
        "内容": "バス停: 本町通二丁目",
        "name": "本町通二丁目",
        "operator": "事業者不明",
        "ref": "",
        "url": "",
        "url2": ""
      }
    },
    {
      "type": "Feature",
      "geometry": {
        "type": "Point",
        "coordinates": [
          141.1500334,
          39.7068707
        ]
      },
      "properties": {
        "内容": "バス停: 本町通二丁目",
        "name": "本町通二丁目",
        "operator": "事業者不明",
        "ref": "",
        "url": "",
        "url2": ""
      }
    },
    {
      "type": "Feature",
      "geometry": {
        "type": "Point",
        "coordinates": [
          141.1564953,
          39.7067913
        ]
      },
      "properties": {
        "内容": "バス停: 愛宕町口",
        "name": "愛宕町口",
        "operator": "事業者不明",
        "ref": "",
        "url": "",
        "url2": ""
      }
    },
    {
      "type": "Feature",
      "geometry": {
        "type": "Point",
        "coordinates": [
          141.1569182,
          39.7070994
        ]
      },
      "properties": {
        "内容": "バス停: 愛宕町口",
        "name": "愛宕町口",
        "operator": "事業者不明",
        "ref": "",
        "url": "",
        "url2": ""
      }
    },
    {
      "type": "Feature",
      "geometry": {
        "type": "Point",
        "coordinates": [
          141.1595127,
          39.7084988
        ]
      },
      "properties": {
        "内容": "バス停: 愛宕町",
        "name": "愛宕町",
        "operator": "事業者不明",
        "ref": "",
        "url": "",
        "url2": ""
      }
    },
    {
      "type": "Feature",
      "geometry": {
        "type": "Point",
        "coordinates": [
          141.1587483,
          39.7080104
        ]
      },
      "properties": {
        "内容": "バス停: 愛宕町",
        "name": "愛宕町",
        "operator": "事業者不明",
        "ref": "",
        "url": "",
        "url2": ""
      }
    },
    {
      "type": "Feature",
      "geometry": {
        "type": "Point",
        "coordinates": [
          141.1625293,
          39.7100532
        ]
      },
      "properties": {
        "内容": "バス停: 中央公民館前",
        "name": "中央公民館前",
        "operator": "事業者不明",
        "ref": "",
        "url": "",
        "url2": ""
      }
    },
    {
      "type": "Feature",
      "geometry": {
        "type": "Point",
        "coordinates": [
          141.16303,
          39.7104397
        ]
      },
      "properties": {
        "内容": "バス停: 中央公民館前",
        "name": "中央公民館前",
        "operator": "事業者不明",
        "ref": "",
        "url": "",
        "url2": ""
      }
    },
    {
      "type": "Feature",
      "geometry": {
        "type": "Point",
        "coordinates": [
          141.1655316,
          39.7116874
        ]
      },
      "properties": {
        "内容": "バス停: 山岸",
        "name": "山岸",
        "operator": "事業者不明",
        "ref": "",
        "url": "",
        "url2": ""
      }
    },
    {
      "type": "Feature",
      "geometry": {
        "type": "Point",
        "coordinates": [
          141.1656823,
          39.7118566
        ]
      },
      "properties": {
        "内容": "バス停: 山岸",
        "name": "山岸",
        "operator": "事業者不明",
        "ref": "",
        "url": "",
        "url2": ""
      }
    },
    {
      "type": "Feature",
      "geometry": {
        "type": "Point",
        "coordinates": [
          141.1675272,
          39.713706
        ]
      },
      "properties": {
        "内容": "バス停: 山岸小学校前",
        "name": "山岸小学校前",
        "operator": "事業者不明",
        "ref": "",
        "url": "",
        "url2": ""
      }
    },
    {
      "type": "Feature",
      "geometry": {
        "type": "Point",
        "coordinates": [
          141.1677601,
          39.714032
        ]
      },
      "properties": {
        "内容": "バス停: 山岸小学校前",
        "name": "山岸小学校前",
        "operator": "事業者不明",
        "ref": "",
        "url": "",
        "url2": ""
      }
    },
    {
      "type": "Feature",
      "geometry": {
        "type": "Point",
        "coordinates": [
          141.1692281,
          39.7168311
        ]
      },
      "properties": {
        "内容": "バス停: 紅葉ヶ丘団地前",
        "name": "紅葉ヶ丘団地前",
        "operator": "事業者不明",
        "ref": "",
        "url": "",
        "url2": ""
      }
    },
    {
      "type": "Feature",
      "geometry": {
        "type": "Point",
        "coordinates": [
          141.1692031,
          39.7169728
        ]
      },
      "properties": {
        "内容": "バス停: 紅葉ヶ丘団地前",
        "name": "紅葉ヶ丘団地前",
        "operator": "事業者不明",
        "ref": "",
        "url": "",
        "url2": ""
      }
    },
    {
      "type": "Feature",
      "geometry": {
        "type": "Point",
        "coordinates": [
          141.1697449,
          39.7183249
        ]
      },
      "properties": {
        "内容": "バス停: 桜ヶ丘団地前",
        "name": "桜ヶ丘団地前",
        "operator": "事業者不明",
        "ref": "",
        "url": "",
        "url2": ""
      }
    },
    {
      "type": "Feature",
      "geometry": {
        "type": "Point",
        "coordinates": [
          141.1699005,
          39.7182038
        ]
      },
      "properties": {
        "内容": "バス停: 桜ヶ丘団地前",
        "name": "桜ヶ丘団地前",
        "operator": "事業者不明",
        "ref": "",
        "url": "",
        "url2": ""
      }
    },
    {
      "type": "Feature",
      "geometry": {
        "type": "Point",
        "coordinates": [
          141.171812,
          39.7215199
        ]
      },
      "properties": {
        "内容": "バス停: 山岸四丁目",
        "name": "山岸四丁目",
        "operator": "事業者不明",
        "ref": "",
        "url": "",
        "url2": ""
      }
    },
    {
      "type": "Feature",
      "geometry": {
        "type": "Point",
        "coordinates": [
          141.1720838,
          39.7211678
        ]
      },
      "properties": {
        "内容": "バス停: 山岸四丁目",
        "name": "山岸四丁目",
        "operator": "事業者不明",
        "ref": "",
        "url": "",
        "url2": ""
      }
    },
    {
      "type": "Feature",
      "geometry": {
        "type": "Point",
        "coordinates": [
          141.1731585,
          39.7246887
        ]
      },
      "properties": {
        "内容": "バス停: 白百合学園入口",
        "name": "白百合学園入口",
        "operator": "事業者不明",
        "ref": "",
        "url": "",
        "url2": ""
      }
    },
    {
      "type": "Feature",
      "geometry": {
        "type": "Point",
        "coordinates": [
          141.1731227,
          39.7243283
        ]
      },
      "properties": {
        "内容": "バス停: 白百合学園入口",
        "name": "白百合学園入口",
        "operator": "事業者不明",
        "ref": "",
        "url": "",
        "url2": ""
      }
    },
    {
      "type": "Feature",
      "geometry": {
        "type": "Point",
        "coordinates": [
          141.1646952,
          39.7244288
        ]
      },
      "properties": {
        "内容": "バス停: 白百合学園",
        "name": "白百合学園",
        "operator": "事業者不明",
        "ref": "",
        "url": "",
        "url2": ""
      }
    },
    {
      "type": "Feature",
      "geometry": {
        "type": "Point",
        "coordinates": [
          141.1661231,
          39.6961212
        ]
      },
      "properties": {
        "内容": "バス停: 茶畑十文字",
        "name": "茶畑十文字",
        "operator": "事業者不明",
        "ref": "",
        "url": "",
        "url2": ""
      }
    },
    {
      "type": "Feature",
      "geometry": {
        "type": "Point",
        "coordinates": [
          141.1639203,
          39.6974399
        ]
      },
      "properties": {
        "内容": "バス停: 山王下",
        "name": "山王下",
        "operator": "事業者不明",
        "ref": "",
        "url": "",
        "url2": ""
      }
    },
    {
      "type": "Feature",
      "geometry": {
        "type": "Point",
        "coordinates": [
          141.160076,
          39.6980552
        ]
      },
      "properties": {
        "内容": "バス停: 中の橋通二丁目",
        "name": "中の橋通二丁目",
        "operator": "事業者不明",
        "ref": "",
        "url": "",
        "url2": ""
      }
    },
    {
      "type": "Feature",
      "geometry": {
        "type": "Point",
        "coordinates": [
          141.1612174,
          39.6976771
        ]
      },
      "properties": {
        "内容": "バス停: 中の橋通二丁目",
        "name": "中の橋通二丁目",
        "operator": "事業者不明",
        "ref": "",
        "url": "",
        "url2": ""
      }
    },
    {
      "type": "Feature",
      "geometry": {
        "type": "Point",
        "coordinates": [
          141.1471036,
          39.6539925
        ]
      },
      "properties": {
        "内容": "バス停: 飯岡駅前 (飯岡駅前)",
        "name": "飯岡駅前",
        "operator": "飯岡駅前",
        "ref": "",
        "url": "",
        "url2": ""
      }
    },
    {
      "type": "Feature",
      "geometry": {
        "type": "Point",
        "coordinates": [
          141.1482108,
          39.6558585
        ]
      },
      "properties": {
        "内容": "バス停: 永井 (都南支線バス 盛岡工業コース)",
        "name": "永井",
        "operator": "都南支線バス 盛岡工業コース",
        "ref": "",
        "url": "",
        "url2": ""
      }
    },
    {
      "type": "Feature",
      "geometry": {
        "type": "Point",
        "coordinates": [
          141.1484081,
          39.655827
        ]
      },
      "properties": {
        "内容": "バス停: 永井 (都南支線バス 盛岡工業コース)",
        "name": "永井",
        "operator": "都南支線バス 盛岡工業コース",
        "ref": "",
        "url": "",
        "url2": ""
      }
    },
    {
      "type": "Feature",
      "geometry": {
        "type": "Point",
        "coordinates": [
          141.13471,
          39.8156866
        ]
      },
      "properties": {
        "内容": "バス停: 盛岡大学",
        "name": "盛岡大学",
        "operator": "事業者不明",
        "ref": "",
        "url": "",
        "url2": ""
      }
    },
    {
      "type": "Feature",
      "geometry": {
        "type": "Point",
        "coordinates": [
          141.1344463,
          39.815436
        ]
      },
      "properties": {
        "内容": "バス停: 盛岡大学",
        "name": "盛岡大学",
        "operator": "事業者不明",
        "ref": "",
        "url": "",
        "url2": ""
      }
    },
    {
      "type": "Feature",
      "geometry": {
        "type": "Point",
        "coordinates": [
          141.1344213,
          39.81539
        ]
      },
      "properties": {
        "内容": "バス停: 盛岡大学",
        "name": "盛岡大学",
        "operator": "事業者不明",
        "ref": "",
        "url": "",
        "url2": ""
      }
    },
    {
      "type": "Feature",
      "geometry": {
        "type": "Point",
        "coordinates": [
          141.1339485,
          39.8152339
        ]
      },
      "properties": {
        "内容": "バス停: 盛岡大学前",
        "name": "盛岡大学前",
        "operator": "事業者不明",
        "ref": "",
        "url": "",
        "url2": ""
      }
    },
    {
      "type": "Feature",
      "geometry": {
        "type": "Point",
        "coordinates": [
          141.1338166,
          39.8154207
        ]
      },
      "properties": {
        "内容": "バス停: 盛岡大学前",
        "name": "盛岡大学前",
        "operator": "事業者不明",
        "ref": "",
        "url": "",
        "url2": ""
      }
    },
    {
      "type": "Feature",
      "geometry": {
        "type": "Point",
        "coordinates": [
          141.7091781,
          39.0046441
        ]
      },
      "properties": {
        "内容": "バス停: たいら",
        "name": "たいら",
        "operator": "事業者不明",
        "ref": "",
        "url": "",
        "url2": ""
      }
    },
    {
      "type": "Feature",
      "geometry": {
        "type": "Point",
        "coordinates": [
          141.715046,
          39.0163521
        ]
      },
      "properties": {
        "内容": "バス停: 細浦駅前",
        "name": "細浦駅前",
        "operator": "事業者不明",
        "ref": "",
        "url": "",
        "url2": ""
      }
    },
    {
      "type": "Feature",
      "geometry": {
        "type": "Point",
        "coordinates": [
          141.2474767,
          39.9751675
        ]
      },
      "properties": {
        "内容": "バス停: 久ヶ沢",
        "name": "久ヶ沢",
        "operator": "事業者不明",
        "ref": "",
        "url": "",
        "url2": ""
      }
    },
    {
      "type": "Feature",
      "geometry": {
        "type": "Point",
        "coordinates": [
          141.2284505,
          39.9836134
        ]
      },
      "properties": {
        "内容": "バス停: 名称不明バス停",
        "name": "名称不明バス停",
        "operator": "事業者不明",
        "ref": "",
        "url": "",
        "url2": ""
      }
    },
    {
      "type": "Feature",
      "geometry": {
        "type": "Point",
        "coordinates": [
          141.2217819,
          39.9692865
        ]
      },
      "properties": {
        "内容": "バス停: 野口町",
        "name": "野口町",
        "operator": "事業者不明",
        "ref": "",
        "url": "",
        "url2": ""
      }
    },
    {
      "type": "Feature",
      "geometry": {
        "type": "Point",
        "coordinates": [
          141.2216253,
          39.9692693
        ]
      },
      "properties": {
        "内容": "バス停: 野口町",
        "name": "野口町",
        "operator": "事業者不明",
        "ref": "",
        "url": "",
        "url2": ""
      }
    },
    {
      "type": "Feature",
      "geometry": {
        "type": "Point",
        "coordinates": [
          141.2166656,
          39.9622948
        ]
      },
      "properties": {
        "内容": "バス停: 宝来橋",
        "name": "宝来橋",
        "operator": "事業者不明",
        "ref": "",
        "url": "",
        "url2": ""
      }
    },
    {
      "type": "Feature",
      "geometry": {
        "type": "Point",
        "coordinates": [
          141.2168104,
          39.9623996
        ]
      },
      "properties": {
        "内容": "バス停: 宝来橋",
        "name": "宝来橋",
        "operator": "事業者不明",
        "ref": "",
        "url": "",
        "url2": ""
      }
    },
    {
      "type": "Feature",
      "geometry": {
        "type": "Point",
        "coordinates": [
          141.7373585,
          38.9949724
        ]
      },
      "properties": {
        "内容": "バス停: 名称不明バス停",
        "name": "名称不明バス停",
        "operator": "事業者不明",
        "ref": "",
        "url": "",
        "url2": ""
      }
    },
    {
      "type": "Feature",
      "geometry": {
        "type": "Point",
        "coordinates": [
          141.6243996,
          39.0240236
        ]
      },
      "properties": {
        "内容": "バス停: 名称不明バス停",
        "name": "名称不明バス停",
        "operator": "事業者不明",
        "ref": "",
        "url": "",
        "url2": ""
      }
    },
    {
      "type": "Feature",
      "geometry": {
        "type": "Point",
        "coordinates": [
          141.6247465,
          39.0247192
        ]
      },
      "properties": {
        "内容": "バス停: 名称不明バス停",
        "name": "名称不明バス停",
        "operator": "事業者不明",
        "ref": "",
        "url": "",
        "url2": ""
      }
    },
    {
      "type": "Feature",
      "geometry": {
        "type": "Point",
        "coordinates": [
          141.6181565,
          39.0316422
        ]
      },
      "properties": {
        "内容": "バス停: 名称不明バス停",
        "name": "名称不明バス停",
        "operator": "事業者不明",
        "ref": "",
        "url": "",
        "url2": ""
      }
    },
    {
      "type": "Feature",
      "geometry": {
        "type": "Point",
        "coordinates": [
          141.5799098,
          39.1366925
        ]
      },
      "properties": {
        "内容": "バス停: 名称不明バス停",
        "name": "名称不明バス停",
        "operator": "事業者不明",
        "ref": "",
        "url": "",
        "url2": ""
      }
    },
    {
      "type": "Feature",
      "geometry": {
        "type": "Point",
        "coordinates": [
          141.5805563,
          39.1370441
        ]
      },
      "properties": {
        "内容": "バス停: 名称不明バス停",
        "name": "名称不明バス停",
        "operator": "事業者不明",
        "ref": "",
        "url": "",
        "url2": ""
      }
    },
    {
      "type": "Feature",
      "geometry": {
        "type": "Point",
        "coordinates": [
          141.5780967,
          39.1385732
        ]
      },
      "properties": {
        "内容": "バス停: 名称不明バス停",
        "name": "名称不明バス停",
        "operator": "事業者不明",
        "ref": "",
        "url": "",
        "url2": ""
      }
    },
    {
      "type": "Feature",
      "geometry": {
        "type": "Point",
        "coordinates": [
          141.5889747,
          39.1967967
        ]
      },
      "properties": {
        "内容": "バス停: 名称不明バス停",
        "name": "名称不明バス停",
        "operator": "事業者不明",
        "ref": "",
        "url": "",
        "url2": ""
      }
    },
    {
      "type": "Feature",
      "geometry": {
        "type": "Point",
        "coordinates": [
          141.5885858,
          39.1981831
        ]
      },
      "properties": {
        "内容": "バス停: 名称不明バス停",
        "name": "名称不明バス停",
        "operator": "事業者不明",
        "ref": "",
        "url": "",
        "url2": ""
      }
    },
    {
      "type": "Feature",
      "geometry": {
        "type": "Point",
        "coordinates": [
          141.5901093,
          39.1992141
        ]
      },
      "properties": {
        "内容": "バス停: 名称不明バス停",
        "name": "名称不明バス停",
        "operator": "事業者不明",
        "ref": "",
        "url": "",
        "url2": ""
      }
    },
    {
      "type": "Feature",
      "geometry": {
        "type": "Point",
        "coordinates": [
          141.5932368,
          39.1954081
        ]
      },
      "properties": {
        "内容": "バス停: 名称不明バス停",
        "name": "名称不明バス停",
        "operator": "事業者不明",
        "ref": "",
        "url": "",
        "url2": ""
      }
    },
    {
      "type": "Feature",
      "geometry": {
        "type": "Point",
        "coordinates": [
          141.5037114,
          39.413433
        ]
      },
      "properties": {
        "内容": "バス停: 坂の下のバス停",
        "name": "坂の下のバス停",
        "operator": "事業者不明",
        "ref": "",
        "url": "",
        "url2": ""
      }
    },
    {
      "type": "Feature",
      "geometry": {
        "type": "Point",
        "coordinates": [
          141.0993108,
          39.710214
        ]
      },
      "properties": {
        "内容": "バス停: 前潟",
        "name": "前潟",
        "operator": "事業者不明",
        "ref": "",
        "url": "",
        "url2": ""
      }
    },
    {
      "type": "Feature",
      "geometry": {
        "type": "Point",
        "coordinates": [
          141.1000223,
          39.710054
        ]
      },
      "properties": {
        "内容": "バス停: 前潟",
        "name": "前潟",
        "operator": "事業者不明",
        "ref": "",
        "url": "",
        "url2": ""
      }
    },
    {
      "type": "Feature",
      "geometry": {
        "type": "Point",
        "coordinates": [
          141.1168289,
          38.9929938
        ]
      },
      "properties": {
        "内容": "バス停: 無量光院跡",
        "name": "無量光院跡",
        "operator": "事業者不明",
        "ref": "",
        "url": "",
        "url2": ""
      }
    },
    {
      "type": "Feature",
      "geometry": {
        "type": "Point",
        "coordinates": [
          141.134389,
          38.9321043
        ]
      },
      "properties": {
        "内容": "バス停: 一関一高前",
        "name": "一関一高前",
        "operator": "事業者不明",
        "ref": "",
        "url": "",
        "url2": ""
      }
    },
    {
      "type": "Feature",
      "geometry": {
        "type": "Point",
        "coordinates": [
          141.1148965,
          39.3933371
        ]
      },
      "properties": {
        "内容": "バス停: 坂本町",
        "name": "坂本町",
        "operator": "事業者不明",
        "ref": "",
        "url": "",
        "url2": ""
      }
    },
    {
      "type": "Feature",
      "geometry": {
        "type": "Point",
        "coordinates": [
          141.115261,
          39.3938455
        ]
      },
      "properties": {
        "内容": "バス停: 坂本町",
        "name": "坂本町",
        "operator": "事業者不明",
        "ref": "",
        "url": "",
        "url2": ""
      }
    },
    {
      "type": "Feature",
      "geometry": {
        "type": "Point",
        "coordinates": [
          141.9732058,
          39.4387638
        ]
      },
      "properties": {
        "内容": "バス停: 長林 (岩手県北バス)",
        "name": "長林",
        "operator": "岩手県北バス",
        "ref": "",
        "url": "",
        "url2": ""
      }
    },
    {
      "type": "Feature",
      "geometry": {
        "type": "Point",
        "coordinates": [
          141.9721977,
          39.43929
        ]
      },
      "properties": {
        "内容": "バス停: 長林 (岩手県北バス)",
        "name": "長林",
        "operator": "岩手県北バス",
        "ref": "",
        "url": "",
        "url2": ""
      }
    },
    {
      "type": "Feature",
      "geometry": {
        "type": "Point",
        "coordinates": [
          141.9785818,
          39.4373238
        ]
      },
      "properties": {
        "内容": "バス停: 鯨科学館前 (岩手県北バス)",
        "name": "鯨科学館前",
        "operator": "岩手県北バス",
        "ref": "",
        "url": "",
        "url2": ""
      }
    },
    {
      "type": "Feature",
      "geometry": {
        "type": "Point",
        "coordinates": [
          141.9737281,
          39.4351536
        ]
      },
      "properties": {
        "内容": "バス停: 南長林 (岩手県北バス)",
        "name": "南長林",
        "operator": "岩手県北バス",
        "ref": "",
        "url": "",
        "url2": ""
      }
    },
    {
      "type": "Feature",
      "geometry": {
        "type": "Point",
        "coordinates": [
          141.9738324,
          39.4339147
        ]
      },
      "properties": {
        "内容": "バス停: 南長林 (岩手県北バス)",
        "name": "南長林",
        "operator": "岩手県北バス",
        "ref": "",
        "url": "",
        "url2": ""
      }
    },
    {
      "type": "Feature",
      "geometry": {
        "type": "Point",
        "coordinates": [
          141.9731275,
          39.4313948
        ]
      },
      "properties": {
        "内容": "バス停: 船越駅前 (岩手県北バス)",
        "name": "船越駅前",
        "operator": "岩手県北バス",
        "ref": "",
        "url": "",
        "url2": ""
      }
    },
    {
      "type": "Feature",
      "geometry": {
        "type": "Point",
        "coordinates": [
          141.9714469,
          39.7390828
        ]
      },
      "properties": {
        "内容": "バス停: 名称不明バス停",
        "name": "名称不明バス停",
        "operator": "事業者不明",
        "ref": "",
        "url": "",
        "url2": ""
      }
    },
    {
      "type": "Feature",
      "geometry": {
        "type": "Point",
        "coordinates": [
          141.9717178,
          39.739452
        ]
      },
      "properties": {
        "内容": "バス停: 名称不明バス停",
        "name": "名称不明バス停",
        "operator": "事業者不明",
        "ref": "",
        "url": "",
        "url2": ""
      }
    },
    {
      "type": "Feature",
      "geometry": {
        "type": "Point",
        "coordinates": [
          141.9384026,
          39.3673391
        ]
      },
      "properties": {
        "内容": "バス停: 吉里吉里一丁目",
        "name": "吉里吉里一丁目",
        "operator": "事業者不明",
        "ref": "",
        "url": "",
        "url2": ""
      }
    },
    {
      "type": "Feature",
      "geometry": {
        "type": "Point",
        "coordinates": [
          141.9431532,
          39.3717991
        ]
      },
      "properties": {
        "内容": "バス停: 吉里吉里",
        "name": "吉里吉里",
        "operator": "事業者不明",
        "ref": "",
        "url": "",
        "url2": ""
      }
    },
    {
      "type": "Feature",
      "geometry": {
        "type": "Point",
        "coordinates": [
          141.1049382,
          39.7105315
        ]
      },
      "properties": {
        "内容": "バス停: 下前潟",
        "name": "下前潟",
        "operator": "事業者不明",
        "ref": "",
        "url": "",
        "url2": ""
      }
    },
    {
      "type": "Feature",
      "geometry": {
        "type": "Point",
        "coordinates": [
          141.1051207,
          39.7102396
        ]
      },
      "properties": {
        "内容": "バス停: 下前潟",
        "name": "下前潟",
        "operator": "事業者不明",
        "ref": "",
        "url": "",
        "url2": ""
      }
    },
    {
      "type": "Feature",
      "geometry": {
        "type": "Point",
        "coordinates": [
          141.1807384,
          38.9054462
        ]
      },
      "properties": {
        "内容": "バス停: 滝沢小学校入口 (一関市)",
        "name": "滝沢小学校入口",
        "operator": "一関市",
        "ref": "",
        "url": "",
        "url2": ""
      }
    },
    {
      "type": "Feature",
      "geometry": {
        "type": "Point",
        "coordinates": [
          141.1885291,
          38.9058269
        ]
      },
      "properties": {
        "内容": "バス停: 8区ふれあいセンター前 (一関市)",
        "name": "8区ふれあいセンター前",
        "operator": "一関市",
        "ref": "",
        "url": "",
        "url2": ""
      }
    },
    {
      "type": "Feature",
      "geometry": {
        "type": "Point",
        "coordinates": [
          141.1775004,
          38.9083269
        ]
      },
      "properties": {
        "内容": "バス停: 真滝駅前 (岩手県交通)",
        "name": "真滝駅前",
        "operator": "岩手県交通",
        "ref": "",
        "url": "",
        "url2": ""
      }
    },
    {
      "type": "Feature",
      "geometry": {
        "type": "Point",
        "coordinates": [
          141.1280391,
          39.4427027
        ]
      },
      "properties": {
        "内容": "バス停: 花巻空港駅 (岩手県交通)",
        "name": "花巻空港駅",
        "operator": "岩手県交通",
        "ref": "",
        "url": "",
        "url2": ""
      }
    },
    {
      "type": "Feature",
      "geometry": {
        "type": "Point",
        "coordinates": [
          141.1235851,
          39.6925829
        ]
      },
      "properties": {
        "内容": "バス停: わたなべおしりのクリニック前 (岩手県交通)",
        "name": "わたなべおしりのクリニック前",
        "operator": "岩手県交通",
        "ref": "",
        "url": "",
        "url2": ""
      }
    },
    {
      "type": "Feature",
      "geometry": {
        "type": "Point",
        "coordinates": [
          141.1249154,
          39.6937781
        ]
      },
      "properties": {
        "内容": "バス停: 県立美術館前 (岩手県交通)",
        "name": "県立美術館前",
        "operator": "岩手県交通",
        "ref": "",
        "url": "",
        "url2": ""
      }
    },
    {
      "type": "Feature",
      "geometry": {
        "type": "Point",
        "coordinates": [
          141.1251086,
          39.6894839
        ]
      },
      "properties": {
        "内容": "バス停: 盛岡市立病院 (岩手県交通)",
        "name": "盛岡市立病院",
        "operator": "岩手県交通",
        "ref": "",
        "url": "",
        "url2": ""
      }
    },
    {
      "type": "Feature",
      "geometry": {
        "type": "Point",
        "coordinates": [
          141.1328253,
          39.6883848
        ]
      },
      "properties": {
        "内容": "バス停: 泉屋敷 (岩手県交通)",
        "name": "泉屋敷",
        "operator": "岩手県交通",
        "ref": "",
        "url": "",
        "url2": ""
      }
    },
    {
      "type": "Feature",
      "geometry": {
        "type": "Point",
        "coordinates": [
          141.1370069,
          39.6887419
        ]
      },
      "properties": {
        "内容": "バス停: 盛商前 (岩手県交通)",
        "name": "盛商前",
        "operator": "岩手県交通",
        "ref": "",
        "url": "",
        "url2": ""
      }
    },
    {
      "type": "Feature",
      "geometry": {
        "type": "Point",
        "coordinates": [
          141.1403771,
          39.6891041
        ]
      },
      "properties": {
        "内容": "バス停: 本宮小学校前 (岩手県交通)",
        "name": "本宮小学校前",
        "operator": "岩手県交通",
        "ref": "",
        "url": "",
        "url2": ""
      }
    },
    {
      "type": "Feature",
      "geometry": {
        "type": "Point",
        "coordinates": [
          141.1402751,
          39.6890773
        ]
      },
      "properties": {
        "内容": "バス停: 本宮小学校前 (岩手県交通)",
        "name": "本宮小学校前",
        "operator": "岩手県交通",
        "ref": "",
        "url": "",
        "url2": ""
      }
    },
    {
      "type": "Feature",
      "geometry": {
        "type": "Point",
        "coordinates": [
          141.1435756,
          39.6855436
        ]
      },
      "properties": {
        "内容": "バス停: 新川橋 (岩手県交通)",
        "name": "新川橋",
        "operator": "岩手県交通",
        "ref": "",
        "url": "",
        "url2": ""
      }
    },
    {
      "type": "Feature",
      "geometry": {
        "type": "Point",
        "coordinates": [
          141.1433382,
          39.6853269
        ]
      },
      "properties": {
        "内容": "バス停: 新川橋 (岩手県交通)",
        "name": "新川橋",
        "operator": "岩手県交通",
        "ref": "",
        "url": "",
        "url2": ""
      }
    },
    {
      "type": "Feature",
      "geometry": {
        "type": "Point",
        "coordinates": [
          141.2248552,
          38.8986782
        ]
      },
      "properties": {
        "内容": "バス停: 一ノ沢",
        "name": "一ノ沢",
        "operator": "事業者不明",
        "ref": "",
        "url": "",
        "url2": ""
      }
    },
    {
      "type": "Feature",
      "geometry": {
        "type": "Point",
        "coordinates": [
          141.2209322,
          38.904154
        ]
      },
      "properties": {
        "内容": "バス停: 平沢",
        "name": "平沢",
        "operator": "事業者不明",
        "ref": "",
        "url": "",
        "url2": ""
      }
    },
    {
      "type": "Feature",
      "geometry": {
        "type": "Point",
        "coordinates": [
          141.2379892,
          38.8962479
        ]
      },
      "properties": {
        "内容": "バス停: 弥栄小学校前",
        "name": "弥栄小学校前",
        "operator": "事業者不明",
        "ref": "",
        "url": "",
        "url2": ""
      }
    },
    {
      "type": "Feature",
      "geometry": {
        "type": "Point",
        "coordinates": [
          141.2266424,
          38.9011848
        ]
      },
      "properties": {
        "内容": "バス停: 久保田（なの花バス）",
        "name": "久保田（なの花バス）",
        "operator": "事業者不明",
        "ref": "",
        "url": "",
        "url2": ""
      }
    },
    {
      "type": "Feature",
      "geometry": {
        "type": "Point",
        "coordinates": [
          141.2538738,
          38.8963865
        ]
      },
      "properties": {
        "内容": "バス停: 弥栄本郷",
        "name": "弥栄本郷",
        "operator": "事業者不明",
        "ref": "",
        "url": "",
        "url2": ""
      }
    },
    {
      "type": "Feature",
      "geometry": {
        "type": "Point",
        "coordinates": [
          141.2088441,
          38.9024991
        ]
      },
      "properties": {
        "内容": "バス停: 石法華",
        "name": "石法華",
        "operator": "事業者不明",
        "ref": "",
        "url": "",
        "url2": ""
      }
    },
    {
      "type": "Feature",
      "geometry": {
        "type": "Point",
        "coordinates": [
          141.202477,
          38.8993936
        ]
      },
      "properties": {
        "内容": "バス停: 朝日ヶ丘団地前",
        "name": "朝日ヶ丘団地前",
        "operator": "事業者不明",
        "ref": "",
        "url": "",
        "url2": ""
      }
    },
    {
      "type": "Feature",
      "geometry": {
        "type": "Point",
        "coordinates": [
          141.1970333,
          38.8988294
        ]
      },
      "properties": {
        "内容": "バス停: 草刈場",
        "name": "草刈場",
        "operator": "事業者不明",
        "ref": "",
        "url": "",
        "url2": ""
      }
    },
    {
      "type": "Feature",
      "geometry": {
        "type": "Point",
        "coordinates": [
          141.1882231,
          38.8995839
        ]
      },
      "properties": {
        "内容": "バス停: 苦木",
        "name": "苦木",
        "operator": "事業者不明",
        "ref": "",
        "url": "",
        "url2": ""
      }
    },
    {
      "type": "Feature",
      "geometry": {
        "type": "Point",
        "coordinates": [
          141.1735957,
          38.9089412
        ]
      },
      "properties": {
        "内容": "バス停: 寺田下",
        "name": "寺田下",
        "operator": "事業者不明",
        "ref": "",
        "url": "",
        "url2": ""
      }
    },
    {
      "type": "Feature",
      "geometry": {
        "type": "Point",
        "coordinates": [
          141.1303008,
          38.9042343
        ]
      },
      "properties": {
        "内容": "バス停: 八幡",
        "name": "八幡",
        "operator": "事業者不明",
        "ref": "",
        "url": "",
        "url2": ""
      }
    },
    {
      "type": "Feature",
      "geometry": {
        "type": "Point",
        "coordinates": [
          141.1209276,
          38.8914725
        ]
      },
      "properties": {
        "内容": "バス停: 国鉄バス 鬼死骸停留所",
        "name": "国鉄バス 鬼死骸停留所",
        "operator": "事業者不明",
        "ref": "",
        "url": "",
        "url2": "Q123398320"
      }
    },
    {
      "type": "Feature",
      "geometry": {
        "type": "Point",
        "coordinates": [
          141.1422798,
          38.9305197
        ]
      },
      "properties": {
        "内容": "バス停: 大槻町",
        "name": "大槻町",
        "operator": "事業者不明",
        "ref": "",
        "url": "",
        "url2": ""
      }
    },
    {
      "type": "Feature",
      "geometry": {
        "type": "Point",
        "coordinates": [
          141.1464103,
          38.9300174
        ]
      },
      "properties": {
        "内容": "バス停: 一関小前",
        "name": "一関小前",
        "operator": "事業者不明",
        "ref": "",
        "url": "",
        "url2": ""
      }
    },
    {
      "type": "Feature",
      "geometry": {
        "type": "Point",
        "coordinates": [
          141.1463246,
          38.9299459
        ]
      },
      "properties": {
        "内容": "バス停: 一関小学校前",
        "name": "一関小学校前",
        "operator": "事業者不明",
        "ref": "",
        "url": "",
        "url2": ""
      }
    },
    {
      "type": "Feature",
      "geometry": {
        "type": "Point",
        "coordinates": [
          141.154351,
          39.6945723
        ]
      },
      "properties": {
        "内容": "バス停: 南大通二丁目 (岩手県交通)",
        "name": "南大通二丁目",
        "operator": "岩手県交通",
        "ref": "",
        "url": "",
        "url2": ""
      }
    },
    {
      "type": "Feature",
      "geometry": {
        "type": "Point",
        "coordinates": [
          141.1532057,
          39.6938943
        ]
      },
      "properties": {
        "内容": "バス停: 南大通二丁目 (岩手県交通)",
        "name": "南大通二丁目",
        "operator": "岩手県交通",
        "ref": "",
        "url": "",
        "url2": ""
      }
    },
    {
      "type": "Feature",
      "geometry": {
        "type": "Point",
        "coordinates": [
          141.15095,
          39.6902542
        ]
      },
      "properties": {
        "内容": "バス停: 仙北町 (岩手県交通)",
        "name": "仙北町",
        "operator": "岩手県交通",
        "ref": "",
        "url": "",
        "url2": ""
      }
    },
    {
      "type": "Feature",
      "geometry": {
        "type": "Point",
        "coordinates": [
          141.1507435,
          39.6889828
        ]
      },
      "properties": {
        "内容": "バス停: 仙北町 (岩手県交通)",
        "name": "仙北町",
        "operator": "岩手県交通",
        "ref": "",
        "url": "",
        "url2": ""
      }
    },
    {
      "type": "Feature",
      "geometry": {
        "type": "Point",
        "coordinates": [
          141.155711,
          39.695126
        ]
      },
      "properties": {
        "内容": "バス停: 大慈寺口 (岩手県交通)",
        "name": "大慈寺口",
        "operator": "岩手県交通",
        "ref": "",
        "url": "",
        "url2": ""
      }
    },
    {
      "type": "Feature",
      "geometry": {
        "type": "Point",
        "coordinates": [
          141.1557566,
          39.6952674
        ]
      },
      "properties": {
        "内容": "バス停: 大慈寺口 (岩手県交通)",
        "name": "大慈寺口",
        "operator": "岩手県交通",
        "ref": "",
        "url": "",
        "url2": ""
      }
    },
    {
      "type": "Feature",
      "geometry": {
        "type": "Point",
        "coordinates": [
          141.157508,
          39.6997571
        ]
      },
      "properties": {
        "内容": "バス停: 盛岡バスセンター",
        "name": "盛岡バスセンター",
        "operator": "事業者不明",
        "ref": "",
        "url": "",
        "url2": ""
      }
    },
    {
      "type": "Feature",
      "geometry": {
        "type": "Point",
        "coordinates": [
          141.1574476,
          39.6996735
        ]
      },
      "properties": {
        "内容": "バス停: 盛岡バスセンター",
        "name": "盛岡バスセンター",
        "operator": "事業者不明",
        "ref": "",
        "url": "",
        "url2": ""
      }
    },
    {
      "type": "Feature",
      "geometry": {
        "type": "Point",
        "coordinates": [
          141.1572156,
          39.6998004
        ]
      },
      "properties": {
        "内容": "バス停: 盛岡バスセンター",
        "name": "盛岡バスセンター",
        "operator": "事業者不明",
        "ref": "",
        "url": "",
        "url2": ""
      }
    },
    {
      "type": "Feature",
      "geometry": {
        "type": "Point",
        "coordinates": [
          141.1572934,
          39.6999253
        ]
      },
      "properties": {
        "内容": "バス停: 盛岡バスセンター",
        "name": "盛岡バスセンター",
        "operator": "事業者不明",
        "ref": "",
        "url": "",
        "url2": ""
      }
    },
    {
      "type": "Feature",
      "geometry": {
        "type": "Point",
        "coordinates": [
          141.1573631,
          39.6998458
        ]
      },
      "properties": {
        "内容": "バス停: 盛岡バスセンター",
        "name": "盛岡バスセンター",
        "operator": "事業者不明",
        "ref": "",
        "url": "",
        "url2": ""
      }
    },
    {
      "type": "Feature",
      "geometry": {
        "type": "Point",
        "coordinates": [
          141.1582316,
          39.7003738
        ]
      },
      "properties": {
        "内容": "バス停: 盛岡バスセンター",
        "name": "盛岡バスセンター",
        "operator": "事業者不明",
        "ref": "",
        "url": "",
        "url2": ""
      }
    },
    {
      "type": "Feature",
      "geometry": {
        "type": "Point",
        "coordinates": [
          141.1582904,
          39.6988588
        ]
      },
      "properties": {
        "内容": "バス停: 盛岡バスセンター (岩手県交通)",
        "name": "盛岡バスセンター",
        "operator": "岩手県交通",
        "ref": "",
        "url": "",
        "url2": ""
      }
    },
    {
      "type": "Feature",
      "geometry": {
        "type": "Point",
        "coordinates": [
          141.1393222,
          39.7214616
        ]
      },
      "properties": {
        "内容": "バス停: 高松の池口",
        "name": "高松の池口",
        "operator": "事業者不明",
        "ref": "",
        "url": "",
        "url2": ""
      }
    },
    {
      "type": "Feature",
      "geometry": {
        "type": "Point",
        "coordinates": [
          141.0943943,
          39.891469
        ]
      },
      "properties": {
        "内容": "バス停: 小松川 (岩手県北バス)",
        "name": "小松川",
        "operator": "岩手県北バス",
        "ref": "51",
        "url": "",
        "url2": ""
      }
    },
    {
      "type": "Feature",
      "geometry": {
        "type": "Point",
        "coordinates": [
          141.0944922,
          39.8914802
        ]
      },
      "properties": {
        "内容": "バス停: 小松川 (岩手県北バス)",
        "name": "小松川",
        "operator": "岩手県北バス",
        "ref": "51",
        "url": "",
        "url2": ""
      }
    },
    {
      "type": "Feature",
      "geometry": {
        "type": "Point",
        "coordinates": [
          141.0847944,
          39.9186386
        ]
      },
      "properties": {
        "内容": "バス停: むらさき苑 (岩手県北バス)",
        "name": "むらさき苑",
        "operator": "岩手県北バス",
        "ref": "",
        "url": "",
        "url2": ""
      }
    },
    {
      "type": "Feature",
      "geometry": {
        "type": "Point",
        "coordinates": [
          141.0849448,
          39.9187353
        ]
      },
      "properties": {
        "内容": "バス停: むらさき苑 (岩手県北バス)",
        "name": "むらさき苑",
        "operator": "岩手県北バス",
        "ref": "",
        "url": "",
        "url2": ""
      }
    },
    {
      "type": "Feature",
      "geometry": {
        "type": "Point",
        "coordinates": [
          141.0870507,
          39.9160109
        ]
      },
      "properties": {
        "内容": "バス停: 田頭町 (岩手県北バス)",
        "name": "田頭町",
        "operator": "岩手県北バス",
        "ref": "",
        "url": "",
        "url2": ""
      }
    },
    {
      "type": "Feature",
      "geometry": {
        "type": "Point",
        "coordinates": [
          141.0870231,
          39.9159653
        ]
      },
      "properties": {
        "内容": "バス停: 田頭町 (岩手県北バス)",
        "name": "田頭町",
        "operator": "岩手県北バス",
        "ref": "",
        "url": "",
        "url2": ""
      }
    },
    {
      "type": "Feature",
      "geometry": {
        "type": "Point",
        "coordinates": [
          141.0900496,
          39.9149997
        ]
      },
      "properties": {
        "内容": "バス停: 西根中学校前 (岩手県北バス)",
        "name": "西根中学校前",
        "operator": "岩手県北バス",
        "ref": "",
        "url": "",
        "url2": ""
      }
    },
    {
      "type": "Feature",
      "geometry": {
        "type": "Point",
        "coordinates": [
          141.090529,
          39.914979
        ]
      },
      "properties": {
        "内容": "バス停: 西根中学校前 (岩手県北バス)",
        "name": "西根中学校前",
        "operator": "岩手県北バス",
        "ref": "",
        "url": "",
        "url2": ""
      }
    },
    {
      "type": "Feature",
      "geometry": {
        "type": "Point",
        "coordinates": [
          141.0951072,
          39.9136339
        ]
      },
      "properties": {
        "内容": "バス停: 大更上町 (岩手県北バス)",
        "name": "大更上町",
        "operator": "岩手県北バス",
        "ref": "",
        "url": "",
        "url2": ""
      }
    },
    {
      "type": "Feature",
      "geometry": {
        "type": "Point",
        "coordinates": [
          141.095084,
          39.9135602
        ]
      },
      "properties": {
        "内容": "バス停: 大更上町 (岩手県北バス)",
        "name": "大更上町",
        "operator": "岩手県北バス",
        "ref": "",
        "url": "",
        "url2": ""
      }
    },
    {
      "type": "Feature",
      "geometry": {
        "type": "Point",
        "coordinates": [
          141.0976153,
          39.91066
        ]
      },
      "properties": {
        "内容": "バス停: フーガの広場 (岩手県北バス)",
        "name": "フーガの広場",
        "operator": "岩手県北バス",
        "ref": "",
        "url": "",
        "url2": ""
      }
    },
    {
      "type": "Feature",
      "geometry": {
        "type": "Point",
        "coordinates": [
          141.0975633,
          39.9106214
        ]
      },
      "properties": {
        "内容": "バス停: フーガの広場 (岩手県北バス)",
        "name": "フーガの広場",
        "operator": "岩手県北バス",
        "ref": "",
        "url": "",
        "url2": ""
      }
    },
    {
      "type": "Feature",
      "geometry": {
        "type": "Point",
        "coordinates": [
          141.0991946,
          39.9118357
        ]
      },
      "properties": {
        "内容": "バス停: 駅前二区 (岩手県北バス)",
        "name": "駅前二区",
        "operator": "岩手県北バス",
        "ref": "",
        "url": "",
        "url2": ""
      }
    },
    {
      "type": "Feature",
      "geometry": {
        "type": "Point",
        "coordinates": [
          141.0992668,
          39.911836
        ]
      },
      "properties": {
        "内容": "バス停: 駅前二区 (岩手県北バス)",
        "name": "駅前二区",
        "operator": "岩手県北バス",
        "ref": "",
        "url": "",
        "url2": ""
      }
    },
    {
      "type": "Feature",
      "geometry": {
        "type": "Point",
        "coordinates": [
          141.1006113,
          39.9136189
        ]
      },
      "properties": {
        "内容": "バス停: 大更駅前 (岩手県北バス・八幡平市営バス)",
        "name": "大更駅前",
        "operator": "岩手県北バス・八幡平市営バス",
        "ref": "",
        "url": "",
        "url2": ""
      }
    },
    {
      "type": "Feature",
      "geometry": {
        "type": "Point",
        "coordinates": [
          141.1013829,
          39.9142357
        ]
      },
      "properties": {
        "内容": "バス停: 八幡平市立病院 (八幡平市営バス)",
        "name": "八幡平市立病院",
        "operator": "八幡平市営バス",
        "ref": "",
        "url": "",
        "url2": ""
      }
    },
    {
      "type": "Feature",
      "geometry": {
        "type": "Point",
        "coordinates": [
          141.9345925,
          40.005496
        ]
      },
      "properties": {
        "内容": "バス停: 名称不明バス停",
        "name": "名称不明バス停",
        "operator": "事業者不明",
        "ref": "",
        "url": "",
        "url2": ""
      }
    },
    {
      "type": "Feature",
      "geometry": {
        "type": "Point",
        "coordinates": [
          141.9493101,
          39.9772467
        ]
      },
      "properties": {
        "内容": "バス停: 名称不明バス停",
        "name": "名称不明バス停",
        "operator": "事業者不明",
        "ref": "",
        "url": "",
        "url2": ""
      }
    },
    {
      "type": "Feature",
      "geometry": {
        "type": "Point",
        "coordinates": [
          141.9328132,
          39.9972153
        ]
      },
      "properties": {
        "内容": "バス停: 名称不明バス停",
        "name": "名称不明バス停",
        "operator": "事業者不明",
        "ref": "",
        "url": "",
        "url2": ""
      }
    },
    {
      "type": "Feature",
      "geometry": {
        "type": "Point",
        "coordinates": [
          141.9297953,
          39.999429
        ]
      },
      "properties": {
        "内容": "バス停: 名称不明バス停",
        "name": "名称不明バス停",
        "operator": "事業者不明",
        "ref": "",
        "url": "",
        "url2": ""
      }
    },
    {
      "type": "Feature",
      "geometry": {
        "type": "Point",
        "coordinates": [
          141.9274491,
          40.0033645
        ]
      },
      "properties": {
        "内容": "バス停: 名称不明バス停",
        "name": "名称不明バス停",
        "operator": "事業者不明",
        "ref": "",
        "url": "",
        "url2": ""
      }
    },
    {
      "type": "Feature",
      "geometry": {
        "type": "Point",
        "coordinates": [
          141.9316552,
          40.0066481
        ]
      },
      "properties": {
        "内容": "バス停: 名称不明バス停",
        "name": "名称不明バス停",
        "operator": "事業者不明",
        "ref": "",
        "url": "",
        "url2": ""
      }
    },
    {
      "type": "Feature",
      "geometry": {
        "type": "Point",
        "coordinates": [
          141.9366015,
          39.9936222
        ]
      },
      "properties": {
        "内容": "バス停: 名称不明バス停",
        "name": "名称不明バス停",
        "operator": "事業者不明",
        "ref": "",
        "url": "",
        "url2": ""
      }
    },
    {
      "type": "Feature",
      "geometry": {
        "type": "Point",
        "coordinates": [
          141.943488,
          39.9757901
        ]
      },
      "properties": {
        "内容": "バス停: 名称不明バス停",
        "name": "名称不明バス停",
        "operator": "事業者不明",
        "ref": "",
        "url": "",
        "url2": ""
      }
    },
    {
      "type": "Feature",
      "geometry": {
        "type": "Point",
        "coordinates": [
          141.9067379,
          40.0086005
        ]
      },
      "properties": {
        "内容": "バス停: 名称不明バス停",
        "name": "名称不明バス停",
        "operator": "事業者不明",
        "ref": "",
        "url": "",
        "url2": ""
      }
    },
    {
      "type": "Feature",
      "geometry": {
        "type": "Point",
        "coordinates": [
          141.8838281,
          40.0049726
        ]
      },
      "properties": {
        "内容": "バス停: 名称不明バス停",
        "name": "名称不明バス停",
        "operator": "事業者不明",
        "ref": "",
        "url": "",
        "url2": ""
      }
    },
    {
      "type": "Feature",
      "geometry": {
        "type": "Point",
        "coordinates": [
          141.8870799,
          40.0079264
        ]
      },
      "properties": {
        "内容": "バス停: 名称不明バス停",
        "name": "名称不明バス停",
        "operator": "事業者不明",
        "ref": "",
        "url": "",
        "url2": ""
      }
    },
    {
      "type": "Feature",
      "geometry": {
        "type": "Point",
        "coordinates": [
          141.8856797,
          40.002778
        ]
      },
      "properties": {
        "内容": "バス停: 名称不明バス停",
        "name": "名称不明バス停",
        "operator": "事業者不明",
        "ref": "",
        "url": "",
        "url2": ""
      }
    },
    {
      "type": "Feature",
      "geometry": {
        "type": "Point",
        "coordinates": [
          141.9223388,
          40.0057659
        ]
      },
      "properties": {
        "内容": "バス停: 名称不明バス停",
        "name": "名称不明バス停",
        "operator": "事業者不明",
        "ref": "",
        "url": "",
        "url2": ""
      }
    },
    {
      "type": "Feature",
      "geometry": {
        "type": "Point",
        "coordinates": [
          141.3848704,
          38.9841953
        ]
      },
      "properties": {
        "内容": "バス停: 宮田前",
        "name": "宮田前",
        "operator": "事業者不明",
        "ref": "",
        "url": "",
        "url2": ""
      }
    },
    {
      "type": "Feature",
      "geometry": {
        "type": "Point",
        "coordinates": [
          141.3793473,
          38.990659
        ]
      },
      "properties": {
        "内容": "バス停: 後沢",
        "name": "後沢",
        "operator": "事業者不明",
        "ref": "",
        "url": "",
        "url2": ""
      }
    },
    {
      "type": "Feature",
      "geometry": {
        "type": "Point",
        "coordinates": [
          141.3766329,
          38.9895614
        ]
      },
      "properties": {
        "内容": "バス停: 神蔭",
        "name": "神蔭",
        "operator": "事業者不明",
        "ref": "",
        "url": "",
        "url2": ""
      }
    },
    {
      "type": "Feature",
      "geometry": {
        "type": "Point",
        "coordinates": [
          141.368884,
          38.9932909
        ]
      },
      "properties": {
        "内容": "バス停: 田中",
        "name": "田中",
        "operator": "事業者不明",
        "ref": "",
        "url": "",
        "url2": ""
      }
    },
    {
      "type": "Feature",
      "geometry": {
        "type": "Point",
        "coordinates": [
          141.362208,
          38.9983607
        ]
      },
      "properties": {
        "内容": "バス停: 界田",
        "name": "界田",
        "operator": "事業者不明",
        "ref": "",
        "url": "",
        "url2": ""
      }
    },
    {
      "type": "Feature",
      "geometry": {
        "type": "Point",
        "coordinates": [
          141.3560577,
          38.9992862
        ]
      },
      "properties": {
        "内容": "バス停: 滝",
        "name": "滝",
        "operator": "事業者不明",
        "ref": "",
        "url": "",
        "url2": ""
      }
    },
    {
      "type": "Feature",
      "geometry": {
        "type": "Point",
        "coordinates": [
          141.3348638,
          38.9987598
        ]
      },
      "properties": {
        "内容": "バス停: 八幡前",
        "name": "八幡前",
        "operator": "事業者不明",
        "ref": "",
        "url": "",
        "url2": ""
      }
    },
    {
      "type": "Feature",
      "geometry": {
        "type": "Point",
        "coordinates": [
          141.3213481,
          38.9958144
        ]
      },
      "properties": {
        "内容": "バス停: 摺沢駅前",
        "name": "摺沢駅前",
        "operator": "事業者不明",
        "ref": "",
        "url": "",
        "url2": ""
      }
    },
    {
      "type": "Feature",
      "geometry": {
        "type": "Point",
        "coordinates": [
          141.3667606,
          38.9875632
        ]
      },
      "properties": {
        "内容": "バス停: 名称不明バス停",
        "name": "名称不明バス停",
        "operator": "事業者不明",
        "ref": "",
        "url": "",
        "url2": ""
      }
    },
    {
      "type": "Feature",
      "geometry": {
        "type": "Point",
        "coordinates": [
          141.3705894,
          38.9854158
        ]
      },
      "properties": {
        "内容": "バス停: 袖振",
        "name": "袖振",
        "operator": "事業者不明",
        "ref": "",
        "url": "",
        "url2": ""
      }
    },
    {
      "type": "Feature",
      "geometry": {
        "type": "Point",
        "coordinates": [
          141.3976729,
          38.9795123
        ]
      },
      "properties": {
        "内容": "バス停: 前ノ沢",
        "name": "前ノ沢",
        "operator": "事業者不明",
        "ref": "",
        "url": "",
        "url2": ""
      }
    },
    {
      "type": "Feature",
      "geometry": {
        "type": "Point",
        "coordinates": [
          141.39141,
          38.9812367
        ]
      },
      "properties": {
        "内容": "バス停: 白山",
        "name": "白山",
        "operator": "事業者不明",
        "ref": "",
        "url": "",
        "url2": ""
      }
    },
    {
      "type": "Feature",
      "geometry": {
        "type": "Point",
        "coordinates": [
          141.3996077,
          38.9842283
        ]
      },
      "properties": {
        "内容": "バス停: 老人ホーム前",
        "name": "老人ホーム前",
        "operator": "事業者不明",
        "ref": "",
        "url": "",
        "url2": ""
      }
    },
    {
      "type": "Feature",
      "geometry": {
        "type": "Point",
        "coordinates": [
          141.3998147,
          38.9904894
        ]
      },
      "properties": {
        "内容": "バス停: 大森",
        "name": "大森",
        "operator": "事業者不明",
        "ref": "",
        "url": "",
        "url2": ""
      }
    },
    {
      "type": "Feature",
      "geometry": {
        "type": "Point",
        "coordinates": [
          141.4019694,
          38.9884981
        ]
      },
      "properties": {
        "内容": "バス停: 暮坪",
        "name": "暮坪",
        "operator": "事業者不明",
        "ref": "",
        "url": "",
        "url2": ""
      }
    },
    {
      "type": "Feature",
      "geometry": {
        "type": "Point",
        "coordinates": [
          141.3906183,
          38.9906131
        ]
      },
      "properties": {
        "内容": "バス停: 引廻",
        "name": "引廻",
        "operator": "事業者不明",
        "ref": "",
        "url": "",
        "url2": ""
      }
    },
    {
      "type": "Feature",
      "geometry": {
        "type": "Point",
        "coordinates": [
          141.3860388,
          38.9904555
        ]
      },
      "properties": {
        "内容": "バス停: 佐の平",
        "name": "佐の平",
        "operator": "事業者不明",
        "ref": "",
        "url": "",
        "url2": ""
      }
    },
    {
      "type": "Feature",
      "geometry": {
        "type": "Point",
        "coordinates": [
          141.5717394,
          39.0233596
        ]
      },
      "properties": {
        "内容": "バス停: 湯漬畑 (陸前高田市)",
        "name": "湯漬畑",
        "operator": "陸前高田市",
        "ref": "",
        "url": "",
        "url2": ""
      }
    },
    {
      "type": "Feature",
      "geometry": {
        "type": "Point",
        "coordinates": [
          141.5602023,
          39.0239221
        ]
      },
      "properties": {
        "内容": "バス停: 大梨前 (陸前高田市)",
        "name": "大梨前",
        "operator": "陸前高田市",
        "ref": "",
        "url": "",
        "url2": ""
      }
    },
    {
      "type": "Feature",
      "geometry": {
        "type": "Point",
        "coordinates": [
          141.550095,
          39.0214404
        ]
      },
      "properties": {
        "内容": "バス停: 梅ノ木",
        "name": "梅ノ木",
        "operator": "事業者不明",
        "ref": "",
        "url": "",
        "url2": ""
      }
    },
    {
      "type": "Feature",
      "geometry": {
        "type": "Point",
        "coordinates": [
          141.5421183,
          39.0226924
        ]
      },
      "properties": {
        "内容": "バス停: 信内 (陸前高田市)",
        "name": "信内",
        "operator": "陸前高田市",
        "ref": "",
        "url": "",
        "url2": ""
      }
    },
    {
      "type": "Feature",
      "geometry": {
        "type": "Point",
        "coordinates": [
          141.5365484,
          39.0263828
        ]
      },
      "properties": {
        "内容": "バス停: 山崎橋 (陸前高田市)",
        "name": "山崎橋",
        "operator": "陸前高田市",
        "ref": "",
        "url": "",
        "url2": ""
      }
    },
    {
      "type": "Feature",
      "geometry": {
        "type": "Point",
        "coordinates": [
          141.5329823,
          39.031801
        ]
      },
      "properties": {
        "内容": "バス停: 二又 (陸前高田市)",
        "name": "二又",
        "operator": "陸前高田市",
        "ref": "",
        "url": "",
        "url2": ""
      }
    },
    {
      "type": "Feature",
      "geometry": {
        "type": "Point",
        "coordinates": [
          141.5241297,
          39.0387936
        ]
      },
      "properties": {
        "内容": "バス停: 滝見橋 (陸前高田市)",
        "name": "滝見橋",
        "operator": "陸前高田市",
        "ref": "",
        "url": "",
        "url2": ""
      }
    },
    {
      "type": "Feature",
      "geometry": {
        "type": "Point",
        "coordinates": [
          141.5106391,
          39.0506012
        ]
      },
      "properties": {
        "内容": "バス停: 木戸口 (陸前高田市)",
        "name": "木戸口",
        "operator": "陸前高田市",
        "ref": "",
        "url": "",
        "url2": ""
      }
    },
    {
      "type": "Feature",
      "geometry": {
        "type": "Point",
        "coordinates": [
          141.5098443,
          39.0572793
        ]
      },
      "properties": {
        "内容": "バス停: 矢作清水 (陸前高田市)",
        "name": "矢作清水",
        "operator": "陸前高田市",
        "ref": "",
        "url": "",
        "url2": ""
      }
    },
    {
      "type": "Feature",
      "geometry": {
        "type": "Point",
        "coordinates": [
          141.5088204,
          39.0620597
        ]
      },
      "properties": {
        "内容": "バス停: 旧生出小学校前 (陸前高田市)",
        "name": "旧生出小学校前",
        "operator": "陸前高田市",
        "ref": "",
        "url": "",
        "url2": ""
      }
    },
    {
      "type": "Feature",
      "geometry": {
        "type": "Point",
        "coordinates": [
          141.5093381,
          39.0637558
        ]
      },
      "properties": {
        "内容": "バス停: 生出コミセン前 (陸前高田市)",
        "name": "生出コミセン前",
        "operator": "陸前高田市",
        "ref": "",
        "url": "",
        "url2": ""
      }
    },
    {
      "type": "Feature",
      "geometry": {
        "type": "Point",
        "coordinates": [
          141.5084761,
          39.0705
        ]
      },
      "properties": {
        "内容": "バス停: 三ノ戸 (陸前高田市)",
        "name": "三ノ戸",
        "operator": "陸前高田市",
        "ref": "",
        "url": "",
        "url2": ""
      }
    },
    {
      "type": "Feature",
      "geometry": {
        "type": "Point",
        "coordinates": [
          141.5068715,
          39.075064
        ]
      },
      "properties": {
        "内容": "バス停: 落合 (陸前高田市)",
        "name": "落合",
        "operator": "陸前高田市",
        "ref": "",
        "url": "",
        "url2": ""
      }
    },
    {
      "type": "Feature",
      "geometry": {
        "type": "Point",
        "coordinates": [
          141.5079804,
          39.084302
        ]
      },
      "properties": {
        "内容": "バス停: 的場 (陸前高田市)",
        "name": "的場",
        "operator": "陸前高田市",
        "ref": "",
        "url": "",
        "url2": ""
      }
    },
    {
      "type": "Feature",
      "geometry": {
        "type": "Point",
        "coordinates": [
          141.1320659,
          38.9371661
        ]
      },
      "properties": {
        "内容": "バス停: 名称不明バス停",
        "name": "名称不明バス停",
        "operator": "事業者不明",
        "ref": "",
        "url": "",
        "url2": ""
      }
    },
    {
      "type": "Feature",
      "geometry": {
        "type": "Point",
        "coordinates": [
          141.1283435,
          38.9361764
        ]
      },
      "properties": {
        "内容": "バス停: 名称不明バス停",
        "name": "名称不明バス停",
        "operator": "事業者不明",
        "ref": "",
        "url": "",
        "url2": ""
      }
    },
    {
      "type": "Feature",
      "geometry": {
        "type": "Point",
        "coordinates": [
          141.1283902,
          38.9361764
        ]
      },
      "properties": {
        "内容": "バス停: 名称不明バス停",
        "name": "名称不明バス停",
        "operator": "事業者不明",
        "ref": "",
        "url": "",
        "url2": ""
      }
    },
    {
      "type": "Feature",
      "geometry": {
        "type": "Point",
        "coordinates": [
          141.1285667,
          38.9361698
        ]
      },
      "properties": {
        "内容": "バス停: 名称不明バス停",
        "name": "名称不明バス停",
        "operator": "事業者不明",
        "ref": "",
        "url": "",
        "url2": ""
      }
    },
    {
      "type": "Feature",
      "geometry": {
        "type": "Point",
        "coordinates": [
          141.1163552,
          38.9778113
        ]
      },
      "properties": {
        "内容": "バス停: 名称不明バス停",
        "name": "名称不明バス停",
        "operator": "事業者不明",
        "ref": "",
        "url": "",
        "url2": ""
      }
    },
    {
      "type": "Feature",
      "geometry": {
        "type": "Point",
        "coordinates": [
          141.1089174,
          38.9980133
        ]
      },
      "properties": {
        "内容": "バス停: 中尊寺",
        "name": "中尊寺",
        "operator": "事業者不明",
        "ref": "",
        "url": "",
        "url2": ""
      }
    },
    {
      "type": "Feature",
      "geometry": {
        "type": "Point",
        "coordinates": [
          141.0880411,
          39.7075599
        ]
      },
      "properties": {
        "内容": "バス停: 宗任橋",
        "name": "宗任橋",
        "operator": "事業者不明",
        "ref": "",
        "url": "",
        "url2": ""
      }
    },
    {
      "type": "Feature",
      "geometry": {
        "type": "Point",
        "coordinates": [
          141.0713182,
          39.7024384
        ]
      },
      "properties": {
        "内容": "バス停: 名称不明バス停",
        "name": "名称不明バス停",
        "operator": "事業者不明",
        "ref": "",
        "url": "",
        "url2": ""
      }
    },
    {
      "type": "Feature",
      "geometry": {
        "type": "Point",
        "coordinates": [
          141.0769951,
          39.7052139
        ]
      },
      "properties": {
        "内容": "バス停: 名称不明バス停",
        "name": "名称不明バス停",
        "operator": "事業者不明",
        "ref": "",
        "url": "",
        "url2": ""
      }
    },
    {
      "type": "Feature",
      "geometry": {
        "type": "Point",
        "coordinates": [
          141.046367,
          39.701777
        ]
      },
      "properties": {
        "内容": "バス停: 名称不明バス停",
        "name": "名称不明バス停",
        "operator": "事業者不明",
        "ref": "",
        "url": "",
        "url2": ""
      }
    },
    {
      "type": "Feature",
      "geometry": {
        "type": "Point",
        "coordinates": [
          141.0587159,
          39.6992098
        ]
      },
      "properties": {
        "内容": "バス停: 名称不明バス停",
        "name": "名称不明バス停",
        "operator": "事業者不明",
        "ref": "",
        "url": "",
        "url2": ""
      }
    },
    {
      "type": "Feature",
      "geometry": {
        "type": "Point",
        "coordinates": [
          141.0347959,
          39.7020154
        ]
      },
      "properties": {
        "内容": "バス停: 名称不明バス停",
        "name": "名称不明バス停",
        "operator": "事業者不明",
        "ref": "",
        "url": "",
        "url2": ""
      }
    },
    {
      "type": "Feature",
      "geometry": {
        "type": "Point",
        "coordinates": [
          141.4612296,
          40.2499201
        ]
      },
      "properties": {
        "内容": "バス停: 名称不明バス停",
        "name": "名称不明バス停",
        "operator": "事業者不明",
        "ref": "",
        "url": "",
        "url2": ""
      }
    },
    {
      "type": "Feature",
      "geometry": {
        "type": "Point",
        "coordinates": [
          141.5053238,
          40.2365673
        ]
      },
      "properties": {
        "内容": "バス停: 名称不明バス停",
        "name": "名称不明バス停",
        "operator": "事業者不明",
        "ref": "",
        "url": "",
        "url2": ""
      }
    },
    {
      "type": "Feature",
      "geometry": {
        "type": "Point",
        "coordinates": [
          141.5028213,
          40.2406182
        ]
      },
      "properties": {
        "内容": "バス停: 名称不明バス停",
        "name": "名称不明バス停",
        "operator": "事業者不明",
        "ref": "",
        "url": "",
        "url2": ""
      }
    },
    {
      "type": "Feature",
      "geometry": {
        "type": "Point",
        "coordinates": [
          141.5482961,
          40.2154542
        ]
      },
      "properties": {
        "内容": "バス停: 名称不明バス停",
        "name": "名称不明バス停",
        "operator": "事業者不明",
        "ref": "",
        "url": "",
        "url2": ""
      }
    },
    {
      "type": "Feature",
      "geometry": {
        "type": "Point",
        "coordinates": [
          141.5483277,
          40.2154496
        ]
      },
      "properties": {
        "内容": "バス停: 名称不明バス停",
        "name": "名称不明バス停",
        "operator": "事業者不明",
        "ref": "",
        "url": "",
        "url2": ""
      }
    },
    {
      "type": "Feature",
      "geometry": {
        "type": "Point",
        "coordinates": [
          141.6406184,
          40.1753525
        ]
      },
      "properties": {
        "内容": "バス停: 名称不明バス停",
        "name": "名称不明バス停",
        "operator": "事業者不明",
        "ref": "",
        "url": "",
        "url2": ""
      }
    },
    {
      "type": "Feature",
      "geometry": {
        "type": "Point",
        "coordinates": [
          141.715202,
          40.1815327
        ]
      },
      "properties": {
        "内容": "バス停: 名称不明バス停",
        "name": "名称不明バス停",
        "operator": "事業者不明",
        "ref": "",
        "url": "",
        "url2": ""
      }
    },
    {
      "type": "Feature",
      "geometry": {
        "type": "Point",
        "coordinates": [
          141.7338681,
          40.1862176
        ]
      },
      "properties": {
        "内容": "バス停: 生出町",
        "name": "生出町",
        "operator": "事業者不明",
        "ref": "",
        "url": "",
        "url2": ""
      }
    },
    {
      "type": "Feature",
      "geometry": {
        "type": "Point",
        "coordinates": [
          141.7338292,
          40.1862104
        ]
      },
      "properties": {
        "内容": "バス停: 生出町",
        "name": "生出町",
        "operator": "事業者不明",
        "ref": "",
        "url": "",
        "url2": ""
      }
    },
    {
      "type": "Feature",
      "geometry": {
        "type": "Point",
        "coordinates": [
          141.7451589,
          40.1897563
        ]
      },
      "properties": {
        "内容": "バス停: 名称不明バス停",
        "name": "名称不明バス停",
        "operator": "事業者不明",
        "ref": "",
        "url": "",
        "url2": ""
      }
    },
    {
      "type": "Feature",
      "geometry": {
        "type": "Point",
        "coordinates": [
          141.745183,
          40.1897645
        ]
      },
      "properties": {
        "内容": "バス停: 名称不明バス停",
        "name": "名称不明バス停",
        "operator": "事業者不明",
        "ref": "",
        "url": "",
        "url2": ""
      }
    },
    {
      "type": "Feature",
      "geometry": {
        "type": "Point",
        "coordinates": [
          141.7394391,
          40.1886211
        ]
      },
      "properties": {
        "内容": "バス停: 自動車学校前",
        "name": "自動車学校前",
        "operator": "事業者不明",
        "ref": "",
        "url": "",
        "url2": ""
      }
    },
    {
      "type": "Feature",
      "geometry": {
        "type": "Point",
        "coordinates": [
          141.765435,
          40.1910912
        ]
      },
      "properties": {
        "内容": "バス停: 一八日町",
        "name": "一八日町",
        "operator": "事業者不明",
        "ref": "",
        "url": "",
        "url2": ""
      }
    },
    {
      "type": "Feature",
      "geometry": {
        "type": "Point",
        "coordinates": [
          141.7607734,
          40.1919005
        ]
      },
      "properties": {
        "内容": "バス停: 久慈荒町",
        "name": "久慈荒町",
        "operator": "事業者不明",
        "ref": "",
        "url": "",
        "url2": ""
      }
    },
    {
      "type": "Feature",
      "geometry": {
        "type": "Point",
        "coordinates": [
          141.7607318,
          40.1919025
        ]
      },
      "properties": {
        "内容": "バス停: 久慈荒町",
        "name": "久慈荒町",
        "operator": "事業者不明",
        "ref": "",
        "url": "",
        "url2": ""
      }
    },
    {
      "type": "Feature",
      "geometry": {
        "type": "Point",
        "coordinates": [
          141.7558448,
          40.1906906
        ]
      },
      "properties": {
        "内容": "バス停: 西の沢",
        "name": "西の沢",
        "operator": "事業者不明",
        "ref": "",
        "url": "",
        "url2": ""
      }
    },
    {
      "type": "Feature",
      "geometry": {
        "type": "Point",
        "coordinates": [
          141.7515492,
          40.1900739
        ]
      },
      "properties": {
        "内容": "バス停: 名称不明バス停",
        "name": "名称不明バス停",
        "operator": "事業者不明",
        "ref": "",
        "url": "",
        "url2": ""
      }
    },
    {
      "type": "Feature",
      "geometry": {
        "type": "Point",
        "coordinates": [
          141.8432754,
          39.8445987
        ]
      },
      "properties": {
        "内容": "バス停: 名称不明バス停",
        "name": "名称不明バス停",
        "operator": "事業者不明",
        "ref": "",
        "url": "",
        "url2": ""
      }
    },
    {
      "type": "Feature",
      "geometry": {
        "type": "Point",
        "coordinates": [
          141.7976283,
          39.8603428
        ]
      },
      "properties": {
        "内容": "バス停: 龍泉洞前 (JRバス)",
        "name": "龍泉洞前",
        "operator": "JRバス",
        "ref": "",
        "url": "",
        "url2": ""
      }
    },
    {
      "type": "Feature",
      "geometry": {
        "type": "Point",
        "coordinates": [
          141.7944512,
          39.876182
        ]
      },
      "properties": {
        "内容": "バス停: 名称不明バス停",
        "name": "名称不明バス停",
        "operator": "事業者不明",
        "ref": "",
        "url": "",
        "url2": ""
      }
    },
    {
      "type": "Feature",
      "geometry": {
        "type": "Point",
        "coordinates": [
          141.9779049,
          39.6466873
        ]
      },
      "properties": {
        "内容": "バス停: 第一駐車場 (岩手県北バス)",
        "name": "第一駐車場",
        "operator": "岩手県北バス",
        "ref": "",
        "url": "",
        "url2": ""
      }
    },
    {
      "type": "Feature",
      "geometry": {
        "type": "Point",
        "coordinates": [
          141.956753,
          39.6542836
        ]
      },
      "properties": {
        "内容": "バス停: 名称不明バス停",
        "name": "名称不明バス停",
        "operator": "事業者不明",
        "ref": "",
        "url": "",
        "url2": ""
      }
    },
    {
      "type": "Feature",
      "geometry": {
        "type": "Point",
        "coordinates": [
          141.9563547,
          39.6544901
        ]
      },
      "properties": {
        "内容": "バス停: 名称不明バス停",
        "name": "名称不明バス停",
        "operator": "事業者不明",
        "ref": "",
        "url": "",
        "url2": ""
      }
    },
    {
      "type": "Feature",
      "geometry": {
        "type": "Point",
        "coordinates": [
          141.6547416,
          39.0116437
        ]
      },
      "properties": {
        "内容": "バス停: 名称不明バス停",
        "name": "名称不明バス停",
        "operator": "事業者不明",
        "ref": "",
        "url": "",
        "url2": ""
      }
    },
    {
      "type": "Feature",
      "geometry": {
        "type": "Point",
        "coordinates": [
          141.3645172,
          38.9298091
        ]
      },
      "properties": {
        "内容": "バス停: 金田橋",
        "name": "金田橋",
        "operator": "事業者不明",
        "ref": "",
        "url": "",
        "url2": ""
      }
    },
    {
      "type": "Feature",
      "geometry": {
        "type": "Point",
        "coordinates": [
          141.3831773,
          38.9326009
        ]
      },
      "properties": {
        "内容": "バス停: 小梨駅前",
        "name": "小梨駅前",
        "operator": "事業者不明",
        "ref": "",
        "url": "",
        "url2": ""
      }
    },
    {
      "type": "Feature",
      "geometry": {
        "type": "Point",
        "coordinates": [
          141.3571854,
          38.9262286
        ]
      },
      "properties": {
        "内容": "バス停: 名称不明バス停",
        "name": "名称不明バス停",
        "operator": "事業者不明",
        "ref": "",
        "url": "",
        "url2": ""
      }
    },
    {
      "type": "Feature",
      "geometry": {
        "type": "Point",
        "coordinates": [
          141.3016194,
          38.8971359
        ]
      },
      "properties": {
        "内容": "バス停: 名称不明バス停",
        "name": "名称不明バス停",
        "operator": "事業者不明",
        "ref": "",
        "url": "",
        "url2": ""
      }
    },
    {
      "type": "Feature",
      "geometry": {
        "type": "Point",
        "coordinates": [
          141.2838417,
          38.9002994
        ]
      },
      "properties": {
        "内容": "バス停: 名称不明バス停",
        "name": "名称不明バス停",
        "operator": "事業者不明",
        "ref": "",
        "url": "",
        "url2": ""
      }
    },
    {
      "type": "Feature",
      "geometry": {
        "type": "Point",
        "coordinates": [
          141.2887341,
          38.8999571
        ]
      },
      "properties": {
        "内容": "バス停: 名称不明バス停",
        "name": "名称不明バス停",
        "operator": "事業者不明",
        "ref": "",
        "url": "",
        "url2": ""
      }
    },
    {
      "type": "Feature",
      "geometry": {
        "type": "Point",
        "coordinates": [
          141.2538613,
          38.8962038
        ]
      },
      "properties": {
        "内容": "バス停: 名称不明バス停",
        "name": "名称不明バス停",
        "operator": "事業者不明",
        "ref": "",
        "url": "",
        "url2": ""
      }
    },
    {
      "type": "Feature",
      "geometry": {
        "type": "Point",
        "coordinates": [
          141.1440158,
          39.7372846
        ]
      },
      "properties": {
        "内容": "バス停: 緑が丘四丁目",
        "name": "緑が丘四丁目",
        "operator": "事業者不明",
        "ref": "",
        "url": "",
        "url2": ""
      }
    },
    {
      "type": "Feature",
      "geometry": {
        "type": "Point",
        "coordinates": [
          141.1444385,
          39.7376173
        ]
      },
      "properties": {
        "内容": "バス停: 緑が丘四丁目",
        "name": "緑が丘四丁目",
        "operator": "事業者不明",
        "ref": "",
        "url": "",
        "url2": ""
      }
    },
    {
      "type": "Feature",
      "geometry": {
        "type": "Point",
        "coordinates": [
          141.1428596,
          39.7349482
        ]
      },
      "properties": {
        "内容": "バス停: 緑が丘三丁目",
        "name": "緑が丘三丁目",
        "operator": "事業者不明",
        "ref": "",
        "url": "",
        "url2": ""
      }
    },
    {
      "type": "Feature",
      "geometry": {
        "type": "Point",
        "coordinates": [
          141.1421335,
          39.7334699
        ]
      },
      "properties": {
        "内容": "バス停: 緑が丘二丁目",
        "name": "緑が丘二丁目",
        "operator": "事業者不明",
        "ref": "",
        "url": "",
        "url2": ""
      }
    },
    {
      "type": "Feature",
      "geometry": {
        "type": "Point",
        "coordinates": [
          141.1424836,
          39.7336345
        ]
      },
      "properties": {
        "内容": "バス停: 緑が丘二丁目",
        "name": "緑が丘二丁目",
        "operator": "事業者不明",
        "ref": "",
        "url": "",
        "url2": ""
      }
    },
    {
      "type": "Feature",
      "geometry": {
        "type": "Point",
        "coordinates": [
          141.1434498,
          39.7356331
        ]
      },
      "properties": {
        "内容": "バス停: 緑が丘三丁目",
        "name": "緑が丘三丁目",
        "operator": "事業者不明",
        "ref": "",
        "url": "",
        "url2": ""
      }
    },
    {
      "type": "Feature",
      "geometry": {
        "type": "Point",
        "coordinates": [
          141.1441381,
          39.7331059
        ]
      },
      "properties": {
        "内容": "バス停: 名称不明バス停",
        "name": "名称不明バス停",
        "operator": "事業者不明",
        "ref": "",
        "url": "",
        "url2": ""
      }
    },
    {
      "type": "Feature",
      "geometry": {
        "type": "Point",
        "coordinates": [
          141.1766518,
          39.6891765
        ]
      },
      "properties": {
        "内容": "バス停: 砂溜",
        "name": "砂溜",
        "operator": "事業者不明",
        "ref": "",
        "url": "",
        "url2": ""
      }
    },
    {
      "type": "Feature",
      "geometry": {
        "type": "Point",
        "coordinates": [
          141.1789721,
          39.6592509
        ]
      },
      "properties": {
        "内容": "バス停: 都南営業所",
        "name": "都南営業所",
        "operator": "事業者不明",
        "ref": "",
        "url": "",
        "url2": ""
      }
    },
    {
      "type": "Feature",
      "geometry": {
        "type": "Point",
        "coordinates": [
          141.1562187,
          39.6710831
        ]
      },
      "properties": {
        "内容": "バス停: 川久保 (岩手県交通)",
        "name": "川久保",
        "operator": "岩手県交通",
        "ref": "",
        "url": "",
        "url2": ""
      }
    },
    {
      "type": "Feature",
      "geometry": {
        "type": "Point",
        "coordinates": [
          141.1561947,
          39.6706219
        ]
      },
      "properties": {
        "内容": "バス停: 川久保 (岩手県交通)",
        "name": "川久保",
        "operator": "岩手県交通",
        "ref": "",
        "url": "",
        "url2": ""
      }
    },
    {
      "type": "Feature",
      "geometry": {
        "type": "Point",
        "coordinates": [
          141.1477695,
          39.6722253
        ]
      },
      "properties": {
        "内容": "バス停: 盛岡南待機場 (岩手県交通)",
        "name": "盛岡南待機場",
        "operator": "岩手県交通",
        "ref": "",
        "url": "",
        "url2": ""
      }
    },
    {
      "type": "Feature",
      "geometry": {
        "type": "Point",
        "coordinates": [
          141.1543353,
          39.6747332
        ]
      },
      "properties": {
        "内容": "バス停: 北川久保 (岩手県交通)",
        "name": "北川久保",
        "operator": "岩手県交通",
        "ref": "",
        "url": "",
        "url2": ""
      }
    },
    {
      "type": "Feature",
      "geometry": {
        "type": "Point",
        "coordinates": [
          141.1541233,
          39.6754929
        ]
      },
      "properties": {
        "内容": "バス停: 北川久保 (岩手県交通)",
        "name": "北川久保",
        "operator": "岩手県交通",
        "ref": "",
        "url": "",
        "url2": ""
      }
    },
    {
      "type": "Feature",
      "geometry": {
        "type": "Point",
        "coordinates": [
          141.1521556,
          39.6794732
        ]
      },
      "properties": {
        "内容": "バス停: 小鷹橋 (岩手県交通)",
        "name": "小鷹橋",
        "operator": "岩手県交通",
        "ref": "",
        "url": "",
        "url2": ""
      }
    },
    {
      "type": "Feature",
      "geometry": {
        "type": "Point",
        "coordinates": [
          141.1527444,
          39.6784702
        ]
      },
      "properties": {
        "内容": "バス停: 小鷹橋 (岩手県交通)",
        "name": "小鷹橋",
        "operator": "岩手県交通",
        "ref": "",
        "url": "",
        "url2": ""
      }
    },
    {
      "type": "Feature",
      "geometry": {
        "type": "Point",
        "coordinates": [
          141.1402246,
          39.6912771
        ]
      },
      "properties": {
        "内容": "バス停: 本宮一丁目 (岩手県交通)",
        "name": "本宮一丁目",
        "operator": "岩手県交通",
        "ref": "",
        "url": "",
        "url2": ""
      }
    },
    {
      "type": "Feature",
      "geometry": {
        "type": "Point",
        "coordinates": [
          141.1411964,
          39.691105
        ]
      },
      "properties": {
        "内容": "バス停: 本宮一丁目 (岩手県交通)",
        "name": "本宮一丁目",
        "operator": "岩手県交通",
        "ref": "",
        "url": "",
        "url2": ""
      }
    },
    {
      "type": "Feature",
      "geometry": {
        "type": "Point",
        "coordinates": [
          141.1434338,
          39.6836358
        ]
      },
      "properties": {
        "内容": "バス停: 向中野一丁目 (岩手県交通)",
        "name": "向中野一丁目",
        "operator": "岩手県交通",
        "ref": "",
        "url": "",
        "url2": ""
      }
    },
    {
      "type": "Feature",
      "geometry": {
        "type": "Point",
        "coordinates": [
          141.1432285,
          39.6836807
        ]
      },
      "properties": {
        "内容": "バス停: 向中野一丁目 (岩手県交通)",
        "name": "向中野一丁目",
        "operator": "岩手県交通",
        "ref": "",
        "url": "",
        "url2": ""
      }
    },
    {
      "type": "Feature",
      "geometry": {
        "type": "Point",
        "coordinates": [
          141.1432921,
          39.6817522
        ]
      },
      "properties": {
        "内容": "バス停: 向中野 (岩手県交通)",
        "name": "向中野",
        "operator": "岩手県交通",
        "ref": "",
        "url": "",
        "url2": ""
      }
    },
    {
      "type": "Feature",
      "geometry": {
        "type": "Point",
        "coordinates": [
          141.1430553,
          39.6814306
        ]
      },
      "properties": {
        "内容": "バス停: 向中野 (岩手県交通)",
        "name": "向中野",
        "operator": "岩手県交通",
        "ref": "",
        "url": "",
        "url2": ""
      }
    },
    {
      "type": "Feature",
      "geometry": {
        "type": "Point",
        "coordinates": [
          141.1432568,
          39.6789369
        ]
      },
      "properties": {
        "内容": "バス停: 向中野四丁目 (岩手県交通)",
        "name": "向中野四丁目",
        "operator": "岩手県交通",
        "ref": "",
        "url": "",
        "url2": ""
      }
    },
    {
      "type": "Feature",
      "geometry": {
        "type": "Point",
        "coordinates": [
          141.1430266,
          39.6790686
        ]
      },
      "properties": {
        "内容": "バス停: 向中野四丁目 (岩手県交通)",
        "name": "向中野四丁目",
        "operator": "岩手県交通",
        "ref": "",
        "url": "",
        "url2": ""
      }
    },
    {
      "type": "Feature",
      "geometry": {
        "type": "Point",
        "coordinates": [
          141.1427856,
          39.6753207
        ]
      },
      "properties": {
        "内容": "バス停: 向中野細谷地 (岩手県交通)",
        "name": "向中野細谷地",
        "operator": "岩手県交通",
        "ref": "",
        "url": "",
        "url2": ""
      }
    },
    {
      "type": "Feature",
      "geometry": {
        "type": "Point",
        "coordinates": [
          141.1425826,
          39.6752818
        ]
      },
      "properties": {
        "内容": "バス停: 向中野細谷地 (岩手県交通)",
        "name": "向中野細谷地",
        "operator": "岩手県交通",
        "ref": "",
        "url": "",
        "url2": ""
      }
    },
    {
      "type": "Feature",
      "geometry": {
        "type": "Point",
        "coordinates": [
          141.1424684,
          39.6711286
        ]
      },
      "properties": {
        "内容": "バス停: 東道明 (岩手県交通)",
        "name": "東道明",
        "operator": "岩手県交通",
        "ref": "",
        "url": "",
        "url2": ""
      }
    },
    {
      "type": "Feature",
      "geometry": {
        "type": "Point",
        "coordinates": [
          141.1422751,
          39.6713621
        ]
      },
      "properties": {
        "内容": "バス停: 東道明 (岩手県交通)",
        "name": "東道明",
        "operator": "岩手県交通",
        "ref": "",
        "url": "",
        "url2": ""
      }
    },
    {
      "type": "Feature",
      "geometry": {
        "type": "Point",
        "coordinates": [
          141.1453792,
          39.6720226
        ]
      },
      "properties": {
        "内容": "バス停: 給食センター前 (岩手県交通)",
        "name": "給食センター前",
        "operator": "岩手県交通",
        "ref": "",
        "url": "",
        "url2": ""
      }
    },
    {
      "type": "Feature",
      "geometry": {
        "type": "Point",
        "coordinates": [
          141.1455206,
          39.6719623
        ]
      },
      "properties": {
        "内容": "バス停: 給食センター前 (岩手県交通)",
        "name": "給食センター前",
        "operator": "岩手県交通",
        "ref": "",
        "url": "",
        "url2": ""
      }
    },
    {
      "type": "Feature",
      "geometry": {
        "type": "Point",
        "coordinates": [
          141.1513314,
          39.682032
        ]
      },
      "properties": {
        "内容": "バス停: 仙北三丁目 (岩手県交通)",
        "name": "仙北三丁目",
        "operator": "岩手県交通",
        "ref": "",
        "url": "",
        "url2": ""
      }
    },
    {
      "type": "Feature",
      "geometry": {
        "type": "Point",
        "coordinates": [
          141.1513542,
          39.6822526
        ]
      },
      "properties": {
        "内容": "バス停: 仙北三丁目",
        "name": "仙北三丁目",
        "operator": "事業者不明",
        "ref": "",
        "url": "",
        "url2": ""
      }
    },
    {
      "type": "Feature",
      "geometry": {
        "type": "Point",
        "coordinates": [
          141.1510603,
          39.6864165
        ]
      },
      "properties": {
        "内容": "バス停: 仙北組町 (岩手県交通)",
        "name": "仙北組町",
        "operator": "岩手県交通",
        "ref": "",
        "url": "",
        "url2": ""
      }
    },
    {
      "type": "Feature",
      "geometry": {
        "type": "Point",
        "coordinates": [
          141.1507727,
          39.6872786
        ]
      },
      "properties": {
        "内容": "バス停: 仙北組町 (岩手県交通)",
        "name": "仙北組町",
        "operator": "岩手県交通",
        "ref": "",
        "url": "",
        "url2": ""
      }
    },
    {
      "type": "Feature",
      "geometry": {
        "type": "Point",
        "coordinates": [
          141.0752288,
          39.7284106
        ]
      },
      "properties": {
        "内容": "バス停: 滝沢局前 (岩手県交通)",
        "name": "滝沢局前",
        "operator": "岩手県交通",
        "ref": "",
        "url": "",
        "url2": ""
      }
    },
    {
      "type": "Feature",
      "geometry": {
        "type": "Point",
        "coordinates": [
          141.0738164,
          39.7275466
        ]
      },
      "properties": {
        "内容": "バス停: 滝沢局前 (岩手県交通)",
        "name": "滝沢局前",
        "operator": "岩手県交通",
        "ref": "",
        "url": "",
        "url2": ""
      }
    },
    {
      "type": "Feature",
      "geometry": {
        "type": "Point",
        "coordinates": [
          141.0735845,
          39.723902
        ]
      },
      "properties": {
        "内容": "バス停: 大沢 (岩手県交通)",
        "name": "大沢",
        "operator": "岩手県交通",
        "ref": "",
        "url": "",
        "url2": ""
      }
    },
    {
      "type": "Feature",
      "geometry": {
        "type": "Point",
        "coordinates": [
          141.0734611,
          39.723886
        ]
      },
      "properties": {
        "内容": "バス停: 大沢 (岩手県交通)",
        "name": "大沢",
        "operator": "岩手県交通",
        "ref": "",
        "url": "",
        "url2": ""
      }
    },
    {
      "type": "Feature",
      "geometry": {
        "type": "Point",
        "coordinates": [
          141.0776993,
          39.7344468
        ]
      },
      "properties": {
        "内容": "バス停: 滝沢市役所前（道路沿い）",
        "name": "滝沢市役所前（道路沿い）",
        "operator": "事業者不明",
        "ref": "",
        "url": "",
        "url2": ""
      }
    },
    {
      "type": "Feature",
      "geometry": {
        "type": "Point",
        "coordinates": [
          141.0779417,
          39.7344469
        ]
      },
      "properties": {
        "内容": "バス停: 滝沢市役所前（道路沿い）",
        "name": "滝沢市役所前（道路沿い）",
        "operator": "事業者不明",
        "ref": "",
        "url": "",
        "url2": ""
      }
    },
    {
      "type": "Feature",
      "geometry": {
        "type": "Point",
        "coordinates": [
          141.0736495,
          39.7186897
        ]
      },
      "properties": {
        "内容": "バス停: 谷地中 (岩手県交通)",
        "name": "谷地中",
        "operator": "岩手県交通",
        "ref": "",
        "url": "",
        "url2": ""
      }
    },
    {
      "type": "Feature",
      "geometry": {
        "type": "Point",
        "coordinates": [
          141.0737986,
          39.7187381
        ]
      },
      "properties": {
        "内容": "バス停: 谷地中 (岩手県交通)",
        "name": "谷地中",
        "operator": "岩手県交通",
        "ref": "",
        "url": "",
        "url2": ""
      }
    },
    {
      "type": "Feature",
      "geometry": {
        "type": "Point",
        "coordinates": [
          141.0800492,
          39.7369869
        ]
      },
      "properties": {
        "内容": "バス停: いとく滝沢店 (岩手県交通)",
        "name": "いとく滝沢店",
        "operator": "岩手県交通",
        "ref": "",
        "url": "",
        "url2": ""
      }
    },
    {
      "type": "Feature",
      "geometry": {
        "type": "Point",
        "coordinates": [
          141.0796626,
          39.7365215
        ]
      },
      "properties": {
        "内容": "バス停: いとく滝沢店 (岩手県交通)",
        "name": "いとく滝沢店",
        "operator": "岩手県交通",
        "ref": "",
        "url": "",
        "url2": ""
      }
    },
    {
      "type": "Feature",
      "geometry": {
        "type": "Point",
        "coordinates": [
          141.0732508,
          39.7153963
        ]
      },
      "properties": {
        "内容": "バス停: 篠木 (岩手県交通)",
        "name": "篠木",
        "operator": "岩手県交通",
        "ref": "",
        "url": "",
        "url2": ""
      }
    },
    {
      "type": "Feature",
      "geometry": {
        "type": "Point",
        "coordinates": [
          141.0734133,
          39.7153223
        ]
      },
      "properties": {
        "内容": "バス停: 篠木 (岩手県交通)",
        "name": "篠木",
        "operator": "岩手県交通",
        "ref": "",
        "url": "",
        "url2": ""
      }
    },
    {
      "type": "Feature",
      "geometry": {
        "type": "Point",
        "coordinates": [
          141.7872893,
          39.4155186
        ]
      },
      "properties": {
        "内容": "バス停: 長井",
        "name": "長井",
        "operator": "事業者不明",
        "ref": "",
        "url": "",
        "url2": ""
      }
    },
    {
      "type": "Feature",
      "geometry": {
        "type": "Point",
        "coordinates": [
          141.8203997,
          39.3928025
        ]
      },
      "properties": {
        "内容": "バス停: 徳並",
        "name": "徳並",
        "operator": "事業者不明",
        "ref": "",
        "url": "",
        "url2": ""
      }
    },
    {
      "type": "Feature",
      "geometry": {
        "type": "Point",
        "coordinates": [
          141.8248797,
          39.3881366
        ]
      },
      "properties": {
        "内容": "バス停: 下徳並",
        "name": "下徳並",
        "operator": "事業者不明",
        "ref": "",
        "url": "",
        "url2": ""
      }
    },
    {
      "type": "Feature",
      "geometry": {
        "type": "Point",
        "coordinates": [
          141.8275605,
          39.3811379
        ]
      },
      "properties": {
        "内容": "バス停: 札場",
        "name": "札場",
        "operator": "事業者不明",
        "ref": "",
        "url": "",
        "url2": ""
      }
    },
    {
      "type": "Feature",
      "geometry": {
        "type": "Point",
        "coordinates": [
          141.8309862,
          39.3795618
        ]
      },
      "properties": {
        "内容": "バス停: 旧小鎚小学校前",
        "name": "旧小鎚小学校前",
        "operator": "事業者不明",
        "ref": "",
        "url": "",
        "url2": ""
      }
    },
    {
      "type": "Feature",
      "geometry": {
        "type": "Point",
        "coordinates": [
          141.8359062,
          39.3790945
        ]
      },
      "properties": {
        "内容": "バス停: 一ノ渡",
        "name": "一ノ渡",
        "operator": "事業者不明",
        "ref": "",
        "url": "",
        "url2": ""
      }
    },
    {
      "type": "Feature",
      "geometry": {
        "type": "Point",
        "coordinates": [
          141.8481092,
          39.3788806
        ]
      },
      "properties": {
        "内容": "バス停: 蕨打直",
        "name": "蕨打直",
        "operator": "事業者不明",
        "ref": "",
        "url": "",
        "url2": ""
      }
    },
    {
      "type": "Feature",
      "geometry": {
        "type": "Point",
        "coordinates": [
          141.8551286,
          39.375709
        ]
      },
      "properties": {
        "内容": "バス停: 曽根",
        "name": "曽根",
        "operator": "事業者不明",
        "ref": "",
        "url": "",
        "url2": ""
      }
    },
    {
      "type": "Feature",
      "geometry": {
        "type": "Point",
        "coordinates": [
          141.8680802,
          39.3686646
        ]
      },
      "properties": {
        "内容": "バス停: 山岸橋",
        "name": "山岸橋",
        "operator": "事業者不明",
        "ref": "",
        "url": "",
        "url2": ""
      }
    },
    {
      "type": "Feature",
      "geometry": {
        "type": "Point",
        "coordinates": [
          141.8737953,
          39.3663364
        ]
      },
      "properties": {
        "内容": "バス停: 三枚堂",
        "name": "三枚堂",
        "operator": "事業者不明",
        "ref": "",
        "url": "",
        "url2": ""
      }
    },
    {
      "type": "Feature",
      "geometry": {
        "type": "Point",
        "coordinates": [
          141.8805168,
          39.3607967
        ]
      },
      "properties": {
        "内容": "バス停: 臼沢橋",
        "name": "臼沢橋",
        "operator": "事業者不明",
        "ref": "",
        "url": "",
        "url2": ""
      }
    },
    {
      "type": "Feature",
      "geometry": {
        "type": "Point",
        "coordinates": [
          141.7285562,
          39.4835677
        ]
      },
      "properties": {
        "内容": "バス停: 大貫台",
        "name": "大貫台",
        "operator": "事業者不明",
        "ref": "",
        "url": "",
        "url2": ""
      }
    },
    {
      "type": "Feature",
      "geometry": {
        "type": "Point",
        "coordinates": [
          141.7902423,
          39.4606518
        ]
      },
      "properties": {
        "内容": "バス停: 小又口",
        "name": "小又口",
        "operator": "事業者不明",
        "ref": "",
        "url": "",
        "url2": ""
      }
    },
    {
      "type": "Feature",
      "geometry": {
        "type": "Point",
        "coordinates": [
          141.8004208,
          39.4584737
        ]
      },
      "properties": {
        "内容": "バス停: 種戸口",
        "name": "種戸口",
        "operator": "事業者不明",
        "ref": "",
        "url": "",
        "url2": ""
      }
    },
    {
      "type": "Feature",
      "geometry": {
        "type": "Point",
        "coordinates": [
          141.8009787,
          39.4517089
        ]
      },
      "properties": {
        "内容": "バス停: 戸保野",
        "name": "戸保野",
        "operator": "事業者不明",
        "ref": "",
        "url": "",
        "url2": ""
      }
    },
    {
      "type": "Feature",
      "geometry": {
        "type": "Point",
        "coordinates": [
          141.801748,
          39.4474926
        ]
      },
      "properties": {
        "内容": "バス停: 安瀬口",
        "name": "安瀬口",
        "operator": "事業者不明",
        "ref": "",
        "url": "",
        "url2": ""
      }
    },
    {
      "type": "Feature",
      "geometry": {
        "type": "Point",
        "coordinates": [
          141.8072771,
          39.442467
        ]
      },
      "properties": {
        "内容": "バス停: 金沢",
        "name": "金沢",
        "operator": "事業者不明",
        "ref": "",
        "url": "",
        "url2": ""
      }
    },
    {
      "type": "Feature",
      "geometry": {
        "type": "Point",
        "coordinates": [
          141.8122072,
          39.4358571
        ]
      },
      "properties": {
        "内容": "バス停: 対間",
        "name": "対間",
        "operator": "事業者不明",
        "ref": "",
        "url": "",
        "url2": ""
      }
    },
    {
      "type": "Feature",
      "geometry": {
        "type": "Point",
        "coordinates": [
          141.8160603,
          39.4313646
        ]
      },
      "properties": {
        "内容": "バス停: 八幡",
        "name": "八幡",
        "operator": "事業者不明",
        "ref": "",
        "url": "",
        "url2": ""
      }
    },
    {
      "type": "Feature",
      "geometry": {
        "type": "Point",
        "coordinates": [
          141.8229689,
          39.429859
        ]
      },
      "properties": {
        "内容": "バス停: 滝野",
        "name": "滝野",
        "operator": "事業者不明",
        "ref": "",
        "url": "",
        "url2": ""
      }
    },
    {
      "type": "Feature",
      "geometry": {
        "type": "Point",
        "coordinates": [
          141.8292027,
          39.4289964
        ]
      },
      "properties": {
        "内容": "バス停: 下屋敷",
        "name": "下屋敷",
        "operator": "事業者不明",
        "ref": "",
        "url": "",
        "url2": ""
      }
    },
    {
      "type": "Feature",
      "geometry": {
        "type": "Point",
        "coordinates": [
          141.8356077,
          39.4256063
        ]
      },
      "properties": {
        "内容": "バス停: 笹ノ畑",
        "name": "笹ノ畑",
        "operator": "事業者不明",
        "ref": "",
        "url": "",
        "url2": ""
      }
    },
    {
      "type": "Feature",
      "geometry": {
        "type": "Point",
        "coordinates": [
          141.8409642,
          39.42474
        ]
      },
      "properties": {
        "内容": "バス停: 深渡",
        "name": "深渡",
        "operator": "事業者不明",
        "ref": "",
        "url": "",
        "url2": ""
      }
    },
    {
      "type": "Feature",
      "geometry": {
        "type": "Point",
        "coordinates": [
          141.8470816,
          39.4220757
        ]
      },
      "properties": {
        "内容": "バス停: 小飛内",
        "name": "小飛内",
        "operator": "事業者不明",
        "ref": "",
        "url": "",
        "url2": ""
      }
    },
    {
      "type": "Feature",
      "geometry": {
        "type": "Point",
        "coordinates": [
          141.8445944,
          39.4177312
        ]
      },
      "properties": {
        "内容": "バス停: 郷ノ口",
        "name": "郷ノ口",
        "operator": "事業者不明",
        "ref": "",
        "url": "",
        "url2": ""
      }
    },
    {
      "type": "Feature",
      "geometry": {
        "type": "Point",
        "coordinates": [
          141.8434587,
          39.414247
        ]
      },
      "properties": {
        "内容": "バス停: 桃畑",
        "name": "桃畑",
        "operator": "事業者不明",
        "ref": "",
        "url": "",
        "url2": ""
      }
    },
    {
      "type": "Feature",
      "geometry": {
        "type": "Point",
        "coordinates": [
          141.8455599,
          39.4086244
        ]
      },
      "properties": {
        "内容": "バス停: 白銀",
        "name": "白銀",
        "operator": "事業者不明",
        "ref": "",
        "url": "",
        "url2": ""
      }
    },
    {
      "type": "Feature",
      "geometry": {
        "type": "Point",
        "coordinates": [
          141.8483839,
          39.4047993
        ]
      },
      "properties": {
        "内容": "バス停: 和野",
        "name": "和野",
        "operator": "事業者不明",
        "ref": "",
        "url": "",
        "url2": ""
      }
    },
    {
      "type": "Feature",
      "geometry": {
        "type": "Point",
        "coordinates": [
          141.858484,
          39.3962438
        ]
      },
      "properties": {
        "内容": "バス停: 前段",
        "name": "前段",
        "operator": "事業者不明",
        "ref": "",
        "url": "",
        "url2": ""
      }
    },
    {
      "type": "Feature",
      "geometry": {
        "type": "Point",
        "coordinates": [
          141.8691756,
          39.390518
        ]
      },
      "properties": {
        "内容": "バス停: 尺丈",
        "name": "尺丈",
        "operator": "事業者不明",
        "ref": "",
        "url": "",
        "url2": ""
      }
    },
    {
      "type": "Feature",
      "geometry": {
        "type": "Point",
        "coordinates": [
          141.8795995,
          39.3849719
        ]
      },
      "properties": {
        "内容": "バス停: エノモト入口",
        "name": "エノモト入口",
        "operator": "事業者不明",
        "ref": "",
        "url": "",
        "url2": ""
      }
    },
    {
      "type": "Feature",
      "geometry": {
        "type": "Point",
        "coordinates": [
          141.8843322,
          39.3815921
        ]
      },
      "properties": {
        "内容": "バス停: 柾内",
        "name": "柾内",
        "operator": "事業者不明",
        "ref": "",
        "url": "",
        "url2": ""
      }
    },
    {
      "type": "Feature",
      "geometry": {
        "type": "Point",
        "coordinates": [
          141.8873173,
          39.3765985
        ]
      },
      "properties": {
        "内容": "バス停: 大柾橋",
        "name": "大柾橋",
        "operator": "事業者不明",
        "ref": "",
        "url": "",
        "url2": ""
      }
    },
    {
      "type": "Feature",
      "geometry": {
        "type": "Point",
        "coordinates": [
          141.8975742,
          39.3682641
        ]
      },
      "properties": {
        "内容": "バス停: 小野田",
        "name": "小野田",
        "operator": "事業者不明",
        "ref": "",
        "url": "",
        "url2": ""
      }
    },
    {
      "type": "Feature",
      "geometry": {
        "type": "Point",
        "coordinates": [
          141.1566996,
          39.7022996
        ]
      },
      "properties": {
        "内容": "バス停: 総合福祉センター入口",
        "name": "総合福祉センター入口",
        "operator": "事業者不明",
        "ref": "",
        "url": "",
        "url2": ""
      }
    },
    {
      "type": "Feature",
      "geometry": {
        "type": "Point",
        "coordinates": [
          141.1550904,
          39.7055463
        ]
      },
      "properties": {
        "内容": "バス停: 大手先口",
        "name": "大手先口",
        "operator": "事業者不明",
        "ref": "",
        "url": "",
        "url2": ""
      }
    },
    {
      "type": "Feature",
      "geometry": {
        "type": "Point",
        "coordinates": [
          141.8882437,
          39.3567248
        ]
      },
      "properties": {
        "内容": "バス停: 生井沢入口",
        "name": "生井沢入口",
        "operator": "事業者不明",
        "ref": "",
        "url": "",
        "url2": ""
      }
    },
    {
      "type": "Feature",
      "geometry": {
        "type": "Point",
        "coordinates": [
          141.8816147,
          39.358628
        ]
      },
      "properties": {
        "内容": "バス停: 植田医院前",
        "name": "植田医院前",
        "operator": "事業者不明",
        "ref": "",
        "url": "",
        "url2": ""
      }
    },
    {
      "type": "Feature",
      "geometry": {
        "type": "Point",
        "coordinates": [
          141.1695517,
          39.5537741
        ]
      },
      "properties": {
        "内容": "バス停: 信用金庫前",
        "name": "信用金庫前",
        "operator": "事業者不明",
        "ref": "",
        "url": "",
        "url2": ""
      }
    },
    {
      "type": "Feature",
      "geometry": {
        "type": "Point",
        "coordinates": [
          141.1697172,
          39.5539642
        ]
      },
      "properties": {
        "内容": "バス停: 信用金庫前",
        "name": "信用金庫前",
        "operator": "事業者不明",
        "ref": "",
        "url": "",
        "url2": ""
      }
    },
    {
      "type": "Feature",
      "geometry": {
        "type": "Point",
        "coordinates": [
          141.1700681,
          39.5563297
        ]
      },
      "properties": {
        "内容": "バス停: 日詰",
        "name": "日詰",
        "operator": "事業者不明",
        "ref": "",
        "url": "",
        "url2": ""
      }
    },
    {
      "type": "Feature",
      "geometry": {
        "type": "Point",
        "coordinates": [
          141.1702235,
          39.5563311
        ]
      },
      "properties": {
        "内容": "バス停: 日詰",
        "name": "日詰",
        "operator": "事業者不明",
        "ref": "",
        "url": "",
        "url2": ""
      }
    },
    {
      "type": "Feature",
      "geometry": {
        "type": "Point",
        "coordinates": [
          141.8853949,
          39.3754232
        ]
      },
      "properties": {
        "内容": "バス停: 大ヶ口2丁目",
        "name": "大ヶ口2丁目",
        "operator": "事業者不明",
        "ref": "",
        "url": "",
        "url2": ""
      }
    },
    {
      "type": "Feature",
      "geometry": {
        "type": "Point",
        "coordinates": [
          141.8881234,
          39.3715824
        ]
      },
      "properties": {
        "内容": "バス停: 大ヶ口一丁目",
        "name": "大ヶ口一丁目",
        "operator": "事業者不明",
        "ref": "",
        "url": "",
        "url2": ""
      }
    },
    {
      "type": "Feature",
      "geometry": {
        "type": "Point",
        "coordinates": [
          141.8912727,
          39.3690108
        ]
      },
      "properties": {
        "内容": "バス停: 大ヶ口一丁目町営住宅前",
        "name": "大ヶ口一丁目町営住宅前",
        "operator": "事業者不明",
        "ref": "",
        "url": "",
        "url2": ""
      }
    },
    {
      "type": "Feature",
      "geometry": {
        "type": "Point",
        "coordinates": [
          141.8931797,
          39.3667211
        ]
      },
      "properties": {
        "内容": "バス停: 源水",
        "name": "源水",
        "operator": "事業者不明",
        "ref": "",
        "url": "",
        "url2": ""
      }
    },
    {
      "type": "Feature",
      "geometry": {
        "type": "Point",
        "coordinates": [
          141.8961196,
          39.3656769
        ]
      },
      "properties": {
        "内容": "バス停: 県営屋敷前アパート",
        "name": "県営屋敷前アパート",
        "operator": "事業者不明",
        "ref": "",
        "url": "",
        "url2": ""
      }
    },
    {
      "type": "Feature",
      "geometry": {
        "type": "Point",
        "coordinates": [
          141.9019334,
          39.3658498
        ]
      },
      "properties": {
        "内容": "バス停: 旧きらり商店街",
        "name": "旧きらり商店街",
        "operator": "事業者不明",
        "ref": "",
        "url": "",
        "url2": ""
      }
    },
    {
      "type": "Feature",
      "geometry": {
        "type": "Point",
        "coordinates": [
          141.9045804,
          39.364032
        ]
      },
      "properties": {
        "内容": "バス停: 大槌橋",
        "name": "大槌橋",
        "operator": "事業者不明",
        "ref": "",
        "url": "",
        "url2": ""
      }
    },
    {
      "type": "Feature",
      "geometry": {
        "type": "Point",
        "coordinates": [
          141.9097017,
          39.3615284
        ]
      },
      "properties": {
        "内容": "バス停: 安渡橋",
        "name": "安渡橋",
        "operator": "事業者不明",
        "ref": "",
        "url": "",
        "url2": ""
      }
    },
    {
      "type": "Feature",
      "geometry": {
        "type": "Point",
        "coordinates": [
          141.9121816,
          39.3601734
        ]
      },
      "properties": {
        "内容": "バス停: ガード下",
        "name": "ガード下",
        "operator": "事業者不明",
        "ref": "",
        "url": "",
        "url2": ""
      }
    },
    {
      "type": "Feature",
      "geometry": {
        "type": "Point",
        "coordinates": [
          141.9216819,
          39.3556222
        ]
      },
      "properties": {
        "内容": "バス停: 魚市場入口",
        "name": "魚市場入口",
        "operator": "事業者不明",
        "ref": "",
        "url": "",
        "url2": ""
      }
    },
    {
      "type": "Feature",
      "geometry": {
        "type": "Point",
        "coordinates": [
          141.925239,
          39.3551799
        ]
      },
      "properties": {
        "内容": "バス停: 惣川",
        "name": "惣川",
        "operator": "事業者不明",
        "ref": "",
        "url": "",
        "url2": ""
      }
    },
    {
      "type": "Feature",
      "geometry": {
        "type": "Point",
        "coordinates": [
          141.9300186,
          39.354035
        ]
      },
      "properties": {
        "内容": "バス停: 赤浜一丁目",
        "name": "赤浜一丁目",
        "operator": "事業者不明",
        "ref": "",
        "url": "",
        "url2": ""
      }
    },
    {
      "type": "Feature",
      "geometry": {
        "type": "Point",
        "coordinates": [
          141.9343638,
          39.3551338
        ]
      },
      "properties": {
        "内容": "バス停: 赤浜",
        "name": "赤浜",
        "operator": "事業者不明",
        "ref": "",
        "url": "",
        "url2": ""
      }
    },
    {
      "type": "Feature",
      "geometry": {
        "type": "Point",
        "coordinates": [
          141.9367628,
          39.3517587
        ]
      },
      "properties": {
        "内容": "バス停: 赤浜三丁目",
        "name": "赤浜三丁目",
        "operator": "事業者不明",
        "ref": "",
        "url": "",
        "url2": ""
      }
    },
    {
      "type": "Feature",
      "geometry": {
        "type": "Point",
        "coordinates": [
          141.9153037,
          39.3585707
        ]
      },
      "properties": {
        "内容": "バス停: 安渡二丁目",
        "name": "安渡二丁目",
        "operator": "事業者不明",
        "ref": "",
        "url": "",
        "url2": ""
      }
    },
    {
      "type": "Feature",
      "geometry": {
        "type": "Point",
        "coordinates": [
          141.9040529,
          39.3620693
        ]
      },
      "properties": {
        "内容": "バス停: 松の下",
        "name": "松の下",
        "operator": "事業者不明",
        "ref": "",
        "url": "",
        "url2": ""
      }
    },
    {
      "type": "Feature",
      "geometry": {
        "type": "Point",
        "coordinates": [
          141.9029912,
          39.3569351
        ]
      },
      "properties": {
        "内容": "バス停: 大槌駅",
        "name": "大槌駅",
        "operator": "事業者不明",
        "ref": "",
        "url": "",
        "url2": ""
      }
    },
    {
      "type": "Feature",
      "geometry": {
        "type": "Point",
        "coordinates": [
          141.9012915,
          39.3578437
        ]
      },
      "properties": {
        "内容": "バス停: 大槌町役場",
        "name": "大槌町役場",
        "operator": "事業者不明",
        "ref": "",
        "url": "",
        "url2": ""
      }
    },
    {
      "type": "Feature",
      "geometry": {
        "type": "Point",
        "coordinates": [
          141.899507,
          39.3576213
        ]
      },
      "properties": {
        "内容": "バス停: 大槌町役場",
        "name": "大槌町役場",
        "operator": "事業者不明",
        "ref": "",
        "url": "",
        "url2": ""
      }
    },
    {
      "type": "Feature",
      "geometry": {
        "type": "Point",
        "coordinates": [
          141.89593,
          39.3566479
        ]
      },
      "properties": {
        "内容": "バス停: 城内",
        "name": "城内",
        "operator": "事業者不明",
        "ref": "",
        "url": "",
        "url2": ""
      }
    },
    {
      "type": "Feature",
      "geometry": {
        "type": "Point",
        "coordinates": [
          141.8959149,
          39.3567317
        ]
      },
      "properties": {
        "内容": "バス停: 城内",
        "name": "城内",
        "operator": "事業者不明",
        "ref": "",
        "url": "",
        "url2": ""
      }
    },
    {
      "type": "Feature",
      "geometry": {
        "type": "Point",
        "coordinates": [
          141.8895927,
          39.3584038
        ]
      },
      "properties": {
        "内容": "バス停: 桜木町東大通",
        "name": "桜木町東大通",
        "operator": "事業者不明",
        "ref": "",
        "url": "",
        "url2": ""
      }
    },
    {
      "type": "Feature",
      "geometry": {
        "type": "Point",
        "coordinates": [
          141.8882597,
          39.3590376
        ]
      },
      "properties": {
        "内容": "バス停: 桜木町小公園前",
        "name": "桜木町小公園前",
        "operator": "事業者不明",
        "ref": "",
        "url": "",
        "url2": ""
      }
    },
    {
      "type": "Feature",
      "geometry": {
        "type": "Point",
        "coordinates": [
          141.8874289,
          39.358405
        ]
      },
      "properties": {
        "内容": "バス停: 桜木町西大通",
        "name": "桜木町西大通",
        "operator": "事業者不明",
        "ref": "",
        "url": "",
        "url2": ""
      }
    },
    {
      "type": "Feature",
      "geometry": {
        "type": "Point",
        "coordinates": [
          141.9361598,
          39.383448
        ]
      },
      "properties": {
        "内容": "バス停: 浪板",
        "name": "浪板",
        "operator": "事業者不明",
        "ref": "",
        "url": "",
        "url2": ""
      }
    },
    {
      "type": "Feature",
      "geometry": {
        "type": "Point",
        "coordinates": [
          141.078724,
          39.7340272
        ]
      },
      "properties": {
        "内容": "バス停: ビッグルーフ滝沢",
        "name": "ビッグルーフ滝沢",
        "operator": "事業者不明",
        "ref": "",
        "url": "",
        "url2": ""
      }
    },
    {
      "type": "Feature",
      "geometry": {
        "type": "Point",
        "coordinates": [
          141.076859,
          39.7343102
        ]
      },
      "properties": {
        "内容": "バス停: 滝沢市役所前（敷地内）",
        "name": "滝沢市役所前（敷地内）",
        "operator": "事業者不明",
        "ref": "",
        "url": "",
        "url2": ""
      }
    },
    {
      "type": "Feature",
      "geometry": {
        "type": "Point",
        "coordinates": [
          141.1439299,
          39.7087653
        ]
      },
      "properties": {
        "内容": "バス停: 本町交番前 (岩手県交通)",
        "name": "本町交番前",
        "operator": "岩手県交通",
        "ref": "",
        "url": "",
        "url2": ""
      }
    },
    {
      "type": "Feature",
      "geometry": {
        "type": "Point",
        "coordinates": [
          141.144218,
          39.7087334
        ]
      },
      "properties": {
        "内容": "バス停: 本町交番前 (岩手県交通)",
        "name": "本町交番前",
        "operator": "岩手県交通",
        "ref": "",
        "url": "",
        "url2": ""
      }
    },
    {
      "type": "Feature",
      "geometry": {
        "type": "Point",
        "coordinates": [
          141.1404667,
          39.718757
        ]
      },
      "properties": {
        "内容": "バス停: 上田二丁目北 (岩手県交通;岩手県北バス)",
        "name": "上田二丁目北",
        "operator": "岩手県交通;岩手県北バス",
        "ref": "",
        "url": "",
        "url2": ""
      }
    },
    {
      "type": "Feature",
      "geometry": {
        "type": "Point",
        "coordinates": [
          141.1383192,
          39.7196118
        ]
      },
      "properties": {
        "内容": "バス停: 上田四丁目 (岩手県交通;岩手県北バス)",
        "name": "上田四丁目",
        "operator": "岩手県交通;岩手県北バス",
        "ref": "",
        "url": "",
        "url2": ""
      }
    },
    {
      "type": "Feature",
      "geometry": {
        "type": "Point",
        "coordinates": [
          141.1390379,
          39.7223579
        ]
      },
      "properties": {
        "内容": "バス停: 高松の池口 (岩手県交通;岩手県北バス)",
        "name": "高松の池口",
        "operator": "岩手県交通;岩手県北バス",
        "ref": "",
        "url": "",
        "url2": ""
      }
    },
    {
      "type": "Feature",
      "geometry": {
        "type": "Point",
        "coordinates": [
          141.1388063,
          39.7241876
        ]
      },
      "properties": {
        "内容": "バス停: 高松一丁目 (岩手県交通;岩手県北バス)",
        "name": "高松一丁目",
        "operator": "岩手県交通;岩手県北バス",
        "ref": "",
        "url": "",
        "url2": ""
      }
    },
    {
      "type": "Feature",
      "geometry": {
        "type": "Point",
        "coordinates": [
          141.1385554,
          39.7247144
        ]
      },
      "properties": {
        "内容": "バス停: 高松一丁目 (岩手県交通;岩手県北バス)",
        "name": "高松一丁目",
        "operator": "岩手県交通;岩手県北バス",
        "ref": "",
        "url": "",
        "url2": ""
      }
    },
    {
      "type": "Feature",
      "geometry": {
        "type": "Point",
        "coordinates": [
          141.1385448,
          39.7261842
        ]
      },
      "properties": {
        "内容": "バス停: 高松神社前 (岩手県交通;岩手県北バス)",
        "name": "高松神社前",
        "operator": "岩手県交通;岩手県北バス",
        "ref": "",
        "url": "",
        "url2": ""
      }
    },
    {
      "type": "Feature",
      "geometry": {
        "type": "Point",
        "coordinates": [
          141.1385802,
          39.7258684
        ]
      },
      "properties": {
        "内容": "バス停: 高松神社前 (岩手県交通;岩手県北バス)",
        "name": "高松神社前",
        "operator": "岩手県交通;岩手県北バス",
        "ref": "",
        "url": "",
        "url2": ""
      }
    },
    {
      "type": "Feature",
      "geometry": {
        "type": "Point",
        "coordinates": [
          141.1399023,
          39.7290966
        ]
      },
      "properties": {
        "内容": "バス停: 三高前 (岩手県交通)",
        "name": "三高前",
        "operator": "岩手県交通",
        "ref": "",
        "url": "",
        "url2": ""
      }
    },
    {
      "type": "Feature",
      "geometry": {
        "type": "Point",
        "coordinates": [
          141.1406201,
          39.7299487
        ]
      },
      "properties": {
        "内容": "バス停: 三高前 (岩手県交通)",
        "name": "三高前",
        "operator": "岩手県交通",
        "ref": "",
        "url": "",
        "url2": ""
      }
    },
    {
      "type": "Feature",
      "geometry": {
        "type": "Point",
        "coordinates": [
          141.1449925,
          39.7392413
        ]
      },
      "properties": {
        "内容": "バス停: 黒石野一丁目",
        "name": "黒石野一丁目",
        "operator": "事業者不明",
        "ref": "",
        "url": "",
        "url2": ""
      }
    },
    {
      "type": "Feature",
      "geometry": {
        "type": "Point",
        "coordinates": [
          141.1456009,
          39.7398582
        ]
      },
      "properties": {
        "内容": "バス停: 黒石野一丁目",
        "name": "黒石野一丁目",
        "operator": "事業者不明",
        "ref": "",
        "url": "",
        "url2": ""
      }
    },
    {
      "type": "Feature",
      "geometry": {
        "type": "Point",
        "coordinates": [
          141.1468769,
          39.7415994
        ]
      },
      "properties": {
        "内容": "バス停: 黒石野二丁目",
        "name": "黒石野二丁目",
        "operator": "事業者不明",
        "ref": "",
        "url": "",
        "url2": ""
      }
    },
    {
      "type": "Feature",
      "geometry": {
        "type": "Point",
        "coordinates": [
          141.1468215,
          39.7419714
        ]
      },
      "properties": {
        "内容": "バス停: 黒石野二丁目",
        "name": "黒石野二丁目",
        "operator": "事業者不明",
        "ref": "",
        "url": "",
        "url2": ""
      }
    },
    {
      "type": "Feature",
      "geometry": {
        "type": "Point",
        "coordinates": [
          141.1486793,
          39.7443167
        ]
      },
      "properties": {
        "内容": "バス停: 岩脇団地前",
        "name": "岩脇団地前",
        "operator": "事業者不明",
        "ref": "",
        "url": "",
        "url2": ""
      }
    },
    {
      "type": "Feature",
      "geometry": {
        "type": "Point",
        "coordinates": [
          141.1489505,
          39.7442386
        ]
      },
      "properties": {
        "内容": "バス停: 岩脇団地前",
        "name": "岩脇団地前",
        "operator": "事業者不明",
        "ref": "",
        "url": "",
        "url2": ""
      }
    },
    {
      "type": "Feature",
      "geometry": {
        "type": "Point",
        "coordinates": [
          141.1522348,
          39.7482542
        ]
      },
      "properties": {
        "内容": "バス停: 東黒石野",
        "name": "東黒石野",
        "operator": "事業者不明",
        "ref": "",
        "url": "",
        "url2": ""
      }
    },
    {
      "type": "Feature",
      "geometry": {
        "type": "Point",
        "coordinates": [
          141.1521215,
          39.7483957
        ]
      },
      "properties": {
        "内容": "バス停: 東黒石野",
        "name": "東黒石野",
        "operator": "事業者不明",
        "ref": "",
        "url": "",
        "url2": ""
      }
    },
    {
      "type": "Feature",
      "geometry": {
        "type": "Point",
        "coordinates": [
          141.1540717,
          39.7107441
        ]
      },
      "properties": {
        "内容": "バス停: 北山",
        "name": "北山",
        "operator": "事業者不明",
        "ref": "",
        "url": "",
        "url2": ""
      }
    },
    {
      "type": "Feature",
      "geometry": {
        "type": "Point",
        "coordinates": [
          141.1541638,
          39.7106069
        ]
      },
      "properties": {
        "内容": "バス停: 北山",
        "name": "北山",
        "operator": "事業者不明",
        "ref": "",
        "url": "",
        "url2": ""
      }
    },
    {
      "type": "Feature",
      "geometry": {
        "type": "Point",
        "coordinates": [
          141.1554057,
          39.716479
        ]
      },
      "properties": {
        "内容": "バス停: 坂の下",
        "name": "坂の下",
        "operator": "事業者不明",
        "ref": "",
        "url": "",
        "url2": ""
      }
    },
    {
      "type": "Feature",
      "geometry": {
        "type": "Point",
        "coordinates": [
          141.1553113,
          39.7167581
        ]
      },
      "properties": {
        "内容": "バス停: 坂の下",
        "name": "坂の下",
        "operator": "事業者不明",
        "ref": "",
        "url": "",
        "url2": ""
      }
    },
    {
      "type": "Feature",
      "geometry": {
        "type": "Point",
        "coordinates": [
          141.1551255,
          39.7201903
        ]
      },
      "properties": {
        "内容": "バス停: 金毘羅前",
        "name": "金毘羅前",
        "operator": "事業者不明",
        "ref": "",
        "url": "",
        "url2": ""
      }
    },
    {
      "type": "Feature",
      "geometry": {
        "type": "Point",
        "coordinates": [
          141.1551662,
          39.7200323
        ]
      },
      "properties": {
        "内容": "バス停: 金毘羅前",
        "name": "金毘羅前",
        "operator": "事業者不明",
        "ref": "",
        "url": "",
        "url2": ""
      }
    },
    {
      "type": "Feature",
      "geometry": {
        "type": "Point",
        "coordinates": [
          141.1568279,
          39.7242375
        ]
      },
      "properties": {
        "内容": "バス停: 長嶺",
        "name": "長嶺",
        "operator": "事業者不明",
        "ref": "",
        "url": "",
        "url2": ""
      }
    },
    {
      "type": "Feature",
      "geometry": {
        "type": "Point",
        "coordinates": [
          141.1571385,
          39.7245626
        ]
      },
      "properties": {
        "内容": "バス停: 長嶺",
        "name": "長嶺",
        "operator": "事業者不明",
        "ref": "",
        "url": "",
        "url2": ""
      }
    },
    {
      "type": "Feature",
      "geometry": {
        "type": "Point",
        "coordinates": [
          141.1585284,
          39.7266072
        ]
      },
      "properties": {
        "内容": "バス停: 更の沢",
        "name": "更の沢",
        "operator": "事業者不明",
        "ref": "",
        "url": "",
        "url2": ""
      }
    },
    {
      "type": "Feature",
      "geometry": {
        "type": "Point",
        "coordinates": [
          141.1586085,
          39.7264248
        ]
      },
      "properties": {
        "内容": "バス停: 更の沢",
        "name": "更の沢",
        "operator": "事業者不明",
        "ref": "",
        "url": "",
        "url2": ""
      }
    },
    {
      "type": "Feature",
      "geometry": {
        "type": "Point",
        "coordinates": [
          141.160823,
          39.728393
        ]
      },
      "properties": {
        "内容": "バス停: 県営野球場前",
        "name": "県営野球場前",
        "operator": "事業者不明",
        "ref": "",
        "url": "",
        "url2": ""
      }
    },
    {
      "type": "Feature",
      "geometry": {
        "type": "Point",
        "coordinates": [
          141.1616645,
          39.7294967
        ]
      },
      "properties": {
        "内容": "バス停: 県営野球場前",
        "name": "県営野球場前",
        "operator": "事業者不明",
        "ref": "",
        "url": "",
        "url2": ""
      }
    },
    {
      "type": "Feature",
      "geometry": {
        "type": "Point",
        "coordinates": [
          141.1629101,
          39.7350165
        ]
      },
      "properties": {
        "内容": "バス停: からと石",
        "name": "からと石",
        "operator": "事業者不明",
        "ref": "",
        "url": "",
        "url2": ""
      }
    },
    {
      "type": "Feature",
      "geometry": {
        "type": "Point",
        "coordinates": [
          141.1635002,
          39.7354207
        ]
      },
      "properties": {
        "内容": "バス停: からと石",
        "name": "からと石",
        "operator": "事業者不明",
        "ref": "",
        "url": "",
        "url2": ""
      }
    },
    {
      "type": "Feature",
      "geometry": {
        "type": "Point",
        "coordinates": [
          141.1674508,
          39.7423747
        ]
      },
      "properties": {
        "内容": "バス停: 松園営業所",
        "name": "松園営業所",
        "operator": "事業者不明",
        "ref": "",
        "url": "",
        "url2": ""
      }
    },
    {
      "type": "Feature",
      "geometry": {
        "type": "Point",
        "coordinates": [
          141.1675216,
          39.7427911
        ]
      },
      "properties": {
        "内容": "バス停: 松園営業所",
        "name": "松園営業所",
        "operator": "事業者不明",
        "ref": "",
        "url": "",
        "url2": ""
      }
    },
    {
      "type": "Feature",
      "geometry": {
        "type": "Point",
        "coordinates": [
          141.1581916,
          39.666219
        ]
      },
      "properties": {
        "内容": "バス停: 津志田北",
        "name": "津志田北",
        "operator": "事業者不明",
        "ref": "",
        "url": "",
        "url2": ""
      }
    },
    {
      "type": "Feature",
      "geometry": {
        "type": "Point",
        "coordinates": [
          141.160401,
          39.661975
        ]
      },
      "properties": {
        "内容": "バス停: 津志田",
        "name": "津志田",
        "operator": "事業者不明",
        "ref": "",
        "url": "",
        "url2": ""
      }
    },
    {
      "type": "Feature",
      "geometry": {
        "type": "Point",
        "coordinates": [
          141.1594381,
          39.6635236
        ]
      },
      "properties": {
        "内容": "バス停: 津志田",
        "name": "津志田",
        "operator": "事業者不明",
        "ref": "",
        "url": "",
        "url2": ""
      }
    },
    {
      "type": "Feature",
      "geometry": {
        "type": "Point",
        "coordinates": [
          141.1585854,
          39.6658917
        ]
      },
      "properties": {
        "内容": "バス停: 津志田北",
        "name": "津志田北",
        "operator": "事業者不明",
        "ref": "",
        "url": "",
        "url2": ""
      }
    },
    {
      "type": "Feature",
      "geometry": {
        "type": "Point",
        "coordinates": [
          141.1643445,
          39.6592182
        ]
      },
      "properties": {
        "内容": "バス停: 三本柳権現堂",
        "name": "三本柳権現堂",
        "operator": "事業者不明",
        "ref": "",
        "url": "",
        "url2": ""
      }
    },
    {
      "type": "Feature",
      "geometry": {
        "type": "Point",
        "coordinates": [
          141.1646714,
          39.6590851
        ]
      },
      "properties": {
        "内容": "バス停: 三本柳権現堂",
        "name": "三本柳権現堂",
        "operator": "事業者不明",
        "ref": "",
        "url": "",
        "url2": ""
      }
    },
    {
      "type": "Feature",
      "geometry": {
        "type": "Point",
        "coordinates": [
          141.1672038,
          39.6604702
        ]
      },
      "properties": {
        "内容": "バス停: 日赤前",
        "name": "日赤前",
        "operator": "事業者不明",
        "ref": "",
        "url": "",
        "url2": ""
      }
    },
    {
      "type": "Feature",
      "geometry": {
        "type": "Point",
        "coordinates": [
          141.1269696,
          39.6891603
        ]
      },
      "properties": {
        "内容": "バス停: 杜の道北 (岩手県北バス)",
        "name": "杜の道北",
        "operator": "岩手県北バス",
        "ref": "",
        "url": "",
        "url2": ""
      }
    },
    {
      "type": "Feature",
      "geometry": {
        "type": "Point",
        "coordinates": [
          141.126631,
          39.6890974
        ]
      },
      "properties": {
        "内容": "バス停: 杜の道北 (岩手県北バス)",
        "name": "杜の道北",
        "operator": "岩手県北バス",
        "ref": "",
        "url": "",
        "url2": ""
      }
    },
    {
      "type": "Feature",
      "geometry": {
        "type": "Point",
        "coordinates": [
          141.1263901,
          39.686304
        ]
      },
      "properties": {
        "内容": "バス停: 杜の道南",
        "name": "杜の道南",
        "operator": "事業者不明",
        "ref": "",
        "url": "",
        "url2": ""
      }
    },
    {
      "type": "Feature",
      "geometry": {
        "type": "Point",
        "coordinates": [
          141.1267335,
          39.6864319
        ]
      },
      "properties": {
        "内容": "バス停: 杜の道南",
        "name": "杜の道南",
        "operator": "事業者不明",
        "ref": "",
        "url": "",
        "url2": ""
      }
    },
    {
      "type": "Feature",
      "geometry": {
        "type": "Point",
        "coordinates": [
          141.128757,
          39.6831436
        ]
      },
      "properties": {
        "内容": "バス停: イオンモール盛岡南 (岩手県交通;岩手県北バス)",
        "name": "イオンモール盛岡南",
        "operator": "岩手県交通;岩手県北バス",
        "ref": "",
        "url": "",
        "url2": ""
      }
    },
    {
      "type": "Feature",
      "geometry": {
        "type": "Point",
        "coordinates": [
          141.1302922,
          39.6862292
        ]
      },
      "properties": {
        "内容": "バス停: もといち泉公園前",
        "name": "もといち泉公園前",
        "operator": "事業者不明",
        "ref": "",
        "url": "",
        "url2": ""
      }
    },
    {
      "type": "Feature",
      "geometry": {
        "type": "Point",
        "coordinates": [
          141.1300541,
          39.6863604
        ]
      },
      "properties": {
        "内容": "バス停: もといち泉公園前",
        "name": "もといち泉公園前",
        "operator": "事業者不明",
        "ref": "",
        "url": "",
        "url2": ""
      }
    },
    {
      "type": "Feature",
      "geometry": {
        "type": "Point",
        "coordinates": [
          141.1329362,
          39.6883082
        ]
      },
      "properties": {
        "内容": "バス停: 泉屋敷",
        "name": "泉屋敷",
        "operator": "事業者不明",
        "ref": "",
        "url": "",
        "url2": ""
      }
    },
    {
      "type": "Feature",
      "geometry": {
        "type": "Point",
        "coordinates": [
          141.135531,
          39.6890299
        ]
      },
      "properties": {
        "内容": "バス停: 盛南大橋南",
        "name": "盛南大橋南",
        "operator": "事業者不明",
        "ref": "",
        "url": "",
        "url2": ""
      }
    },
    {
      "type": "Feature",
      "geometry": {
        "type": "Point",
        "coordinates": [
          141.135928,
          39.689534
        ]
      },
      "properties": {
        "内容": "バス停: 盛南大橋南",
        "name": "盛南大橋南",
        "operator": "事業者不明",
        "ref": "",
        "url": "",
        "url2": ""
      }
    },
    {
      "type": "Feature",
      "geometry": {
        "type": "Point",
        "coordinates": [
          141.1285733,
          39.6880805
        ]
      },
      "properties": {
        "内容": "バス停: 原敬記念館前 (岩手県交通)",
        "name": "原敬記念館前",
        "operator": "岩手県交通",
        "ref": "",
        "url": "",
        "url2": ""
      }
    },
    {
      "type": "Feature",
      "geometry": {
        "type": "Point",
        "coordinates": [
          141.1279332,
          39.6883688
        ]
      },
      "properties": {
        "内容": "バス停: 原敬記念館前 (岩手県交通)",
        "name": "原敬記念館前",
        "operator": "岩手県交通",
        "ref": "",
        "url": "",
        "url2": ""
      }
    },
    {
      "type": "Feature",
      "geometry": {
        "type": "Point",
        "coordinates": [
          141.1232021,
          39.6880813
        ]
      },
      "properties": {
        "内容": "バス停: 盛岡市立病院入口",
        "name": "盛岡市立病院入口",
        "operator": "事業者不明",
        "ref": "",
        "url": "",
        "url2": ""
      }
    },
    {
      "type": "Feature",
      "geometry": {
        "type": "Point",
        "coordinates": [
          141.1233342,
          39.688077
        ]
      },
      "properties": {
        "内容": "バス停: 盛岡市立病院入口",
        "name": "盛岡市立病院入口",
        "operator": "事業者不明",
        "ref": "",
        "url": "",
        "url2": ""
      }
    },
    {
      "type": "Feature",
      "geometry": {
        "type": "Point",
        "coordinates": [
          141.1199312,
          39.6845587
        ]
      },
      "properties": {
        "内容": "バス停: 鬼柳",
        "name": "鬼柳",
        "operator": "事業者不明",
        "ref": "",
        "url": "",
        "url2": ""
      }
    },
    {
      "type": "Feature",
      "geometry": {
        "type": "Point",
        "coordinates": [
          141.1163446,
          39.6836948
        ]
      },
      "properties": {
        "内容": "バス停: 大宮神社前",
        "name": "大宮神社前",
        "operator": "事業者不明",
        "ref": "",
        "url": "",
        "url2": ""
      }
    },
    {
      "type": "Feature",
      "geometry": {
        "type": "Point",
        "coordinates": [
          141.1176857,
          39.6840539
        ]
      },
      "properties": {
        "内容": "バス停: 大宮神社前",
        "name": "大宮神社前",
        "operator": "事業者不明",
        "ref": "",
        "url": "",
        "url2": ""
      }
    },
    {
      "type": "Feature",
      "geometry": {
        "type": "Point",
        "coordinates": [
          141.113612,
          39.6818574
        ]
      },
      "properties": {
        "内容": "バス停: 大宮中学校前",
        "name": "大宮中学校前",
        "operator": "事業者不明",
        "ref": "",
        "url": "",
        "url2": ""
      }
    },
    {
      "type": "Feature",
      "geometry": {
        "type": "Point",
        "coordinates": [
          141.1132454,
          39.6818977
        ]
      },
      "properties": {
        "内容": "バス停: 大宮中学校前",
        "name": "大宮中学校前",
        "operator": "事業者不明",
        "ref": "",
        "url": "",
        "url2": ""
      }
    },
    {
      "type": "Feature",
      "geometry": {
        "type": "Point",
        "coordinates": [
          141.1094715,
          39.6800414
        ]
      },
      "properties": {
        "内容": "バス停: 飯岡十文字",
        "name": "飯岡十文字",
        "operator": "事業者不明",
        "ref": "",
        "url": "",
        "url2": ""
      }
    },
    {
      "type": "Feature",
      "geometry": {
        "type": "Point",
        "coordinates": [
          141.1095676,
          39.6799158
        ]
      },
      "properties": {
        "内容": "バス停: 飯岡十文字",
        "name": "飯岡十文字",
        "operator": "事業者不明",
        "ref": "",
        "url": "",
        "url2": ""
      }
    },
    {
      "type": "Feature",
      "geometry": {
        "type": "Point",
        "coordinates": [
          141.1128006,
          39.6733781
        ]
      },
      "properties": {
        "内容": "バス停: 二又",
        "name": "二又",
        "operator": "事業者不明",
        "ref": "",
        "url": "",
        "url2": ""
      }
    },
    {
      "type": "Feature",
      "geometry": {
        "type": "Point",
        "coordinates": [
          141.113006,
          39.6733213
        ]
      },
      "properties": {
        "内容": "バス停: 二又",
        "name": "二又",
        "operator": "事業者不明",
        "ref": "",
        "url": "",
        "url2": ""
      }
    },
    {
      "type": "Feature",
      "geometry": {
        "type": "Point",
        "coordinates": [
          141.1073607,
          39.6743866
        ]
      },
      "properties": {
        "内容": "バス停: 辻屋敷",
        "name": "辻屋敷",
        "operator": "事業者不明",
        "ref": "",
        "url": "",
        "url2": ""
      }
    },
    {
      "type": "Feature",
      "geometry": {
        "type": "Point",
        "coordinates": [
          141.113789,
          39.6579297
        ]
      },
      "properties": {
        "内容": "バス停: 中羽場",
        "name": "中羽場",
        "operator": "事業者不明",
        "ref": "",
        "url": "",
        "url2": ""
      }
    },
    {
      "type": "Feature",
      "geometry": {
        "type": "Point",
        "coordinates": [
          141.1134882,
          39.6577169
        ]
      },
      "properties": {
        "内容": "バス停: 中羽場",
        "name": "中羽場",
        "operator": "事業者不明",
        "ref": "",
        "url": "",
        "url2": ""
      }
    },
    {
      "type": "Feature",
      "geometry": {
        "type": "Point",
        "coordinates": [
          141.1170472,
          39.6602297
        ]
      },
      "properties": {
        "内容": "バス停: 下羽場",
        "name": "下羽場",
        "operator": "事業者不明",
        "ref": "",
        "url": "",
        "url2": ""
      }
    },
    {
      "type": "Feature",
      "geometry": {
        "type": "Point",
        "coordinates": [
          141.1139933,
          39.6545906
        ]
      },
      "properties": {
        "内容": "バス停: 羽場小学校前",
        "name": "羽場小学校前",
        "operator": "事業者不明",
        "ref": "",
        "url": "",
        "url2": ""
      }
    },
    {
      "type": "Feature",
      "geometry": {
        "type": "Point",
        "coordinates": [
          141.1137052,
          39.6546143
        ]
      },
      "properties": {
        "内容": "バス停: 羽場小学校前",
        "name": "羽場小学校前",
        "operator": "事業者不明",
        "ref": "",
        "url": "",
        "url2": ""
      }
    },
    {
      "type": "Feature",
      "geometry": {
        "type": "Point",
        "coordinates": [
          141.1083733,
          39.6497949
        ]
      },
      "properties": {
        "内容": "バス停: 岡田前",
        "name": "岡田前",
        "operator": "事業者不明",
        "ref": "",
        "url": "",
        "url2": ""
      }
    },
    {
      "type": "Feature",
      "geometry": {
        "type": "Point",
        "coordinates": [
          141.1085005,
          39.6497374
        ]
      },
      "properties": {
        "内容": "バス停: 岡田前",
        "name": "岡田前",
        "operator": "事業者不明",
        "ref": "",
        "url": "",
        "url2": ""
      }
    },
    {
      "type": "Feature",
      "geometry": {
        "type": "Point",
        "coordinates": [
          141.1034859,
          39.6470143
        ]
      },
      "properties": {
        "内容": "バス停: 上湯沢",
        "name": "上湯沢",
        "operator": "事業者不明",
        "ref": "",
        "url": "",
        "url2": ""
      }
    },
    {
      "type": "Feature",
      "geometry": {
        "type": "Point",
        "coordinates": [
          141.1034737,
          39.6469282
        ]
      },
      "properties": {
        "内容": "バス停: 上湯沢",
        "name": "上湯沢",
        "operator": "事業者不明",
        "ref": "",
        "url": "",
        "url2": ""
      }
    },
    {
      "type": "Feature",
      "geometry": {
        "type": "Point",
        "coordinates": [
          141.1027637,
          39.6521005
        ]
      },
      "properties": {
        "内容": "バス停: 盛岡工業高校前",
        "name": "盛岡工業高校前",
        "operator": "事業者不明",
        "ref": "",
        "url": "",
        "url2": ""
      }
    },
    {
      "type": "Feature",
      "geometry": {
        "type": "Point",
        "coordinates": [
          141.0985123,
          39.645405
        ]
      },
      "properties": {
        "内容": "バス停: 湯沢県営住宅前",
        "name": "湯沢県営住宅前",
        "operator": "事業者不明",
        "ref": "",
        "url": "",
        "url2": ""
      }
    },
    {
      "type": "Feature",
      "geometry": {
        "type": "Point",
        "coordinates": [
          141.0983645,
          39.6453908
        ]
      },
      "properties": {
        "内容": "バス停: 湯沢県営住宅前",
        "name": "湯沢県営住宅前",
        "operator": "事業者不明",
        "ref": "",
        "url": "",
        "url2": ""
      }
    },
    {
      "type": "Feature",
      "geometry": {
        "type": "Point",
        "coordinates": [
          141.0960284,
          39.642153
        ]
      },
      "properties": {
        "内容": "バス停: 公園前",
        "name": "公園前",
        "operator": "事業者不明",
        "ref": "",
        "url": "",
        "url2": ""
      }
    },
    {
      "type": "Feature",
      "geometry": {
        "type": "Point",
        "coordinates": [
          141.096164,
          39.6420344
        ]
      },
      "properties": {
        "内容": "バス停: 公園前",
        "name": "公園前",
        "operator": "事業者不明",
        "ref": "",
        "url": "",
        "url2": ""
      }
    },
    {
      "type": "Feature",
      "geometry": {
        "type": "Point",
        "coordinates": [
          141.0959699,
          39.6393217
        ]
      },
      "properties": {
        "内容": "バス停: 湯沢団地",
        "name": "湯沢団地",
        "operator": "事業者不明",
        "ref": "",
        "url": "",
        "url2": ""
      }
    },
    {
      "type": "Feature",
      "geometry": {
        "type": "Point",
        "coordinates": [
          141.09609,
          39.6392648
        ]
      },
      "properties": {
        "内容": "バス停: 湯沢団地",
        "name": "湯沢団地",
        "operator": "事業者不明",
        "ref": "",
        "url": "",
        "url2": ""
      }
    },
    {
      "type": "Feature",
      "geometry": {
        "type": "Point",
        "coordinates": [
          141.0989446,
          39.6393294
        ]
      },
      "properties": {
        "内容": "バス停: 湯沢団地南口",
        "name": "湯沢団地南口",
        "operator": "事業者不明",
        "ref": "",
        "url": "",
        "url2": ""
      }
    },
    {
      "type": "Feature",
      "geometry": {
        "type": "Point",
        "coordinates": [
          141.0989169,
          39.6391515
        ]
      },
      "properties": {
        "内容": "バス停: 湯沢団地南口",
        "name": "湯沢団地南口",
        "operator": "事業者不明",
        "ref": "",
        "url": "",
        "url2": ""
      }
    },
    {
      "type": "Feature",
      "geometry": {
        "type": "Point",
        "coordinates": [
          141.1020626,
          39.6370635
        ]
      },
      "properties": {
        "内容": "バス停: 早稲屋敷",
        "name": "早稲屋敷",
        "operator": "事業者不明",
        "ref": "",
        "url": "",
        "url2": ""
      }
    },
    {
      "type": "Feature",
      "geometry": {
        "type": "Point",
        "coordinates": [
          141.1020158,
          39.6371758
        ]
      },
      "properties": {
        "内容": "バス停: 早稲屋敷",
        "name": "早稲屋敷",
        "operator": "事業者不明",
        "ref": "",
        "url": "",
        "url2": ""
      }
    },
    {
      "type": "Feature",
      "geometry": {
        "type": "Point",
        "coordinates": [
          141.1012328,
          39.6316609
        ]
      },
      "properties": {
        "内容": "バス停: 矢巾営業所",
        "name": "矢巾営業所",
        "operator": "事業者不明",
        "ref": "",
        "url": "",
        "url2": ""
      }
    },
    {
      "type": "Feature",
      "geometry": {
        "type": "Point",
        "coordinates": [
          141.1049316,
          39.6730412
        ]
      },
      "properties": {
        "内容": "バス停: 前野口",
        "name": "前野口",
        "operator": "事業者不明",
        "ref": "",
        "url": "",
        "url2": ""
      }
    },
    {
      "type": "Feature",
      "geometry": {
        "type": "Point",
        "coordinates": [
          141.1042812,
          39.6708067
        ]
      },
      "properties": {
        "内容": "バス停: 上飯岡",
        "name": "上飯岡",
        "operator": "事業者不明",
        "ref": "",
        "url": "",
        "url2": ""
      }
    },
    {
      "type": "Feature",
      "geometry": {
        "type": "Point",
        "coordinates": [
          141.1024593,
          39.6625086
        ]
      },
      "properties": {
        "内容": "バス停: 羽場口",
        "name": "羽場口",
        "operator": "事業者不明",
        "ref": "",
        "url": "",
        "url2": ""
      }
    },
    {
      "type": "Feature",
      "geometry": {
        "type": "Point",
        "coordinates": [
          141.1005009,
          39.6574179
        ]
      },
      "properties": {
        "内容": "バス停: 坂の上商店前",
        "name": "坂の上商店前",
        "operator": "事業者不明",
        "ref": "",
        "url": "",
        "url2": ""
      }
    },
    {
      "type": "Feature",
      "geometry": {
        "type": "Point",
        "coordinates": [
          141.7208923,
          39.0626555
        ]
      },
      "properties": {
        "内容": "バス停: 大船渡駅前 (岩手県交通)",
        "name": "大船渡駅前",
        "operator": "岩手県交通",
        "ref": "",
        "url": "",
        "url2": ""
      }
    },
    {
      "type": "Feature",
      "geometry": {
        "type": "Point",
        "coordinates": [
          141.7208978,
          39.0628156
        ]
      },
      "properties": {
        "内容": "バス停: 大船渡駅前 (岩手県交通)",
        "name": "大船渡駅前",
        "operator": "岩手県交通",
        "ref": "",
        "url": "",
        "url2": ""
      }
    },
    {
      "type": "Feature",
      "geometry": {
        "type": "Point",
        "coordinates": [
          141.8875611,
          39.3268289
        ]
      },
      "properties": {
        "内容": "バス停: 鵜住居駅",
        "name": "鵜住居駅",
        "operator": "事業者不明",
        "ref": "",
        "url": "",
        "url2": ""
      }
    },
    {
      "type": "Feature",
      "geometry": {
        "type": "Point",
        "coordinates": [
          141.9535745,
          39.4782021
        ]
      },
      "properties": {
        "内容": "バス停: 道の駅やまだ (岩手県北バス)",
        "name": "道の駅やまだ",
        "operator": "岩手県北バス",
        "ref": "",
        "url": "",
        "url2": ""
      }
    },
    {
      "type": "Feature",
      "geometry": {
        "type": "Point",
        "coordinates": [
          141.9628149,
          39.6253454
        ]
      },
      "properties": {
        "内容": "バス停: 上磯鶏 (岩手県北バス)",
        "name": "上磯鶏",
        "operator": "岩手県北バス",
        "ref": "",
        "url": "",
        "url2": ""
      }
    },
    {
      "type": "Feature",
      "geometry": {
        "type": "Point",
        "coordinates": [
          141.9625737,
          39.6256296
        ]
      },
      "properties": {
        "内容": "バス停: 上磯鶏 (岩手県北バス)",
        "name": "上磯鶏",
        "operator": "岩手県北バス",
        "ref": "",
        "url": "",
        "url2": ""
      }
    },
    {
      "type": "Feature",
      "geometry": {
        "type": "Point",
        "coordinates": [
          141.9612386,
          39.6179706
        ]
      },
      "properties": {
        "内容": "バス停: 商業校舎前 (岩手県北バス)",
        "name": "商業校舎前",
        "operator": "岩手県北バス",
        "ref": "",
        "url": "",
        "url2": ""
      }
    },
    {
      "type": "Feature",
      "geometry": {
        "type": "Point",
        "coordinates": [
          141.9619602,
          39.6130055
        ]
      },
      "properties": {
        "内容": "バス停: 藤の川 (岩手県北バス)",
        "name": "藤の川",
        "operator": "岩手県北バス",
        "ref": "",
        "url": "",
        "url2": ""
      }
    },
    {
      "type": "Feature",
      "geometry": {
        "type": "Point",
        "coordinates": [
          141.9623214,
          39.6127452
        ]
      },
      "properties": {
        "内容": "バス停: 藤の川 (岩手県北バス)",
        "name": "藤の川",
        "operator": "岩手県北バス",
        "ref": "",
        "url": "",
        "url2": ""
      }
    },
    {
      "type": "Feature",
      "geometry": {
        "type": "Point",
        "coordinates": [
          141.9551197,
          39.6423846
        ]
      },
      "properties": {
        "内容": "バス停: 信用金庫前 (岩手県北バス)",
        "name": "信用金庫前",
        "operator": "岩手県北バス",
        "ref": "",
        "url": "",
        "url2": ""
      }
    },
    {
      "type": "Feature",
      "geometry": {
        "type": "Point",
        "coordinates": [
          141.9550272,
          39.6422236
        ]
      },
      "properties": {
        "内容": "バス停: 信用金庫前 (岩手県北バス)",
        "name": "信用金庫前",
        "operator": "岩手県北バス",
        "ref": "",
        "url": "",
        "url2": ""
      }
    },
    {
      "type": "Feature",
      "geometry": {
        "type": "Point",
        "coordinates": [
          141.9598424,
          39.641487
        ]
      },
      "properties": {
        "内容": "バス停: 築地二丁目 (岩手県北バス)",
        "name": "築地二丁目",
        "operator": "岩手県北バス",
        "ref": "",
        "url": "",
        "url2": ""
      }
    },
    {
      "type": "Feature",
      "geometry": {
        "type": "Point",
        "coordinates": [
          141.9645618,
          39.6402983
        ]
      },
      "properties": {
        "内容": "バス停: 漁協ビル (岩手県北バス)",
        "name": "漁協ビル",
        "operator": "岩手県北バス",
        "ref": "",
        "url": "",
        "url2": ""
      }
    },
    {
      "type": "Feature",
      "geometry": {
        "type": "Point",
        "coordinates": [
          141.964991,
          39.6402611
        ]
      },
      "properties": {
        "内容": "バス停: 漁協ビル (岩手県北バス)",
        "name": "漁協ビル",
        "operator": "岩手県北バス",
        "ref": "",
        "url": "",
        "url2": ""
      }
    },
    {
      "type": "Feature",
      "geometry": {
        "type": "Point",
        "coordinates": [
          141.9701465,
          39.6391899
        ]
      },
      "properties": {
        "内容": "バス停: 道の駅シートピアなあど (岩手県北バス)",
        "name": "道の駅シートピアなあど",
        "operator": "岩手県北バス",
        "ref": "",
        "url": "",
        "url2": ""
      }
    },
    {
      "type": "Feature",
      "geometry": {
        "type": "Point",
        "coordinates": [
          141.9674644,
          39.642932
        ]
      },
      "properties": {
        "内容": "バス停: 鍬ヶ崎一丁目 (岩手県北バス)",
        "name": "鍬ヶ崎一丁目",
        "operator": "岩手県北バス",
        "ref": "",
        "url": "",
        "url2": ""
      }
    },
    {
      "type": "Feature",
      "geometry": {
        "type": "Point",
        "coordinates": [
          141.9687618,
          39.6475446
        ]
      },
      "properties": {
        "内容": "バス停: 前須賀 (岩手県北バス)",
        "name": "前須賀",
        "operator": "岩手県北バス",
        "ref": "",
        "url": "",
        "url2": ""
      }
    },
    {
      "type": "Feature",
      "geometry": {
        "type": "Point",
        "coordinates": [
          141.9749899,
          39.6448794
        ]
      },
      "properties": {
        "内容": "バス停: 角力浜",
        "name": "角力浜",
        "operator": "事業者不明",
        "ref": "",
        "url": "",
        "url2": ""
      }
    },
    {
      "type": "Feature",
      "geometry": {
        "type": "Point",
        "coordinates": [
          141.9780459,
          39.6463623
        ]
      },
      "properties": {
        "内容": "バス停: 浄土ヶ浜ビジターセンター (岩手県北バス)",
        "name": "浄土ヶ浜ビジターセンター",
        "operator": "岩手県北バス",
        "ref": "",
        "url": "",
        "url2": ""
      }
    },
    {
      "type": "Feature",
      "geometry": {
        "type": "Point",
        "coordinates": [
          141.9781923,
          39.6463547
        ]
      },
      "properties": {
        "内容": "バス停: 浄土ヶ浜ビジターセンター (岩手県北バス)",
        "name": "浄土ヶ浜ビジターセンター",
        "operator": "岩手県北バス",
        "ref": "",
        "url": "",
        "url2": ""
      }
    },
    {
      "type": "Feature",
      "geometry": {
        "type": "Point",
        "coordinates": [
          141.9780131,
          39.6480369
        ]
      },
      "properties": {
        "内容": "バス停: マリンハウス前 (岩手県北バス)",
        "name": "マリンハウス前",
        "operator": "岩手県北バス",
        "ref": "",
        "url": "",
        "url2": ""
      }
    },
    {
      "type": "Feature",
      "geometry": {
        "type": "Point",
        "coordinates": [
          141.9785785,
          39.6519657
        ]
      },
      "properties": {
        "内容": "バス停: 奥浄土ヶ浜 (岩手県北バス)",
        "name": "奥浄土ヶ浜",
        "operator": "岩手県北バス",
        "ref": "",
        "url": "",
        "url2": ""
      }
    },
    {
      "type": "Feature",
      "geometry": {
        "type": "Point",
        "coordinates": [
          141.9742539,
          39.6499232
        ]
      },
      "properties": {
        "内容": "バス停: 第三駐車場 (岩手県北バス)",
        "name": "第三駐車場",
        "operator": "岩手県北バス",
        "ref": "",
        "url": "",
        "url2": ""
      }
    },
    {
      "type": "Feature",
      "geometry": {
        "type": "Point",
        "coordinates": [
          141.9786211,
          39.6495043
        ]
      },
      "properties": {
        "内容": "バス停: 浄土ヶ浜パークホテル前 (岩手県北バス)",
        "name": "浄土ヶ浜パークホテル前",
        "operator": "岩手県北バス",
        "ref": "",
        "url": "",
        "url2": ""
      }
    },
    {
      "type": "Feature",
      "geometry": {
        "type": "Point",
        "coordinates": [
          141.946944,
          39.6409882
        ]
      },
      "properties": {
        "内容": "バス停: 宮古駅前",
        "name": "宮古駅前",
        "operator": "事業者不明",
        "ref": "",
        "url": "",
        "url2": ""
      }
    },
    {
      "type": "Feature",
      "geometry": {
        "type": "Point",
        "coordinates": [
          141.9474164,
          39.6403174
        ]
      },
      "properties": {
        "内容": "バス停: 宮古駅前",
        "name": "宮古駅前",
        "operator": "事業者不明",
        "ref": "",
        "url": "",
        "url2": ""
      }
    },
    {
      "type": "Feature",
      "geometry": {
        "type": "Point",
        "coordinates": [
          141.9264532,
          39.6362366
        ]
      },
      "properties": {
        "内容": "バス停: 下千徳 (岩手県北バス)",
        "name": "下千徳",
        "operator": "岩手県北バス",
        "ref": "",
        "url": "",
        "url2": ""
      }
    },
    {
      "type": "Feature",
      "geometry": {
        "type": "Point",
        "coordinates": [
          141.9119524,
          39.6317341
        ]
      },
      "properties": {
        "内容": "バス停: 千徳駅前 (岩手県北バス)",
        "name": "千徳駅前",
        "operator": "岩手県北バス",
        "ref": "",
        "url": "",
        "url2": ""
      }
    },
    {
      "type": "Feature",
      "geometry": {
        "type": "Point",
        "coordinates": [
          141.8390922,
          39.6279772
        ]
      },
      "properties": {
        "内容": "バス停: 蟇目 (岩手県北バス)",
        "name": "蟇目",
        "operator": "岩手県北バス",
        "ref": "",
        "url": "",
        "url2": ""
      }
    },
    {
      "type": "Feature",
      "geometry": {
        "type": "Point",
        "coordinates": [
          141.1411466,
          39.702339
        ]
      },
      "properties": {
        "内容": "バス停: 開運橋 (岩手県北バス)",
        "name": "開運橋",
        "operator": "岩手県北バス",
        "ref": "",
        "url": "",
        "url2": ""
      }
    },
    {
      "type": "Feature",
      "geometry": {
        "type": "Point",
        "coordinates": [
          141.1384754,
          39.7029587
        ]
      },
      "properties": {
        "内容": "バス停: 盛岡駅口 (岩手県北バス)",
        "name": "盛岡駅口",
        "operator": "岩手県北バス",
        "ref": "",
        "url": "",
        "url2": ""
      }
    },
    {
      "type": "Feature",
      "geometry": {
        "type": "Point",
        "coordinates": [
          141.1385896,
          39.7030966
        ]
      },
      "properties": {
        "内容": "バス停: 盛岡駅口 (岩手県北バス)",
        "name": "盛岡駅口",
        "operator": "岩手県北バス",
        "ref": "",
        "url": "",
        "url2": ""
      }
    },
    {
      "type": "Feature",
      "geometry": {
        "type": "Point",
        "coordinates": [
          141.1367204,
          39.7041193
        ]
      },
      "properties": {
        "内容": "バス停: 旭橋 (岩手県交通)",
        "name": "旭橋",
        "operator": "岩手県交通",
        "ref": "",
        "url": "",
        "url2": ""
      }
    },
    {
      "type": "Feature",
      "geometry": {
        "type": "Point",
        "coordinates": [
          141.1336147,
          39.7069718
        ]
      },
      "properties": {
        "内容": "バス停: 夕顔瀬橋",
        "name": "夕顔瀬橋",
        "operator": "事業者不明",
        "ref": "",
        "url": "",
        "url2": ""
      }
    },
    {
      "type": "Feature",
      "geometry": {
        "type": "Point",
        "coordinates": [
          141.1188752,
          39.699055
        ]
      },
      "properties": {
        "内容": "バス停: 下川原",
        "name": "下川原",
        "operator": "事業者不明",
        "ref": "",
        "url": "",
        "url2": ""
      }
    },
    {
      "type": "Feature",
      "geometry": {
        "type": "Point",
        "coordinates": [
          141.1190338,
          39.6991094
        ]
      },
      "properties": {
        "内容": "バス停: 下川原",
        "name": "下川原",
        "operator": "事業者不明",
        "ref": "",
        "url": "",
        "url2": ""
      }
    },
    {
      "type": "Feature",
      "geometry": {
        "type": "Point",
        "coordinates": [
          141.114541,
          39.6980028
        ]
      },
      "properties": {
        "内容": "バス停: こずかたの郷前 (岩手県交通)",
        "name": "こずかたの郷前",
        "operator": "岩手県交通",
        "ref": "",
        "url": "",
        "url2": ""
      }
    },
    {
      "type": "Feature",
      "geometry": {
        "type": "Point",
        "coordinates": [
          141.12038,
          39.6920657
        ]
      },
      "properties": {
        "内容": "バス停: 総合アリーナ前 (岩手県交通)",
        "name": "総合アリーナ前",
        "operator": "岩手県交通",
        "ref": "",
        "url": "",
        "url2": ""
      }
    },
    {
      "type": "Feature",
      "geometry": {
        "type": "Point",
        "coordinates": [
          141.1144703,
          39.6980726
        ]
      },
      "properties": {
        "内容": "バス停: こずかたの郷前 (岩手県交通)",
        "name": "こずかたの郷前",
        "operator": "岩手県交通",
        "ref": "",
        "url": "",
        "url2": ""
      }
    },
    {
      "type": "Feature",
      "geometry": {
        "type": "Point",
        "coordinates": [
          141.1285383,
          39.6829956
        ]
      },
      "properties": {
        "内容": "バス停: イオンモール盛岡南 (岩手県交通)",
        "name": "イオンモール盛岡南",
        "operator": "岩手県交通",
        "ref": "",
        "url": "",
        "url2": ""
      }
    },
    {
      "type": "Feature",
      "geometry": {
        "type": "Point",
        "coordinates": [
          141.1346577,
          39.701923
        ]
      },
      "properties": {
        "内容": "バス停: 盛岡駅西口 (JAMJAMライナー;さくら高速バス)",
        "name": "盛岡駅西口",
        "operator": "JAMJAMライナー;さくら高速バス",
        "ref": "",
        "url": "",
        "url2": ""
      }
    },
    {
      "type": "Feature",
      "geometry": {
        "type": "Point",
        "coordinates": [
          141.1344205,
          39.7020491
        ]
      },
      "properties": {
        "内容": "バス停: 盛岡駅西口",
        "name": "盛岡駅西口",
        "operator": "事業者不明",
        "ref": "",
        "url": "",
        "url2": ""
      }
    },
    {
      "type": "Feature",
      "geometry": {
        "type": "Point",
        "coordinates": [
          141.1347652,
          39.7017788
        ]
      },
      "properties": {
        "内容": "バス停: 盛岡駅西口 (MEX;オリオンバス)",
        "name": "盛岡駅西口",
        "operator": "MEX;オリオンバス",
        "ref": "",
        "url": "",
        "url2": ""
      }
    },
    {
      "type": "Feature",
      "geometry": {
        "type": "Point",
        "coordinates": [
          141.1348723,
          39.701627
        ]
      },
      "properties": {
        "内容": "バス停: 盛岡駅西口 (岩手県北バス)",
        "name": "盛岡駅西口",
        "operator": "岩手県北バス",
        "ref": "",
        "url": "",
        "url2": ""
      }
    },
    {
      "type": "Feature",
      "geometry": {
        "type": "Point",
        "coordinates": [
          141.1347269,
          39.7014229
        ]
      },
      "properties": {
        "内容": "バス停: 盛岡駅西口 (岩手県北バス)",
        "name": "盛岡駅西口",
        "operator": "岩手県北バス",
        "ref": "",
        "url": "",
        "url2": ""
      }
    },
    {
      "type": "Feature",
      "geometry": {
        "type": "Point",
        "coordinates": [
          141.1343486,
          39.7015969
        ]
      },
      "properties": {
        "内容": "バス停: 盛岡駅西口",
        "name": "盛岡駅西口",
        "operator": "事業者不明",
        "ref": "",
        "url": "",
        "url2": ""
      }
    },
    {
      "type": "Feature",
      "geometry": {
        "type": "Point",
        "coordinates": [
          141.1342052,
          39.7017514
        ]
      },
      "properties": {
        "内容": "バス停: 盛岡駅西口",
        "name": "盛岡駅西口",
        "operator": "事業者不明",
        "ref": "",
        "url": "",
        "url2": ""
      }
    },
    {
      "type": "Feature",
      "geometry": {
        "type": "Point",
        "coordinates": [
          141.1345014,
          39.7014367
        ]
      },
      "properties": {
        "内容": "バス停: 盛岡駅西口 (岩手県交通)",
        "name": "盛岡駅西口",
        "operator": "岩手県交通",
        "ref": "",
        "url": "",
        "url2": ""
      }
    },
    {
      "type": "Feature",
      "geometry": {
        "type": "Point",
        "coordinates": [
          141.1340787,
          39.7018844
        ]
      },
      "properties": {
        "内容": "バス停: 盛岡駅西口",
        "name": "盛岡駅西口",
        "operator": "事業者不明",
        "ref": "",
        "url": "",
        "url2": ""
      }
    },
    {
      "type": "Feature",
      "geometry": {
        "type": "Point",
        "coordinates": [
          141.138767,
          39.4211123
        ]
      },
      "properties": {
        "内容": "バス停: 花巻空港",
        "name": "花巻空港",
        "operator": "事業者不明",
        "ref": "",
        "url": "",
        "url2": ""
      }
    },
    {
      "type": "Feature",
      "geometry": {
        "type": "Point",
        "coordinates": [
          141.1388232,
          39.4213306
        ]
      },
      "properties": {
        "内容": "バス停: 花巻空港",
        "name": "花巻空港",
        "operator": "事業者不明",
        "ref": "",
        "url": "",
        "url2": ""
      }
    },
    {
      "type": "Feature",
      "geometry": {
        "type": "Point",
        "coordinates": [
          141.1389604,
          39.4219232
        ]
      },
      "properties": {
        "内容": "バス停: 花巻空港 (岩手県交通)",
        "name": "花巻空港",
        "operator": "岩手県交通",
        "ref": "",
        "url": "",
        "url2": ""
      }
    },
    {
      "type": "Feature",
      "geometry": {
        "type": "Point",
        "coordinates": [
          141.1390267,
          39.4221424
        ]
      },
      "properties": {
        "内容": "バス停: 花巻空港 (東日本交通)",
        "name": "花巻空港",
        "operator": "東日本交通",
        "ref": "",
        "url": "",
        "url2": ""
      }
    },
    {
      "type": "Feature",
      "geometry": {
        "type": "Point",
        "coordinates": [
          141.139026,
          39.4221372
        ]
      },
      "properties": {
        "内容": "バス停: いわて花巻空港前 (東和町総合サービス公社)",
        "name": "いわて花巻空港前",
        "operator": "東和町総合サービス公社",
        "ref": "",
        "url": "",
        "url2": ""
      }
    }
  ]
}