{
"type": "FeatureCollection",
"name": "geo_3_5",
"crs": { "type": "name", "properties": { "name": "urn:ogc:def:crs:OGC:1.3:CRS84" } },
"features": [
{ "type": "Feature", "properties": { "ID": 350303040267, "正式名称": "髙橋薬局", "機関区分": 5, "都道府県コード": 3, "市区町村コード": 485, "所在地": "岩手県下閉伊郡普代村第１３地割字普代１２６番地９", "緯度": 40.007294, "経度": 141.884885, "url": "https://www.iryou.teikyouseido.mhlw.go.jp/znk-web/juminkanja/S2430/initialize?prefCd=03&kikanCd=0303040267&kikanKbn=nan", "url2": null, "内容": "髙橋薬局0岩手県下閉伊郡普代村第１３地割字普代１２６番地９" }, "geometry": { "type": "Point", "coordinates": [ 141.884885, 40.007294 ] } },
{ "type": "Feature", "properties": { "ID": 350340641497, "正式名称": "調剤薬局ツルハドラッグ北上店", "機関区分": 5, "都道府県コード": 3, "市区町村コード": 206, "所在地": "岩手県北上市柳原町１丁目４－１４０", "緯度": 39.293173, "経度": 141.112081, "url": "https://www.iryou.teikyouseido.mhlw.go.jp/znk-web/juminkanja/S2430/initialize?prefCd=03&kikanCd=0340641497&kikanKbn=nan", "url2": null, "内容": "調剤薬局ツルハドラッグ北上店0岩手県北上市柳原町１丁目４－１４０" }, "geometry": { "type": "Point", "coordinates": [ 141.112081, 39.293173 ] } },
{ "type": "Feature", "properties": { "ID": 350340941467, "正式名称": "ウエルシア薬局一関末広店", "機関区分": 5, "都道府県コード": 3, "市区町村コード": 209, "所在地": "岩手県一関市末広一丁目８番１８号", "緯度": 38.92773, "経度": 141.126221, "url": "https://www.iryou.teikyouseido.mhlw.go.jp/znk-web/juminkanja/S2430/initialize?prefCd=03&kikanCd=0340941467&kikanKbn=nan", "url2": "https://www.welcia.co.jp/", "内容": "ウエルシア薬局一関末広店0岩手県一関市末広一丁目８番１８号" }, "geometry": { "type": "Point", "coordinates": [ 141.126221, 38.92773 ] } },
{ "type": "Feature", "properties": { "ID": 350340941475, "正式名称": "クスリのアオキ真柴薬局", "機関区分": 5, "都道府県コード": 3, "市区町村コード": 209, "所在地": "岩手県一関市真柴字中田６８番地５", "緯度": 38.910243, "経度": 141.130405, "url": "https://www.iryou.teikyouseido.mhlw.go.jp/znk-web/juminkanja/S2430/initialize?prefCd=03&kikanCd=0340941475&kikanKbn=nan", "url2": "https://www.kusuri-aoki.co.jp/", "内容": "クスリのアオキ真柴薬局0岩手県一関市真柴字中田６８番地５" }, "geometry": { "type": "Point", "coordinates": [ 141.130405, 38.910243 ] } },
{ "type": "Feature", "properties": { "ID": 350341540573, "正式名称": "もくれん薬局", "機関区分": 5, "都道府県コード": 3, "市区町村コード": 215, "所在地": "岩手県奥州市前沢七日町４８番２", "緯度": 39.051402, "経度": 141.123074, "url": "https://www.iryou.teikyouseido.mhlw.go.jp/znk-web/juminkanja/S2430/initialize?prefCd=03&kikanCd=0341540573&kikanKbn=nan", "url2": "http://www.lively-pharma.jp/", "内容": "もくれん薬局0岩手県奥州市前沢七日町４８番２" }, "geometry": { "type": "Point", "coordinates": [ 141.123074, 39.051402 ] } },
{ "type": "Feature", "properties": { "ID": 3503500005, "正式名称": "村源薬局", "機関区分": 5, "都道府県コード": 3, "市区町村コード": 201, "所在地": "岩手県盛岡市肴町６番２号", "緯度": 39.69788, "経度": 141.15438, "url": "https://www.iryou.teikyouseido.mhlw.go.jp/znk-web/juminkanja/S2430/initialize?prefCd=03&kikanCd=03500005&kikanKbn=nan", "url2": "muragen.com/", "内容": "村源薬局0岩手県盛岡市肴町６番２号" }, "geometry": { "type": "Point", "coordinates": [ 141.15438, 39.69788 ] } },
{ "type": "Feature", "properties": { "ID": 3503500014, "正式名称": "金田一薬局", "機関区分": 5, "都道府県コード": 3, "市区町村コード": 201, "所在地": "岩手県盛岡市本町通二丁目１７ー５", "緯度": 39.708721, "経度": 141.148719, "url": "https://www.iryou.teikyouseido.mhlw.go.jp/znk-web/juminkanja/S2430/initialize?prefCd=03&kikanCd=03500014&kikanKbn=nan", "url2": "https://kindaichi23.wixsite.com/my-site-2", "内容": "金田一薬局0岩手県盛岡市本町通二丁目１７ー５" }, "geometry": { "type": "Point", "coordinates": [ 141.148719, 39.708721 ] } },
{ "type": "Feature", "properties": { "ID": 3503500022, "正式名称": "清水町調剤薬局", "機関区分": 5, "都道府県コード": 3, "市区町村コード": 201, "所在地": "岩手県盛岡市清水町５－１８", "緯度": 39.695679, "経度": 141.151231, "url": "https://www.iryou.teikyouseido.mhlw.go.jp/znk-web/juminkanja/S2430/initialize?prefCd=03&kikanCd=03500022&kikanKbn=nan", "url2": null, "内容": "清水町調剤薬局0岩手県盛岡市清水町５－１８" }, "geometry": { "type": "Point", "coordinates": [ 141.151231, 39.695679 ] } },
{ "type": "Feature", "properties": { "ID": 3503500023, "正式名称": "アポロ薬局", "機関区分": 5, "都道府県コード": 3, "市区町村コード": 201, "所在地": "岩手県盛岡市本宮一丁目６ー１１", "緯度": 39.69017, "経度": 141.14128, "url": "https://www.iryou.teikyouseido.mhlw.go.jp/znk-web/juminkanja/S2430/initialize?prefCd=03&kikanCd=03500023&kikanKbn=nan", "url2": "https://www.apocreat.co.jp/", "内容": "アポロ薬局0岩手県盛岡市本宮一丁目６ー１１" }, "geometry": { "type": "Point", "coordinates": [ 141.14128, 39.69017 ] } },
{ "type": "Feature", "properties": { "ID": 3503500025, "正式名称": "ポプラ薬局", "機関区分": 5, "都道府県コード": 3, "市区町村コード": 201, "所在地": "岩手県盛岡市名須川町２７－４２", "緯度": 39.711256, "経度": 141.15408, "url": "https://www.iryou.teikyouseido.mhlw.go.jp/znk-web/juminkanja/S2430/initialize?prefCd=03&kikanCd=03500025&kikanKbn=nan", "url2": "https://endeavor-co.com", "内容": "ポプラ薬局0岩手県盛岡市名須川町２７－４２" }, "geometry": { "type": "Point", "coordinates": [ 141.15408, 39.711256 ] } },
{ "type": "Feature", "properties": { "ID": 3503500029, "正式名称": "スタイル薬局", "機関区分": 5, "都道府県コード": 3, "市区町村コード": 201, "所在地": "岩手県盛岡市青山３－６－２", "緯度": 39.727112, "経度": 141.117489, "url": "https://www.iryou.teikyouseido.mhlw.go.jp/znk-web/juminkanja/S2430/initialize?prefCd=03&kikanCd=03500029&kikanKbn=nan", "url2": "machi-no-yakkyoku.com/", "内容": "スタイル薬局0岩手県盛岡市青山３－６－２" }, "geometry": { "type": "Point", "coordinates": [ 141.117489, 39.727112 ] } },
{ "type": "Feature", "properties": { "ID": 3503500030, "正式名称": "フローレンス薬局", "機関区分": 5, "都道府県コード": 3, "市区町村コード": 201, "所在地": "岩手県盛岡市大通１丁目５番７号", "緯度": 39.702125, "経度": 141.148366, "url": "https://www.iryou.teikyouseido.mhlw.go.jp/znk-web/juminkanja/S2430/initialize?prefCd=03&kikanCd=03500030&kikanKbn=nan", "url2": "http://www.florencepharmacy.jp", "内容": "フローレンス薬局0岩手県盛岡市大通１丁目５番７号" }, "geometry": { "type": "Point", "coordinates": [ 141.148366, 39.702125 ] } },
{ "type": "Feature", "properties": { "ID": 3503500032, "正式名称": "調剤薬局アスティこうの", "機関区分": 5, "都道府県コード": 3, "市区町村コード": 201, "所在地": "岩手県盛岡市緑が丘四丁目１ー５０アスティ１Ｆ", "緯度": 39.735068, "経度": 141.142465, "url": "https://www.iryou.teikyouseido.mhlw.go.jp/znk-web/juminkanja/S2430/initialize?prefCd=03&kikanCd=03500032&kikanKbn=nan", "url2": "www.astykono210201.jp", "内容": "調剤薬局アスティこうの0岩手県盛岡市緑が丘四丁目１ー５０アスティ１Ｆ" }, "geometry": { "type": "Point", "coordinates": [ 141.142465, 39.735068 ] } },
{ "type": "Feature", "properties": { "ID": 3503500035, "正式名称": "菜園薬局", "機関区分": 5, "都道府県コード": 3, "市区町村コード": 201, "所在地": "岩手県盛岡市菜園１－５－２５", "緯度": 39.701499, "経度": 141.14874, "url": "https://www.iryou.teikyouseido.mhlw.go.jp/znk-web/juminkanja/S2430/initialize?prefCd=03&kikanCd=03500035&kikanKbn=nan", "url2": null, "内容": "菜園薬局0岩手県盛岡市菜園１－５－２５" }, "geometry": { "type": "Point", "coordinates": [ 141.14874, 39.701499 ] } },
{ "type": "Feature", "properties": { "ID": 3503500038, "正式名称": "まつや調剤薬局", "機関区分": 5, "都道府県コード": 3, "市区町村コード": 201, "所在地": "岩手県盛岡市好摩字夏間木１０７－３", "緯度": 39.873563, "経度": 141.17248, "url": "https://www.iryou.teikyouseido.mhlw.go.jp/znk-web/juminkanja/S2430/initialize?prefCd=03&kikanCd=03500038&kikanKbn=nan", "url2": null, "内容": "まつや調剤薬局0岩手県盛岡市好摩字夏間木１０７－３" }, "geometry": { "type": "Point", "coordinates": [ 141.17248, 39.873563 ] } },
{ "type": "Feature", "properties": { "ID": 3503500039, "正式名称": "メープル薬局", "機関区分": 5, "都道府県コード": 3, "市区町村コード": 201, "所在地": "岩手県盛岡市本宮二丁目３８ー８", "緯度": 39.686142, "経度": 141.141165, "url": "https://www.iryou.teikyouseido.mhlw.go.jp/znk-web/juminkanja/S2430/initialize?prefCd=03&kikanCd=03500039&kikanKbn=nan", "url2": null, "内容": "メープル薬局0岩手県盛岡市本宮二丁目３８ー８" }, "geometry": { "type": "Point", "coordinates": [ 141.141165, 39.686142 ] } },
{ "type": "Feature", "properties": { "ID": 3503500040, "正式名称": "コスモ調剤薬局", "機関区分": 5, "都道府県コード": 3, "市区町村コード": 201, "所在地": "岩手県盛岡市中野一丁目３０番３号", "緯度": 39.692057, "経度": 141.173426, "url": "https://www.iryou.teikyouseido.mhlw.go.jp/znk-web/juminkanja/S2430/initialize?prefCd=03&kikanCd=03500040&kikanKbn=nan", "url2": "http://www.lively-pharma.jp/", "内容": "コスモ調剤薬局0岩手県盛岡市中野一丁目３０番３号" }, "geometry": { "type": "Point", "coordinates": [ 141.173426, 39.692057 ] } },
{ "type": "Feature", "properties": { "ID": 3503500044, "正式名称": "こんや町薬局", "機関区分": 5, "都道府県コード": 3, "市区町村コード": 201, "所在地": "岩手県盛岡市紺屋町３ー７", "緯度": 39.702817, "経度": 141.156497, "url": "https://www.iryou.teikyouseido.mhlw.go.jp/znk-web/juminkanja/S2430/initialize?prefCd=03&kikanCd=03500044&kikanKbn=nan", "url2": null, "内容": "こんや町薬局0岩手県盛岡市紺屋町３ー７" }, "geometry": { "type": "Point", "coordinates": [ 141.156497, 39.702817 ] } },
{ "type": "Feature", "properties": { "ID": 3503500045, "正式名称": "あけぼの薬局", "機関区分": 5, "都道府県コード": 3, "市区町村コード": 321, "所在地": "岩手県紫波郡紫波町日詰字下丸森６５ー２", "緯度": 39.554822, "経度": 141.164404, "url": "https://www.iryou.teikyouseido.mhlw.go.jp/znk-web/juminkanja/S2430/initialize?prefCd=03&kikanCd=03500045&kikanKbn=nan", "url2": null, "内容": "あけぼの薬局0岩手県紫波郡紫波町日詰字下丸森６５ー２" }, "geometry": { "type": "Point", "coordinates": [ 141.164404, 39.554822 ] } },
{ "type": "Feature", "properties": { "ID": 3503500046, "正式名称": "ぺんぎん薬局", "機関区分": 5, "都道府県コード": 3, "市区町村コード": 201, "所在地": "岩手県盛岡市梨木町２－１４", "緯度": 39.71045, "経度": 141.138654, "url": "https://www.iryou.teikyouseido.mhlw.go.jp/znk-web/juminkanja/S2430/initialize?prefCd=03&kikanCd=03500046&kikanKbn=nan", "url2": "http://www.aoki-ph.co.jp", "内容": "ぺんぎん薬局0岩手県盛岡市梨木町２－１４" }, "geometry": { "type": "Point", "coordinates": [ 141.138654, 39.71045 ] } },
{ "type": "Feature", "properties": { "ID": 3503500047, "正式名称": "一般社団法人岩手県薬剤師会　会営　内丸薬局", "機関区分": 5, "都道府県コード": 3, "市区町村コード": 201, "所在地": "岩手県盛岡市内丸１７ー２４", "緯度": 39.70492, "経度": 141.153636, "url": "https://www.iryou.teikyouseido.mhlw.go.jp/znk-web/juminkanja/S2430/initialize?prefCd=03&kikanCd=03500047&kikanKbn=nan", "url2": "http://www.iwayaku.or.jp", "内容": "一般社団法人岩手県薬剤師会　会営　内丸薬局0岩手県盛岡市内丸１７ー２４" }, "geometry": { "type": "Point", "coordinates": [ 141.153636, 39.70492 ] } },
{ "type": "Feature", "properties": { "ID": 3503500048, "正式名称": "かるがも薬局　山岸店", "機関区分": 5, "都道府県コード": 3, "市区町村コード": 201, "所在地": "岩手県盛岡市山岸１丁目３ー１１", "緯度": 39.711738, "経度": 141.165913, "url": "https://www.iryou.teikyouseido.mhlw.go.jp/znk-web/juminkanja/S2430/initialize?prefCd=03&kikanCd=03500048&kikanKbn=nan", "url2": "http://www.aoki-ph.co.jp", "内容": "かるがも薬局　山岸店0岩手県盛岡市山岸１丁目３ー１１" }, "geometry": { "type": "Point", "coordinates": [ 141.165913, 39.711738 ] } },
{ "type": "Feature", "properties": { "ID": 3503500049, "正式名称": "しんせい薬局", "機関区分": 5, "都道府県コード": 3, "市区町村コード": 201, "所在地": "岩手県盛岡市東緑が丘２３－８", "緯度": 39.730819, "経度": 141.152705, "url": "https://www.iryou.teikyouseido.mhlw.go.jp/znk-web/juminkanja/S2430/initialize?prefCd=03&kikanCd=03500049&kikanKbn=nan", "url2": null, "内容": "しんせい薬局0岩手県盛岡市東緑が丘２３－８" }, "geometry": { "type": "Point", "coordinates": [ 141.152705, 39.730819 ] } },
{ "type": "Feature", "properties": { "ID": 3503500050, "正式名称": "滝沢調剤薬局", "機関区分": 5, "都道府県コード": 3, "市区町村コード": 216, "所在地": "岩手県滝沢市鵜飼狐洞１番地３０３", "緯度": 39.7348, "経度": 141.0872, "url": "https://www.iryou.teikyouseido.mhlw.go.jp/znk-web/juminkanja/S2430/initialize?prefCd=03&kikanCd=03500050&kikanKbn=nan", "url2": null, "内容": "滝沢調剤薬局0岩手県滝沢市鵜飼狐洞１番地３０３" }, "geometry": { "type": "Point", "coordinates": [ 141.0872, 39.7348 ] } },
{ "type": "Feature", "properties": { "ID": 3503500051, "正式名称": "上田薬局", "機関区分": 5, "都道府県コード": 3, "市区町村コード": 201, "所在地": "岩手県盛岡市上田１丁目６ー９", "緯度": 39.711755, "経度": 141.144979, "url": "https://www.iryou.teikyouseido.mhlw.go.jp/znk-web/juminkanja/S2430/initialize?prefCd=03&kikanCd=03500051&kikanKbn=nan", "url2": null, "内容": "上田薬局0岩手県盛岡市上田１丁目６ー９" }, "geometry": { "type": "Point", "coordinates": [ 141.144979, 39.711755 ] } },
{ "type": "Feature", "properties": { "ID": 3503500054, "正式名称": "ひばり薬局", "機関区分": 5, "都道府県コード": 3, "市区町村コード": 201, "所在地": "岩手県盛岡市西仙北一丁目３０番５１号", "緯度": 39.687816, "経度": 141.145839, "url": "https://www.iryou.teikyouseido.mhlw.go.jp/znk-web/juminkanja/S2430/initialize?prefCd=03&kikanCd=03500054&kikanKbn=nan", "url2": "http://www.lively-pharma.jp/", "内容": "ひばり薬局0岩手県盛岡市西仙北一丁目３０番５１号" }, "geometry": { "type": "Point", "coordinates": [ 141.145839, 39.687816 ] } },
{ "type": "Feature", "properties": { "ID": 3503500057, "正式名称": "せんぼく調剤薬局", "機関区分": 5, "都道府県コード": 3, "市区町村コード": 201, "所在地": "岩手県盛岡市仙北三丁目１３ー２２", "緯度": 39.679698, "経度": 141.151931, "url": "https://www.iryou.teikyouseido.mhlw.go.jp/znk-web/juminkanja/S2430/initialize?prefCd=03&kikanCd=03500057&kikanKbn=nan", "url2": null, "内容": "せんぼく調剤薬局0岩手県盛岡市仙北三丁目１３ー２２" }, "geometry": { "type": "Point", "coordinates": [ 141.151931, 39.679698 ] } },
{ "type": "Feature", "properties": { "ID": 3503500058, "正式名称": "ながい薬局", "機関区分": 5, "都道府県コード": 3, "市区町村コード": 201, "所在地": "岩手県盛岡市永井２３地割７番地４６", "緯度": 39.653877, "経度": 141.150553, "url": "https://www.iryou.teikyouseido.mhlw.go.jp/znk-web/juminkanja/S2430/initialize?prefCd=03&kikanCd=03500058&kikanKbn=nan", "url2": null, "内容": "ながい薬局0岩手県盛岡市永井２３地割７番地４６" }, "geometry": { "type": "Point", "coordinates": [ 141.150553, 39.653877 ] } },
{ "type": "Feature", "properties": { "ID": 3503500059, "正式名称": "フェザン薬局", "機関区分": 5, "都道府県コード": 3, "市区町村コード": 322, "所在地": "岩手県紫波郡矢巾町高田１１－５１－１", "緯度": 39.628002, "経度": 141.174264, "url": "https://www.iryou.teikyouseido.mhlw.go.jp/znk-web/juminkanja/S2430/initialize?prefCd=03&kikanCd=03500059&kikanKbn=nan", "url2": null, "内容": "フェザン薬局0岩手県紫波郡矢巾町高田１１－５１－１" }, "geometry": { "type": "Point", "coordinates": [ 141.174264, 39.628002 ] } },
{ "type": "Feature", "properties": { "ID": 3503500060, "正式名称": "のばら薬局", "機関区分": 5, "都道府県コード": 3, "市区町村コード": 201, "所在地": "岩手県盛岡市長田町１０－２９", "緯度": 39.707692, "経度": 141.140786, "url": "https://www.iryou.teikyouseido.mhlw.go.jp/znk-web/juminkanja/S2430/initialize?prefCd=03&kikanCd=03500060&kikanKbn=nan", "url2": null, "内容": "のばら薬局0岩手県盛岡市長田町１０－２９" }, "geometry": { "type": "Point", "coordinates": [ 141.140786, 39.707692 ] } },
{ "type": "Feature", "properties": { "ID": 3503500061, "正式名称": "たんぽぽ薬局桜城店", "機関区分": 5, "都道府県コード": 3, "市区町村コード": 201, "所在地": "岩手県盛岡市中央通三丁目１４ー４ー１０１", "緯度": 39.704856, "経度": 141.142246, "url": "https://www.iryou.teikyouseido.mhlw.go.jp/znk-web/juminkanja/S2430/initialize?prefCd=03&kikanCd=03500061&kikanKbn=nan", "url2": "http://www.meron-net.jp/tanpopo-sakuragi/", "内容": "たんぽぽ薬局桜城店0岩手県盛岡市中央通三丁目１４ー４ー１０１" }, "geometry": { "type": "Point", "coordinates": [ 141.142246, 39.704856 ] } },
{ "type": "Feature", "properties": { "ID": 3503500063, "正式名称": "アップル薬局山岸", "機関区分": 5, "都道府県コード": 3, "市区町村コード": 201, "所在地": "岩手県盛岡市山岸２丁目９番２４号", "緯度": 39.713345, "経度": 141.167084, "url": "https://www.iryou.teikyouseido.mhlw.go.jp/znk-web/juminkanja/S2430/initialize?prefCd=03&kikanCd=03500063&kikanKbn=nan", "url2": null, "内容": "アップル薬局山岸0岩手県盛岡市山岸２丁目９番２４号" }, "geometry": { "type": "Point", "coordinates": [ 141.167084, 39.713345 ] } },
{ "type": "Feature", "properties": { "ID": 3503500064, "正式名称": "すずらん薬局", "機関区分": 5, "都道府県コード": 3, "市区町村コード": 201, "所在地": "岩手県盛岡市西松園３丁目２２番２号", "緯度": 39.756223, "経度": 141.162854, "url": "https://www.iryou.teikyouseido.mhlw.go.jp/znk-web/juminkanja/S2430/initialize?prefCd=03&kikanCd=03500064&kikanKbn=nan", "url2": "http://www.aoki-ph.co.jp/", "内容": "すずらん薬局0岩手県盛岡市西松園３丁目２２番２号" }, "geometry": { "type": "Point", "coordinates": [ 141.162854, 39.756223 ] } },
{ "type": "Feature", "properties": { "ID": 3503500065, "正式名称": "こまち薬局", "機関区分": 5, "都道府県コード": 3, "市区町村コード": 201, "所在地": "岩手県盛岡市盛岡駅前通９－１０", "緯度": 39.702224, "経度": 141.137293, "url": "https://www.iryou.teikyouseido.mhlw.go.jp/znk-web/juminkanja/S2430/initialize?prefCd=03&kikanCd=03500065&kikanKbn=nan", "url2": "https://store.qol-net.co.jp/detail/953/", "内容": "こまち薬局0岩手県盛岡市盛岡駅前通９－１０" }, "geometry": { "type": "Point", "coordinates": [ 141.137293, 39.702224 ] } },
{ "type": "Feature", "properties": { "ID": 3503500067, "正式名称": "日本調剤　盛岡中央薬局", "機関区分": 5, "都道府県コード": 3, "市区町村コード": 201, "所在地": "岩手県盛岡市内丸１７―８", "緯度": 39.703883, "経度": 141.153204, "url": "https://www.iryou.teikyouseido.mhlw.go.jp/znk-web/juminkanja/S2430/initialize?prefCd=03&kikanCd=03500067&kikanKbn=nan", "url2": "http://www.nicho.co.jp/tenpo/moriokatyuo/", "内容": "日本調剤　盛岡中央薬局0岩手県盛岡市内丸１７―８" }, "geometry": { "type": "Point", "coordinates": [ 141.153204, 39.703883 ] } },
{ "type": "Feature", "properties": { "ID": 3503500068, "正式名称": "中ノ橋薬局", "機関区分": 5, "都道府県コード": 3, "市区町村コード": 201, "所在地": "岩手県盛岡市中ノ橋通一丁目７ー１５", "緯度": 39.700029, "経度": 141.156376, "url": "https://www.iryou.teikyouseido.mhlw.go.jp/znk-web/juminkanja/S2430/initialize?prefCd=03&kikanCd=03500068&kikanKbn=nan", "url2": null, "内容": "中ノ橋薬局0岩手県盛岡市中ノ橋通一丁目７ー１５" }, "geometry": { "type": "Point", "coordinates": [ 141.156376, 39.700029 ] } },
{ "type": "Feature", "properties": { "ID": 3503500071, "正式名称": "すみれ薬局", "機関区分": 5, "都道府県コード": 3, "市区町村コード": 201, "所在地": "岩手県盛岡市西青山２ー１８ー５７", "緯度": 39.728007, "経度": 141.109713, "url": "https://www.iryou.teikyouseido.mhlw.go.jp/znk-web/juminkanja/S2430/initialize?prefCd=03&kikanCd=03500071&kikanKbn=nan", "url2": "https://www.h2-corde.jp/", "内容": "すみれ薬局0岩手県盛岡市西青山２ー１８ー５７" }, "geometry": { "type": "Point", "coordinates": [ 141.109713, 39.728007 ] } },
{ "type": "Feature", "properties": { "ID": 3503500073, "正式名称": "有限会社　白樺薬局", "機関区分": 5, "都道府県コード": 3, "市区町村コード": 214, "所在地": "岩手県八幡平市平舘１１ー１１－２１", "緯度": 39.946648, "経度": 141.09341, "url": "https://www.iryou.teikyouseido.mhlw.go.jp/znk-web/juminkanja/S2430/initialize?prefCd=03&kikanCd=03500073&kikanKbn=nan", "url2": null, "内容": "有限会社　白樺薬局0岩手県八幡平市平舘１１ー１１－２１" }, "geometry": { "type": "Point", "coordinates": [ 141.09341, 39.946648 ] } },
{ "type": "Feature", "properties": { "ID": 3503500075, "正式名称": "ゆうゆう調剤薬局", "機関区分": 5, "都道府県コード": 3, "市区町村コード": 216, "所在地": "岩手県滝沢市巣子１１７８－２０", "緯度": 39.775837, "経度": 141.13252, "url": "https://www.iryou.teikyouseido.mhlw.go.jp/znk-web/juminkanja/S2430/initialize?prefCd=03&kikanCd=03500075&kikanKbn=nan", "url2": null, "内容": "ゆうゆう調剤薬局0岩手県滝沢市巣子１１７８－２０" }, "geometry": { "type": "Point", "coordinates": [ 141.13252, 39.775837 ] } },
{ "type": "Feature", "properties": { "ID": 3503500076, "正式名称": "あたご薬局", "機関区分": 5, "都道府県コード": 3, "市区町村コード": 201, "所在地": "岩手県盛岡市愛宕町２－３８", "緯度": 39.708362, "経度": 141.159052, "url": "https://www.iryou.teikyouseido.mhlw.go.jp/znk-web/juminkanja/S2430/initialize?prefCd=03&kikanCd=03500076&kikanKbn=nan", "url2": "http://muragen.com", "内容": "あたご薬局0岩手県盛岡市愛宕町２－３８" }, "geometry": { "type": "Point", "coordinates": [ 141.159052, 39.708362 ] } },
{ "type": "Feature", "properties": { "ID": 3503500077, "正式名称": "みんと薬局", "機関区分": 5, "都道府県コード": 3, "市区町村コード": 201, "所在地": "岩手県盛岡市津志田１６地割－１６－７", "緯度": 39.65742, "経度": 141.159766, "url": "https://www.iryou.teikyouseido.mhlw.go.jp/znk-web/juminkanja/S2430/initialize?prefCd=03&kikanCd=03500077&kikanKbn=nan", "url2": null, "内容": "みんと薬局0岩手県盛岡市津志田１６地割－１６－７" }, "geometry": { "type": "Point", "coordinates": [ 141.159766, 39.65742 ] } },
{ "type": "Feature", "properties": { "ID": 3503500078, "正式名称": "つくし薬局　下の橋店", "機関区分": 5, "都道府県コード": 3, "市区町村コード": 201, "所在地": "岩手県盛岡市大沢川原一丁目１－３", "緯度": 39.699127, "経度": 141.14871, "url": "https://www.iryou.teikyouseido.mhlw.go.jp/znk-web/juminkanja/S2430/initialize?prefCd=03&kikanCd=03500078&kikanKbn=nan", "url2": "http://www.294ph.com", "内容": "つくし薬局　下の橋店0岩手県盛岡市大沢川原一丁目１－３" }, "geometry": { "type": "Point", "coordinates": [ 141.14871, 39.699127 ] } },
{ "type": "Feature", "properties": { "ID": 3503500084, "正式名称": "あさひ薬局", "機関区分": 5, "都道府県コード": 3, "市区町村コード": 214, "所在地": "岩手県八幡平市大更２５－１１８－１", "緯度": 39.914209, "経度": 141.096897, "url": "https://www.iryou.teikyouseido.mhlw.go.jp/znk-web/juminkanja/S2430/initialize?prefCd=03&kikanCd=03500084&kikanKbn=nan", "url2": "http://www.asahi-kankou.com/", "内容": "あさひ薬局0岩手県八幡平市大更２５－１１８－１" }, "geometry": { "type": "Point", "coordinates": [ 141.096897, 39.914209 ] } },
{ "type": "Feature", "properties": { "ID": 3503500085, "正式名称": "ライフ薬局", "機関区分": 5, "都道府県コード": 3, "市区町村コード": 322, "所在地": "岩手県紫波郡矢巾町南矢幅８－２４５", "緯度": 39.609599, "経度": 141.153792, "url": "https://www.iryou.teikyouseido.mhlw.go.jp/znk-web/juminkanja/S2430/initialize?prefCd=03&kikanCd=03500085&kikanKbn=nan", "url2": null, "内容": "ライフ薬局0岩手県紫波郡矢巾町南矢幅８－２４５" }, "geometry": { "type": "Point", "coordinates": [ 141.153792, 39.609599 ] } },
{ "type": "Feature", "properties": { "ID": 3503500086, "正式名称": "ファミリー薬局", "機関区分": 5, "都道府県コード": 3, "市区町村コード": 321, "所在地": "岩手県紫波郡紫波町日詰字下丸森１２１番地７", "緯度": 39.556412, "経度": 141.167794, "url": "https://www.iryou.teikyouseido.mhlw.go.jp/znk-web/juminkanja/S2430/initialize?prefCd=03&kikanCd=03500086&kikanKbn=nan", "url2": "http://www.lively-pharma.jp/", "内容": "ファミリー薬局0岩手県紫波郡紫波町日詰字下丸森１２１番地７" }, "geometry": { "type": "Point", "coordinates": [ 141.167794, 39.556412 ] } },
{ "type": "Feature", "properties": { "ID": 3503500088, "正式名称": "柏台薬局", "機関区分": 5, "都道府県コード": 3, "市区町村コード": 214, "所在地": "岩手県八幡平市柏台二丁目４２ー２", "緯度": 39.957367, "経度": 141.07222, "url": "https://www.iryou.teikyouseido.mhlw.go.jp/znk-web/juminkanja/S2430/initialize?prefCd=03&kikanCd=03500088&kikanKbn=nan", "url2": null, "内容": "柏台薬局0岩手県八幡平市柏台二丁目４２ー２" }, "geometry": { "type": "Point", "coordinates": [ 141.07222, 39.957367 ] } },
{ "type": "Feature", "properties": { "ID": 3503500089, "正式名称": "上太田薬局", "機関区分": 5, "都道府県コード": 3, "市区町村コード": 201, "所在地": "岩手県盛岡市上太田弘法清水１番地", "緯度": 39.693862, "経度": 141.093104, "url": "https://www.iryou.teikyouseido.mhlw.go.jp/znk-web/juminkanja/S2430/initialize?prefCd=03&kikanCd=03500089&kikanKbn=nan", "url2": null, "内容": "上太田薬局0岩手県盛岡市上太田弘法清水１番地" }, "geometry": { "type": "Point", "coordinates": [ 141.093104, 39.693862 ] } },
{ "type": "Feature", "properties": { "ID": 3503500093, "正式名称": "ふうせん薬局", "機関区分": 5, "都道府県コード": 3, "市区町村コード": 216, "所在地": "岩手県滝沢市牧野林１０１０ー１１", "緯度": 39.752003, "経度": 141.101791, "url": "https://www.iryou.teikyouseido.mhlw.go.jp/znk-web/juminkanja/S2430/initialize?prefCd=03&kikanCd=03500093&kikanKbn=nan", "url2": "https://www.kusurinomadoguchi.com/iwate/s51021", "内容": "ふうせん薬局0岩手県滝沢市牧野林１０１０ー１１" }, "geometry": { "type": "Point", "coordinates": [ 141.101791, 39.752003 ] } },
{ "type": "Feature", "properties": { "ID": 3503500094, "正式名称": "ドラッグコスモス", "機関区分": 5, "都道府県コード": 3, "市区町村コード": 201, "所在地": "岩手県盛岡市上太田金財９２－１", "緯度": 39.692676, "経度": 141.091372, "url": "https://www.iryou.teikyouseido.mhlw.go.jp/znk-web/juminkanja/S2430/initialize?prefCd=03&kikanCd=03500094&kikanKbn=nan", "url2": null, "内容": "ドラッグコスモス0岩手県盛岡市上太田金財９２－１" }, "geometry": { "type": "Point", "coordinates": [ 141.091372, 39.692676 ] } },
{ "type": "Feature", "properties": { "ID": 3503500095, "正式名称": "有限会社オリオン薬局", "機関区分": 5, "都道府県コード": 3, "市区町村コード": 216, "所在地": "岩手県滝沢市土沢３１０－３４", "緯度": 39.749036, "経度": 141.10309, "url": "https://www.iryou.teikyouseido.mhlw.go.jp/znk-web/juminkanja/S2430/initialize?prefCd=03&kikanCd=03500095&kikanKbn=nan", "url2": null, "内容": "有限会社オリオン薬局0岩手県滝沢市土沢３１０－３４" }, "geometry": { "type": "Point", "coordinates": [ 141.10309, 39.749036 ] } },
{ "type": "Feature", "properties": { "ID": 3503500096, "正式名称": "仁王薬局", "機関区分": 5, "都道府県コード": 3, "市区町村コード": 201, "所在地": "岩手県盛岡市本町通二丁目８ー２８", "緯度": 39.70962, "経度": 141.149829, "url": "https://www.iryou.teikyouseido.mhlw.go.jp/znk-web/juminkanja/S2430/initialize?prefCd=03&kikanCd=03500096&kikanKbn=nan", "url2": "TSUGUMI-PH.JP", "内容": "仁王薬局0岩手県盛岡市本町通二丁目８ー２８" }, "geometry": { "type": "Point", "coordinates": [ 141.149829, 39.70962 ] } },
{ "type": "Feature", "properties": { "ID": 3503500098, "正式名称": "リード薬局", "機関区分": 5, "都道府県コード": 3, "市区町村コード": 201, "所在地": "岩手県盛岡市上田一丁目３ー１０", "緯度": 39.712884, "経度": 141.146929, "url": "https://www.iryou.teikyouseido.mhlw.go.jp/znk-web/juminkanja/S2430/initialize?prefCd=03&kikanCd=03500098&kikanKbn=nan", "url2": "https://www.mediworks-morioka.jp/", "内容": "リード薬局0岩手県盛岡市上田一丁目３ー１０" }, "geometry": { "type": "Point", "coordinates": [ 141.146929, 39.712884 ] } },
{ "type": "Feature", "properties": { "ID": 3503500099, "正式名称": "あざみ薬局", "機関区分": 5, "都道府県コード": 3, "市区町村コード": 201, "所在地": "岩手県盛岡市東見前８－２０－４", "緯度": 39.642054, "経度": 141.172171, "url": "https://www.iryou.teikyouseido.mhlw.go.jp/znk-web/juminkanja/S2430/initialize?prefCd=03&kikanCd=03500099&kikanKbn=nan", "url2": "https://azami-pharm.com/", "内容": "あざみ薬局0岩手県盛岡市東見前８－２０－４" }, "geometry": { "type": "Point", "coordinates": [ 141.172171, 39.642054 ] } },
{ "type": "Feature", "properties": { "ID": 3503500101, "正式名称": "さいとう薬局", "機関区分": 5, "都道府県コード": 3, "市区町村コード": 214, "所在地": "岩手県八幡平市清水１５１－２", "緯度": 40.105186, "経度": 141.04993, "url": "https://www.iryou.teikyouseido.mhlw.go.jp/znk-web/juminkanja/S2430/initialize?prefCd=03&kikanCd=03500101&kikanKbn=nan", "url2": null, "内容": "さいとう薬局0岩手県八幡平市清水１５１－２" }, "geometry": { "type": "Point", "coordinates": [ 141.04993, 40.105186 ] } },
{ "type": "Feature", "properties": { "ID": 3503500103, "正式名称": "あおぞら薬局", "機関区分": 5, "都道府県コード": 3, "市区町村コード": 216, "所在地": "岩手県滝沢市土沢５４０ー２", "緯度": 39.747901, "経度": 141.102228, "url": "https://www.iryou.teikyouseido.mhlw.go.jp/znk-web/juminkanja/S2430/initialize?prefCd=03&kikanCd=03500103&kikanKbn=nan", "url2": "https://www.aozora-yakkyoku.jp/", "内容": "あおぞら薬局0岩手県滝沢市土沢５４０ー２" }, "geometry": { "type": "Point", "coordinates": [ 141.102228, 39.747901 ] } },
{ "type": "Feature", "properties": { "ID": 3503500105, "正式名称": "こぐま薬局矢巾店", "機関区分": 5, "都道府県コード": 3, "市区町村コード": 322, "所在地": "岩手県紫波郡矢巾町大字又兵エ新田第８地割１１７", "緯度": 39.612779, "経度": 141.156544, "url": "https://www.iryou.teikyouseido.mhlw.go.jp/znk-web/juminkanja/S2430/initialize?prefCd=03&kikanCd=03500105&kikanKbn=nan", "url2": null, "内容": "こぐま薬局矢巾店0岩手県紫波郡矢巾町大字又兵エ新田第８地割１１７" }, "geometry": { "type": "Point", "coordinates": [ 141.156544, 39.612779 ] } },
{ "type": "Feature", "properties": { "ID": 3503500106, "正式名称": "くすりのメイトサンタウン調剤薬局", "機関区分": 5, "都道府県コード": 3, "市区町村コード": 201, "所在地": "岩手県盛岡市北松園二丁目１３ー１", "緯度": 39.760621, "経度": 141.17215, "url": "https://www.iryou.teikyouseido.mhlw.go.jp/znk-web/juminkanja/S2430/initialize?prefCd=03&kikanCd=03500106&kikanKbn=nan", "url2": null, "内容": "くすりのメイトサンタウン調剤薬局0岩手県盛岡市北松園二丁目１３ー１" }, "geometry": { "type": "Point", "coordinates": [ 141.17215, 39.760621 ] } },
{ "type": "Feature", "properties": { "ID": 3503500107, "正式名称": "前九年薬局", "機関区分": 5, "都道府県コード": 3, "市区町村コード": 201, "所在地": "岩手県盛岡市前九年三丁目１６ー１０", "緯度": 39.719945, "経度": 141.120765, "url": "https://www.iryou.teikyouseido.mhlw.go.jp/znk-web/juminkanja/S2430/initialize?prefCd=03&kikanCd=03500107&kikanKbn=nan", "url2": null, "内容": "前九年薬局0岩手県盛岡市前九年三丁目１６ー１０" }, "geometry": { "type": "Point", "coordinates": [ 141.120765, 39.719945 ] } },
{ "type": "Feature", "properties": { "ID": 3503500108, "正式名称": "こずかた薬局", "機関区分": 5, "都道府県コード": 3, "市区町村コード": 201, "所在地": "岩手県盛岡市上田１ー７ー１７", "緯度": 39.711385, "経度": 141.144884, "url": "https://www.iryou.teikyouseido.mhlw.go.jp/znk-web/juminkanja/S2430/initialize?prefCd=03&kikanCd=03500108&kikanKbn=nan", "url2": null, "内容": "こずかた薬局0岩手県盛岡市上田１ー７ー１７" }, "geometry": { "type": "Point", "coordinates": [ 141.144884, 39.711385 ] } },
{ "type": "Feature", "properties": { "ID": 3503500109, "正式名称": "ユニオン薬局", "機関区分": 5, "都道府県コード": 3, "市区町村コード": 201, "所在地": "岩手県盛岡市紺屋町１ー３６", "緯度": 39.701129, "経度": 141.155478, "url": "https://www.iryou.teikyouseido.mhlw.go.jp/znk-web/juminkanja/S2430/initialize?prefCd=03&kikanCd=03500109&kikanKbn=nan", "url2": "https://meron-net.shop/ds/union", "内容": "ユニオン薬局0岩手県盛岡市紺屋町１ー３６" }, "geometry": { "type": "Point", "coordinates": [ 141.155478, 39.701129 ] } },
{ "type": "Feature", "properties": { "ID": 3503500110, "正式名称": "有限会社エメラルド薬局　山岸店", "機関区分": 5, "都道府県コード": 3, "市区町村コード": 201, "所在地": "岩手県盛岡市山岸三丁目２ー１", "緯度": 39.715992, "経度": 141.168924, "url": "https://www.iryou.teikyouseido.mhlw.go.jp/znk-web/juminkanja/S2430/initialize?prefCd=03&kikanCd=03500110&kikanKbn=nan", "url2": null, "内容": "有限会社エメラルド薬局　山岸店0岩手県盛岡市山岸三丁目２ー１" }, "geometry": { "type": "Point", "coordinates": [ 141.168924, 39.715992 ] } },
{ "type": "Feature", "properties": { "ID": 3503500112, "正式名称": "どんぐり薬局たかまつ", "機関区分": 5, "都道府県コード": 3, "市区町村コード": 201, "所在地": "岩手県盛岡市高松３－１１－２３", "緯度": 39.729113, "経度": 141.140284, "url": "https://www.iryou.teikyouseido.mhlw.go.jp/znk-web/juminkanja/S2430/initialize?prefCd=03&kikanCd=03500112&kikanKbn=nan", "url2": "https://donguri-kobo.jp/", "内容": "どんぐり薬局たかまつ0岩手県盛岡市高松３－１１－２３" }, "geometry": { "type": "Point", "coordinates": [ 141.140284, 39.729113 ] } },
{ "type": "Feature", "properties": { "ID": 3503500114, "正式名称": "さくら町調剤薬局", "機関区分": 5, "都道府県コード": 3, "市区町村コード": 321, "所在地": "岩手県紫波郡紫波町桜町１６７－２", "緯度": 39.54123, "経度": 141.172702, "url": "https://www.iryou.teikyouseido.mhlw.go.jp/znk-web/juminkanja/S2430/initialize?prefCd=03&kikanCd=03500114&kikanKbn=nan", "url2": "https://wing-pharmacy.com/", "内容": "さくら町調剤薬局0岩手県紫波郡紫波町桜町１６７－２" }, "geometry": { "type": "Point", "coordinates": [ 141.172702, 39.54123 ] } },
{ "type": "Feature", "properties": { "ID": 3503500115, "正式名称": "すこやか薬局", "機関区分": 5, "都道府県コード": 3, "市区町村コード": 216, "所在地": "岩手県滝沢市大釜竹鼻１６３－１４", "緯度": 39.703061, "経度": 141.071806, "url": "https://www.iryou.teikyouseido.mhlw.go.jp/znk-web/juminkanja/S2430/initialize?prefCd=03&kikanCd=03500115&kikanKbn=nan", "url2": "http://www.e-classa.net/sukoyaka/", "内容": "すこやか薬局0岩手県滝沢市大釜竹鼻１６３－１４" }, "geometry": { "type": "Point", "coordinates": [ 141.071806, 39.703061 ] } },
{ "type": "Feature", "properties": { "ID": 3503500118, "正式名称": "あざみ薬局　本宮店", "機関区分": 5, "都道府県コード": 3, "市区町村コード": 201, "所在地": "岩手県盛岡市本宮２－２０－１８", "緯度": 39.688669, "経度": 141.137371, "url": "https://www.iryou.teikyouseido.mhlw.go.jp/znk-web/juminkanja/S2430/initialize?prefCd=03&kikanCd=03500118&kikanKbn=nan", "url2": "https://azami-pharm.com", "内容": "あざみ薬局　本宮店0岩手県盛岡市本宮２－２０－１８" }, "geometry": { "type": "Point", "coordinates": [ 141.137371, 39.688669 ] } },
{ "type": "Feature", "properties": { "ID": 3503500119, "正式名称": "薬王堂　矢巾店", "機関区分": 5, "都道府県コード": 3, "市区町村コード": 322, "所在地": "岩手県紫波郡矢巾町南矢幅第７地割４４５", "緯度": 39.611423, "経度": 141.154408, "url": "https://www.iryou.teikyouseido.mhlw.go.jp/znk-web/juminkanja/S2430/initialize?prefCd=03&kikanCd=03500119&kikanKbn=nan", "url2": null, "内容": "薬王堂　矢巾店0岩手県紫波郡矢巾町南矢幅第７地割４４５" }, "geometry": { "type": "Point", "coordinates": [ 141.154408, 39.611423 ] } },
{ "type": "Feature", "properties": { "ID": 3503500120, "正式名称": "南畑薬局", "機関区分": 5, "都道府県コード": 3, "市区町村コード": 301, "所在地": "岩手県岩手郡雫石町南畑３１地割字深沢９２－１６", "緯度": 39.586434, "経度": 140.925321, "url": "https://www.iryou.teikyouseido.mhlw.go.jp/znk-web/juminkanja/S2430/initialize?prefCd=03&kikanCd=03500120&kikanKbn=nan", "url2": null, "内容": "南畑薬局0岩手県岩手郡雫石町南畑３１地割字深沢９２－１６" }, "geometry": { "type": "Point", "coordinates": [ 140.925321, 39.586434 ] } },
{ "type": "Feature", "properties": { "ID": 3503500123, "正式名称": "ハーブ薬局", "機関区分": 5, "都道府県コード": 3, "市区町村コード": 201, "所在地": "岩手県盛岡市緑が丘２丁目８番２６号", "緯度": 39.734332, "経度": 141.141662, "url": "https://www.iryou.teikyouseido.mhlw.go.jp/znk-web/juminkanja/S2430/initialize?prefCd=03&kikanCd=03500123&kikanKbn=nan", "url2": null, "内容": "ハーブ薬局0岩手県盛岡市緑が丘２丁目８番２６号" }, "geometry": { "type": "Point", "coordinates": [ 141.141662, 39.734332 ] } },
{ "type": "Feature", "properties": { "ID": 3503500125, "正式名称": "なすかわ薬局", "機関区分": 5, "都道府県コード": 3, "市区町村コード": 201, "所在地": "岩手県盛岡市名須川町１６－１４", "緯度": 39.711214, "経度": 141.150535, "url": "https://www.iryou.teikyouseido.mhlw.go.jp/znk-web/juminkanja/S2430/initialize?prefCd=03&kikanCd=03500125&kikanKbn=nan", "url2": null, "内容": "なすかわ薬局0岩手県盛岡市名須川町１６－１４" }, "geometry": { "type": "Point", "coordinates": [ 141.150535, 39.711214 ] } },
{ "type": "Feature", "properties": { "ID": 3503500128, "正式名称": "紫波中央薬局", "機関区分": 5, "都道府県コード": 3, "市区町村コード": 321, "所在地": "岩手県紫波郡紫波町桜町字三本木２２－７", "緯度": 39.541021, "経度": 141.171003, "url": "https://www.iryou.teikyouseido.mhlw.go.jp/znk-web/juminkanja/S2430/initialize?prefCd=03&kikanCd=03500128&kikanKbn=nan", "url2": "https://wing-pharmacy.com/", "内容": "紫波中央薬局0岩手県紫波郡紫波町桜町字三本木２２－７" }, "geometry": { "type": "Point", "coordinates": [ 141.171003, 39.541021 ] } },
{ "type": "Feature", "properties": { "ID": 3503500129, "正式名称": "こずかた薬局　やはば店", "機関区分": 5, "都道府県コード": 3, "市区町村コード": 322, "所在地": "岩手県紫波郡矢巾町南矢幅第９地割字田中１９５番地", "緯度": 39.610204, "経度": 141.154247, "url": "https://www.iryou.teikyouseido.mhlw.go.jp/znk-web/juminkanja/S2430/initialize?prefCd=03&kikanCd=03500129&kikanKbn=nan", "url2": null, "内容": "こずかた薬局　やはば店0岩手県紫波郡矢巾町南矢幅第９地割字田中１９５番地" }, "geometry": { "type": "Point", "coordinates": [ 141.154247, 39.610204 ] } },
{ "type": "Feature", "properties": { "ID": 3503500130, "正式名称": "西仙北薬局", "機関区分": 5, "都道府県コード": 3, "市区町村コード": 201, "所在地": "岩手県盛岡市西仙北一丁目３２番１１号", "緯度": 39.687198, "経度": 141.144118, "url": "https://www.iryou.teikyouseido.mhlw.go.jp/znk-web/juminkanja/S2430/initialize?prefCd=03&kikanCd=03500130&kikanKbn=nan", "url2": "http://www.lively-pharma.jp/", "内容": "西仙北薬局0岩手県盛岡市西仙北一丁目３２番１１号" }, "geometry": { "type": "Point", "coordinates": [ 141.144118, 39.687198 ] } },
{ "type": "Feature", "properties": { "ID": 3503500131, "正式名称": "下ノ橋薬局", "機関区分": 5, "都道府県コード": 3, "市区町村コード": 201, "所在地": "岩手県盛岡市下ノ橋町７ー３１", "緯度": 39.69662, "経度": 141.14916, "url": "https://www.iryou.teikyouseido.mhlw.go.jp/znk-web/juminkanja/S2430/initialize?prefCd=03&kikanCd=03500131&kikanKbn=nan", "url2": null, "内容": "下ノ橋薬局0岩手県盛岡市下ノ橋町７ー３１" }, "geometry": { "type": "Point", "coordinates": [ 141.14916, 39.69662 ] } },
{ "type": "Feature", "properties": { "ID": 3503500132, "正式名称": "たけしげ薬局", "機関区分": 5, "都道府県コード": 3, "市区町村コード": 201, "所在地": "岩手県盛岡市みたけ２ー２１ー４１", "緯度": 39.747158, "経度": 141.129483, "url": "https://www.iryou.teikyouseido.mhlw.go.jp/znk-web/juminkanja/S2430/initialize?prefCd=03&kikanCd=03500132&kikanKbn=nan", "url2": null, "内容": "たけしげ薬局0岩手県盛岡市みたけ２ー２１ー４１" }, "geometry": { "type": "Point", "coordinates": [ 141.129483, 39.747158 ] } },
{ "type": "Feature", "properties": { "ID": 3503500137, "正式名称": "せせらぎ薬局", "機関区分": 5, "都道府県コード": 3, "市区町村コード": 201, "所在地": "岩手県盛岡市下ノ橋町６－８", "緯度": 39.697321, "経度": 141.149409, "url": "https://www.iryou.teikyouseido.mhlw.go.jp/znk-web/juminkanja/S2430/initialize?prefCd=03&kikanCd=03500137&kikanKbn=nan", "url2": "http://www.aoki-ph.co.jp/index.htm", "内容": "せせらぎ薬局0岩手県盛岡市下ノ橋町６－８" }, "geometry": { "type": "Point", "coordinates": [ 141.149409, 39.697321 ] } },
{ "type": "Feature", "properties": { "ID": 3503500138, "正式名称": "日本調剤　盛岡南薬局", "機関区分": 5, "都道府県コード": 3, "市区町村コード": 201, "所在地": "岩手県盛岡市永井１２－１２８－２", "緯度": 39.657628, "経度": 141.137057, "url": "https://www.iryou.teikyouseido.mhlw.go.jp/znk-web/juminkanja/S2430/initialize?prefCd=03&kikanCd=03500138&kikanKbn=nan", "url2": "http://www.nicho.co.jp/tenpo/moriom.html", "内容": "日本調剤　盛岡南薬局0岩手県盛岡市永井１２－１２８－２" }, "geometry": { "type": "Point", "coordinates": [ 141.137057, 39.657628 ] } },
{ "type": "Feature", "properties": { "ID": 3503500142, "正式名称": "鶴亀薬局", "機関区分": 5, "都道府県コード": 3, "市区町村コード": 201, "所在地": "岩手県盛岡市緑が丘一丁目１ー３７", "緯度": 39.729355, "経度": 141.141376, "url": "https://www.iryou.teikyouseido.mhlw.go.jp/znk-web/juminkanja/S2430/initialize?prefCd=03&kikanCd=03500142&kikanKbn=nan", "url2": null, "内容": "鶴亀薬局0岩手県盛岡市緑が丘一丁目１ー３７" }, "geometry": { "type": "Point", "coordinates": [ 141.141376, 39.729355 ] } },
{ "type": "Feature", "properties": { "ID": 3503500143, "正式名称": "クラフト薬局盛岡青山店", "機関区分": 5, "都道府県コード": 3, "市区町村コード": 201, "所在地": "岩手県盛岡市青山１－２０－４２", "緯度": 39.721785, "経度": 141.111236, "url": "https://www.iryou.teikyouseido.mhlw.go.jp/znk-web/juminkanja/S2430/initialize?prefCd=03&kikanCd=03500143&kikanKbn=nan", "url2": "https://www.kraft-net.co.jp/sakura/store/3288/", "内容": "クラフト薬局盛岡青山店0岩手県盛岡市青山１－２０－４２" }, "geometry": { "type": "Point", "coordinates": [ 141.111236, 39.721785 ] } },
{ "type": "Feature", "properties": { "ID": 3503500144, "正式名称": "のぞみ薬局", "機関区分": 5, "都道府県コード": 3, "市区町村コード": 201, "所在地": "岩手県盛岡市松園二丁目３番３号", "緯度": 39.748049, "経度": 141.166036, "url": "https://www.iryou.teikyouseido.mhlw.go.jp/znk-web/juminkanja/S2430/initialize?prefCd=03&kikanCd=03500144&kikanKbn=nan", "url2": "http://www.lively-pharma.jp/", "内容": "のぞみ薬局0岩手県盛岡市松園二丁目３番３号" }, "geometry": { "type": "Point", "coordinates": [ 141.166036, 39.748049 ] } },
{ "type": "Feature", "properties": { "ID": 3503500146, "正式名称": "日本調剤　葛巻薬局", "機関区分": 5, "都道府県コード": 3, "市区町村コード": 302, "所在地": "岩手県岩手郡葛巻町葛巻第１２ー５４ー１", "緯度": 40.040584, "経度": 141.438629, "url": "https://www.iryou.teikyouseido.mhlw.go.jp/znk-web/juminkanja/S2430/initialize?prefCd=03&kikanCd=03500146&kikanKbn=nan", "url2": "https://www.nicho.co.jp/tenpo/kuzumaki/", "内容": "日本調剤　葛巻薬局0岩手県岩手郡葛巻町葛巻第１２ー５４ー１" }, "geometry": { "type": "Point", "coordinates": [ 141.438629, 40.040584 ] } },
{ "type": "Feature", "properties": { "ID": 3503500147, "正式名称": "こまくさ薬局", "機関区分": 5, "都道府県コード": 3, "市区町村コード": 201, "所在地": "岩手県盛岡市加賀野４丁目１６番６号", "緯度": 39.70964, "経度": 141.168957, "url": "https://www.iryou.teikyouseido.mhlw.go.jp/znk-web/juminkanja/S2430/initialize?prefCd=03&kikanCd=03500147&kikanKbn=nan", "url2": null, "内容": "こまくさ薬局0岩手県盛岡市加賀野４丁目１６番６号" }, "geometry": { "type": "Point", "coordinates": [ 141.168957, 39.70964 ] } },
{ "type": "Feature", "properties": { "ID": 3503500148, "正式名称": "あおば薬局　上田店", "機関区分": 5, "都道府県コード": 3, "市区町村コード": 201, "所在地": "岩手県盛岡市上田１－１８－５０", "緯度": 39.711314, "経度": 141.141306, "url": "https://www.iryou.teikyouseido.mhlw.go.jp/znk-web/juminkanja/S2430/initialize?prefCd=03&kikanCd=03500148&kikanKbn=nan", "url2": null, "内容": "あおば薬局　上田店0岩手県盛岡市上田１－１８－５０" }, "geometry": { "type": "Point", "coordinates": [ 141.141306, 39.711314 ] } },
{ "type": "Feature", "properties": { "ID": 3503500149, "正式名称": "和漢屋薬局", "機関区分": 5, "都道府県コード": 3, "市区町村コード": 201, "所在地": "岩手県盛岡市仙北２－９－１", "緯度": 39.68753, "経度": 141.150625, "url": "https://www.iryou.teikyouseido.mhlw.go.jp/znk-web/juminkanja/S2430/initialize?prefCd=03&kikanCd=03500149&kikanKbn=nan", "url2": "https://www.wakanya.jp", "内容": "和漢屋薬局0岩手県盛岡市仙北２－９－１" }, "geometry": { "type": "Point", "coordinates": [ 141.150625, 39.68753 ] } },
{ "type": "Feature", "properties": { "ID": 3503500150, "正式名称": "マリーン薬局", "機関区分": 5, "都道府県コード": 3, "市区町村コード": 201, "所在地": "岩手県盛岡市松園２ー３７ー８", "緯度": 39.753883, "経度": 141.164921, "url": "https://www.iryou.teikyouseido.mhlw.go.jp/znk-web/juminkanja/S2430/initialize?prefCd=03&kikanCd=03500150&kikanKbn=nan", "url2": null, "内容": "マリーン薬局0岩手県盛岡市松園２ー３７ー８" }, "geometry": { "type": "Point", "coordinates": [ 141.164921, 39.753883 ] } },
{ "type": "Feature", "properties": { "ID": 3503500155, "正式名称": "有限会社エメラルド薬局　緑が丘店", "機関区分": 5, "都道府県コード": 3, "市区町村コード": 201, "所在地": "岩手県盛岡市緑が丘三丁目２番３５号", "緯度": 39.733141, "経度": 141.143836, "url": "https://www.iryou.teikyouseido.mhlw.go.jp/znk-web/juminkanja/S2430/initialize?prefCd=03&kikanCd=03500155&kikanKbn=nan", "url2": null, "内容": "有限会社エメラルド薬局　緑が丘店0岩手県盛岡市緑が丘三丁目２番３５号" }, "geometry": { "type": "Point", "coordinates": [ 141.143836, 39.733141 ] } },
{ "type": "Feature", "properties": { "ID": 3503500156, "正式名称": "まごころ薬局", "機関区分": 5, "都道府県コード": 3, "市区町村コード": 201, "所在地": "岩手県盛岡市中ノ橋通２丁目２ー１３", "緯度": 39.69885, "経度": 141.159703, "url": "https://www.iryou.teikyouseido.mhlw.go.jp/znk-web/juminkanja/S2430/initialize?prefCd=03&kikanCd=03500156&kikanKbn=nan", "url2": "http://www.aoki-ph.co.jp", "内容": "まごころ薬局0岩手県盛岡市中ノ橋通２丁目２ー１３" }, "geometry": { "type": "Point", "coordinates": [ 141.159703, 39.69885 ] } },
{ "type": "Feature", "properties": { "ID": 3503500159, "正式名称": "調剤薬局ツルハドラッグ　三本柳店", "機関区分": 5, "都道府県コード": 3, "市区町村コード": 201, "所在地": "岩手県盛岡市三本柳５地割２８番地２", "緯度": 39.65801, "経度": 141.162621, "url": "https://www.iryou.teikyouseido.mhlw.go.jp/znk-web/juminkanja/S2430/initialize?prefCd=03&kikanCd=03500159&kikanKbn=nan", "url2": "http://www.tsuruha.co.jp", "内容": "調剤薬局ツルハドラッグ　三本柳店0岩手県盛岡市三本柳５地割２８番地２" }, "geometry": { "type": "Point", "coordinates": [ 141.162621, 39.65801 ] } },
{ "type": "Feature", "properties": { "ID": 3503500160, "正式名称": "調剤薬局ツルハドラッグ　マリオス店", "機関区分": 5, "都道府県コード": 3, "市区町村コード": 201, "所在地": "岩手県盛岡市盛岡駅西通二丁目９－１　マリオス５Ｆ内", "緯度": 39.70109, "経度": 141.1335, "url": "https://www.iryou.teikyouseido.mhlw.go.jp/znk-web/juminkanja/S2430/initialize?prefCd=03&kikanCd=03500160&kikanKbn=nan", "url2": "http://www.tsuruha.co.jp", "内容": "調剤薬局ツルハドラッグ　マリオス店0岩手県盛岡市盛岡駅西通二丁目９－１　マリオス５Ｆ内" }, "geometry": { "type": "Point", "coordinates": [ 141.1335, 39.70109 ] } },
{ "type": "Feature", "properties": { "ID": 3503500161, "正式名称": "調剤薬局ツルハドラッグ　上田店", "機関区分": 5, "都道府県コード": 3, "市区町村コード": 201, "所在地": "岩手県盛岡市上田一丁目３ー２６", "緯度": 39.712889, "経度": 141.147446, "url": "https://www.iryou.teikyouseido.mhlw.go.jp/znk-web/juminkanja/S2430/initialize?prefCd=03&kikanCd=03500161&kikanKbn=nan", "url2": "http://www.tsuruha.co.jp/", "内容": "調剤薬局ツルハドラッグ　上田店0岩手県盛岡市上田一丁目３ー２６" }, "geometry": { "type": "Point", "coordinates": [ 141.147446, 39.712889 ] } },
{ "type": "Feature", "properties": { "ID": 3503500167, "正式名称": "なかのユニオン薬局", "機関区分": 5, "都道府県コード": 3, "市区町村コード": 201, "所在地": "岩手県盛岡市中野１－２１－１", "緯度": 39.693114, "経度": 141.170206, "url": "https://www.iryou.teikyouseido.mhlw.go.jp/znk-web/juminkanja/S2430/initialize?prefCd=03&kikanCd=03500167&kikanKbn=nan", "url2": null, "内容": "なかのユニオン薬局0岩手県盛岡市中野１－２１－１" }, "geometry": { "type": "Point", "coordinates": [ 141.170206, 39.693114 ] } },
{ "type": "Feature", "properties": { "ID": 3503500168, "正式名称": "有限会社菊屋薬局", "機関区分": 5, "都道府県コード": 3, "市区町村コード": 301, "所在地": "岩手県岩手郡雫石町中町３３の４", "緯度": 39.69258, "経度": 140.97382, "url": "https://www.iryou.teikyouseido.mhlw.go.jp/znk-web/juminkanja/S2430/initialize?prefCd=03&kikanCd=03500168&kikanKbn=nan", "url2": "https://www.kikuyaph.com", "内容": "有限会社菊屋薬局0岩手県岩手郡雫石町中町３３の４" }, "geometry": { "type": "Point", "coordinates": [ 140.97382, 39.69258 ] } },
{ "type": "Feature", "properties": { "ID": 3503500169, "正式名称": "そうごう薬局　岩手町店", "機関区分": 5, "都道府県コード": 3, "市区町村コード": 303, "所在地": "岩手県岩手郡岩手町大字江刈内第１０地割三本松４５ー８", "緯度": 39.965908, "経度": 141.222443, "url": "https://www.iryou.teikyouseido.mhlw.go.jp/znk-web/juminkanja/S2430/initialize?prefCd=03&kikanCd=03500169&kikanKbn=nan", "url2": "https://www.sogo-medical.co.jp/sogopharmacy/", "内容": "そうごう薬局　岩手町店0岩手県岩手郡岩手町大字江刈内第１０地割三本松４５ー８" }, "geometry": { "type": "Point", "coordinates": [ 141.222443, 39.965908 ] } },
{ "type": "Feature", "properties": { "ID": 3503500172, "正式名称": "オーロラ薬局", "機関区分": 5, "都道府県コード": 3, "市区町村コード": 201, "所在地": "岩手県盛岡市南仙北３－２－３０", "緯度": 39.672606, "経度": 141.155718, "url": "https://www.iryou.teikyouseido.mhlw.go.jp/znk-web/juminkanja/S2430/initialize?prefCd=03&kikanCd=03500172&kikanKbn=nan", "url2": "http://www.iwate-aurora.com", "内容": "オーロラ薬局0岩手県盛岡市南仙北３－２－３０" }, "geometry": { "type": "Point", "coordinates": [ 141.155718, 39.672606 ] } },
{ "type": "Feature", "properties": { "ID": 3503500174, "正式名称": "きりの調剤薬局", "機関区分": 5, "都道府県コード": 3, "市区町村コード": 322, "所在地": "岩手県紫波郡矢巾町西徳田第５地割１ー１", "緯度": 39.61287, "経度": 141.17177, "url": "https://www.iryou.teikyouseido.mhlw.go.jp/znk-web/juminkanja/S2430/initialize?prefCd=03&kikanCd=03500174&kikanKbn=nan", "url2": null, "内容": "きりの調剤薬局0岩手県紫波郡矢巾町西徳田第５地割１ー１" }, "geometry": { "type": "Point", "coordinates": [ 141.17177, 39.61287 ] } },
{ "type": "Feature", "properties": { "ID": 3503500175, "正式名称": "しずくいし薬局", "機関区分": 5, "都道府県コード": 3, "市区町村コード": 301, "所在地": "岩手県岩手郡雫石町八卦２ー４", "緯度": 39.694147, "経度": 140.965353, "url": "https://www.iryou.teikyouseido.mhlw.go.jp/znk-web/juminkanja/S2430/initialize?prefCd=03&kikanCd=03500175&kikanKbn=nan", "url2": "http://www.aoki-ph.co.jp/co-info.htm", "内容": "しずくいし薬局0岩手県岩手郡雫石町八卦２ー４" }, "geometry": { "type": "Point", "coordinates": [ 140.965353, 39.694147 ] } },
{ "type": "Feature", "properties": { "ID": 3503500176, "正式名称": "ひまわり薬局", "機関区分": 5, "都道府県コード": 3, "市区町村コード": 201, "所在地": "岩手県盛岡市盛岡駅前通１４－２１", "緯度": 39.703222, "経度": 141.137361, "url": "https://www.iryou.teikyouseido.mhlw.go.jp/znk-web/juminkanja/S2430/initialize?prefCd=03&kikanCd=03500176&kikanKbn=nan", "url2": "https://www.qol-net.co.jp/", "内容": "ひまわり薬局0岩手県盛岡市盛岡駅前通１４－２１" }, "geometry": { "type": "Point", "coordinates": [ 141.137361, 39.703222 ] } },
{ "type": "Feature", "properties": { "ID": 3503500177, "正式名称": "ナガハシ薬局", "機関区分": 5, "都道府県コード": 3, "市区町村コード": 201, "所在地": "岩手県盛岡市長橋町１７番４０号", "緯度": 39.716979, "経度": 141.102457, "url": "https://www.iryou.teikyouseido.mhlw.go.jp/znk-web/juminkanja/S2430/initialize?prefCd=03&kikanCd=03500177&kikanKbn=nan", "url2": null, "内容": "ナガハシ薬局0岩手県盛岡市長橋町１７番４０号" }, "geometry": { "type": "Point", "coordinates": [ 141.102457, 39.716979 ] } },
{ "type": "Feature", "properties": { "ID": 3503500178, "正式名称": "たくぼく薬局", "機関区分": 5, "都道府県コード": 3, "市区町村コード": 201, "所在地": "岩手県盛岡市渋民字駅１０４番地", "緯度": 39.845706, "経度": 141.169256, "url": "https://www.iryou.teikyouseido.mhlw.go.jp/znk-web/juminkanja/S2430/initialize?prefCd=03&kikanCd=03500178&kikanKbn=nan", "url2": "http://www.lively-pharma.jp/", "内容": "たくぼく薬局0岩手県盛岡市渋民字駅１０４番地" }, "geometry": { "type": "Point", "coordinates": [ 141.169256, 39.845706 ] } },
{ "type": "Feature", "properties": { "ID": 3503500180, "正式名称": "アイリス薬局", "機関区分": 5, "都道府県コード": 3, "市区町村コード": 201, "所在地": "岩手県盛岡市高松三丁目１０ー１４", "緯度": 39.728718, "経度": 141.140088, "url": "https://www.iryou.teikyouseido.mhlw.go.jp/znk-web/juminkanja/S2430/initialize?prefCd=03&kikanCd=03500180&kikanKbn=nan", "url2": null, "内容": "アイリス薬局0岩手県盛岡市高松三丁目１０ー１４" }, "geometry": { "type": "Point", "coordinates": [ 141.140088, 39.728718 ] } },
{ "type": "Feature", "properties": { "ID": 3503500181, "正式名称": "あすなろ薬局", "機関区分": 5, "都道府県コード": 3, "市区町村コード": 201, "所在地": "岩手県盛岡市中ノ橋通１丁目１４－９", "緯度": 39.69924, "経度": 141.158723, "url": "https://www.iryou.teikyouseido.mhlw.go.jp/znk-web/juminkanja/S2430/initialize?prefCd=03&kikanCd=03500181&kikanKbn=nan", "url2": "http://www.aoki-ph.com", "内容": "あすなろ薬局0岩手県盛岡市中ノ橋通１丁目１４－９" }, "geometry": { "type": "Point", "coordinates": [ 141.158723, 39.69924 ] } },
{ "type": "Feature", "properties": { "ID": 3503500183, "正式名称": "大更調剤薬局", "機関区分": 5, "都道府県コード": 3, "市区町村コード": 214, "所在地": "岩手県八幡平市大更２５－３２０－９", "緯度": 39.914083, "経度": 141.102365, "url": "https://www.iryou.teikyouseido.mhlw.go.jp/znk-web/juminkanja/S2430/initialize?prefCd=03&kikanCd=03500183&kikanKbn=nan", "url2": null, "内容": "大更調剤薬局0岩手県八幡平市大更２５－３２０－９" }, "geometry": { "type": "Point", "coordinates": [ 141.102365, 39.914083 ] } },
{ "type": "Feature", "properties": { "ID": 3503500185, "正式名称": "ミルキー薬局", "機関区分": 5, "都道府県コード": 3, "市区町村コード": 201, "所在地": "岩手県盛岡市上厨川字杉原５０－４８", "緯度": 39.708786, "経度": 141.106538, "url": "https://www.iryou.teikyouseido.mhlw.go.jp/znk-web/juminkanja/S2430/initialize?prefCd=03&kikanCd=03500185&kikanKbn=nan", "url2": "https://www.milky-pharmacy.com", "内容": "ミルキー薬局0岩手県盛岡市上厨川字杉原５０－４８" }, "geometry": { "type": "Point", "coordinates": [ 141.106538, 39.708786 ] } },
{ "type": "Feature", "properties": { "ID": 3503500186, "正式名称": "本町薬局", "機関区分": 5, "都道府県コード": 3, "市区町村コード": 201, "所在地": "岩手県盛岡市本町通一丁目９番２８号", "緯度": 39.705905, "経度": 141.153516, "url": "https://www.iryou.teikyouseido.mhlw.go.jp/znk-web/juminkanja/S2430/initialize?prefCd=03&kikanCd=03500186&kikanKbn=nan", "url2": "http://www.lively-pharma.jp/", "内容": "本町薬局0岩手県盛岡市本町通一丁目９番２８号" }, "geometry": { "type": "Point", "coordinates": [ 141.153516, 39.705905 ] } },
{ "type": "Feature", "properties": { "ID": 3503500187, "正式名称": "銀河薬局", "機関区分": 5, "都道府県コード": 3, "市区町村コード": 201, "所在地": "岩手県盛岡市本宮６丁目１ー５５", "緯度": 39.688258, "経度": 141.124911, "url": "https://www.iryou.teikyouseido.mhlw.go.jp/znk-web/juminkanja/S2430/initialize?prefCd=03&kikanCd=03500187&kikanKbn=nan", "url2": "https://www.sano-ph.co.jp/stores/iwate/morioka-city/ginga-honten/", "内容": "銀河薬局0岩手県盛岡市本宮６丁目１ー５５" }, "geometry": { "type": "Point", "coordinates": [ 141.124911, 39.688258 ] } },
{ "type": "Feature", "properties": { "ID": 3503500189, "正式名称": "日本調剤　盛岡薬局", "機関区分": 5, "都道府県コード": 3, "市区町村コード": 201, "所在地": "岩手県盛岡市上田１－４－３", "緯度": 39.712814, "経度": 141.146526, "url": "https://www.iryou.teikyouseido.mhlw.go.jp/znk-web/juminkanja/S2430/initialize?prefCd=03&kikanCd=03500189&kikanKbn=nan", "url2": "http://www.nicho.co.jp/tenpo/moriokay.html", "内容": "日本調剤　盛岡薬局0岩手県盛岡市上田１－４－３" }, "geometry": { "type": "Point", "coordinates": [ 141.146526, 39.712814 ] } },
{ "type": "Feature", "properties": { "ID": 3503500190, "正式名称": "オーロラ薬局　沼宮内店", "機関区分": 5, "都道府県コード": 3, "市区町村コード": 303, "所在地": "岩手県岩手郡岩手町大字江刈内第１０地割４９番地１", "緯度": 39.96585, "経度": 141.221211, "url": "https://www.iryou.teikyouseido.mhlw.go.jp/znk-web/juminkanja/S2430/initialize?prefCd=03&kikanCd=03500190&kikanKbn=nan", "url2": "http://www.iwate-aurora.com/", "内容": "オーロラ薬局　沼宮内店0岩手県岩手郡岩手町大字江刈内第１０地割４９番地１" }, "geometry": { "type": "Point", "coordinates": [ 141.221211, 39.96585 ] } },
{ "type": "Feature", "properties": { "ID": 3503500191, "正式名称": "石神の丘薬局", "機関区分": 5, "都道府県コード": 3, "市区町村コード": 303, "所在地": "岩手県岩手郡岩手町五日市１１－７９－６６", "緯度": 39.966122, "経度": 141.211936, "url": "https://www.iryou.teikyouseido.mhlw.go.jp/znk-web/juminkanja/S2430/initialize?prefCd=03&kikanCd=03500191&kikanKbn=nan", "url2": "https://wing-pharmacy.com/", "内容": "石神の丘薬局0岩手県岩手郡岩手町五日市１１－７９－６６" }, "geometry": { "type": "Point", "coordinates": [ 141.211936, 39.966122 ] } },
{ "type": "Feature", "properties": { "ID": 3503500192, "正式名称": "八幡町薬局", "機関区分": 5, "都道府県コード": 3, "市区町村コード": 201, "所在地": "岩手県盛岡市八幡町３番２２号", "緯度": 39.69789, "経度": 141.158241, "url": "https://www.iryou.teikyouseido.mhlw.go.jp/znk-web/juminkanja/S2430/initialize?prefCd=03&kikanCd=03500192&kikanKbn=nan", "url2": "http://www.lively-pharma.jp/", "内容": "八幡町薬局0岩手県盛岡市八幡町３番２２号" }, "geometry": { "type": "Point", "coordinates": [ 141.158241, 39.69789 ] } },
{ "type": "Feature", "properties": { "ID": 3503500194, "正式名称": "共創未来　松園薬局", "機関区分": 5, "都道府県コード": 3, "市区町村コード": 201, "所在地": "岩手県盛岡市西松園三丁目２０ー１２", "緯度": 39.757101, "経度": 141.162594, "url": "https://www.iryou.teikyouseido.mhlw.go.jp/znk-web/juminkanja/S2430/initialize?prefCd=03&kikanCd=03500194&kikanKbn=nan", "url2": "http://www.phmirai.co.jp", "内容": "共創未来　松園薬局0岩手県盛岡市西松園三丁目２０ー１２" }, "geometry": { "type": "Point", "coordinates": [ 141.162594, 39.757101 ] } },
{ "type": "Feature", "properties": { "ID": 3503500196, "正式名称": "リーフ薬局", "機関区分": 5, "都道府県コード": 3, "市区町村コード": 201, "所在地": "岩手県盛岡市向中野３－１０－１０", "緯度": 39.683721, "経度": 141.135134, "url": "https://www.iryou.teikyouseido.mhlw.go.jp/znk-web/juminkanja/S2430/initialize?prefCd=03&kikanCd=03500196&kikanKbn=nan", "url2": null, "内容": "リーフ薬局0岩手県盛岡市向中野３－１０－１０" }, "geometry": { "type": "Point", "coordinates": [ 141.135134, 39.683721 ] } },
{ "type": "Feature", "properties": { "ID": 3503500197, "正式名称": "おはよー調剤", "機関区分": 5, "都道府県コード": 3, "市区町村コード": 216, "所在地": "岩手県滝沢市鵜飼笹森４３−１４", "緯度": 39.735716, "経度": 141.092126, "url": "https://www.iryou.teikyouseido.mhlw.go.jp/znk-web/juminkanja/S2430/initialize?prefCd=03&kikanCd=03500197&kikanKbn=nan", "url2": "https://www.ll-iwate.com/store", "内容": "おはよー調剤0岩手県滝沢市鵜飼笹森４３−１４" }, "geometry": { "type": "Point", "coordinates": [ 141.092126, 39.735716 ] } },
{ "type": "Feature", "properties": { "ID": 3503500198, "正式名称": "イオン薬局盛岡店", "機関区分": 5, "都道府県コード": 3, "市区町村コード": 201, "所在地": "岩手県盛岡市前潟４－７－１", "緯度": 39.711722, "経度": 141.098651, "url": "https://www.iryou.teikyouseido.mhlw.go.jp/znk-web/juminkanja/S2430/initialize?prefCd=03&kikanCd=03500198&kikanKbn=nan", "url2": null, "内容": "イオン薬局盛岡店0岩手県盛岡市前潟４－７－１" }, "geometry": { "type": "Point", "coordinates": [ 141.098651, 39.711722 ] } },
{ "type": "Feature", "properties": { "ID": 3503500201, "正式名称": "なごみ薬局", "機関区分": 5, "都道府県コード": 3, "市区町村コード": 201, "所在地": "岩手県盛岡市上堂１丁目１８番２６号", "緯度": 39.724397, "経度": 141.123051, "url": "https://www.iryou.teikyouseido.mhlw.go.jp/znk-web/juminkanja/S2430/initialize?prefCd=03&kikanCd=03500201&kikanKbn=nan", "url2": "http://www.endeavor-co.com", "内容": "なごみ薬局0岩手県盛岡市上堂１丁目１８番２６号" }, "geometry": { "type": "Point", "coordinates": [ 141.123051, 39.724397 ] } },
{ "type": "Feature", "properties": { "ID": 3503500202, "正式名称": "薬局ポラリス", "機関区分": 5, "都道府県コード": 3, "市区町村コード": 201, "所在地": "岩手県盛岡市青山２ー２４ー３", "緯度": 39.726869, "経度": 141.11188, "url": "https://www.iryou.teikyouseido.mhlw.go.jp/znk-web/juminkanja/S2430/initialize?prefCd=03&kikanCd=03500202&kikanKbn=nan", "url2": "https://www.h2-corde.jp", "内容": "薬局ポラリス0岩手県盛岡市青山２ー２４ー３" }, "geometry": { "type": "Point", "coordinates": [ 141.11188, 39.726869 ] } },
{ "type": "Feature", "properties": { "ID": 3503500203, "正式名称": "さんぺい薬局", "機関区分": 5, "都道府県コード": 3, "市区町村コード": 201, "所在地": "岩手県盛岡市大館町２６－２", "緯度": 39.712608, "経度": 141.109934, "url": "https://www.iryou.teikyouseido.mhlw.go.jp/znk-web/juminkanja/S2430/initialize?prefCd=03&kikanCd=03500203&kikanKbn=nan", "url2": null, "内容": "さんぺい薬局0岩手県盛岡市大館町２６－２" }, "geometry": { "type": "Point", "coordinates": [ 141.109934, 39.712608 ] } },
{ "type": "Feature", "properties": { "ID": 3503500205, "正式名称": "銀河薬局　雫石店", "機関区分": 5, "都道府県コード": 3, "市区町村コード": 301, "所在地": "岩手県岩手郡雫石町千刈田７９ー２", "緯度": 39.69875, "経度": 140.97705, "url": "https://www.iryou.teikyouseido.mhlw.go.jp/znk-web/juminkanja/S2430/initialize?prefCd=03&kikanCd=03500205&kikanKbn=nan", "url2": "http://www2.sano-ph.co.jp/ginga/outline/p3.html", "内容": "銀河薬局　雫石店0岩手県岩手郡雫石町千刈田７９ー２" }, "geometry": { "type": "Point", "coordinates": [ 140.97705, 39.69875 ] } },
{ "type": "Feature", "properties": { "ID": 3503500207, "正式名称": "フロンティア薬局　盛岡店", "機関区分": 5, "都道府県コード": 3, "市区町村コード": 201, "所在地": "岩手県盛岡市太田八丁目１５番１２号", "緯度": 39.700339, "経度": 141.111696, "url": "https://www.iryou.teikyouseido.mhlw.go.jp/znk-web/juminkanja/S2430/initialize?prefCd=03&kikanCd=03500207&kikanKbn=nan", "url2": "http://www.frontier-ph.com", "内容": "フロンティア薬局　盛岡店0岩手県盛岡市太田八丁目１５番１２号" }, "geometry": { "type": "Point", "coordinates": [ 141.111696, 39.700339 ] } },
{ "type": "Feature", "properties": { "ID": 3503500209, "正式名称": "クローバー薬局", "機関区分": 5, "都道府県コード": 3, "市区町村コード": 201, "所在地": "岩手県盛岡市本宮字小板小瀬１３ー３", "緯度": 39.6942, "経度": 141.120088, "url": "https://www.iryou.teikyouseido.mhlw.go.jp/znk-web/juminkanja/S2430/initialize?prefCd=03&kikanCd=03500209&kikanKbn=nan", "url2": "https://www.luckybag.co.jp/", "内容": "クローバー薬局0岩手県盛岡市本宮字小板小瀬１３ー３" }, "geometry": { "type": "Point", "coordinates": [ 141.120088, 39.6942 ] } },
{ "type": "Feature", "properties": { "ID": 3503500212, "正式名称": "おおたばし調剤薬局", "機関区分": 5, "都道府県コード": 3, "市区町村コード": 201, "所在地": "岩手県盛岡市本宮字小板小瀬１３－８", "緯度": 39.693802, "経度": 141.120038, "url": "https://www.iryou.teikyouseido.mhlw.go.jp/znk-web/juminkanja/S2430/initialize?prefCd=03&kikanCd=03500212&kikanKbn=nan", "url2": "https://www.apocreat.co.jp/", "内容": "おおたばし調剤薬局0岩手県盛岡市本宮字小板小瀬１３－８" }, "geometry": { "type": "Point", "coordinates": [ 141.120038, 39.693802 ] } },
{ "type": "Feature", "properties": { "ID": 3503500214, "正式名称": "パーク薬局", "機関区分": 5, "都道府県コード": 3, "市区町村コード": 216, "所在地": "岩手県滝沢市中鵜飼８０", "緯度": 39.73629, "経度": 141.07614, "url": "https://www.iryou.teikyouseido.mhlw.go.jp/znk-web/juminkanja/S2430/initialize?prefCd=03&kikanCd=03500214&kikanKbn=nan", "url2": null, "内容": "パーク薬局0岩手県滝沢市中鵜飼８０" }, "geometry": { "type": "Point", "coordinates": [ 141.07614, 39.73629 ] } },
{ "type": "Feature", "properties": { "ID": 3503500215, "正式名称": "キリン薬局", "機関区分": 5, "都道府県コード": 3, "市区町村コード": 216, "所在地": "岩手県滝沢市穴口３７７―５４", "緯度": 39.742554, "経度": 141.106302, "url": "https://www.iryou.teikyouseido.mhlw.go.jp/znk-web/juminkanja/S2430/initialize?prefCd=03&kikanCd=03500215&kikanKbn=nan", "url2": null, "内容": "キリン薬局0岩手県滝沢市穴口３７７―５４" }, "geometry": { "type": "Point", "coordinates": [ 141.106302, 39.742554 ] } },
{ "type": "Feature", "properties": { "ID": 3503500217, "正式名称": "ワカバ薬局", "機関区分": 5, "都道府県コード": 3, "市区町村コード": 201, "所在地": "岩手県盛岡市材木町６－１５", "緯度": 39.707522, "経度": 141.136786, "url": "https://www.iryou.teikyouseido.mhlw.go.jp/znk-web/juminkanja/S2430/initialize?prefCd=03&kikanCd=03500217&kikanKbn=nan", "url2": null, "内容": "ワカバ薬局0岩手県盛岡市材木町６－１５" }, "geometry": { "type": "Point", "coordinates": [ 141.136786, 39.707522 ] } },
{ "type": "Feature", "properties": { "ID": 3503500218, "正式名称": "ワカバ薬局　都南店", "機関区分": 5, "都道府県コード": 3, "市区町村コード": 201, "所在地": "岩手県盛岡市三本柳１１ー１２ー１", "緯度": 39.651748, "経度": 141.16473, "url": "https://www.iryou.teikyouseido.mhlw.go.jp/znk-web/juminkanja/S2430/initialize?prefCd=03&kikanCd=03500218&kikanKbn=nan", "url2": null, "内容": "ワカバ薬局　都南店0岩手県盛岡市三本柳１１ー１２ー１" }, "geometry": { "type": "Point", "coordinates": [ 141.16473, 39.651748 ] } },
{ "type": "Feature", "properties": { "ID": 3503500220, "正式名称": "つばさ薬局", "機関区分": 5, "都道府県コード": 3, "市区町村コード": 201, "所在地": "岩手県盛岡市津志田西２－１３－５", "緯度": 39.663641, "経度": 141.150272, "url": "https://www.iryou.teikyouseido.mhlw.go.jp/znk-web/juminkanja/S2430/initialize?prefCd=03&kikanCd=03500220&kikanKbn=nan", "url2": "https://www.florencepharmacy.jp/index.html", "内容": "つばさ薬局0岩手県盛岡市津志田西２－１３－５" }, "geometry": { "type": "Point", "coordinates": [ 141.150272, 39.663641 ] } },
{ "type": "Feature", "properties": { "ID": 3503500221, "正式名称": "よつば薬局", "機関区分": 5, "都道府県コード": 3, "市区町村コード": 201, "所在地": "岩手県盛岡市月が丘二丁目２ー５９", "緯度": 39.731317, "経度": 141.10776, "url": "https://www.iryou.teikyouseido.mhlw.go.jp/znk-web/juminkanja/S2430/initialize?prefCd=03&kikanCd=03500221&kikanKbn=nan", "url2": "http://www.yotsuba-ph/jp", "内容": "よつば薬局0岩手県盛岡市月が丘二丁目２ー５９" }, "geometry": { "type": "Point", "coordinates": [ 141.10776, 39.731317 ] } },
{ "type": "Feature", "properties": { "ID": 3503500226, "正式名称": "花調みどり薬局", "機関区分": 5, "都道府県コード": 3, "市区町村コード": 205, "所在地": "岩手県花巻市若葉町３－１－８", "緯度": 39.386218, "経度": 141.10681, "url": "https://www.iryou.teikyouseido.mhlw.go.jp/znk-web/juminkanja/S2430/initialize?prefCd=03&kikanCd=03500226&kikanKbn=nan", "url2": "https://www.hanacho.jp", "内容": "花調みどり薬局0岩手県花巻市若葉町３－１－８" }, "geometry": { "type": "Point", "coordinates": [ 141.10681, 39.386218 ] } },
{ "type": "Feature", "properties": { "ID": 3503500231, "正式名称": "イワダテ薬局", "機関区分": 5, "都道府県コード": 3, "市区町村コード": 205, "所在地": "岩手県花巻市石鳥谷町好地第１６地割１２９番地", "緯度": 39.495415, "経度": 141.152689, "url": "https://www.iryou.teikyouseido.mhlw.go.jp/znk-web/juminkanja/S2430/initialize?prefCd=03&kikanCd=03500231&kikanKbn=nan", "url2": null, "内容": "イワダテ薬局0岩手県花巻市石鳥谷町好地第１６地割１２９番地" }, "geometry": { "type": "Point", "coordinates": [ 141.152689, 39.495415 ] } },
{ "type": "Feature", "properties": { "ID": 3503500232, "正式名称": "有限会社　小田島薬局", "機関区分": 5, "都道府県コード": 3, "市区町村コード": 205, "所在地": "岩手県花巻市上町６ー５", "緯度": 39.38589, "経度": 141.117482, "url": "https://www.iryou.teikyouseido.mhlw.go.jp/znk-web/juminkanja/S2430/initialize?prefCd=03&kikanCd=03500232&kikanKbn=nan", "url2": "https://odashima-pharmacy.com/", "内容": "有限会社　小田島薬局0岩手県花巻市上町６ー５" }, "geometry": { "type": "Point", "coordinates": [ 141.117482, 39.38589 ] } },
{ "type": "Feature", "properties": { "ID": 3503500233, "正式名称": "伊藤薬局", "機関区分": 5, "都道府県コード": 3, "市区町村コード": 205, "所在地": "岩手県花巻市一日市１－１６", "緯度": 39.393642, "経度": 141.114951, "url": "https://www.iryou.teikyouseido.mhlw.go.jp/znk-web/juminkanja/S2430/initialize?prefCd=03&kikanCd=03500233&kikanKbn=nan", "url2": null, "内容": "伊藤薬局0岩手県花巻市一日市１－１６" }, "geometry": { "type": "Point", "coordinates": [ 141.114951, 39.393642 ] } },
{ "type": "Feature", "properties": { "ID": 3503500234, "正式名称": "サカモト薬局　大通り店", "機関区分": 5, "都道府県コード": 3, "市区町村コード": 205, "所在地": "岩手県花巻市大通り１－１５－１９", "緯度": 39.390088, "経度": 141.113603, "url": "https://www.iryou.teikyouseido.mhlw.go.jp/znk-web/juminkanja/S2430/initialize?prefCd=03&kikanCd=03500234&kikanKbn=nan", "url2": "http://www.sakamoto-ph.net/", "内容": "サカモト薬局　大通り店0岩手県花巻市大通り１－１５－１９" }, "geometry": { "type": "Point", "coordinates": [ 141.113603, 39.390088 ] } },
{ "type": "Feature", "properties": { "ID": 3503500236, "正式名称": "パール薬局", "機関区分": 5, "都道府県コード": 3, "市区町村コード": 205, "所在地": "岩手県花巻市西大通り二丁目２２番１７号", "緯度": 39.395666, "経度": 141.103148, "url": "https://www.iryou.teikyouseido.mhlw.go.jp/znk-web/juminkanja/S2430/initialize?prefCd=03&kikanCd=03500236&kikanKbn=nan", "url2": "http://www.pearl-yakkyoku.jp", "内容": "パール薬局0岩手県花巻市西大通り二丁目２２番１７号" }, "geometry": { "type": "Point", "coordinates": [ 141.103148, 39.395666 ] } },
{ "type": "Feature", "properties": { "ID": 3503500238, "正式名称": "花巻調剤薬局　小舟渡店", "機関区分": 5, "都道府県コード": 3, "市区町村コード": 205, "所在地": "岩手県花巻市坂本町４ー５", "緯度": 39.392555, "経度": 141.117695, "url": "https://www.iryou.teikyouseido.mhlw.go.jp/znk-web/juminkanja/S2430/initialize?prefCd=03&kikanCd=03500238&kikanKbn=nan", "url2": "https://www.hanacho.jp", "内容": "花巻調剤薬局　小舟渡店0岩手県花巻市坂本町４ー５" }, "geometry": { "type": "Point", "coordinates": [ 141.117695, 39.392555 ] } },
{ "type": "Feature", "properties": { "ID": 3503500240, "正式名称": "二十六薬局", "機関区分": 5, "都道府県コード": 3, "市区町村コード": 205, "所在地": "岩手県花巻市西大通り二丁目３番１号", "緯度": 39.391126, "経度": 141.105872, "url": "https://www.iryou.teikyouseido.mhlw.go.jp/znk-web/juminkanja/S2430/initialize?prefCd=03&kikanCd=03500240&kikanKbn=nan", "url2": "http://www.lively-pharma.jp/", "内容": "二十六薬局0岩手県花巻市西大通り二丁目３番１号" }, "geometry": { "type": "Point", "coordinates": [ 141.105872, 39.391126 ] } },
{ "type": "Feature", "properties": { "ID": 3503500241, "正式名称": "東和薬局", "機関区分": 5, "都道府県コード": 3, "市区町村コード": 205, "所在地": "岩手県花巻市東和町安俵６区１４２ー２", "緯度": 39.383158, "経度": 141.223831, "url": "https://www.iryou.teikyouseido.mhlw.go.jp/znk-web/juminkanja/S2430/initialize?prefCd=03&kikanCd=03500241&kikanKbn=nan", "url2": null, "内容": "東和薬局0岩手県花巻市東和町安俵６区１４２ー２" }, "geometry": { "type": "Point", "coordinates": [ 141.223831, 39.383158 ] } },
{ "type": "Feature", "properties": { "ID": 3503500242, "正式名称": "花北薬局", "機関区分": 5, "都道府県コード": 3, "市区町村コード": 205, "所在地": "岩手県花巻市四日町三丁目５番１０号", "緯度": 39.401602, "経度": 141.117914, "url": "https://www.iryou.teikyouseido.mhlw.go.jp/znk-web/juminkanja/S2430/initialize?prefCd=03&kikanCd=03500242&kikanKbn=nan", "url2": "http://www.lively-pharma.jp/", "内容": "花北薬局0岩手県花巻市四日町三丁目５番１０号" }, "geometry": { "type": "Point", "coordinates": [ 141.117914, 39.401602 ] } },
{ "type": "Feature", "properties": { "ID": 3503500243, "正式名称": "材木町薬局", "機関区分": 5, "都道府県コード": 3, "市区町村コード": 205, "所在地": "岩手県花巻市材木町６－６", "緯度": 39.387022, "経度": 141.110792, "url": "https://www.iryou.teikyouseido.mhlw.go.jp/znk-web/juminkanja/S2430/initialize?prefCd=03&kikanCd=03500243&kikanKbn=nan", "url2": null, "内容": "材木町薬局0岩手県花巻市材木町６－６" }, "geometry": { "type": "Point", "coordinates": [ 141.110792, 39.387022 ] } },
{ "type": "Feature", "properties": { "ID": 3503500246, "正式名称": "はなまる薬局", "機関区分": 5, "都道府県コード": 3, "市区町村コード": 205, "所在地": "岩手県花巻市西大通り２－１－１３", "緯度": 39.392277, "経度": 141.104997, "url": "https://www.iryou.teikyouseido.mhlw.go.jp/znk-web/juminkanja/S2430/initialize?prefCd=03&kikanCd=03500246&kikanKbn=nan", "url2": null, "内容": "はなまる薬局0岩手県花巻市西大通り２－１－１３" }, "geometry": { "type": "Point", "coordinates": [ 141.104997, 39.392277 ] } },
{ "type": "Feature", "properties": { "ID": 3503500247, "正式名称": "花調ふどう薬局", "機関区分": 5, "都道府県コード": 3, "市区町村コード": 205, "所在地": "岩手県花巻市不動町２丁目１－１", "緯度": 39.377683, "経度": 141.111304, "url": "https://www.iryou.teikyouseido.mhlw.go.jp/znk-web/juminkanja/S2430/initialize?prefCd=03&kikanCd=03500247&kikanKbn=nan", "url2": "https://www.hanacho.jp", "内容": "花調ふどう薬局0岩手県花巻市不動町２丁目１－１" }, "geometry": { "type": "Point", "coordinates": [ 141.111304, 39.377683 ] } },
{ "type": "Feature", "properties": { "ID": 3503500248, "正式名称": "たかき薬局", "機関区分": 5, "都道府県コード": 3, "市区町村コード": 205, "所在地": "岩手県花巻市高木１５－１８－１３", "緯度": 39.383457, "経度": 141.143332, "url": "https://www.iryou.teikyouseido.mhlw.go.jp/znk-web/juminkanja/S2430/initialize?prefCd=03&kikanCd=03500248&kikanKbn=nan", "url2": null, "内容": "たかき薬局0岩手県花巻市高木１５－１８－１３" }, "geometry": { "type": "Point", "coordinates": [ 141.143332, 39.383457 ] } },
{ "type": "Feature", "properties": { "ID": 3503500249, "正式名称": "ひだまり薬局", "機関区分": 5, "都道府県コード": 3, "市区町村コード": 205, "所在地": "岩手県花巻市東和町東晴山８区３８番地２", "緯度": 39.367088, "経度": 141.256585, "url": "https://www.iryou.teikyouseido.mhlw.go.jp/znk-web/juminkanja/S2430/initialize?prefCd=03&kikanCd=03500249&kikanKbn=nan", "url2": null, "内容": "ひだまり薬局0岩手県花巻市東和町東晴山８区３８番地２" }, "geometry": { "type": "Point", "coordinates": [ 141.256585, 39.367088 ] } },
{ "type": "Feature", "properties": { "ID": 3503500251, "正式名称": "タカハシ薬局", "機関区分": 5, "都道府県コード": 3, "市区町村コード": 205, "所在地": "岩手県花巻市大通り２ー７ー１１", "緯度": 39.38837, "経度": 141.113551, "url": "https://www.iryou.teikyouseido.mhlw.go.jp/znk-web/juminkanja/S2430/initialize?prefCd=03&kikanCd=03500251&kikanKbn=nan", "url2": null, "内容": "タカハシ薬局0岩手県花巻市大通り２ー７ー１１" }, "geometry": { "type": "Point", "coordinates": [ 141.113551, 39.38837 ] } },
{ "type": "Feature", "properties": { "ID": 3503500252, "正式名称": "タカハシ星ヶ丘薬局", "機関区分": 5, "都道府県コード": 3, "市区町村コード": 205, "所在地": "岩手県花巻市星が丘２丁目２７－２２", "緯度": 39.40484, "経度": 141.104949, "url": "https://www.iryou.teikyouseido.mhlw.go.jp/znk-web/juminkanja/S2430/initialize?prefCd=03&kikanCd=03500252&kikanKbn=nan", "url2": null, "内容": "タカハシ星ヶ丘薬局0岩手県花巻市星が丘２丁目２７－２２" }, "geometry": { "type": "Point", "coordinates": [ 141.104949, 39.40484 ] } },
{ "type": "Feature", "properties": { "ID": 3503500253, "正式名称": "タカハシひかる薬局", "機関区分": 5, "都道府県コード": 3, "市区町村コード": 205, "所在地": "岩手県花巻市西大通り２－１１－３", "緯度": 39.392752, "経度": 141.102878, "url": "https://www.iryou.teikyouseido.mhlw.go.jp/znk-web/juminkanja/S2430/initialize?prefCd=03&kikanCd=03500253&kikanKbn=nan", "url2": null, "内容": "タカハシひかる薬局0岩手県花巻市西大通り２－１１－３" }, "geometry": { "type": "Point", "coordinates": [ 141.102878, 39.392752 ] } },
{ "type": "Feature", "properties": { "ID": 3503500255, "正式名称": "たんぽぽ薬局", "機関区分": 5, "都道府県コード": 3, "市区町村コード": 205, "所在地": "岩手県花巻市二枚橋第６地割４９８番１", "緯度": 39.434894, "経度": 141.130621, "url": "https://www.iryou.teikyouseido.mhlw.go.jp/znk-web/juminkanja/S2430/initialize?prefCd=03&kikanCd=03500255&kikanKbn=nan", "url2": "http://www.sakamoto-ph.net/", "内容": "たんぽぽ薬局0岩手県花巻市二枚橋第６地割４９８番１" }, "geometry": { "type": "Point", "coordinates": [ 141.130621, 39.434894 ] } },
{ "type": "Feature", "properties": { "ID": 3503500256, "正式名称": "フロンティア薬局　石鳥谷店", "機関区分": 5, "都道府県コード": 3, "市区町村コード": 205, "所在地": "岩手県花巻市石鳥谷町新堀第８地割３４番地４", "緯度": 39.497547, "経度": 141.169155, "url": "https://www.iryou.teikyouseido.mhlw.go.jp/znk-web/juminkanja/S2430/initialize?prefCd=03&kikanCd=03500256&kikanKbn=nan", "url2": "http://www.frontier-ph.com", "内容": "フロンティア薬局　石鳥谷店0岩手県花巻市石鳥谷町新堀第８地割３４番地４" }, "geometry": { "type": "Point", "coordinates": [ 141.169155, 39.497547 ] } },
{ "type": "Feature", "properties": { "ID": 3503500258, "正式名称": "スクラム薬局　花巻駅西店", "機関区分": 5, "都道府県コード": 3, "市区町村コード": 205, "所在地": "岩手県花巻市西大通り１丁目３０番７号", "緯度": 39.394529, "経度": 141.108992, "url": "https://www.iryou.teikyouseido.mhlw.go.jp/znk-web/juminkanja/S2430/initialize?prefCd=03&kikanCd=03500258&kikanKbn=nan", "url2": null, "内容": "スクラム薬局　花巻駅西店0岩手県花巻市西大通り１丁目３０番７号" }, "geometry": { "type": "Point", "coordinates": [ 141.108992, 39.394529 ] } },
{ "type": "Feature", "properties": { "ID": 3503500259, "正式名称": "八木薬局", "機関区分": 5, "都道府県コード": 3, "市区町村コード": 205, "所在地": "岩手県花巻市上町２番１５号", "緯度": 39.385279, "経度": 141.115479, "url": "https://www.iryou.teikyouseido.mhlw.go.jp/znk-web/juminkanja/S2430/initialize?prefCd=03&kikanCd=03500259&kikanKbn=nan", "url2": null, "内容": "八木薬局0岩手県花巻市上町２番１５号" }, "geometry": { "type": "Point", "coordinates": [ 141.115479, 39.385279 ] } },
{ "type": "Feature", "properties": { "ID": 3503500260, "正式名称": "諏訪調剤薬局", "機関区分": 5, "都道府県コード": 3, "市区町村コード": 205, "所在地": "岩手県花巻市諏訪３９９ー１", "緯度": 39.367863, "経度": 141.107111, "url": "https://www.iryou.teikyouseido.mhlw.go.jp/znk-web/juminkanja/S2430/initialize?prefCd=03&kikanCd=03500260&kikanKbn=nan", "url2": "https://bliss-pharm.co.jp", "内容": "諏訪調剤薬局0岩手県花巻市諏訪３９９ー１" }, "geometry": { "type": "Point", "coordinates": [ 141.107111, 39.367863 ] } },
{ "type": "Feature", "properties": { "ID": 3503500263, "正式名称": "こしおう薬局", "機関区分": 5, "都道府県コード": 3, "市区町村コード": 205, "所在地": "岩手県花巻市高木１８－６９－１", "緯度": 39.383457, "経度": 141.143332, "url": "https://www.iryou.teikyouseido.mhlw.go.jp/znk-web/juminkanja/S2430/initialize?prefCd=03&kikanCd=03500263&kikanKbn=nan", "url2": null, "内容": "こしおう薬局0岩手県花巻市高木１８－６９－１" }, "geometry": { "type": "Point", "coordinates": [ 141.143332, 39.383457 ] } },
{ "type": "Feature", "properties": { "ID": 3503500264, "正式名称": "サカモト薬局　健康館", "機関区分": 5, "都道府県コード": 3, "市区町村コード": 205, "所在地": "岩手県花巻市不動町１－２－５", "緯度": 39.378189, "経度": 141.111788, "url": "https://www.iryou.teikyouseido.mhlw.go.jp/znk-web/juminkanja/S2430/initialize?prefCd=03&kikanCd=03500264&kikanKbn=nan", "url2": "http://www.sakamoto-ph.net/", "内容": "サカモト薬局　健康館0岩手県花巻市不動町１－２－５" }, "geometry": { "type": "Point", "coordinates": [ 141.111788, 39.378189 ] } },
{ "type": "Feature", "properties": { "ID": 3503500267, "正式名称": "かなん薬局", "機関区分": 5, "都道府県コード": 3, "市区町村コード": 205, "所在地": "岩手県花巻市諏訪町２丁目１－１５", "緯度": 39.37619, "経度": 141.111541, "url": "https://www.iryou.teikyouseido.mhlw.go.jp/znk-web/juminkanja/S2430/initialize?prefCd=03&kikanCd=03500267&kikanKbn=nan", "url2": null, "内容": "かなん薬局0岩手県花巻市諏訪町２丁目１－１５" }, "geometry": { "type": "Point", "coordinates": [ 141.111541, 39.37619 ] } },
{ "type": "Feature", "properties": { "ID": 3503500268, "正式名称": "花調あさざわ薬局", "機関区分": 5, "都道府県コード": 3, "市区町村コード": 205, "所在地": "岩手県花巻市浅沢１００－７", "緯度": 39.403681, "経度": 141.117242, "url": "https://www.iryou.teikyouseido.mhlw.go.jp/znk-web/juminkanja/S2430/initialize?prefCd=03&kikanCd=03500268&kikanKbn=nan", "url2": "https://www.hanacho.jp", "内容": "花調あさざわ薬局0岩手県花巻市浅沢１００－７" }, "geometry": { "type": "Point", "coordinates": [ 141.117242, 39.403681 ] } },
{ "type": "Feature", "properties": { "ID": 3503500269, "正式名称": "花調きたまん薬局", "機関区分": 5, "都道府県コード": 3, "市区町村コード": 205, "所在地": "岩手県花巻市中北万丁目８３４－１", "緯度": 39.392993, "経度": 141.093602, "url": "https://www.iryou.teikyouseido.mhlw.go.jp/znk-web/juminkanja/S2430/initialize?prefCd=03&kikanCd=03500269&kikanKbn=nan", "url2": "https://www.hanacho.jp", "内容": "花調きたまん薬局0岩手県花巻市中北万丁目８３４－１" }, "geometry": { "type": "Point", "coordinates": [ 141.093602, 39.392993 ] } },
{ "type": "Feature", "properties": { "ID": 3503500271, "正式名称": "調剤薬局ツルハドラッグ　西大通店", "機関区分": 5, "都道府県コード": 3, "市区町村コード": 205, "所在地": "岩手県花巻市西大通り２－１－２５", "緯度": 39.392333, "経度": 141.104395, "url": "https://www.iryou.teikyouseido.mhlw.go.jp/znk-web/juminkanja/S2430/initialize?prefCd=03&kikanCd=03500271&kikanKbn=nan", "url2": "http://www.tsuruha.co.jp", "内容": "調剤薬局ツルハドラッグ　西大通店0岩手県花巻市西大通り２－１－２５" }, "geometry": { "type": "Point", "coordinates": [ 141.104395, 39.392333 ] } },
{ "type": "Feature", "properties": { "ID": 3503500272, "正式名称": "おたや町薬局", "機関区分": 5, "都道府県コード": 3, "市区町村コード": 205, "所在地": "岩手県花巻市御田屋１番４３号", "緯度": 39.387074, "経度": 141.123946, "url": "https://www.iryou.teikyouseido.mhlw.go.jp/znk-web/juminkanja/S2430/initialize?prefCd=03&kikanCd=03500272&kikanKbn=nan", "url2": null, "内容": "おたや町薬局0岩手県花巻市御田屋１番４３号" }, "geometry": { "type": "Point", "coordinates": [ 141.123946, 39.387074 ] } },
{ "type": "Feature", "properties": { "ID": 3503500274, "正式名称": "つくし薬局　花巻店", "機関区分": 5, "都道府県コード": 3, "市区町村コード": 205, "所在地": "岩手県花巻市若葉町２‐４‐１４", "緯度": 39.387303, "経度": 141.106442, "url": "https://www.iryou.teikyouseido.mhlw.go.jp/znk-web/juminkanja/S2430/initialize?prefCd=03&kikanCd=03500274&kikanKbn=nan", "url2": "http://www.294ph.com", "内容": "つくし薬局　花巻店0岩手県花巻市若葉町２‐４‐１４" }, "geometry": { "type": "Point", "coordinates": [ 141.106442, 39.387303 ] } },
{ "type": "Feature", "properties": { "ID": 3503500276, "正式名称": "おおはさま薬局", "機関区分": 5, "都道府県コード": 3, "市区町村コード": 205, "所在地": "岩手県花巻市大迫町大迫第１３地割８番１１", "緯度": 39.479065, "経度": 141.289853, "url": "https://www.iryou.teikyouseido.mhlw.go.jp/znk-web/juminkanja/S2430/initialize?prefCd=03&kikanCd=03500276&kikanKbn=nan", "url2": "http://www.aoki-ph.co.jp", "内容": "おおはさま薬局0岩手県花巻市大迫町大迫第１３地割８番１１" }, "geometry": { "type": "Point", "coordinates": [ 141.289853, 39.479065 ] } },
{ "type": "Feature", "properties": { "ID": 3503500277, "正式名称": "ほおずき薬局", "機関区分": 5, "都道府県コード": 3, "市区町村コード": 205, "所在地": "岩手県花巻市石鳥谷町好地７－２０６－５", "緯度": 39.496963, "経度": 141.148971, "url": "https://www.iryou.teikyouseido.mhlw.go.jp/znk-web/juminkanja/S2430/initialize?prefCd=03&kikanCd=03500277&kikanKbn=nan", "url2": null, "内容": "ほおずき薬局0岩手県花巻市石鳥谷町好地７－２０６－５" }, "geometry": { "type": "Point", "coordinates": [ 141.148971, 39.496963 ] } },
{ "type": "Feature", "properties": { "ID": 3503500279, "正式名称": "ゆぐち薬局", "機関区分": 5, "都道府県コード": 3, "市区町村コード": 205, "所在地": "岩手県花巻市円万寺字下中野４５番１１", "緯度": 39.390232, "経度": 141.052679, "url": "https://www.iryou.teikyouseido.mhlw.go.jp/znk-web/juminkanja/S2430/initialize?prefCd=03&kikanCd=03500279&kikanKbn=nan", "url2": "http://www.lively-pharma.jp/", "内容": "ゆぐち薬局0岩手県花巻市円万寺字下中野４５番１１" }, "geometry": { "type": "Point", "coordinates": [ 141.052679, 39.390232 ] } },
{ "type": "Feature", "properties": { "ID": 3503500281, "正式名称": "有限会社川口屋薬局", "機関区分": 5, "都道府県コード": 3, "市区町村コード": 208, "所在地": "岩手県遠野市中央通り１－７", "緯度": 39.329324, "経度": 141.529687, "url": "https://www.iryou.teikyouseido.mhlw.go.jp/znk-web/juminkanja/S2430/initialize?prefCd=03&kikanCd=03500281&kikanKbn=nan", "url2": null, "内容": "有限会社川口屋薬局0岩手県遠野市中央通り１－７" }, "geometry": { "type": "Point", "coordinates": [ 141.529687, 39.329324 ] } },
{ "type": "Feature", "properties": { "ID": 3503500286, "正式名称": "遠野駅前薬局", "機関区分": 5, "都道府県コード": 3, "市区町村コード": 208, "所在地": "岩手県遠野市新穀町３番１号", "緯度": 39.331733, "経度": 141.530539, "url": "https://www.iryou.teikyouseido.mhlw.go.jp/znk-web/juminkanja/S2430/initialize?prefCd=03&kikanCd=03500286&kikanKbn=nan", "url2": "http://www.lively-pharma.jp/", "内容": "遠野駅前薬局0岩手県遠野市新穀町３番１号" }, "geometry": { "type": "Point", "coordinates": [ 141.530539, 39.331733 ] } },
{ "type": "Feature", "properties": { "ID": 3503500287, "正式名称": "つくし薬局　遠野店", "機関区分": 5, "都道府県コード": 3, "市区町村コード": 208, "所在地": "岩手県遠野市中央通り６ー１５", "緯度": 39.329674, "経度": 141.532649, "url": "https://www.iryou.teikyouseido.mhlw.go.jp/znk-web/juminkanja/S2430/initialize?prefCd=03&kikanCd=03500287&kikanKbn=nan", "url2": "https://294ph.com", "内容": "つくし薬局　遠野店0岩手県遠野市中央通り６ー１５" }, "geometry": { "type": "Point", "coordinates": [ 141.532649, 39.329674 ] } },
{ "type": "Feature", "properties": { "ID": 3503500288, "正式名称": "はやちね薬局", "機関区分": 5, "都道府県コード": 3, "市区町村コード": 208, "所在地": "岩手県遠野市中央通り６ー１１", "緯度": 39.329793, "経度": 141.532388, "url": "https://www.iryou.teikyouseido.mhlw.go.jp/znk-web/juminkanja/S2430/initialize?prefCd=03&kikanCd=03500288&kikanKbn=nan", "url2": "https://odashima-pharmacy.com", "内容": "はやちね薬局0岩手県遠野市中央通り６ー１１" }, "geometry": { "type": "Point", "coordinates": [ 141.532388, 39.329793 ] } },
{ "type": "Feature", "properties": { "ID": 3503500290, "正式名称": "ほしがおか・花城薬局", "機関区分": 5, "都道府県コード": 3, "市区町村コード": 205, "所在地": "岩手県花巻市星が丘１ー８ー２０", "緯度": 39.401858, "経度": 141.101352, "url": "https://www.iryou.teikyouseido.mhlw.go.jp/znk-web/juminkanja/S2430/initialize?prefCd=03&kikanCd=03500290&kikanKbn=nan", "url2": "https://bliss-pharm.co.jp/company/", "内容": "ほしがおか・花城薬局0岩手県花巻市星が丘１ー８ー２０" }, "geometry": { "type": "Point", "coordinates": [ 141.101352, 39.401858 ] } },
{ "type": "Feature", "properties": { "ID": 3503500291, "正式名称": "はやせ薬局", "機関区分": 5, "都道府県コード": 3, "市区町村コード": 208, "所在地": "岩手県遠野市材木町２－２８", "緯度": 39.333585, "経度": 141.52935, "url": "https://www.iryou.teikyouseido.mhlw.go.jp/znk-web/juminkanja/S2430/initialize?prefCd=03&kikanCd=03500291&kikanKbn=nan", "url2": "http://www.luckybag.co.jp", "内容": "はやせ薬局0岩手県遠野市材木町２－２８" }, "geometry": { "type": "Point", "coordinates": [ 141.52935, 39.333585 ] } },
{ "type": "Feature", "properties": { "ID": 3503500293, "正式名称": "桜木町薬局", "機関区分": 5, "都道府県コード": 3, "市区町村コード": 205, "所在地": "岩手県花巻市桜木町１丁目２３", "緯度": 39.383862, "経度": 141.11132, "url": "https://www.iryou.teikyouseido.mhlw.go.jp/znk-web/juminkanja/S2430/initialize?prefCd=03&kikanCd=03500293&kikanKbn=nan", "url2": null, "内容": "桜木町薬局0岩手県花巻市桜木町１丁目２３" }, "geometry": { "type": "Point", "coordinates": [ 141.11132, 39.383862 ] } },
{ "type": "Feature", "properties": { "ID": 3503500294, "正式名称": "銀河薬局　太田店", "機関区分": 5, "都道府県コード": 3, "市区町村コード": 205, "所在地": "岩手県花巻市太田５１地割２２０番地１", "緯度": 39.387123, "経度": 141.021186, "url": "https://www.iryou.teikyouseido.mhlw.go.jp/znk-web/juminkanja/S2430/initialize?prefCd=03&kikanCd=03500294&kikanKbn=nan", "url2": "https://www.sano-ph.co.jp/ginga_map/ginga_p2", "内容": "銀河薬局　太田店0岩手県花巻市太田５１地割２２０番地１" }, "geometry": { "type": "Point", "coordinates": [ 141.021186, 39.387123 ] } },
{ "type": "Feature", "properties": { "ID": 3503500296, "正式名称": "のぞみ薬局", "機関区分": 5, "都道府県コード": 3, "市区町村コード": 205, "所在地": "岩手県花巻市石鳥谷町好地１６－９－５", "緯度": 39.49917, "経度": 141.153993, "url": "https://www.iryou.teikyouseido.mhlw.go.jp/znk-web/juminkanja/S2430/initialize?prefCd=03&kikanCd=03500296&kikanKbn=nan", "url2": "https://wing-pharmacy.com/", "内容": "のぞみ薬局0岩手県花巻市石鳥谷町好地１６－９－５" }, "geometry": { "type": "Point", "coordinates": [ 141.153993, 39.49917 ] } },
{ "type": "Feature", "properties": { "ID": 3503500298, "正式名称": "株式会社佐藤薬局", "機関区分": 5, "都道府県コード": 3, "市区町村コード": 206, "所在地": "岩手県北上市本通り１－８－３３", "緯度": 39.287261, "経度": 141.115241, "url": "https://www.iryou.teikyouseido.mhlw.go.jp/znk-web/juminkanja/S2430/initialize?prefCd=03&kikanCd=03500298&kikanKbn=nan", "url2": null, "内容": "株式会社佐藤薬局0岩手県北上市本通り１－８－３３" }, "geometry": { "type": "Point", "coordinates": [ 141.115241, 39.287261 ] } },
{ "type": "Feature", "properties": { "ID": 3503500299, "正式名称": "高島薬局", "機関区分": 5, "都道府県コード": 3, "市区町村コード": 206, "所在地": "岩手県北上市青柳町２ー５ー４１", "緯度": 39.284265, "経度": 141.117493, "url": "https://www.iryou.teikyouseido.mhlw.go.jp/znk-web/juminkanja/S2430/initialize?prefCd=03&kikanCd=03500299&kikanKbn=nan", "url2": null, "内容": "高島薬局0岩手県北上市青柳町２ー５ー４１" }, "geometry": { "type": "Point", "coordinates": [ 141.117493, 39.284265 ] } },
{ "type": "Feature", "properties": { "ID": 3503500302, "正式名称": "さくら調剤薬局", "機関区分": 5, "都道府県コード": 3, "市区町村コード": 206, "所在地": "岩手県北上市若宮町二丁目２番３９号", "緯度": 39.28161, "経度": 141.116645, "url": "https://www.iryou.teikyouseido.mhlw.go.jp/znk-web/juminkanja/S2430/initialize?prefCd=03&kikanCd=03500302&kikanKbn=nan", "url2": "http://pos-kikaku.com", "内容": "さくら調剤薬局0岩手県北上市若宮町二丁目２番３９号" }, "geometry": { "type": "Point", "coordinates": [ 141.116645, 39.28161 ] } },
{ "type": "Feature", "properties": { "ID": 3503500303, "正式名称": "ひまわり薬局", "機関区分": 5, "都道府県コード": 3, "市区町村コード": 206, "所在地": "岩手県北上市芳町７番２０号", "緯度": 39.287917, "経度": 141.110631, "url": "https://www.iryou.teikyouseido.mhlw.go.jp/znk-web/juminkanja/S2430/initialize?prefCd=03&kikanCd=03500303&kikanKbn=nan", "url2": "http://pos-kikaku.com", "内容": "ひまわり薬局0岩手県北上市芳町７番２０号" }, "geometry": { "type": "Point", "coordinates": [ 141.110631, 39.287917 ] } },
{ "type": "Feature", "properties": { "ID": 3503500306, "正式名称": "有限会社オレンジ薬局", "機関区分": 5, "都道府県コード": 3, "市区町村コード": 206, "所在地": "岩手県北上市村崎野１６地割９０番地１", "緯度": 39.325198, "経度": 141.121, "url": "https://www.iryou.teikyouseido.mhlw.go.jp/znk-web/juminkanja/S2430/initialize?prefCd=03&kikanCd=03500306&kikanKbn=nan", "url2": null, "内容": "有限会社オレンジ薬局0岩手県北上市村崎野１６地割９０番地１" }, "geometry": { "type": "Point", "coordinates": [ 141.121, 39.325198 ] } },
{ "type": "Feature", "properties": { "ID": 3503500307, "正式名称": "おおぞら薬局", "機関区分": 5, "都道府県コード": 3, "市区町村コード": 206, "所在地": "岩手県北上市柳原町四丁目１５番２９号", "緯度": 39.296205, "経度": 141.114892, "url": "https://www.iryou.teikyouseido.mhlw.go.jp/znk-web/juminkanja/S2430/initialize?prefCd=03&kikanCd=03500307&kikanKbn=nan", "url2": "http://www.lively-pharma.jp/", "内容": "おおぞら薬局0岩手県北上市柳原町四丁目１５番２９号" }, "geometry": { "type": "Point", "coordinates": [ 141.114892, 39.296205 ] } },
{ "type": "Feature", "properties": { "ID": 3503500308, "正式名称": "いずみ薬局", "機関区分": 5, "都道府県コード": 3, "市区町村コード": 206, "所在地": "岩手県北上市青柳町１－５－１０", "緯度": 39.28334, "経度": 141.119555, "url": "https://www.iryou.teikyouseido.mhlw.go.jp/znk-web/juminkanja/S2430/initialize?prefCd=03&kikanCd=03500308&kikanKbn=nan", "url2": null, "内容": "いずみ薬局0岩手県北上市青柳町１－５－１０" }, "geometry": { "type": "Point", "coordinates": [ 141.119555, 39.28334 ] } },
{ "type": "Feature", "properties": { "ID": 3503500309, "正式名称": "つくし薬局　大堤店", "機関区分": 5, "都道府県コード": 3, "市区町村コード": 206, "所在地": "岩手県北上市大堤北１－６－３０", "緯度": 39.2648182, "経度": 141.1013414, "url": "https://www.iryou.teikyouseido.mhlw.go.jp/znk-web/juminkanja/S2430/initialize?prefCd=03&kikanCd=03500309&kikanKbn=nan", "url2": "http://www.294ph.com", "内容": "つくし薬局　大堤店0岩手県北上市大堤北１－６－３０" }, "geometry": { "type": "Point", "coordinates": [ 141.1013414, 39.2648182 ] } },
{ "type": "Feature", "properties": { "ID": 3503500310, "正式名称": "すずらん薬局", "機関区分": 5, "都道府県コード": 3, "市区町村コード": 206, "所在地": "岩手県北上市北鬼柳２２地割３６番地１１", "緯度": 39.290882, "経度": 141.096303, "url": "https://www.iryou.teikyouseido.mhlw.go.jp/znk-web/juminkanja/S2430/initialize?prefCd=03&kikanCd=03500310&kikanKbn=nan", "url2": "http://pos-kikaku.com", "内容": "すずらん薬局0岩手県北上市北鬼柳２２地割３６番地１１" }, "geometry": { "type": "Point", "coordinates": [ 141.096303, 39.290882 ] } },
{ "type": "Feature", "properties": { "ID": 3503500311, "正式名称": "さわやか薬局", "機関区分": 5, "都道府県コード": 3, "市区町村コード": 206, "所在地": "岩手県北上市立花１０地割４８番地７", "緯度": 39.282391, "経度": 141.133164, "url": "https://www.iryou.teikyouseido.mhlw.go.jp/znk-web/juminkanja/S2430/initialize?prefCd=03&kikanCd=03500311&kikanKbn=nan", "url2": "http://www.lively-pharma.jp/", "内容": "さわやか薬局0岩手県北上市立花１０地割４８番地７" }, "geometry": { "type": "Point", "coordinates": [ 141.133164, 39.282391 ] } },
{ "type": "Feature", "properties": { "ID": 3503500326, "正式名称": "有限会社かたくり薬局", "機関区分": 5, "都道府県コード": 3, "市区町村コード": 206, "所在地": "岩手県北上市大通り４－３－１", "緯度": 39.286264, "経度": 141.10829, "url": "https://www.iryou.teikyouseido.mhlw.go.jp/znk-web/juminkanja/S2430/initialize?prefCd=03&kikanCd=03500326&kikanKbn=nan", "url2": null, "内容": "有限会社かたくり薬局0岩手県北上市大通り４－３－１" }, "geometry": { "type": "Point", "coordinates": [ 141.10829, 39.286264 ] } },
{ "type": "Feature", "properties": { "ID": 3503500327, "正式名称": "調剤薬局ツルハドラッグ　大堤店", "機関区分": 5, "都道府県コード": 3, "市区町村コード": 206, "所在地": "岩手県北上市大堤南１ー１ー２４", "緯度": 39.261945, "経度": 141.099456, "url": "https://www.iryou.teikyouseido.mhlw.go.jp/znk-web/juminkanja/S2430/initialize?prefCd=03&kikanCd=03500327&kikanKbn=nan", "url2": "http://www.tsuruha.co.jp/", "内容": "調剤薬局ツルハドラッグ　大堤店0岩手県北上市大堤南１ー１ー２４" }, "geometry": { "type": "Point", "coordinates": [ 141.099456, 39.261945 ] } },
{ "type": "Feature", "properties": { "ID": 3503500328, "正式名称": "コノハ薬局", "機関区分": 5, "都道府県コード": 3, "市区町村コード": 206, "所在地": "岩手県北上市大通２丁目３９６", "緯度": 39.282887, "経度": 141.114681, "url": "https://www.iryou.teikyouseido.mhlw.go.jp/znk-web/juminkanja/S2430/initialize?prefCd=03&kikanCd=03500328&kikanKbn=nan", "url2": null, "内容": "コノハ薬局0岩手県北上市大通２丁目３９６" }, "geometry": { "type": "Point", "coordinates": [ 141.114681, 39.282887 ] } },
{ "type": "Feature", "properties": { "ID": 3503500330, "正式名称": "まごころ薬局", "機関区分": 5, "都道府県コード": 3, "市区町村コード": 206, "所在地": "岩手県北上市上野町四丁目３番２２号", "緯度": 39.300731, "経度": 141.128372, "url": "https://www.iryou.teikyouseido.mhlw.go.jp/znk-web/juminkanja/S2430/initialize?prefCd=03&kikanCd=03500330&kikanKbn=nan", "url2": "http://www.lively-pharma.jp/", "内容": "まごころ薬局0岩手県北上市上野町四丁目３番２２号" }, "geometry": { "type": "Point", "coordinates": [ 141.128372, 39.300731 ] } },
{ "type": "Feature", "properties": { "ID": 3503500331, "正式名称": "ファースト調剤薬局", "機関区分": 5, "都道府県コード": 3, "市区町村コード": 206, "所在地": "岩手県北上市諏訪町２－５－４２", "緯度": 39.287061, "経度": 141.118579, "url": "https://www.iryou.teikyouseido.mhlw.go.jp/znk-web/juminkanja/S2430/initialize?prefCd=03&kikanCd=03500331&kikanKbn=nan", "url2": "https://first-ph.com", "内容": "ファースト調剤薬局0岩手県北上市諏訪町２－５－４２" }, "geometry": { "type": "Point", "coordinates": [ 141.118579, 39.287061 ] } },
{ "type": "Feature", "properties": { "ID": 3503500333, "正式名称": "常盤台薬局", "機関区分": 5, "都道府県コード": 3, "市区町村コード": 206, "所在地": "岩手県北上市常盤台一丁目２２番２１号", "緯度": 39.303887, "経度": 141.116797, "url": "https://www.iryou.teikyouseido.mhlw.go.jp/znk-web/juminkanja/S2430/initialize?prefCd=03&kikanCd=03500333&kikanKbn=nan", "url2": "http://www.lively-pharma.jp/", "内容": "常盤台薬局0岩手県北上市常盤台一丁目２２番２１号" }, "geometry": { "type": "Point", "coordinates": [ 141.116797, 39.303887 ] } },
{ "type": "Feature", "properties": { "ID": 3503500335, "正式名称": "ほのぼの薬局", "機関区分": 5, "都道府県コード": 3, "市区町村コード": 206, "所在地": "岩手県北上市相去町相去５１番地", "緯度": 39.263379, "経度": 141.114586, "url": "https://www.iryou.teikyouseido.mhlw.go.jp/znk-web/juminkanja/S2430/initialize?prefCd=03&kikanCd=03500335&kikanKbn=nan", "url2": "http://www.lively-pharma.jp/", "内容": "ほのぼの薬局0岩手県北上市相去町相去５１番地" }, "geometry": { "type": "Point", "coordinates": [ 141.114586, 39.263379 ] } },
{ "type": "Feature", "properties": { "ID": 3503500337, "正式名称": "きたかみ中央薬局", "機関区分": 5, "都道府県コード": 3, "市区町村コード": 206, "所在地": "岩手県北上市さくら通り２－２－２８", "緯度": 39.298204, "経度": 141.111464, "url": "https://www.iryou.teikyouseido.mhlw.go.jp/znk-web/juminkanja/S2430/initialize?prefCd=03&kikanCd=03500337&kikanKbn=nan", "url2": null, "内容": "きたかみ中央薬局0岩手県北上市さくら通り２－２－２８" }, "geometry": { "type": "Point", "coordinates": [ 141.111464, 39.298204 ] } },
{ "type": "Feature", "properties": { "ID": 3503500343, "正式名称": "フジマキ薬局", "機関区分": 5, "都道府県コード": 3, "市区町村コード": 215, "所在地": "岩手県奥州市水沢東中通り２丁目１番１０号", "緯度": 39.13565, "経度": 141.15822, "url": "https://www.iryou.teikyouseido.mhlw.go.jp/znk-web/juminkanja/S2430/initialize?prefCd=03&kikanCd=03500343&kikanKbn=nan", "url2": null, "内容": "フジマキ薬局0岩手県奥州市水沢東中通り２丁目１番１０号" }, "geometry": { "type": "Point", "coordinates": [ 141.15822, 39.13565 ] } },
{ "type": "Feature", "properties": { "ID": 3503500344, "正式名称": "ナカノメ薬局", "機関区分": 5, "都道府県コード": 3, "市区町村コード": 215, "所在地": "岩手県奥州市水沢吉小路４６番地１", "緯度": 39.14299, "経度": 141.13956, "url": "https://www.iryou.teikyouseido.mhlw.go.jp/znk-web/juminkanja/S2430/initialize?prefCd=03&kikanCd=03500344&kikanKbn=nan", "url2": "nakanome.oshushi.com/pharmacy.php", "内容": "ナカノメ薬局0岩手県奥州市水沢吉小路４６番地１" }, "geometry": { "type": "Point", "coordinates": [ 141.13956, 39.14299 ] } },
{ "type": "Feature", "properties": { "ID": 3503500345, "正式名称": "有限会社及川薬局", "機関区分": 5, "都道府県コード": 3, "市区町村コード": 215, "所在地": "岩手県奥州市水沢横町２３０番地", "緯度": 39.140014, "経度": 141.139923, "url": "https://www.iryou.teikyouseido.mhlw.go.jp/znk-web/juminkanja/S2430/initialize?prefCd=03&kikanCd=03500345&kikanKbn=nan", "url2": "http://www.oikawa-ph.com", "内容": "有限会社及川薬局0岩手県奥州市水沢横町２３０番地" }, "geometry": { "type": "Point", "coordinates": [ 141.139923, 39.140014 ] } },
{ "type": "Feature", "properties": { "ID": 3503500346, "正式名称": "仁衛堂薬局", "機関区分": 5, "都道府県コード": 3, "市区町村コード": 215, "所在地": "岩手県奥州市前沢七日町裏２番地", "緯度": 39.049243, "経度": 141.124092, "url": "https://www.iryou.teikyouseido.mhlw.go.jp/znk-web/juminkanja/S2430/initialize?prefCd=03&kikanCd=03500346&kikanKbn=nan", "url2": "http://www.e-classa.net/niedo/", "内容": "仁衛堂薬局0岩手県奥州市前沢七日町裏２番地" }, "geometry": { "type": "Point", "coordinates": [ 141.124092, 39.049243 ] } },
{ "type": "Feature", "properties": { "ID": 3503500350, "正式名称": "水沢センター薬局", "機関区分": 5, "都道府県コード": 3, "市区町村コード": 215, "所在地": "岩手県奥州市水沢川原小路１７番地", "緯度": 39.147256, "経度": 141.13929, "url": "https://www.iryou.teikyouseido.mhlw.go.jp/znk-web/juminkanja/S2430/initialize?prefCd=03&kikanCd=03500350&kikanKbn=nan", "url2": "http://www.lively-pharma.jp/", "内容": "水沢センター薬局0岩手県奥州市水沢川原小路１７番地" }, "geometry": { "type": "Point", "coordinates": [ 141.13929, 39.147256 ] } },
{ "type": "Feature", "properties": { "ID": 3503500351, "正式名称": "水沢調剤薬局", "機関区分": 5, "都道府県コード": 3, "市区町村コード": 215, "所在地": "岩手県奥州市水沢字川原小路１２番地", "緯度": 39.146808, "経度": 141.139979, "url": "https://www.iryou.teikyouseido.mhlw.go.jp/znk-web/juminkanja/S2430/initialize?prefCd=03&kikanCd=03500351&kikanKbn=nan", "url2": "http://fureai.oshushi.com", "内容": "水沢調剤薬局0岩手県奥州市水沢字川原小路１２番地" }, "geometry": { "type": "Point", "coordinates": [ 141.139979, 39.146808 ] } },
{ "type": "Feature", "properties": { "ID": 3503500352, "正式名称": "たんぽぽ薬局", "機関区分": 5, "都道府県コード": 3, "市区町村コード": 215, "所在地": "岩手県奥州市水沢東中通り", "緯度": 39.136159, "経度": 141.15967, "url": "https://www.iryou.teikyouseido.mhlw.go.jp/znk-web/juminkanja/S2430/initialize?prefCd=03&kikanCd=03500352&kikanKbn=nan", "url2": null, "内容": "たんぽぽ薬局0岩手県奥州市水沢東中通り" }, "geometry": { "type": "Point", "coordinates": [ 141.15967, 39.136159 ] } },
{ "type": "Feature", "properties": { "ID": 3503500353, "正式名称": "いちご薬局", "機関区分": 5, "都道府県コード": 3, "市区町村コード": 215, "所在地": "岩手県奥州市水沢中町５５番地", "緯度": 39.137795, "経度": 141.14409, "url": "https://www.iryou.teikyouseido.mhlw.go.jp/znk-web/juminkanja/S2430/initialize?prefCd=03&kikanCd=03500353&kikanKbn=nan", "url2": "www.mdrug.co.jp", "内容": "いちご薬局0岩手県奥州市水沢中町５５番地" }, "geometry": { "type": "Point", "coordinates": [ 141.14409, 39.137795 ] } },
{ "type": "Feature", "properties": { "ID": 3503500359, "正式名称": "さつき薬局", "機関区分": 5, "都道府県コード": 3, "市区町村コード": 381, "所在地": "岩手県胆沢郡金ケ崎町西根古寺１４－１", "緯度": 39.19563, "経度": 141.112423, "url": "https://www.iryou.teikyouseido.mhlw.go.jp/znk-web/juminkanja/S2430/initialize?prefCd=03&kikanCd=03500359&kikanKbn=nan", "url2": null, "内容": "さつき薬局0岩手県胆沢郡金ケ崎町西根古寺１４－１" }, "geometry": { "type": "Point", "coordinates": [ 141.112423, 39.19563 ] } },
{ "type": "Feature", "properties": { "ID": 3503500360, "正式名称": "みどり薬局不断町店", "機関区分": 5, "都道府県コード": 3, "市区町村コード": 215, "所在地": "岩手県奥州市水沢字多賀４７番地", "緯度": 39.151298, "経度": 141.143065, "url": "https://www.iryou.teikyouseido.mhlw.go.jp/znk-web/juminkanja/S2430/initialize?prefCd=03&kikanCd=03500360&kikanKbn=nan", "url2": "http://www.catv-mic.ne.jp/~midori-f/", "内容": "みどり薬局不断町店0岩手県奥州市水沢字多賀４７番地" }, "geometry": { "type": "Point", "coordinates": [ 141.143065, 39.151298 ] } },
{ "type": "Feature", "properties": { "ID": 3503500361, "正式名称": "横山調剤薬局", "機関区分": 5, "都道府県コード": 3, "市区町村コード": 215, "所在地": "岩手県奥州市江刺愛宕字観音堂沖４０１番地５", "緯度": 39.17293, "経度": 141.15488, "url": "https://www.iryou.teikyouseido.mhlw.go.jp/znk-web/juminkanja/S2430/initialize?prefCd=03&kikanCd=03500361&kikanKbn=nan", "url2": null, "内容": "横山調剤薬局0岩手県奥州市江刺愛宕字観音堂沖４０１番地５" }, "geometry": { "type": "Point", "coordinates": [ 141.15488, 39.17293 ] } },
{ "type": "Feature", "properties": { "ID": 3503500368, "正式名称": "西大通薬局", "機関区分": 5, "都道府県コード": 3, "市区町村コード": 215, "所在地": "岩手県奥州市水沢中城６番３", "緯度": 39.156719, "経度": 141.133227, "url": "https://www.iryou.teikyouseido.mhlw.go.jp/znk-web/juminkanja/S2430/initialize?prefCd=03&kikanCd=03500368&kikanKbn=nan", "url2": "http://www.lively-pharma.jp/", "内容": "西大通薬局0岩手県奥州市水沢中城６番３" }, "geometry": { "type": "Point", "coordinates": [ 141.133227, 39.156719 ] } },
{ "type": "Feature", "properties": { "ID": 3503500369, "正式名称": "アイン薬局胆沢店", "機関区分": 5, "都道府県コード": 3, "市区町村コード": 215, "所在地": "岩手県奥州市水沢龍ヶ馬場２７－５", "緯度": 39.12146, "経度": 141.13338, "url": "https://www.iryou.teikyouseido.mhlw.go.jp/znk-web/juminkanja/S2430/initialize?prefCd=03&kikanCd=03500369&kikanKbn=nan", "url2": "http://www.ainj.co.jp/", "内容": "アイン薬局胆沢店0岩手県奥州市水沢龍ヶ馬場２７－５" }, "geometry": { "type": "Point", "coordinates": [ 141.13338, 39.12146 ] } },
{ "type": "Feature", "properties": { "ID": 3503500370, "正式名称": "うさぎ調剤薬局", "機関区分": 5, "都道府県コード": 3, "市区町村コード": 215, "所在地": "岩手県奥州市水沢字吉小路３番地３", "緯度": 39.142927, "経度": 141.140204, "url": "https://www.iryou.teikyouseido.mhlw.go.jp/znk-web/juminkanja/S2430/initialize?prefCd=03&kikanCd=03500370&kikanKbn=nan", "url2": "www.mdrug.co.jp", "内容": "うさぎ調剤薬局0岩手県奥州市水沢字吉小路３番地３" }, "geometry": { "type": "Point", "coordinates": [ 141.140204, 39.142927 ] } },
{ "type": "Feature", "properties": { "ID": 3503500371, "正式名称": "江刺調剤薬局", "機関区分": 5, "都道府県コード": 3, "市区町村コード": 215, "所在地": "岩手県奥州市江刺豊田町二丁目１番４６号", "緯度": 39.185513, "経度": 141.178277, "url": "https://www.iryou.teikyouseido.mhlw.go.jp/znk-web/juminkanja/S2430/initialize?prefCd=03&kikanCd=03500371&kikanKbn=nan", "url2": "http://www.lively-pharma.jp/", "内容": "江刺調剤薬局0岩手県奥州市江刺豊田町二丁目１番４６号" }, "geometry": { "type": "Point", "coordinates": [ 141.178277, 39.185513 ] } },
{ "type": "Feature", "properties": { "ID": 3503500372, "正式名称": "調剤薬局ツルハドラッグ江刺店", "機関区分": 5, "都道府県コード": 3, "市区町村コード": 215, "所在地": "岩手県奥州市江刺西大通り", "緯度": 39.196636, "経度": 141.17159, "url": "https://www.iryou.teikyouseido.mhlw.go.jp/znk-web/juminkanja/S2430/initialize?prefCd=03&kikanCd=03500372&kikanKbn=nan", "url2": "http://www.tsuruha.co.jp", "内容": "調剤薬局ツルハドラッグ江刺店0岩手県奥州市江刺西大通り" }, "geometry": { "type": "Point", "coordinates": [ 141.17159, 39.196636 ] } },
{ "type": "Feature", "properties": { "ID": 3503500375, "正式名称": "フロンティア薬局前沢店", "機関区分": 5, "都道府県コード": 3, "市区町村コード": 215, "所在地": "岩手県奥州市前沢古城字比良５９番地８", "緯度": 39.069893, "経度": 141.126257, "url": "https://www.iryou.teikyouseido.mhlw.go.jp/znk-web/juminkanja/S2430/initialize?prefCd=03&kikanCd=03500375&kikanKbn=nan", "url2": "http://www.frontier-ph.com", "内容": "フロンティア薬局前沢店0岩手県奥州市前沢古城字比良５９番地８" }, "geometry": { "type": "Point", "coordinates": [ 141.126257, 39.069893 ] } },
{ "type": "Feature", "properties": { "ID": 3503500376, "正式名称": "日本調剤水沢薬局", "機関区分": 5, "都道府県コード": 3, "市区町村コード": 215, "所在地": "岩手県奥州市水沢字搦手丁８番１５号", "緯度": 39.146618, "経度": 141.13742, "url": "https://www.iryou.teikyouseido.mhlw.go.jp/znk-web/juminkanja/S2430/initialize?prefCd=03&kikanCd=03500376&kikanKbn=nan", "url2": "https://www.nicho.co.jp/tenpo/mizusawa/", "内容": "日本調剤水沢薬局0岩手県奥州市水沢字搦手丁８番１５号" }, "geometry": { "type": "Point", "coordinates": [ 141.13742, 39.146618 ] } },
{ "type": "Feature", "properties": { "ID": 3503500381, "正式名称": "ふれあい薬局", "機関区分": 5, "都道府県コード": 3, "市区町村コード": 215, "所在地": "岩手県奥州市胆沢若柳字甘草３２４番地", "緯度": 39.097523, "経度": 140.83022, "url": "https://www.iryou.teikyouseido.mhlw.go.jp/znk-web/juminkanja/S2430/initialize?prefCd=03&kikanCd=03500381&kikanKbn=nan", "url2": "http://fureai.oshushi.com/", "内容": "ふれあい薬局0岩手県奥州市胆沢若柳字甘草３２４番地" }, "geometry": { "type": "Point", "coordinates": [ 140.83022, 39.097523 ] } },
{ "type": "Feature", "properties": { "ID": 3503500382, "正式名称": "調剤薬局桜屋敷ファーマシー", "機関区分": 5, "都道府県コード": 3, "市区町村コード": 215, "所在地": "岩手県奥州市水沢桜屋敷２４９番地３", "緯度": 39.12422, "経度": 141.129011, "url": "https://www.iryou.teikyouseido.mhlw.go.jp/znk-web/juminkanja/S2430/initialize?prefCd=03&kikanCd=03500382&kikanKbn=nan", "url2": null, "内容": "調剤薬局桜屋敷ファーマシー0岩手県奥州市水沢桜屋敷２４９番地３" }, "geometry": { "type": "Point", "coordinates": [ 141.129011, 39.12422 ] } },
{ "type": "Feature", "properties": { "ID": 3503500383, "正式名称": "有限会社サンライズ薬局", "機関区分": 5, "都道府県コード": 3, "市区町村コード": 215, "所在地": "岩手県奥州市水沢台町１－４５", "緯度": 39.132915, "経度": 141.154506, "url": "https://www.iryou.teikyouseido.mhlw.go.jp/znk-web/juminkanja/S2430/initialize?prefCd=03&kikanCd=03500383&kikanKbn=nan", "url2": null, "内容": "有限会社サンライズ薬局0岩手県奥州市水沢台町１－４５" }, "geometry": { "type": "Point", "coordinates": [ 141.154506, 39.132915 ] } },
{ "type": "Feature", "properties": { "ID": 3503500384, "正式名称": "りんどう薬局", "機関区分": 5, "都道府県コード": 3, "市区町村コード": 215, "所在地": "岩手県奥州市水沢搦手丁", "緯度": 39.146618, "経度": 141.13742, "url": "https://www.iryou.teikyouseido.mhlw.go.jp/znk-web/juminkanja/S2430/initialize?prefCd=03&kikanCd=03500384&kikanKbn=nan", "url2": null, "内容": "りんどう薬局0岩手県奥州市水沢搦手丁" }, "geometry": { "type": "Point", "coordinates": [ 141.13742, 39.146618 ] } },
{ "type": "Feature", "properties": { "ID": 3503500385, "正式名称": "みどり薬局寺小路店", "機関区分": 5, "都道府県コード": 3, "市区町村コード": 215, "所在地": "岩手県奥州市水沢寺小路２６番地１", "緯度": 39.141502, "経度": 141.145214, "url": "https://www.iryou.teikyouseido.mhlw.go.jp/znk-web/juminkanja/S2430/initialize?prefCd=03&kikanCd=03500385&kikanKbn=nan", "url2": "http://midori-pharm.com/", "内容": "みどり薬局寺小路店0岩手県奥州市水沢寺小路２６番地１" }, "geometry": { "type": "Point", "coordinates": [ 141.145214, 39.141502 ] } },
{ "type": "Feature", "properties": { "ID": 3503500387, "正式名称": "おやま薬局", "機関区分": 5, "都道府県コード": 3, "市区町村コード": 215, "所在地": "岩手県奥州市胆沢小山字道場３６番地２", "緯度": 39.091034, "経度": 141.0547, "url": "https://www.iryou.teikyouseido.mhlw.go.jp/znk-web/juminkanja/S2430/initialize?prefCd=03&kikanCd=03500387&kikanKbn=nan", "url2": null, "内容": "おやま薬局0岩手県奥州市胆沢小山字道場３６番地２" }, "geometry": { "type": "Point", "coordinates": [ 141.0547, 39.091034 ] } },
{ "type": "Feature", "properties": { "ID": 3503500388, "正式名称": "仁衛堂薬局　アステイ店", "機関区分": 5, "都道府県コード": 3, "市区町村コード": 215, "所在地": "岩手県奥州市前沢向田１丁目１６番２", "緯度": 39.047699, "経度": 141.129139, "url": "https://www.iryou.teikyouseido.mhlw.go.jp/znk-web/juminkanja/S2430/initialize?prefCd=03&kikanCd=03500388&kikanKbn=nan", "url2": "e-classa.net/niedo-asthy/index.html", "内容": "仁衛堂薬局　アステイ店0岩手県奥州市前沢向田１丁目１６番２" }, "geometry": { "type": "Point", "coordinates": [ 141.129139, 39.047699 ] } },
{ "type": "Feature", "properties": { "ID": 3503500390, "正式名称": "すみれ薬局マイアネ店", "機関区分": 5, "都道府県コード": 3, "市区町村コード": 215, "所在地": "岩手県奥州市水沢上姉体六丁目６番地１", "緯度": 39.117702, "経度": 141.160495, "url": "https://www.iryou.teikyouseido.mhlw.go.jp/znk-web/juminkanja/S2430/initialize?prefCd=03&kikanCd=03500390&kikanKbn=nan", "url2": "https://pos-kikaku.com", "内容": "すみれ薬局マイアネ店0岩手県奥州市水沢上姉体六丁目６番地１" }, "geometry": { "type": "Point", "coordinates": [ 141.160495, 39.117702 ] } },
{ "type": "Feature", "properties": { "ID": 3503500391, "正式名称": "りんご薬局", "機関区分": 5, "都道府県コード": 3, "市区町村コード": 215, "所在地": "岩手県奥州市江刺八日町一丁目１番３４号", "緯度": 39.186586, "経度": 141.175665, "url": "https://www.iryou.teikyouseido.mhlw.go.jp/znk-web/juminkanja/S2430/initialize?prefCd=03&kikanCd=03500391&kikanKbn=nan", "url2": "http://www.lively-pharma.jp/", "内容": "りんご薬局0岩手県奥州市江刺八日町一丁目１番３４号" }, "geometry": { "type": "Point", "coordinates": [ 141.175665, 39.186586 ] } },
{ "type": "Feature", "properties": { "ID": 3503500392, "正式名称": "ふたば薬局", "機関区分": 5, "都道府県コード": 3, "市区町村コード": 381, "所在地": "岩手県胆沢郡金ケ崎町西根下谷地９２番地１", "緯度": 39.201661, "経度": 141.103913, "url": "https://www.iryou.teikyouseido.mhlw.go.jp/znk-web/juminkanja/S2430/initialize?prefCd=03&kikanCd=03500392&kikanKbn=nan", "url2": null, "内容": "ふたば薬局0岩手県胆沢郡金ケ崎町西根下谷地９２番地１" }, "geometry": { "type": "Point", "coordinates": [ 141.103913, 39.201661 ] } },
{ "type": "Feature", "properties": { "ID": 3503500393, "正式名称": "むつみ薬局", "機関区分": 5, "都道府県コード": 3, "市区町村コード": 215, "所在地": "岩手県奥州市水沢南町４－２１", "緯度": 39.136337, "経度": 141.144173, "url": "https://www.iryou.teikyouseido.mhlw.go.jp/znk-web/juminkanja/S2430/initialize?prefCd=03&kikanCd=03500393&kikanKbn=nan", "url2": "https://mutsumi.oshushi.com/", "内容": "むつみ薬局0岩手県奥州市水沢南町４－２１" }, "geometry": { "type": "Point", "coordinates": [ 141.144173, 39.136337 ] } },
{ "type": "Feature", "properties": { "ID": 3503500395, "正式名称": "（株）大正堂薬局", "機関区分": 5, "都道府県コード": 3, "市区町村コード": 209, "所在地": "岩手県一関市大町１－２６", "緯度": 38.927925, "経度": 141.136243, "url": "https://www.iryou.teikyouseido.mhlw.go.jp/znk-web/juminkanja/S2430/initialize?prefCd=03&kikanCd=03500395&kikanKbn=nan", "url2": null, "内容": "（株）大正堂薬局0岩手県一関市大町１－２６" }, "geometry": { "type": "Point", "coordinates": [ 141.136243, 38.927925 ] } },
{ "type": "Feature", "properties": { "ID": 3503500404, "正式名称": "みちのく調剤薬局", "機関区分": 5, "都道府県コード": 3, "市区町村コード": 209, "所在地": "岩手県一関市大手町３番２６号", "緯度": 38.930165, "経度": 141.134128, "url": "https://www.iryou.teikyouseido.mhlw.go.jp/znk-web/juminkanja/S2430/initialize?prefCd=03&kikanCd=03500404&kikanKbn=nan", "url2": "http://www.machida2.co.jp/sakae/michinoku.html", "内容": "みちのく調剤薬局0岩手県一関市大手町３番２６号" }, "geometry": { "type": "Point", "coordinates": [ 141.134128, 38.930165 ] } },
{ "type": "Feature", "properties": { "ID": 3503500405, "正式名称": "中央薬局", "機関区分": 5, "都道府県コード": 3, "市区町村コード": 209, "所在地": "岩手県一関市中央町１－１０－２２", "緯度": 38.934898, "経度": 141.129497, "url": "https://www.iryou.teikyouseido.mhlw.go.jp/znk-web/juminkanja/S2430/initialize?prefCd=03&kikanCd=03500405&kikanKbn=nan", "url2": null, "内容": "中央薬局0岩手県一関市中央町１－１０－２２" }, "geometry": { "type": "Point", "coordinates": [ 141.129497, 38.934898 ] } },
{ "type": "Feature", "properties": { "ID": 3503500406, "正式名称": "あすか薬局", "機関区分": 5, "都道府県コード": 3, "市区町村コード": 402, "所在地": "岩手県西磐井郡平泉町平泉字志羅山７－１０", "緯度": 38.988371, "経度": 141.116035, "url": "https://www.iryou.teikyouseido.mhlw.go.jp/znk-web/juminkanja/S2430/initialize?prefCd=03&kikanCd=03500406&kikanKbn=nan", "url2": "http://www.komatsu-emc.com/", "内容": "あすか薬局0岩手県西磐井郡平泉町平泉字志羅山７－１０" }, "geometry": { "type": "Point", "coordinates": [ 141.116035, 38.988371 ] } },
{ "type": "Feature", "properties": { "ID": 3503500408, "正式名称": "銅谷調剤薬局", "機関区分": 5, "都道府県コード": 3, "市区町村コード": 209, "所在地": "岩手県一関市銅谷町９－２４", "緯度": 38.932267, "経度": 141.124412, "url": "https://www.iryou.teikyouseido.mhlw.go.jp/znk-web/juminkanja/S2430/initialize?prefCd=03&kikanCd=03500408&kikanKbn=nan", "url2": "https://meron-net.shop/ds/douya", "内容": "銅谷調剤薬局0岩手県一関市銅谷町９－２４" }, "geometry": { "type": "Point", "coordinates": [ 141.124412, 38.932267 ] } },
{ "type": "Feature", "properties": { "ID": 3503500409, "正式名称": "大手町薬局", "機関区分": 5, "都道府県コード": 3, "市区町村コード": 209, "所在地": "岩手県一関市大手町７ー２", "緯度": 38.930092, "経度": 141.135281, "url": "https://www.iryou.teikyouseido.mhlw.go.jp/znk-web/juminkanja/S2430/initialize?prefCd=03&kikanCd=03500409&kikanKbn=nan", "url2": null, "内容": "大手町薬局0岩手県一関市大手町７ー２" }, "geometry": { "type": "Point", "coordinates": [ 141.135281, 38.930092 ] } },
{ "type": "Feature", "properties": { "ID": 3503500411, "正式名称": "中里薬局", "機関区分": 5, "都道府県コード": 3, "市区町村コード": 209, "所在地": "岩手県一関市山目町１丁目６－２６", "緯度": 38.943455, "経度": 141.129384, "url": "https://www.iryou.teikyouseido.mhlw.go.jp/znk-web/juminkanja/S2430/initialize?prefCd=03&kikanCd=03500411&kikanKbn=nan", "url2": "http://www.294ph.com/", "内容": "中里薬局0岩手県一関市山目町１丁目６－２６" }, "geometry": { "type": "Point", "coordinates": [ 141.129384, 38.943455 ] } },
{ "type": "Feature", "properties": { "ID": 3503500412, "正式名称": "かたくり薬局", "機関区分": 5, "都道府県コード": 3, "市区町村コード": 209, "所在地": "岩手県一関市上坊６－３６", "緯度": 38.941848, "経度": 141.133906, "url": "https://www.iryou.teikyouseido.mhlw.go.jp/znk-web/juminkanja/S2430/initialize?prefCd=03&kikanCd=03500412&kikanKbn=nan", "url2": "https://hakutakukai.jp/", "内容": "かたくり薬局0岩手県一関市上坊６－３６" }, "geometry": { "type": "Point", "coordinates": [ 141.133906, 38.941848 ] } },
{ "type": "Feature", "properties": { "ID": 3503500413, "正式名称": "アロエ薬局", "機関区分": 5, "都道府県コード": 3, "市区町村コード": 209, "所在地": "岩手県一関市新大町４４", "緯度": 38.924487, "経度": 141.135077, "url": "https://www.iryou.teikyouseido.mhlw.go.jp/znk-web/juminkanja/S2430/initialize?prefCd=03&kikanCd=03500413&kikanKbn=nan", "url2": "https://hakutakukai.jp", "内容": "アロエ薬局0岩手県一関市新大町４４" }, "geometry": { "type": "Point", "coordinates": [ 141.135077, 38.924487 ] } },
{ "type": "Feature", "properties": { "ID": 3503500414, "正式名称": "小野調剤薬局中野店", "機関区分": 5, "都道府県コード": 3, "市区町村コード": 209, "所在地": "岩手県一関市山目字中野２４－１－１０１", "緯度": 38.935486, "経度": 141.115528, "url": "https://www.iryou.teikyouseido.mhlw.go.jp/znk-web/juminkanja/S2430/initialize?prefCd=03&kikanCd=03500414&kikanKbn=nan", "url2": null, "内容": "小野調剤薬局中野店0岩手県一関市山目字中野２４－１－１０１" }, "geometry": { "type": "Point", "coordinates": [ 141.115528, 38.935486 ] } },
{ "type": "Feature", "properties": { "ID": 3503500416, "正式名称": "有限会社昆野調剤薬局", "機関区分": 5, "都道府県コード": 3, "市区町村コード": 209, "所在地": "岩手県一関市山目字才天２２２ー４", "緯度": 38.931553, "経度": 141.116904, "url": "https://www.iryou.teikyouseido.mhlw.go.jp/znk-web/juminkanja/S2430/initialize?prefCd=03&kikanCd=03500416&kikanKbn=nan", "url2": null, "内容": "有限会社昆野調剤薬局0岩手県一関市山目字才天２２２ー４" }, "geometry": { "type": "Point", "coordinates": [ 141.116904, 38.931553 ] } },
{ "type": "Feature", "properties": { "ID": 3503500417, "正式名称": "錦袋堂一の町薬局", "機関区分": 5, "都道府県コード": 3, "市区町村コード": 209, "所在地": "岩手県一関市花泉町涌津字一ノ町２３－１", "緯度": 38.8321519, "経度": 141.1841236, "url": "https://www.iryou.teikyouseido.mhlw.go.jp/znk-web/juminkanja/S2430/initialize?prefCd=03&kikanCd=03500417&kikanKbn=nan", "url2": null, "内容": "錦袋堂一の町薬局0岩手県一関市花泉町涌津字一ノ町２３－１" }, "geometry": { "type": "Point", "coordinates": [ 141.1841236, 38.8321519 ] } },
{ "type": "Feature", "properties": { "ID": 3503500418, "正式名称": "青葉の杜薬局　一関店", "機関区分": 5, "都道府県コード": 3, "市区町村コード": 209, "所在地": "岩手県一関市石畑６－３１", "緯度": 38.938039, "経度": 141.13388, "url": "https://www.iryou.teikyouseido.mhlw.go.jp/znk-web/juminkanja/S2430/initialize?prefCd=03&kikanCd=03500418&kikanKbn=nan", "url2": "http://www.pharmacation.jp", "内容": "青葉の杜薬局　一関店0岩手県一関市石畑６－３１" }, "geometry": { "type": "Point", "coordinates": [ 141.13388, 38.938039 ] } },
{ "type": "Feature", "properties": { "ID": 3503500419, "正式名称": "いちご薬局", "機関区分": 5, "都道府県コード": 3, "市区町村コード": 209, "所在地": "岩手県一関市青葉１丁目６－４－１０１", "緯度": 38.929191, "経度": 141.126528, "url": "https://www.iryou.teikyouseido.mhlw.go.jp/znk-web/juminkanja/S2430/initialize?prefCd=03&kikanCd=03500419&kikanKbn=nan", "url2": null, "内容": "いちご薬局0岩手県一関市青葉１丁目６－４－１０１" }, "geometry": { "type": "Point", "coordinates": [ 141.126528, 38.929191 ] } },
{ "type": "Feature", "properties": { "ID": 3503500421, "正式名称": "薬王堂薬局山目店", "機関区分": 5, "都道府県コード": 3, "市区町村コード": 209, "所在地": "岩手県一関市山目字中野５２－１", "緯度": 38.934737, "経度": 141.115447, "url": "https://www.iryou.teikyouseido.mhlw.go.jp/znk-web/juminkanja/S2430/initialize?prefCd=03&kikanCd=03500421&kikanKbn=nan", "url2": "http://ns.yakuodo.co.jp/index2.html", "内容": "薬王堂薬局山目店0岩手県一関市山目字中野５２－１" }, "geometry": { "type": "Point", "coordinates": [ 141.115447, 38.934737 ] } },
{ "type": "Feature", "properties": { "ID": 3503500422, "正式名称": "一関駅前薬局", "機関区分": 5, "都道府県コード": 3, "市区町村コード": 209, "所在地": "岩手県一関市駅前１４ー２", "緯度": 38.924894, "経度": 141.136319, "url": "https://www.iryou.teikyouseido.mhlw.go.jp/znk-web/juminkanja/S2430/initialize?prefCd=03&kikanCd=03500422&kikanKbn=nan", "url2": null, "内容": "一関駅前薬局0岩手県一関市駅前１４ー２" }, "geometry": { "type": "Point", "coordinates": [ 141.136319, 38.924894 ] } },
{ "type": "Feature", "properties": { "ID": 3503500423, "正式名称": "あさひ調剤薬局", "機関区分": 5, "都道府県コード": 3, "市区町村コード": 209, "所在地": "岩手県一関市花泉町涌津字上原２９ー２", "緯度": 38.832464, "経度": 141.18296, "url": "https://www.iryou.teikyouseido.mhlw.go.jp/znk-web/juminkanja/S2430/initialize?prefCd=03&kikanCd=03500423&kikanKbn=nan", "url2": null, "内容": "あさひ調剤薬局0岩手県一関市花泉町涌津字上原２９ー２" }, "geometry": { "type": "Point", "coordinates": [ 141.18296, 38.832464 ] } },
{ "type": "Feature", "properties": { "ID": 3503500424, "正式名称": "ヒカリ調剤薬局大平", "機関区分": 5, "都道府県コード": 3, "市区町村コード": 209, "所在地": "岩手県一関市滝沢字宮田１２４ー１", "緯度": 38.931794, "経度": 141.16826, "url": "https://www.iryou.teikyouseido.mhlw.go.jp/znk-web/juminkanja/S2430/initialize?prefCd=03&kikanCd=03500424&kikanKbn=nan", "url2": null, "内容": "ヒカリ調剤薬局大平0岩手県一関市滝沢字宮田１２４ー１" }, "geometry": { "type": "Point", "coordinates": [ 141.16826, 38.931794 ] } },
{ "type": "Feature", "properties": { "ID": 3503500425, "正式名称": "日本調剤一関薬局", "機関区分": 5, "都道府県コード": 3, "市区町村コード": 209, "所在地": "岩手県一関市狐禅寺字大平３３ー１", "緯度": 38.935959, "経度": 141.171644, "url": "https://www.iryou.teikyouseido.mhlw.go.jp/znk-web/juminkanja/S2430/initialize?prefCd=03&kikanCd=03500425&kikanKbn=nan", "url2": "https://www.nicho.co.jp/tenpo/itinoseki/", "内容": "日本調剤一関薬局0岩手県一関市狐禅寺字大平３３ー１" }, "geometry": { "type": "Point", "coordinates": [ 141.171644, 38.935959 ] } },
{ "type": "Feature", "properties": { "ID": 3503500426, "正式名称": "やまぶき薬局", "機関区分": 5, "都道府県コード": 3, "市区町村コード": 209, "所在地": "岩手県一関市狐禅寺字大平１２５－１３", "緯度": 38.933231, "経度": 141.169722, "url": "https://www.iryou.teikyouseido.mhlw.go.jp/znk-web/juminkanja/S2430/initialize?prefCd=03&kikanCd=03500426&kikanKbn=nan", "url2": "https://hakutakukai.jp/", "内容": "やまぶき薬局0岩手県一関市狐禅寺字大平１２５－１３" }, "geometry": { "type": "Point", "coordinates": [ 141.169722, 38.933231 ] } },
{ "type": "Feature", "properties": { "ID": 3503500427, "正式名称": "一関ドライブスルー薬局", "機関区分": 5, "都道府県コード": 3, "市区町村コード": 209, "所在地": "岩手県一関市狐禅寺字大平１２３ー２", "緯度": 38.933158, "経度": 141.1695, "url": "https://www.iryou.teikyouseido.mhlw.go.jp/znk-web/juminkanja/S2430/initialize?prefCd=03&kikanCd=03500427&kikanKbn=nan", "url2": "http://www.shpe.co.jp/", "内容": "一関ドライブスルー薬局0岩手県一関市狐禅寺字大平１２３ー２" }, "geometry": { "type": "Point", "coordinates": [ 141.1695, 38.933158 ] } },
{ "type": "Feature", "properties": { "ID": 3503500428, "正式名称": "くるみ薬局", "機関区分": 5, "都道府県コード": 3, "市区町村コード": 209, "所在地": "岩手県一関市千厩町千厩字前田９９－４", "緯度": 38.918874, "経度": 141.337426, "url": "https://www.iryou.teikyouseido.mhlw.go.jp/znk-web/juminkanja/S2430/initialize?prefCd=03&kikanCd=03500428&kikanKbn=nan", "url2": null, "内容": "くるみ薬局0岩手県一関市千厩町千厩字前田９９－４" }, "geometry": { "type": "Point", "coordinates": [ 141.337426, 38.918874 ] } },
{ "type": "Feature", "properties": { "ID": 3503500429, "正式名称": "そうごう薬局大原店", "機関区分": 5, "都道府県コード": 3, "市区町村コード": 209, "所在地": "岩手県一関市大東町大原字立町１１３", "緯度": 39.015997, "経度": 141.395969, "url": "https://www.iryou.teikyouseido.mhlw.go.jp/znk-web/juminkanja/S2430/initialize?prefCd=03&kikanCd=03500429&kikanKbn=nan", "url2": "https://shop.sogo-pharmacy.jp/detail/5/", "内容": "そうごう薬局大原店0岩手県一関市大東町大原字立町１１３" }, "geometry": { "type": "Point", "coordinates": [ 141.395969, 39.015997 ] } },
{ "type": "Feature", "properties": { "ID": 3503500432, "正式名称": "（株）白石薬店", "機関区分": 5, "都道府県コード": 3, "市区町村コード": 209, "所在地": "岩手県一関市千厩町千厩字町３７", "緯度": 38.918798, "経度": 141.333609, "url": "https://www.iryou.teikyouseido.mhlw.go.jp/znk-web/juminkanja/S2430/initialize?prefCd=03&kikanCd=03500432&kikanKbn=nan", "url2": null, "内容": "（株）白石薬店0岩手県一関市千厩町千厩字町３７" }, "geometry": { "type": "Point", "coordinates": [ 141.333609, 38.918798 ] } },
{ "type": "Feature", "properties": { "ID": 3503500438, "正式名称": "（有）佐庄薬局", "機関区分": 5, "都道府県コード": 3, "市区町村コード": 209, "所在地": "岩手県一関市藤沢町藤沢字町３３", "緯度": 38.861711, "経度": 141.348185, "url": "https://www.iryou.teikyouseido.mhlw.go.jp/znk-web/juminkanja/S2430/initialize?prefCd=03&kikanCd=03500438&kikanKbn=nan", "url2": null, "内容": "（有）佐庄薬局0岩手県一関市藤沢町藤沢字町３３" }, "geometry": { "type": "Point", "coordinates": [ 141.348185, 38.861711 ] } },
{ "type": "Feature", "properties": { "ID": 3503500439, "正式名称": "ちば薬局", "機関区分": 5, "都道府県コード": 3, "市区町村コード": 209, "所在地": "岩手県一関市千厩町千厩字摩王１１ー７", "緯度": 38.915591, "経度": 141.333122, "url": "https://www.iryou.teikyouseido.mhlw.go.jp/znk-web/juminkanja/S2430/initialize?prefCd=03&kikanCd=03500439&kikanKbn=nan", "url2": null, "内容": "ちば薬局0岩手県一関市千厩町千厩字摩王１１ー７" }, "geometry": { "type": "Point", "coordinates": [ 141.333122, 38.915591 ] } },
{ "type": "Feature", "properties": { "ID": 3503500440, "正式名称": "合資会社丸久薬局", "機関区分": 5, "都道府県コード": 3, "市区町村コード": 209, "所在地": "岩手県一関市藤沢町藤沢字町字町１０８", "緯度": 38.836844, "経度": 141.349961, "url": "https://www.iryou.teikyouseido.mhlw.go.jp/znk-web/juminkanja/S2430/initialize?prefCd=03&kikanCd=03500440&kikanKbn=nan", "url2": null, "内容": "合資会社丸久薬局0岩手県一関市藤沢町藤沢字町字町１０８" }, "geometry": { "type": "Point", "coordinates": [ 141.349961, 38.836844 ] } },
{ "type": "Feature", "properties": { "ID": 3503500441, "正式名称": "萩の森調剤薬局", "機関区分": 5, "都道府県コード": 3, "市区町村コード": 209, "所在地": "岩手県一関市千厩町千厩字上駒場１－１０", "緯度": 38.924486, "経度": 141.344225, "url": "https://www.iryou.teikyouseido.mhlw.go.jp/znk-web/juminkanja/S2430/initialize?prefCd=03&kikanCd=03500441&kikanKbn=nan", "url2": "http://www.mediluck.com", "内容": "萩の森調剤薬局0岩手県一関市千厩町千厩字上駒場１－１０" }, "geometry": { "type": "Point", "coordinates": [ 141.344225, 38.924486 ] } },
{ "type": "Feature", "properties": { "ID": 3503500442, "正式名称": "千厩調剤薬局", "機関区分": 5, "都道府県コード": 3, "市区町村コード": 209, "所在地": "岩手県一関市千厩町千厩字草井沢４３－１", "緯度": 38.927971, "経度": 141.344877, "url": "https://www.iryou.teikyouseido.mhlw.go.jp/znk-web/juminkanja/S2430/initialize?prefCd=03&kikanCd=03500442&kikanKbn=nan", "url2": "https://ship-ph.co.jp/", "内容": "千厩調剤薬局0岩手県一関市千厩町千厩字草井沢４３－１" }, "geometry": { "type": "Point", "coordinates": [ 141.344877, 38.927971 ] } },
{ "type": "Feature", "properties": { "ID": 3503500443, "正式名称": "とまと薬局", "機関区分": 5, "都道府県コード": 3, "市区町村コード": 209, "所在地": "岩手県一関市千厩町千厩字構井田４８－１", "緯度": 38.923531, "経度": 141.341337, "url": "https://www.iryou.teikyouseido.mhlw.go.jp/znk-web/juminkanja/S2430/initialize?prefCd=03&kikanCd=03500443&kikanKbn=nan", "url2": null, "内容": "とまと薬局0岩手県一関市千厩町千厩字構井田４８－１" }, "geometry": { "type": "Point", "coordinates": [ 141.341337, 38.923531 ] } },
{ "type": "Feature", "properties": { "ID": 3503500444, "正式名称": "かりん薬局", "機関区分": 5, "都道府県コード": 3, "市区町村コード": 209, "所在地": "岩手県一関市字西沢３７ー３", "緯度": 38.921695, "経度": 141.138835, "url": "https://www.iryou.teikyouseido.mhlw.go.jp/znk-web/juminkanja/S2430/initialize?prefCd=03&kikanCd=03500444&kikanKbn=nan", "url2": "http://www.s-hakutakukai.jp", "内容": "かりん薬局0岩手県一関市字西沢３７ー３" }, "geometry": { "type": "Point", "coordinates": [ 141.138835, 38.921695 ] } },
{ "type": "Feature", "properties": { "ID": 3503500445, "正式名称": "はないずみ調剤薬局", "機関区分": 5, "都道府県コード": 3, "市区町村コード": 209, "所在地": "岩手県一関市花泉町涌津字二ノ町１０－１番地", "緯度": 38.830358, "経度": 141.185377, "url": "https://www.iryou.teikyouseido.mhlw.go.jp/znk-web/juminkanja/S2430/initialize?prefCd=03&kikanCd=03500445&kikanKbn=nan", "url2": null, "内容": "はないずみ調剤薬局0岩手県一関市花泉町涌津字二ノ町１０－１番地" }, "geometry": { "type": "Point", "coordinates": [ 141.185377, 38.830358 ] } },
{ "type": "Feature", "properties": { "ID": 3503500446, "正式名称": "イオンスーパーセンター一関店薬局", "機関区分": 5, "都道府県コード": 3, "市区町村コード": 209, "所在地": "岩手県一関市狐禅寺石ノ瀬１１－１", "緯度": 38.939781, "経度": 141.153693, "url": "https://www.iryou.teikyouseido.mhlw.go.jp/znk-web/juminkanja/S2430/initialize?prefCd=03&kikanCd=03500446&kikanKbn=nan", "url2": "https://aeontohoku.co.jp/pages/pharmacy", "内容": "イオンスーパーセンター一関店薬局0岩手県一関市狐禅寺石ノ瀬１１－１" }, "geometry": { "type": "Point", "coordinates": [ 141.153693, 38.939781 ] } },
{ "type": "Feature", "properties": { "ID": 3503500447, "正式名称": "つくし薬局川崎店", "機関区分": 5, "都道府県コード": 3, "市区町村コード": 209, "所在地": "岩手県一関市川崎町薄衣字久伝１７番地１", "緯度": 38.899038, "経度": 141.274971, "url": "https://www.iryou.teikyouseido.mhlw.go.jp/znk-web/juminkanja/S2430/initialize?prefCd=03&kikanCd=03500447&kikanKbn=nan", "url2": "http://www.294ph.com", "内容": "つくし薬局川崎店0岩手県一関市川崎町薄衣字久伝１７番地１" }, "geometry": { "type": "Point", "coordinates": [ 141.274971, 38.899038 ] } },
{ "type": "Feature", "properties": { "ID": 3503500448, "正式名称": "イオン薬局一関店", "機関区分": 5, "都道府県コード": 3, "市区町村コード": 209, "所在地": "岩手県一関市山目字泥田８９番地１号", "緯度": 38.936796, "経度": 141.112809, "url": "https://www.iryou.teikyouseido.mhlw.go.jp/znk-web/juminkanja/S2430/initialize?prefCd=03&kikanCd=03500448&kikanKbn=nan", "url2": "https://ns.aeontohoku.net/netsuper/help/medicine.aspx", "内容": "イオン薬局一関店0岩手県一関市山目字泥田８９番地１号" }, "geometry": { "type": "Point", "coordinates": [ 141.112809, 38.936796 ] } },
{ "type": "Feature", "properties": { "ID": 3503500449, "正式名称": "かめちゃん調剤薬局一関店", "機関区分": 5, "都道府県コード": 3, "市区町村コード": 209, "所在地": "岩手県一関市山目字中野６３－１", "緯度": 38.935025, "経度": 141.113514, "url": "https://www.iryou.teikyouseido.mhlw.go.jp/znk-web/juminkanja/S2430/initialize?prefCd=03&kikanCd=03500449&kikanKbn=nan", "url2": "https://sites.google.com/view/kamechan-chozai-ichinoseki/%E3%83%9B%E3%83%BC%E3%83%A0", "内容": "かめちゃん調剤薬局一関店0岩手県一関市山目字中野６３－１" }, "geometry": { "type": "Point", "coordinates": [ 141.113514, 38.935025 ] } },
{ "type": "Feature", "properties": { "ID": 3503500450, "正式名称": "れもん薬局", "機関区分": 5, "都道府県コード": 3, "市区町村コード": 209, "所在地": "岩手県一関市山目字中野５９ー１", "緯度": 38.935034, "経度": 141.114303, "url": "https://www.iryou.teikyouseido.mhlw.go.jp/znk-web/juminkanja/S2430/initialize?prefCd=03&kikanCd=03500450&kikanKbn=nan", "url2": "https://hakutakukai.jp/", "内容": "れもん薬局0岩手県一関市山目字中野５９ー１" }, "geometry": { "type": "Point", "coordinates": [ 141.114303, 38.935034 ] } },
{ "type": "Feature", "properties": { "ID": 3503500452, "正式名称": "加賀調剤薬局", "機関区分": 5, "都道府県コード": 3, "市区町村コード": 209, "所在地": "岩手県一関市田村町６番１０号", "緯度": 38.930215, "経度": 141.132598, "url": "https://www.iryou.teikyouseido.mhlw.go.jp/znk-web/juminkanja/S2430/initialize?prefCd=03&kikanCd=03500452&kikanKbn=nan", "url2": "http://www.e-classa.net/kagarx/", "内容": "加賀調剤薬局0岩手県一関市田村町６番１０号" }, "geometry": { "type": "Point", "coordinates": [ 141.132598, 38.930215 ] } },
{ "type": "Feature", "properties": { "ID": 3503500460, "正式名称": "気仙中央薬局", "機関区分": 5, "都道府県コード": 3, "市区町村コード": 203, "所在地": "岩手県大船渡市大船渡町字山馬越１８２－４", "緯度": 39.06018, "経度": 141.72069, "url": "https://www.iryou.teikyouseido.mhlw.go.jp/znk-web/juminkanja/S2430/initialize?prefCd=03&kikanCd=03500460&kikanKbn=nan", "url2": null, "内容": "気仙中央薬局0岩手県大船渡市大船渡町字山馬越１８２－４" }, "geometry": { "type": "Point", "coordinates": [ 141.72069, 39.06018 ] } },
{ "type": "Feature", "properties": { "ID": 3503500462, "正式名称": "千葉薬局サンリア店", "機関区分": 5, "都道府県コード": 3, "市区町村コード": 203, "所在地": "岩手県大船渡市盛町字町１０ー１１", "緯度": 39.087763, "経度": 141.709312, "url": "https://www.iryou.teikyouseido.mhlw.go.jp/znk-web/juminkanja/S2430/initialize?prefCd=03&kikanCd=03500462&kikanKbn=nan", "url2": null, "内容": "千葉薬局サンリア店0岩手県大船渡市盛町字町１０ー１１" }, "geometry": { "type": "Point", "coordinates": [ 141.709312, 39.087763 ] } },
{ "type": "Feature", "properties": { "ID": 3503500466, "正式名称": "小友調剤薬局", "機関区分": 5, "都道府県コード": 3, "市区町村コード": 210, "所在地": "岩手県陸前高田市小友町字西下５８番地３", "緯度": 39.002167, "経度": 141.688426, "url": "https://www.iryou.teikyouseido.mhlw.go.jp/znk-web/juminkanja/S2430/initialize?prefCd=03&kikanCd=03500466&kikanKbn=nan", "url2": null, "内容": "小友調剤薬局0岩手県陸前高田市小友町字西下５８番地３" }, "geometry": { "type": "Point", "coordinates": [ 141.688426, 39.002167 ] } },
{ "type": "Feature", "properties": { "ID": 3503500467, "正式名称": "コスモ薬局中央店", "機関区分": 5, "都道府県コード": 3, "市区町村コード": 203, "所在地": "岩手県大船渡市大船渡町字山馬越１７５ー４", "緯度": 39.073088, "経度": 141.708979, "url": "https://www.iryou.teikyouseido.mhlw.go.jp/znk-web/juminkanja/S2430/initialize?prefCd=03&kikanCd=03500467&kikanKbn=nan", "url2": null, "内容": "コスモ薬局中央店0岩手県大船渡市大船渡町字山馬越１７５ー４" }, "geometry": { "type": "Point", "coordinates": [ 141.708979, 39.073088 ] } },
{ "type": "Feature", "properties": { "ID": 3503500470, "正式名称": "つくし薬局大船渡店", "機関区分": 5, "都道府県コード": 3, "市区町村コード": 203, "所在地": "岩手県大船渡市盛町字舘下３ー６", "緯度": 39.084252, "経度": 141.70838, "url": "https://www.iryou.teikyouseido.mhlw.go.jp/znk-web/juminkanja/S2430/initialize?prefCd=03&kikanCd=03500470&kikanKbn=nan", "url2": null, "内容": "つくし薬局大船渡店0岩手県大船渡市盛町字舘下３ー６" }, "geometry": { "type": "Point", "coordinates": [ 141.70838, 39.084252 ] } },
{ "type": "Feature", "properties": { "ID": 3503500473, "正式名称": "アイン薬局大船渡店", "機関区分": 5, "都道府県コード": 3, "市区町村コード": 203, "所在地": "岩手県大船渡市大船渡町字山馬越１７５ー１", "緯度": 39.073441, "経度": 141.708869, "url": "https://www.iryou.teikyouseido.mhlw.go.jp/znk-web/juminkanja/S2430/initialize?prefCd=03&kikanCd=03500473&kikanKbn=nan", "url2": "http://www.ainj.co.jp/", "内容": "アイン薬局大船渡店0岩手県大船渡市大船渡町字山馬越１７５ー１" }, "geometry": { "type": "Point", "coordinates": [ 141.708869, 39.073441 ] } },
{ "type": "Feature", "properties": { "ID": 3503500475, "正式名称": "そうごう薬局住田店", "機関区分": 5, "都道府県コード": 3, "市区町村コード": 441, "所在地": "岩手県気仙郡住田町世田米字大崎２５ー４", "緯度": 39.137036, "経度": 141.580008, "url": "https://www.iryou.teikyouseido.mhlw.go.jp/znk-web/juminkanja/S2430/initialize?prefCd=03&kikanCd=03500475&kikanKbn=nan", "url2": "http://www.sogo-medical.co.jp", "内容": "そうごう薬局住田店0岩手県気仙郡住田町世田米字大崎２５ー４" }, "geometry": { "type": "Point", "coordinates": [ 141.580008, 39.137036 ] } },
{ "type": "Feature", "properties": { "ID": 3503500476, "正式名称": "りあす薬局", "機関区分": 5, "都道府県コード": 3, "市区町村コード": 203, "所在地": "岩手県大船渡市立根町字中野４０番６", "緯度": 39.106972, "経度": 141.71522, "url": "https://www.iryou.teikyouseido.mhlw.go.jp/znk-web/juminkanja/S2430/initialize?prefCd=03&kikanCd=03500476&kikanKbn=nan", "url2": "http://www.lively-pharma.jp/", "内容": "りあす薬局0岩手県大船渡市立根町字中野４０番６" }, "geometry": { "type": "Point", "coordinates": [ 141.71522, 39.106972 ] } },
{ "type": "Feature", "properties": { "ID": 3503500477, "正式名称": "つくし薬局細浦店", "機関区分": 5, "都道府県コード": 3, "市区町村コード": 203, "所在地": "岩手県大船渡市末崎町字平林７５番１", "緯度": 39.005595, "経度": 141.710265, "url": "https://www.iryou.teikyouseido.mhlw.go.jp/znk-web/juminkanja/S2430/initialize?prefCd=03&kikanCd=03500477&kikanKbn=nan", "url2": "http:www.294ph.com.", "内容": "つくし薬局細浦店0岩手県大船渡市末崎町字平林７５番１" }, "geometry": { "type": "Point", "coordinates": [ 141.710265, 39.005595 ] } },
{ "type": "Feature", "properties": { "ID": 3503500478, "正式名称": "よこさわ薬局", "機関区分": 5, "都道府県コード": 3, "市区町村コード": 203, "所在地": "岩手県大船渡市猪川町字中井沢７ー２", "緯度": 39.094696, "経度": 141.70407, "url": "https://www.iryou.teikyouseido.mhlw.go.jp/znk-web/juminkanja/S2430/initialize?prefCd=03&kikanCd=03500478&kikanKbn=nan", "url2": null, "内容": "よこさわ薬局0岩手県大船渡市猪川町字中井沢７ー２" }, "geometry": { "type": "Point", "coordinates": [ 141.70407, 39.094696 ] } },
{ "type": "Feature", "properties": { "ID": 3503500480, "正式名称": "どりーむ薬局", "機関区分": 5, "都道府県コード": 3, "市区町村コード": 203, "所在地": "岩手県大船渡市猪川町字中井沢７番７", "緯度": 39.091173, "経度": 141.713281, "url": "https://www.iryou.teikyouseido.mhlw.go.jp/znk-web/juminkanja/S2430/initialize?prefCd=03&kikanCd=03500480&kikanKbn=nan", "url2": "http://www.lively-pharma.jp/", "内容": "どりーむ薬局0岩手県大船渡市猪川町字中井沢７番７" }, "geometry": { "type": "Point", "coordinates": [ 141.713281, 39.091173 ] } },
{ "type": "Feature", "properties": { "ID": 3503500481, "正式名称": "つくし薬局　猪川店", "機関区分": 5, "都道府県コード": 3, "市区町村コード": 203, "所在地": "岩手県大船渡市猪川町中井沢１０－１０", "緯度": 39.090856, "経度": 141.712834, "url": "https://www.iryou.teikyouseido.mhlw.go.jp/znk-web/juminkanja/S2430/initialize?prefCd=03&kikanCd=03500481&kikanKbn=nan", "url2": "http://www.294ph.com/", "内容": "つくし薬局　猪川店0岩手県大船渡市猪川町中井沢１０－１０" }, "geometry": { "type": "Point", "coordinates": [ 141.712834, 39.090856 ] } },
{ "type": "Feature", "properties": { "ID": 3503500482, "正式名称": "マルヤ薬局", "機関区分": 5, "都道府県コード": 3, "市区町村コード": 203, "所在地": "岩手県大船渡市大船渡町字地ノ森４４ー３", "緯度": 39.07147, "経度": 141.715898, "url": "https://www.iryou.teikyouseido.mhlw.go.jp/znk-web/juminkanja/S2430/initialize?prefCd=03&kikanCd=03500482&kikanKbn=nan", "url2": null, "内容": "マルヤ薬局0岩手県大船渡市大船渡町字地ノ森４４ー３" }, "geometry": { "type": "Point", "coordinates": [ 141.715898, 39.07147 ] } },
{ "type": "Feature", "properties": { "ID": 3503500484, "正式名称": "みつき調剤薬局", "機関区分": 5, "都道府県コード": 3, "市区町村コード": 203, "所在地": "岩手県大船渡市盛町字東町５ー４", "緯度": 39.089527, "経度": 141.711286, "url": "https://www.iryou.teikyouseido.mhlw.go.jp/znk-web/juminkanja/S2430/initialize?prefCd=03&kikanCd=03500484&kikanKbn=nan", "url2": null, "内容": "みつき調剤薬局0岩手県大船渡市盛町字東町５ー４" }, "geometry": { "type": "Point", "coordinates": [ 141.711286, 39.089527 ] } },
{ "type": "Feature", "properties": { "ID": 3503500485, "正式名称": "ユタカ薬局", "機関区分": 5, "都道府県コード": 3, "市区町村コード": 203, "所在地": "岩手県大船渡市盛町字内ノ目１１ー２０", "緯度": 39.085636, "経度": 141.71014, "url": "https://www.iryou.teikyouseido.mhlw.go.jp/znk-web/juminkanja/S2430/initialize?prefCd=03&kikanCd=03500485&kikanKbn=nan", "url2": null, "内容": "ユタカ薬局0岩手県大船渡市盛町字内ノ目１１ー２０" }, "geometry": { "type": "Point", "coordinates": [ 141.71014, 39.085636 ] } },
{ "type": "Feature", "properties": { "ID": 3503500492, "正式名称": "はまゆり調剤薬局", "機関区分": 5, "都道府県コード": 3, "市区町村コード": 211, "所在地": "岩手県釜石市大渡町２－６－１７", "緯度": 39.273119, "経度": 141.8787809, "url": "https://www.iryou.teikyouseido.mhlw.go.jp/znk-web/juminkanja/S2430/initialize?prefCd=03&kikanCd=03500492&kikanKbn=nan", "url2": null, "内容": "はまゆり調剤薬局0岩手県釜石市大渡町２－６－１７" }, "geometry": { "type": "Point", "coordinates": [ 141.87878090000001, 39.273119 ] } },
{ "type": "Feature", "properties": { "ID": 3503500496, "正式名称": "ハロー薬局", "機関区分": 5, "都道府県コード": 3, "市区町村コード": 211, "所在地": "岩手県釜石市中妻町３ー６ー３", "緯度": 39.269013, "経度": 141.856256, "url": "https://www.iryou.teikyouseido.mhlw.go.jp/znk-web/juminkanja/S2430/initialize?prefCd=03&kikanCd=03500496&kikanKbn=nan", "url2": "https://nakata-pharmacy.com/", "内容": "ハロー薬局0岩手県釜石市中妻町３ー６ー３" }, "geometry": { "type": "Point", "coordinates": [ 141.856256, 39.269013 ] } },
{ "type": "Feature", "properties": { "ID": 3503500497, "正式名称": "有限会社菊屋薬局", "機関区分": 5, "都道府県コード": 3, "市区町村コード": 461, "所在地": "岩手県上閉伊郡大槌町小鎚２７地割３番地４", "緯度": 39.359561, "経度": 141.893127, "url": "https://www.iryou.teikyouseido.mhlw.go.jp/znk-web/juminkanja/S2430/initialize?prefCd=03&kikanCd=03500497&kikanKbn=nan", "url2": "https://www.web-clover.net/kikuya/", "内容": "有限会社菊屋薬局0岩手県上閉伊郡大槌町小鎚２７地割３番地４" }, "geometry": { "type": "Point", "coordinates": [ 141.893127, 39.359561 ] } },
{ "type": "Feature", "properties": { "ID": 3503500498, "正式名称": "中田薬局小佐野店", "機関区分": 5, "都道府県コード": 3, "市区町村コード": 211, "所在地": "岩手県釜石市小佐野町４ー２ー４５", "緯度": 39.262606, "経度": 141.836129, "url": "https://www.iryou.teikyouseido.mhlw.go.jp/znk-web/juminkanja/S2430/initialize?prefCd=03&kikanCd=03500498&kikanKbn=nan", "url2": "https://nakata-pharmacy.com/", "内容": "中田薬局小佐野店0岩手県釜石市小佐野町４ー２ー４５" }, "geometry": { "type": "Point", "coordinates": [ 141.836129, 39.262606 ] } },
{ "type": "Feature", "properties": { "ID": 3503500499, "正式名称": "中田薬局　上中島店", "機関区分": 5, "都道府県コード": 3, "市区町村コード": 211, "所在地": "岩手県釜石市上中島町３丁目２番１５号", "緯度": 39.2660438, "経度": 141.8515363, "url": "https://www.iryou.teikyouseido.mhlw.go.jp/znk-web/juminkanja/S2430/initialize?prefCd=03&kikanCd=03500499&kikanKbn=nan", "url2": "https://nakata-pharmacy.com/", "内容": "中田薬局　上中島店0岩手県釜石市上中島町３丁目２番１５号" }, "geometry": { "type": "Point", "coordinates": [ 141.8515363, 39.2660438 ] } },
{ "type": "Feature", "properties": { "ID": 3503500502, "正式名称": "中島薬局　小川店", "機関区分": 5, "都道府県コード": 3, "市区町村コード": 211, "所在地": "岩手県釜石市小川町１－２－３７９", "緯度": 39.2673259, "経度": 141.8397911, "url": "https://www.iryou.teikyouseido.mhlw.go.jp/znk-web/juminkanja/S2430/initialize?prefCd=03&kikanCd=03500502&kikanKbn=nan", "url2": null, "内容": "中島薬局　小川店0岩手県釜石市小川町１－２－３７９" }, "geometry": { "type": "Point", "coordinates": [ 141.839791100000014, 39.2673259 ] } },
{ "type": "Feature", "properties": { "ID": 3503500503, "正式名称": "きらら調剤薬局", "機関区分": 5, "都道府県コード": 3, "市区町村コード": 211, "所在地": "岩手県釜石市甲子町１０地割１５９番地８４", "緯度": 39.256075, "経度": 141.816932, "url": "https://www.iryou.teikyouseido.mhlw.go.jp/znk-web/juminkanja/S2430/initialize?prefCd=03&kikanCd=03500503&kikanKbn=nan", "url2": "http://www.ainj.co.jp", "内容": "きらら調剤薬局0岩手県釜石市甲子町１０地割１５９番地８４" }, "geometry": { "type": "Point", "coordinates": [ 141.816932, 39.256075 ] } },
{ "type": "Feature", "properties": { "ID": 3503500504, "正式名称": "まつくら調剤薬局", "機関区分": 5, "都道府県コード": 3, "市区町村コード": 211, "所在地": "岩手県釜石市甲子町１０－１５９－８４", "緯度": 39.2544874, "経度": 141.7987496, "url": "https://www.iryou.teikyouseido.mhlw.go.jp/znk-web/juminkanja/S2430/initialize?prefCd=03&kikanCd=03500504&kikanKbn=nan", "url2": null, "内容": "まつくら調剤薬局0岩手県釜石市甲子町１０－１５９－８４" }, "geometry": { "type": "Point", "coordinates": [ 141.7987496, 39.2544874 ] } },
{ "type": "Feature", "properties": { "ID": 3503500505, "正式名称": "中田薬局松倉店", "機関区分": 5, "都道府県コード": 3, "市区町村コード": 211, "所在地": "岩手県釜石市甲子町１０ー１５９ー２", "緯度": 39.256496, "経度": 141.81128, "url": "https://www.iryou.teikyouseido.mhlw.go.jp/znk-web/juminkanja/S2430/initialize?prefCd=03&kikanCd=03500505&kikanKbn=nan", "url2": "http://nakata-pharmacy.com/", "内容": "中田薬局松倉店0岩手県釜石市甲子町１０ー１５９ー２" }, "geometry": { "type": "Point", "coordinates": [ 141.81128, 39.256496 ] } },
{ "type": "Feature", "properties": { "ID": 3503500507, "正式名称": "おおぞら薬局", "機関区分": 5, "都道府県コード": 3, "市区町村コード": 211, "所在地": "岩手県釜石市大渡町２－６－１２", "緯度": 39.273174, "経度": 141.878682, "url": "https://www.iryou.teikyouseido.mhlw.go.jp/znk-web/juminkanja/S2430/initialize?prefCd=03&kikanCd=03500507&kikanKbn=nan", "url2": "https://294ph.com/", "内容": "おおぞら薬局0岩手県釜石市大渡町２－６－１２" }, "geometry": { "type": "Point", "coordinates": [ 141.878682, 39.273174 ] } },
{ "type": "Feature", "properties": { "ID": 3503500511, "正式名称": "有限会社ポプラ薬局", "機関区分": 5, "都道府県コード": 3, "市区町村コード": 202, "所在地": "岩手県宮古市和見町１－１５", "緯度": 39.643148, "経度": 141.946613, "url": "https://www.iryou.teikyouseido.mhlw.go.jp/znk-web/juminkanja/S2430/initialize?prefCd=03&kikanCd=03500511&kikanKbn=nan", "url2": null, "内容": "有限会社ポプラ薬局0岩手県宮古市和見町１－１５" }, "geometry": { "type": "Point", "coordinates": [ 141.946613, 39.643148 ] } },
{ "type": "Feature", "properties": { "ID": 3503500513, "正式名称": "船越薬局", "機関区分": 5, "都道府県コード": 3, "市区町村コード": 202, "所在地": "岩手県宮古市大通３丁目１番２４号", "緯度": 39.64047, "経度": 141.9501, "url": "https://www.iryou.teikyouseido.mhlw.go.jp/znk-web/juminkanja/S2430/initialize?prefCd=03&kikanCd=03500513&kikanKbn=nan", "url2": null, "内容": "船越薬局0岩手県宮古市大通３丁目１番２４号" }, "geometry": { "type": "Point", "coordinates": [ 141.9501, 39.64047 ] } },
{ "type": "Feature", "properties": { "ID": 3503500515, "正式名称": "健康堂薬局　駅前店", "機関区分": 5, "都道府県コード": 3, "市区町村コード": 202, "所在地": "岩手県宮古市栄町２－４", "緯度": 39.641212, "経度": 141.946677, "url": "https://www.iryou.teikyouseido.mhlw.go.jp/znk-web/juminkanja/S2430/initialize?prefCd=03&kikanCd=03500515&kikanKbn=nan", "url2": null, "内容": "健康堂薬局　駅前店0岩手県宮古市栄町２－４" }, "geometry": { "type": "Point", "coordinates": [ 141.946677, 39.641212 ] } },
{ "type": "Feature", "properties": { "ID": 3503500517, "正式名称": "佐藤薬局", "機関区分": 5, "都道府県コード": 3, "市区町村コード": 482, "所在地": "岩手県下閉伊郡山田町豊間根２－１０５－１", "緯度": 39.532785, "経度": 141.9275, "url": "https://www.iryou.teikyouseido.mhlw.go.jp/znk-web/juminkanja/S2430/initialize?prefCd=03&kikanCd=03500517&kikanKbn=nan", "url2": null, "内容": "佐藤薬局0岩手県下閉伊郡山田町豊間根２－１０５－１" }, "geometry": { "type": "Point", "coordinates": [ 141.9275, 39.532785 ] } },
{ "type": "Feature", "properties": { "ID": 3503500519, "正式名称": "つくし薬局磯鶏店", "機関区分": 5, "都道府県コード": 3, "市区町村コード": 202, "所在地": "岩手県宮古市磯鶏沖１５ー１１", "緯度": 39.627441, "経度": 141.960347, "url": "https://www.iryou.teikyouseido.mhlw.go.jp/znk-web/juminkanja/S2430/initialize?prefCd=03&kikanCd=03500519&kikanKbn=nan", "url2": "http://www.294ph.com/", "内容": "つくし薬局磯鶏店0岩手県宮古市磯鶏沖１５ー１１" }, "geometry": { "type": "Point", "coordinates": [ 141.960347, 39.627441 ] } },
{ "type": "Feature", "properties": { "ID": 3503500520, "正式名称": "有限会社かもめ薬局", "機関区分": 5, "都道府県コード": 3, "市区町村コード": 202, "所在地": "岩手県宮古市和見町８－２７", "緯度": 39.644865, "経度": 141.946155, "url": "https://www.iryou.teikyouseido.mhlw.go.jp/znk-web/juminkanja/S2430/initialize?prefCd=03&kikanCd=03500520&kikanKbn=nan", "url2": null, "内容": "有限会社かもめ薬局0岩手県宮古市和見町８－２７" }, "geometry": { "type": "Point", "coordinates": [ 141.946155, 39.644865 ] } },
{ "type": "Feature", "properties": { "ID": 3503500521, "正式名称": "みなとや調剤薬局", "機関区分": 5, "都道府県コード": 3, "市区町村コード": 202, "所在地": "岩手県宮古市大通１－５－３", "緯度": 39.642069, "経度": 141.951711, "url": "https://www.iryou.teikyouseido.mhlw.go.jp/znk-web/juminkanja/S2430/initialize?prefCd=03&kikanCd=03500521&kikanKbn=nan", "url2": "http://www.minatoya-p.com/", "内容": "みなとや調剤薬局0岩手県宮古市大通１－５－３" }, "geometry": { "type": "Point", "coordinates": [ 141.951711, 39.642069 ] } },
{ "type": "Feature", "properties": { "ID": 3503500523, "正式名称": "健康堂薬局　小山田店", "機関区分": 5, "都道府県コード": 3, "市区町村コード": 202, "所在地": "岩手県宮古市小山田２丁目７ー７０", "緯度": 39.633471, "経度": 141.94051, "url": "https://www.iryou.teikyouseido.mhlw.go.jp/znk-web/juminkanja/S2430/initialize?prefCd=03&kikanCd=03500523&kikanKbn=nan", "url2": null, "内容": "健康堂薬局　小山田店0岩手県宮古市小山田２丁目７ー７０" }, "geometry": { "type": "Point", "coordinates": [ 141.94051, 39.633471 ] } },
{ "type": "Feature", "properties": { "ID": 3503500527, "正式名称": "あさひ調剤薬局", "機関区分": 5, "都道府県コード": 3, "市区町村コード": 202, "所在地": "岩手県宮古市大通４ー５ー１", "緯度": 39.64065, "経度": 141.947285, "url": "https://www.iryou.teikyouseido.mhlw.go.jp/znk-web/juminkanja/S2430/initialize?prefCd=03&kikanCd=03500527&kikanKbn=nan", "url2": "https://www.minatoya-p.com/", "内容": "あさひ調剤薬局0岩手県宮古市大通４ー５ー１" }, "geometry": { "type": "Point", "coordinates": [ 141.947285, 39.64065 ] } },
{ "type": "Feature", "properties": { "ID": 3503500528, "正式名称": "宮古調剤薬局", "機関区分": 5, "都道府県コード": 3, "市区町村コード": 202, "所在地": "岩手県宮古市崎鍬ヶ崎第１地割１１ー３３", "緯度": 39.65857, "経度": 141.948989, "url": "https://www.iryou.teikyouseido.mhlw.go.jp/znk-web/juminkanja/S2430/initialize?prefCd=03&kikanCd=03500528&kikanKbn=nan", "url2": "http://www.ainj.co.jp/network/detail.html?pdid=711", "内容": "宮古調剤薬局0岩手県宮古市崎鍬ヶ崎第１地割１１ー３３" }, "geometry": { "type": "Point", "coordinates": [ 141.948989, 39.65857 ] } },
{ "type": "Feature", "properties": { "ID": 3503500530, "正式名称": "健康堂薬局　栄町店", "機関区分": 5, "都道府県コード": 3, "市区町村コード": 202, "所在地": "岩手県宮古市栄町１－６２", "緯度": 39.64236, "経度": 141.946684, "url": "https://www.iryou.teikyouseido.mhlw.go.jp/znk-web/juminkanja/S2430/initialize?prefCd=03&kikanCd=03500530&kikanKbn=nan", "url2": null, "内容": "健康堂薬局　栄町店0岩手県宮古市栄町１－６２" }, "geometry": { "type": "Point", "coordinates": [ 141.946684, 39.64236 ] } },
{ "type": "Feature", "properties": { "ID": 3503500532, "正式名称": "おかむら調剤薬局", "機関区分": 5, "都道府県コード": 3, "市区町村コード": 202, "所在地": "岩手県宮古市西町１ー７ー２６", "緯度": 39.646563, "経度": 141.942999, "url": "https://www.iryou.teikyouseido.mhlw.go.jp/znk-web/juminkanja/S2430/initialize?prefCd=03&kikanCd=03500532&kikanKbn=nan", "url2": null, "内容": "おかむら調剤薬局0岩手県宮古市西町１ー７ー２６" }, "geometry": { "type": "Point", "coordinates": [ 141.942999, 39.646563 ] } },
{ "type": "Feature", "properties": { "ID": 3503500534, "正式名称": "さくら薬局", "機関区分": 5, "都道府県コード": 3, "市区町村コード": 202, "所在地": "岩手県宮古市保久田８－１１－２", "緯度": 39.643839, "経度": 141.946812, "url": "https://www.iryou.teikyouseido.mhlw.go.jp/znk-web/juminkanja/S2430/initialize?prefCd=03&kikanCd=03500534&kikanKbn=nan", "url2": "http://www.minatoya-p.com/", "内容": "さくら薬局0岩手県宮古市保久田８－１１－２" }, "geometry": { "type": "Point", "coordinates": [ 141.946812, 39.643839 ] } },
{ "type": "Feature", "properties": { "ID": 3503500536, "正式名称": "つくし薬局舘合店", "機関区分": 5, "都道府県コード": 3, "市区町村コード": 202, "所在地": "岩手県宮古市舘合町１ー５", "緯度": 39.641425, "経度": 141.942971, "url": "https://www.iryou.teikyouseido.mhlw.go.jp/znk-web/juminkanja/S2430/initialize?prefCd=03&kikanCd=03500536&kikanKbn=nan", "url2": "http://www.294ph.com/", "内容": "つくし薬局舘合店0岩手県宮古市舘合町１ー５" }, "geometry": { "type": "Point", "coordinates": [ 141.942971, 39.641425 ] } },
{ "type": "Feature", "properties": { "ID": 3503500539, "正式名称": "調剤薬局ツルハドラッグ宮古中央店", "機関区分": 5, "都道府県コード": 3, "市区町村コード": 202, "所在地": "岩手県宮古市保久田８番５号", "緯度": 39.643531, "経度": 141.947181, "url": "https://www.iryou.teikyouseido.mhlw.go.jp/znk-web/juminkanja/S2430/initialize?prefCd=03&kikanCd=03500539&kikanKbn=nan", "url2": "http://www.tsuruha.co.jp/", "内容": "調剤薬局ツルハドラッグ宮古中央店0岩手県宮古市保久田８番５号" }, "geometry": { "type": "Point", "coordinates": [ 141.947181, 39.643531 ] } },
{ "type": "Feature", "properties": { "ID": 3503500540, "正式名称": "キング　薬局", "機関区分": 5, "都道府県コード": 3, "市区町村コード": 207, "所在地": "岩手県久慈市旭町１０ー６１ー１", "緯度": 40.200311, "経度": 141.776396, "url": "https://www.iryou.teikyouseido.mhlw.go.jp/znk-web/juminkanja/S2430/initialize?prefCd=03&kikanCd=03500540&kikanKbn=nan", "url2": "http://pharma-labo.co.jp", "内容": "キング　薬局0岩手県久慈市旭町１０ー６１ー１" }, "geometry": { "type": "Point", "coordinates": [ 141.776396, 40.200311 ] } },
{ "type": "Feature", "properties": { "ID": 3503500541, "正式名称": "クイーン薬局", "機関区分": 5, "都道府県コード": 3, "市区町村コード": 207, "所在地": "岩手県久慈市川崎町１２ー１７", "緯度": 40.190908, "経度": 141.77198, "url": "https://www.iryou.teikyouseido.mhlw.go.jp/znk-web/juminkanja/S2430/initialize?prefCd=03&kikanCd=03500541&kikanKbn=nan", "url2": "http://www.pharma-labo.co.jp", "内容": "クイーン薬局0岩手県久慈市川崎町１２ー１７" }, "geometry": { "type": "Point", "coordinates": [ 141.77198, 40.190908 ] } },
{ "type": "Feature", "properties": { "ID": 3503500542, "正式名称": "サンケア薬局県立久慈病院前店", "機関区分": 5, "都道府県コード": 3, "市区町村コード": 207, "所在地": "岩手県久慈市旭町第９地割１２７", "緯度": 40.199162, "経度": 141.777357, "url": "https://www.iryou.teikyouseido.mhlw.go.jp/znk-web/juminkanja/S2430/initialize?prefCd=03&kikanCd=03500542&kikanKbn=nan", "url2": null, "内容": "サンケア薬局県立久慈病院前店0岩手県久慈市旭町第９地割１２７" }, "geometry": { "type": "Point", "coordinates": [ 141.777357, 40.199162 ] } },
{ "type": "Feature", "properties": { "ID": 3503500543, "正式名称": "サンケア薬局　長内店", "機関区分": 5, "都道府県コード": 3, "市区町村コード": 207, "所在地": "岩手県久慈市長内町第２４地割１４７番地ー２", "緯度": 40.187826, "経度": 141.777114, "url": "https://www.iryou.teikyouseido.mhlw.go.jp/znk-web/juminkanja/S2430/initialize?prefCd=03&kikanCd=03500543&kikanKbn=nan", "url2": "https://sun-ph.com", "内容": "サンケア薬局　長内店0岩手県久慈市長内町第２４地割１４７番地ー２" }, "geometry": { "type": "Point", "coordinates": [ 141.777114, 40.187826 ] } },
{ "type": "Feature", "properties": { "ID": 3503500544, "正式名称": "ハーモニー薬局", "機関区分": 5, "都道府県コード": 3, "市区町村コード": 207, "所在地": "岩手県久慈市門前第３７地割５６番地１", "緯度": 40.19577, "経度": 141.766347, "url": "https://www.iryou.teikyouseido.mhlw.go.jp/znk-web/juminkanja/S2430/initialize?prefCd=03&kikanCd=03500544&kikanKbn=nan", "url2": null, "内容": "ハーモニー薬局0岩手県久慈市門前第３７地割５６番地１" }, "geometry": { "type": "Point", "coordinates": [ 141.766347, 40.19577 ] } },
{ "type": "Feature", "properties": { "ID": 3503500545, "正式名称": "ホソタ薬局", "機関区分": 5, "都道府県コード": 3, "市区町村コード": 207, "所在地": "岩手県久慈市十八日町１丁目２１", "緯度": 40.191439, "経度": 141.76601, "url": "https://www.iryou.teikyouseido.mhlw.go.jp/znk-web/juminkanja/S2430/initialize?prefCd=03&kikanCd=03500545&kikanKbn=nan", "url2": "http://pharma-labo.co.jp/", "内容": "ホソタ薬局0岩手県久慈市十八日町１丁目２１" }, "geometry": { "type": "Point", "coordinates": [ 141.76601, 40.191439 ] } },
{ "type": "Feature", "properties": { "ID": 3503500546, "正式名称": "まちの薬局", "機関区分": 5, "都道府県コード": 3, "市区町村コード": 503, "所在地": "岩手県九戸郡野田村野田２８－２６－１", "緯度": 40.113419, "経度": 141.819321, "url": "https://www.iryou.teikyouseido.mhlw.go.jp/znk-web/juminkanja/S2430/initialize?prefCd=03&kikanCd=03500546&kikanKbn=nan", "url2": null, "内容": "まちの薬局0岩手県九戸郡野田村野田２８－２６－１" }, "geometry": { "type": "Point", "coordinates": [ 141.819321, 40.113419 ] } },
{ "type": "Feature", "properties": { "ID": 3503500547, "正式名称": "みどり薬局", "機関区分": 5, "都道府県コード": 3, "市区町村コード": 207, "所在地": "岩手県久慈市旭町第１０地割３２ー７", "緯度": 40.199145, "経度": 141.77833, "url": "https://www.iryou.teikyouseido.mhlw.go.jp/znk-web/juminkanja/S2430/initialize?prefCd=03&kikanCd=03500547&kikanKbn=nan", "url2": null, "内容": "みどり薬局0岩手県久慈市旭町第１０地割３２ー７" }, "geometry": { "type": "Point", "coordinates": [ 141.77833, 40.199145 ] } },
{ "type": "Feature", "properties": { "ID": 3503500548, "正式名称": "リードファーマシー", "機関区分": 5, "都道府県コード": 3, "市区町村コード": 507, "所在地": "岩手県九戸郡洋野町種市第２３地割１１３－２０", "緯度": 40.375789, "経度": 141.659814, "url": "https://www.iryou.teikyouseido.mhlw.go.jp/znk-web/juminkanja/S2430/initialize?prefCd=03&kikanCd=03500548&kikanKbn=nan", "url2": "https://l-parmacy.net/", "内容": "リードファーマシー0岩手県九戸郡洋野町種市第２３地割１１３－２０" }, "geometry": { "type": "Point", "coordinates": [ 141.659814, 40.375789 ] } },
{ "type": "Feature", "properties": { "ID": 3503500549, "正式名称": "伊東薬局", "機関区分": 5, "都道府県コード": 3, "市区町村コード": 503, "所在地": "岩手県九戸郡野田村野田２６－１８－１０", "緯度": 40.094585, "経度": 141.804245, "url": "https://www.iryou.teikyouseido.mhlw.go.jp/znk-web/juminkanja/S2430/initialize?prefCd=03&kikanCd=03500549&kikanKbn=nan", "url2": null, "内容": "伊東薬局0岩手県九戸郡野田村野田２６－１８－１０" }, "geometry": { "type": "Point", "coordinates": [ 141.804245, 40.094585 ] } },
{ "type": "Feature", "properties": { "ID": 3503500550, "正式名称": "菊屋薬局", "機関区分": 5, "都道府県コード": 3, "市区町村コード": 207, "所在地": "岩手県久慈市本町２ー３８", "緯度": 40.187637, "経度": 141.769851, "url": "https://www.iryou.teikyouseido.mhlw.go.jp/znk-web/juminkanja/S2430/initialize?prefCd=03&kikanCd=03500550&kikanKbn=nan", "url2": null, "内容": "菊屋薬局0岩手県久慈市本町２ー３８" }, "geometry": { "type": "Point", "coordinates": [ 141.769851, 40.187637 ] } },
{ "type": "Feature", "properties": { "ID": 3503500551, "正式名称": "菊屋薬局荒町店", "機関区分": 5, "都道府県コード": 3, "市区町村コード": 207, "所在地": "岩手県久慈市荒町２ー１０", "緯度": 40.191748, "経度": 141.760566, "url": "https://www.iryou.teikyouseido.mhlw.go.jp/znk-web/juminkanja/S2430/initialize?prefCd=03&kikanCd=03500551&kikanKbn=nan", "url2": "https://meron-net.shop/ds/aramachikikuya", "内容": "菊屋薬局荒町店0岩手県久慈市荒町２ー１０" }, "geometry": { "type": "Point", "coordinates": [ 141.760566, 40.191748 ] } },
{ "type": "Feature", "properties": { "ID": 3503500552, "正式名称": "及川薬局　田屋町店", "機関区分": 5, "都道府県コード": 3, "市区町村コード": 207, "所在地": "岩手県久慈市田屋町第１地割３８番１０", "緯度": 40.194944, "経度": 141.776178, "url": "https://www.iryou.teikyouseido.mhlw.go.jp/znk-web/juminkanja/S2430/initialize?prefCd=03&kikanCd=03500552&kikanKbn=nan", "url2": "https://www.oikawatayachopharmacy.com/", "内容": "及川薬局　田屋町店0岩手県久慈市田屋町第１地割３８番１０" }, "geometry": { "type": "Point", "coordinates": [ 141.776178, 40.194944 ] } },
{ "type": "Feature", "properties": { "ID": 3503500553, "正式名称": "髙橋薬局", "機関区分": 5, "都道府県コード": 3, "市区町村コード": 485, "所在地": "岩手県下閉伊郡普代村第１３地割字普代１２６ー９", "緯度": 40.007294, "経度": 141.884885, "url": "https://www.iryou.teikyouseido.mhlw.go.jp/znk-web/juminkanja/S2430/initialize?prefCd=03&kikanCd=03500553&kikanKbn=nan", "url2": null, "内容": "髙橋薬局0岩手県下閉伊郡普代村第１３地割字普代１２６ー９" }, "geometry": { "type": "Point", "coordinates": [ 141.884885, 40.007294 ] } },
{ "type": "Feature", "properties": { "ID": 3503500555, "正式名称": "種市調剤薬局", "機関区分": 5, "都道府県コード": 3, "市区町村コード": 507, "所在地": "岩手県九戸郡洋野町種市第２３地割２７番地１０３", "緯度": 40.410736, "経度": 141.718213, "url": "https://www.iryou.teikyouseido.mhlw.go.jp/znk-web/juminkanja/S2430/initialize?prefCd=03&kikanCd=03500555&kikanKbn=nan", "url2": null, "内容": "種市調剤薬局0岩手県九戸郡洋野町種市第２３地割２７番地１０３" }, "geometry": { "type": "Point", "coordinates": [ 141.718213, 40.410736 ] } },
{ "type": "Feature", "properties": { "ID": 3503500557, "正式名称": "有限会社カシオペア調剤薬局", "機関区分": 5, "都道府県コード": 3, "市区町村コード": 213, "所在地": "岩手県二戸市堀野字大川原毛９５ー１", "緯度": 40.298674, "経度": 141.304873, "url": "https://www.iryou.teikyouseido.mhlw.go.jp/znk-web/juminkanja/S2430/initialize?prefCd=03&kikanCd=03500557&kikanKbn=nan", "url2": "https://meron-net.shop/ds/cassiyaku", "内容": "有限会社カシオペア調剤薬局0岩手県二戸市堀野字大川原毛９５ー１" }, "geometry": { "type": "Point", "coordinates": [ 141.304873, 40.298674 ] } },
{ "type": "Feature", "properties": { "ID": 3503500560, "正式名称": "日本調剤　二戸薬局", "機関区分": 5, "都道府県コード": 3, "市区町村コード": 213, "所在地": "岩手県二戸市堀野字大川原毛４０ー７", "緯度": 40.299221, "経度": 141.306696, "url": "https://www.iryou.teikyouseido.mhlw.go.jp/znk-web/juminkanja/S2430/initialize?prefCd=03&kikanCd=03500560&kikanKbn=nan", "url2": "http://www.nicho.co.jp/tenpo/ninohe.html", "内容": "日本調剤　二戸薬局0岩手県二戸市堀野字大川原毛４０ー７" }, "geometry": { "type": "Point", "coordinates": [ 141.306696, 40.299221 ] } },
{ "type": "Feature", "properties": { "ID": 3503500561, "正式名称": "有限会社かしわや薬局", "機関区分": 5, "都道府県コード": 3, "市区町村コード": 506, "所在地": "岩手県九戸郡九戸村伊保内１１", "緯度": 40.193478, "経度": 141.465746, "url": "https://www.iryou.teikyouseido.mhlw.go.jp/znk-web/juminkanja/S2430/initialize?prefCd=03&kikanCd=03500561&kikanKbn=nan", "url2": null, "内容": "有限会社かしわや薬局0岩手県九戸郡九戸村伊保内１１" }, "geometry": { "type": "Point", "coordinates": [ 141.465746, 40.193478 ] } },
{ "type": "Feature", "properties": { "ID": 3503500564, "正式名称": "アイン薬局　一戸店", "機関区分": 5, "都道府県コード": 3, "市区町村コード": 524, "所在地": "岩手県二戸郡一戸町一戸字砂森５４ー１", "緯度": 40.207023, "経度": 141.303421, "url": "https://www.iryou.teikyouseido.mhlw.go.jp/znk-web/juminkanja/S2430/initialize?prefCd=03&kikanCd=03500564&kikanKbn=nan", "url2": "http://www.ainj.co.jp", "内容": "アイン薬局　一戸店0岩手県二戸郡一戸町一戸字砂森５４ー１" }, "geometry": { "type": "Point", "coordinates": [ 141.303421, 40.207023 ] } },
{ "type": "Feature", "properties": { "ID": 3503500566, "正式名称": "日本調剤　軽米薬局", "機関区分": 5, "都道府県コード": 3, "市区町村コード": 501, "所在地": "岩手県九戸郡軽米町軽米第２地割６５番地２", "緯度": 40.317162, "経度": 141.476878, "url": "https://www.iryou.teikyouseido.mhlw.go.jp/znk-web/juminkanja/S2430/initialize?prefCd=03&kikanCd=03500566&kikanKbn=nan", "url2": "https://www.nicho.co.jp/tenpo/karumai/", "内容": "日本調剤　軽米薬局0岩手県九戸郡軽米町軽米第２地割６５番地２" }, "geometry": { "type": "Point", "coordinates": [ 141.476878, 40.317162 ] } },
{ "type": "Feature", "properties": { "ID": 3503500568, "正式名称": "二戸薬局", "機関区分": 5, "都道府県コード": 3, "市区町村コード": 213, "所在地": "岩手県二戸市堀野字大川原毛９３", "緯度": 40.298825, "経度": 141.304487, "url": "https://www.iryou.teikyouseido.mhlw.go.jp/znk-web/juminkanja/S2430/initialize?prefCd=03&kikanCd=03500568&kikanKbn=nan", "url2": "https://sun-ph.com/shop_iwate/store26/", "内容": "二戸薬局0岩手県二戸市堀野字大川原毛９３" }, "geometry": { "type": "Point", "coordinates": [ 141.304487, 40.298825 ] } },
{ "type": "Feature", "properties": { "ID": 3503500573, "正式名称": "いこい薬局", "機関区分": 5, "都道府県コード": 3, "市区町村コード": 501, "所在地": "岩手県九戸郡軽米町大字上舘１５ー８６ー１１", "緯度": 40.333988, "経度": 141.528202, "url": "https://www.iryou.teikyouseido.mhlw.go.jp/znk-web/juminkanja/S2430/initialize?prefCd=03&kikanCd=03500573&kikanKbn=nan", "url2": null, "内容": "いこい薬局0岩手県九戸郡軽米町大字上舘１５ー８６ー１１" }, "geometry": { "type": "Point", "coordinates": [ 141.528202, 40.333988 ] } },
{ "type": "Feature", "properties": { "ID": 3503500574, "正式名称": "薬局ココ", "機関区分": 5, "都道府県コード": 3, "市区町村コード": 501, "所在地": "岩手県九戸郡軽米町軽米", "緯度": 40.324882, "経度": 141.443336, "url": "https://www.iryou.teikyouseido.mhlw.go.jp/znk-web/juminkanja/S2430/initialize?prefCd=03&kikanCd=03500574&kikanKbn=nan", "url2": null, "内容": "薬局ココ0岩手県九戸郡軽米町軽米" }, "geometry": { "type": "Point", "coordinates": [ 141.443336, 40.324882 ] } },
{ "type": "Feature", "properties": { "ID": 3503500576, "正式名称": "有限会社堀野調剤薬局", "機関区分": 5, "都道府県コード": 3, "市区町村コード": 213, "所在地": "岩手県二戸市堀野字大川原毛８９－１", "緯度": 40.29903, "経度": 141.305006, "url": "https://www.iryou.teikyouseido.mhlw.go.jp/znk-web/juminkanja/S2430/initialize?prefCd=03&kikanCd=03500576&kikanKbn=nan", "url2": "https: //meron-net.shop/ds/horiyaku", "内容": "有限会社堀野調剤薬局0岩手県二戸市堀野字大川原毛８９－１" }, "geometry": { "type": "Point", "coordinates": [ 141.305006, 40.29903 ] } },
{ "type": "Feature", "properties": { "ID": 3503500578, "正式名称": "つくし薬局　二戸店", "機関区分": 5, "都道府県コード": 3, "市区町村コード": 213, "所在地": "岩手県二戸市石切所字川原２８－１０", "緯度": 40.256269, "経度": 141.289594, "url": "https://www.iryou.teikyouseido.mhlw.go.jp/znk-web/juminkanja/S2430/initialize?prefCd=03&kikanCd=03500578&kikanKbn=nan", "url2": "http:www.294ph.com", "内容": "つくし薬局　二戸店0岩手県二戸市石切所字川原２８－１０" }, "geometry": { "type": "Point", "coordinates": [ 141.289594, 40.256269 ] } },
{ "type": "Feature", "properties": { "ID": 3503500580, "正式名称": "くるみ薬局", "機関区分": 5, "都道府県コード": 3, "市区町村コード": 213, "所在地": "岩手県二戸市福岡字長嶺４７－５", "緯度": 40.27942, "経度": 141.299119, "url": "https://www.iryou.teikyouseido.mhlw.go.jp/znk-web/juminkanja/S2430/initialize?prefCd=03&kikanCd=03500580&kikanKbn=nan", "url2": "https://wing-pharmacy.com/", "内容": "くるみ薬局0岩手県二戸市福岡字長嶺４７－５" }, "geometry": { "type": "Point", "coordinates": [ 141.299119, 40.27942 ] } },
{ "type": "Feature", "properties": { "ID": 3503500581, "正式名称": "あかまつ薬局", "機関区分": 5, "都道府県コード": 3, "市区町村コード": 213, "所在地": "岩手県二戸市石切所字森合７９ー１", "緯度": 40.261774, "経度": 141.285806, "url": "https://www.iryou.teikyouseido.mhlw.go.jp/znk-web/juminkanja/S2430/initialize?prefCd=03&kikanCd=03500581&kikanKbn=nan", "url2": null, "内容": "あかまつ薬局0岩手県二戸市石切所字森合７９ー１" }, "geometry": { "type": "Point", "coordinates": [ 141.285806, 40.261774 ] } },
{ "type": "Feature", "properties": { "ID": 3503500582, "正式名称": "日本調剤　九戸薬局", "機関区分": 5, "都道府県コード": 3, "市区町村コード": 506, "所在地": "岩手県九戸郡九戸村大字伊保内７ー４９ー３", "緯度": 40.193478, "経度": 141.465746, "url": "https://www.iryou.teikyouseido.mhlw.go.jp/znk-web/juminkanja/S2430/initialize?prefCd=03&kikanCd=03500582&kikanKbn=nan", "url2": "http://www.nicho.co.jp/tenpo/kunohe.html", "内容": "日本調剤　九戸薬局0岩手県九戸郡九戸村大字伊保内７ー４９ー３" }, "geometry": { "type": "Point", "coordinates": [ 141.465746, 40.193478 ] } },
{ "type": "Feature", "properties": { "ID": 3503500584, "正式名称": "三関薬局", "機関区分": 5, "都道府県コード": 3, "市区町村コード": 209, "所在地": "岩手県一関市三関字仲田２９番地３", "緯度": 38.926012, "経度": 141.148002, "url": "https://www.iryou.teikyouseido.mhlw.go.jp/znk-web/juminkanja/S2430/initialize?prefCd=03&kikanCd=03500584&kikanKbn=nan", "url2": null, "内容": "三関薬局0岩手県一関市三関字仲田２９番地３" }, "geometry": { "type": "Point", "coordinates": [ 141.148002, 38.926012 ] } },
{ "type": "Feature", "properties": { "ID": 3503500586, "正式名称": "共創未来　たのはた薬局", "機関区分": 5, "都道府県コード": 3, "市区町村コード": 484, "所在地": "岩手県下閉伊郡田野畑村田野畑１２０ー３", "緯度": 39.931611, "経度": 141.894577, "url": "https://www.iryou.teikyouseido.mhlw.go.jp/znk-web/juminkanja/S2430/initialize?prefCd=03&kikanCd=03500586&kikanKbn=nan", "url2": "http://www.phmirai.co.jp/shops/detail.php?id=331", "内容": "共創未来　たのはた薬局0岩手県下閉伊郡田野畑村田野畑１２０ー３" }, "geometry": { "type": "Point", "coordinates": [ 141.894577, 39.931611 ] } },
{ "type": "Feature", "properties": { "ID": 3503500587, "正式名称": "みずほ薬局", "機関区分": 5, "都道府県コード": 3, "市区町村コード": 322, "所在地": "岩手県紫波郡矢巾町大字南矢幅６－１４３－１２", "緯度": 39.612854, "経度": 141.142475, "url": "https://www.iryou.teikyouseido.mhlw.go.jp/znk-web/juminkanja/S2430/initialize?prefCd=03&kikanCd=03500587&kikanKbn=nan", "url2": null, "内容": "みずほ薬局0岩手県紫波郡矢巾町大字南矢幅６－１４３－１２" }, "geometry": { "type": "Point", "coordinates": [ 141.142475, 39.612854 ] } },
{ "type": "Feature", "properties": { "ID": 3503500590, "正式名称": "有限会社あさひ薬局　センター店", "機関区分": 5, "都道府県コード": 3, "市区町村コード": 205, "所在地": "岩手県花巻市石鳥谷町八幡５－４７－２", "緯度": 39.474011, "経度": 141.150882, "url": "https://www.iryou.teikyouseido.mhlw.go.jp/znk-web/juminkanja/S2430/initialize?prefCd=03&kikanCd=03500590&kikanKbn=nan", "url2": null, "内容": "有限会社あさひ薬局　センター店0岩手県花巻市石鳥谷町八幡５－４７－２" }, "geometry": { "type": "Point", "coordinates": [ 141.150882, 39.474011 ] } },
{ "type": "Feature", "properties": { "ID": 3503500591, "正式名称": "ミズサワ薬局前沢店", "機関区分": 5, "都道府県コード": 3, "市区町村コード": 215, "所在地": "岩手県奥州市前沢向田一丁目２０－２", "緯度": 39.048866, "経度": 141.129812, "url": "https://www.iryou.teikyouseido.mhlw.go.jp/znk-web/juminkanja/S2430/initialize?prefCd=03&kikanCd=03500591&kikanKbn=nan", "url2": "https://meron-net.shop/ds/mizusawa-yakkyoku/", "内容": "ミズサワ薬局前沢店0岩手県奥州市前沢向田一丁目２０－２" }, "geometry": { "type": "Point", "coordinates": [ 141.129812, 39.048866 ] } },
{ "type": "Feature", "properties": { "ID": 3503500592, "正式名称": "あすなろ薬局", "機関区分": 5, "都道府県コード": 3, "市区町村コード": 202, "所在地": "岩手県宮古市保久田３番９号", "緯度": 39.642702, "経度": 141.94846, "url": "https://www.iryou.teikyouseido.mhlw.go.jp/znk-web/juminkanja/S2430/initialize?prefCd=03&kikanCd=03500592&kikanKbn=nan", "url2": "https://www.furu-cho.co.jp/", "内容": "あすなろ薬局0岩手県宮古市保久田３番９号" }, "geometry": { "type": "Point", "coordinates": [ 141.94846, 39.642702 ] } },
{ "type": "Feature", "properties": { "ID": 3503500597, "正式名称": "リープ薬局", "機関区分": 5, "都道府県コード": 3, "市区町村コード": 201, "所在地": "岩手県盛岡市上田１ー１ー３５", "緯度": 39.713535, "経度": 141.148493, "url": "https://www.iryou.teikyouseido.mhlw.go.jp/znk-web/juminkanja/S2430/initialize?prefCd=03&kikanCd=03500597&kikanKbn=nan", "url2": "https://www.mediworks-morioka.jp", "内容": "リープ薬局0岩手県盛岡市上田１ー１ー３５" }, "geometry": { "type": "Point", "coordinates": [ 141.148493, 39.713535 ] } },
{ "type": "Feature", "properties": { "ID": 3503500598, "正式名称": "かえで薬局", "機関区分": 5, "都道府県コード": 3, "市区町村コード": 201, "所在地": "岩手県盛岡市緑が丘３－１８－２", "緯度": 39.735943, "経度": 141.14375, "url": "https://www.iryou.teikyouseido.mhlw.go.jp/znk-web/juminkanja/S2430/initialize?prefCd=03&kikanCd=03500598&kikanKbn=nan", "url2": null, "内容": "かえで薬局0岩手県盛岡市緑が丘３－１８－２" }, "geometry": { "type": "Point", "coordinates": [ 141.14375, 39.735943 ] } },
{ "type": "Feature", "properties": { "ID": 3503500600, "正式名称": "めぐみ薬局", "機関区分": 5, "都道府県コード": 3, "市区町村コード": 524, "所在地": "岩手県二戸郡一戸町西法寺字稲荷２１番地１", "緯度": 40.21129, "経度": 141.297727, "url": "https://www.iryou.teikyouseido.mhlw.go.jp/znk-web/juminkanja/S2430/initialize?prefCd=03&kikanCd=03500600&kikanKbn=nan", "url2": "http://www.lively-pharma.jp/", "内容": "めぐみ薬局0岩手県二戸郡一戸町西法寺字稲荷２１番地１" }, "geometry": { "type": "Point", "coordinates": [ 141.297727, 40.21129 ] } },
{ "type": "Feature", "properties": { "ID": 3503500605, "正式名称": "はたさわ薬局", "機関区分": 5, "都道府県コード": 3, "市区町村コード": 501, "所在地": "岩手県九戸郡軽米町大字軽米第３地割字中坪５２・４", "緯度": 40.318864, "経度": 141.472871, "url": "https://www.iryou.teikyouseido.mhlw.go.jp/znk-web/juminkanja/S2430/initialize?prefCd=03&kikanCd=03500605&kikanKbn=nan", "url2": null, "内容": "はたさわ薬局0岩手県九戸郡軽米町大字軽米第３地割字中坪５２・４" }, "geometry": { "type": "Point", "coordinates": [ 141.472871, 40.318864 ] } },
{ "type": "Feature", "properties": { "ID": 3503500606, "正式名称": "好摩薬局", "機関区分": 5, "都道府県コード": 3, "市区町村コード": 201, "所在地": "岩手県盛岡市好摩字夏間木１０２番地１４", "緯度": 39.873853, "経度": 141.171794, "url": "https://www.iryou.teikyouseido.mhlw.go.jp/znk-web/juminkanja/S2430/initialize?prefCd=03&kikanCd=03500606&kikanKbn=nan", "url2": "http://www.lively-pharma.jp/", "内容": "好摩薬局0岩手県盛岡市好摩字夏間木１０２番地１４" }, "geometry": { "type": "Point", "coordinates": [ 141.171794, 39.873853 ] } },
{ "type": "Feature", "properties": { "ID": 3503500609, "正式名称": "有限会社ミドリ薬局　日詰店", "機関区分": 5, "都道府県コード": 3, "市区町村コード": 321, "所在地": "岩手県紫波郡紫波町日詰駅前１丁目８番４", "緯度": 39.53855, "経度": 141.16142, "url": "https://www.iryou.teikyouseido.mhlw.go.jp/znk-web/juminkanja/S2430/initialize?prefCd=03&kikanCd=03500609&kikanKbn=nan", "url2": null, "内容": "有限会社ミドリ薬局　日詰店0岩手県紫波郡紫波町日詰駅前１丁目８番４" }, "geometry": { "type": "Point", "coordinates": [ 141.16142, 39.53855 ] } },
{ "type": "Feature", "properties": { "ID": 3503500611, "正式名称": "ミドリ薬局宮古中央店", "機関区分": 5, "都道府県コード": 3, "市区町村コード": 202, "所在地": "岩手県宮古市黒田町７番６号", "緯度": 39.64284, "経度": 141.949552, "url": "https://www.iryou.teikyouseido.mhlw.go.jp/znk-web/juminkanja/S2430/initialize?prefCd=03&kikanCd=03500611&kikanKbn=nan", "url2": null, "内容": "ミドリ薬局宮古中央店0岩手県宮古市黒田町７番６号" }, "geometry": { "type": "Point", "coordinates": [ 141.949552, 39.64284 ] } },
{ "type": "Feature", "properties": { "ID": 3503500612, "正式名称": "株式会社広田薬品　花巻駅前薬局", "機関区分": 5, "都道府県コード": 3, "市区町村コード": 205, "所在地": "岩手県花巻市大通り１－１０－２８", "緯度": 39.392579, "経度": 141.112552, "url": "https://www.iryou.teikyouseido.mhlw.go.jp/znk-web/juminkanja/S2430/initialize?prefCd=03&kikanCd=03500612&kikanKbn=nan", "url2": null, "内容": "株式会社広田薬品　花巻駅前薬局0岩手県花巻市大通り１－１０－２８" }, "geometry": { "type": "Point", "coordinates": [ 141.112552, 39.392579 ] } },
{ "type": "Feature", "properties": { "ID": 3503500613, "正式名称": "みつばち薬局", "機関区分": 5, "都道府県コード": 3, "市区町村コード": 201, "所在地": "岩手県盛岡市月が丘１－１－６３", "緯度": 39.729374, "経度": 141.110604, "url": "https://www.iryou.teikyouseido.mhlw.go.jp/znk-web/juminkanja/S2430/initialize?prefCd=03&kikanCd=03500613&kikanKbn=nan", "url2": "https://mitubati-38.com/", "内容": "みつばち薬局0岩手県盛岡市月が丘１－１－６３" }, "geometry": { "type": "Point", "coordinates": [ 141.110604, 39.729374 ] } },
{ "type": "Feature", "properties": { "ID": 3503500614, "正式名称": "サンケア薬局　県立中部病院前店", "機関区分": 5, "都道府県コード": 3, "市区町村コード": 206, "所在地": "岩手県北上市村崎野１７ー１６７ー１", "緯度": 39.328104, "経度": 141.103795, "url": "https://www.iryou.teikyouseido.mhlw.go.jp/znk-web/juminkanja/S2430/initialize?prefCd=03&kikanCd=03500614&kikanKbn=nan", "url2": "https://sun-ph.com/company/", "内容": "サンケア薬局　県立中部病院前店0岩手県北上市村崎野１７ー１６７ー１" }, "geometry": { "type": "Point", "coordinates": [ 141.103795, 39.328104 ] } },
{ "type": "Feature", "properties": { "ID": 3503500618, "正式名称": "調剤薬局ツルハドラッグ紫波店", "機関区分": 5, "都道府県コード": 3, "市区町村コード": 321, "所在地": "岩手県紫波郡紫波町高水寺字大坊１８３－１", "緯度": 39.568712, "経度": 141.164869, "url": "https://www.iryou.teikyouseido.mhlw.go.jp/znk-web/juminkanja/S2430/initialize?prefCd=03&kikanCd=03500618&kikanKbn=nan", "url2": "http://www.tsuruha.co.jp/", "内容": "調剤薬局ツルハドラッグ紫波店0岩手県紫波郡紫波町高水寺字大坊１８３－１" }, "geometry": { "type": "Point", "coordinates": [ 141.164869, 39.568712 ] } },
{ "type": "Feature", "properties": { "ID": 3503500619, "正式名称": "本宮センター薬局", "機関区分": 5, "都道府県コード": 3, "市区町村コード": 201, "所在地": "岩手県盛岡市北飯岡１－２－７１", "緯度": 39.680246, "経度": 141.133181, "url": "https://www.iryou.teikyouseido.mhlw.go.jp/znk-web/juminkanja/S2430/initialize?prefCd=03&kikanCd=03500619&kikanKbn=nan", "url2": "https://wing-pharmacy.com/", "内容": "本宮センター薬局0岩手県盛岡市北飯岡１－２－７１" }, "geometry": { "type": "Point", "coordinates": [ 141.133181, 39.680246 ] } },
{ "type": "Feature", "properties": { "ID": 3503500620, "正式名称": "公園通薬局", "機関区分": 5, "都道府県コード": 3, "市区町村コード": 201, "所在地": "岩手県盛岡市菜園二丁目５番２９号　菜園志和ビル　１階", "緯度": 39.702367, "経度": 141.145799, "url": "https://www.iryou.teikyouseido.mhlw.go.jp/znk-web/juminkanja/S2430/initialize?prefCd=03&kikanCd=03500620&kikanKbn=nan", "url2": "http://www.lively-pharma.jp/", "内容": "公園通薬局0岩手県盛岡市菜園二丁目５番２９号　菜園志和ビル　１階" }, "geometry": { "type": "Point", "coordinates": [ 141.145799, 39.702367 ] } },
{ "type": "Feature", "properties": { "ID": 3503500621, "正式名称": "共創未来　かがの薬局", "機関区分": 5, "都道府県コード": 3, "市区町村コード": 201, "所在地": "岩手県盛岡市加賀野３－１２－２１", "緯度": 39.707987, "経度": 141.168665, "url": "https://www.iryou.teikyouseido.mhlw.go.jp/znk-web/juminkanja/S2430/initialize?prefCd=03&kikanCd=03500621&kikanKbn=nan", "url2": null, "内容": "共創未来　かがの薬局0岩手県盛岡市加賀野３－１２－２１" }, "geometry": { "type": "Point", "coordinates": [ 141.168665, 39.707987 ] } },
{ "type": "Feature", "properties": { "ID": 3503500624, "正式名称": "くるみ薬局", "機関区分": 5, "都道府県コード": 3, "市区町村コード": 206, "所在地": "岩手県北上市上江釣子１６ー１５１ー１", "緯度": 39.300394, "経度": 141.077425, "url": "https://www.iryou.teikyouseido.mhlw.go.jp/znk-web/juminkanja/S2430/initialize?prefCd=03&kikanCd=03500624&kikanKbn=nan", "url2": null, "内容": "くるみ薬局0岩手県北上市上江釣子１６ー１５１ー１" }, "geometry": { "type": "Point", "coordinates": [ 141.077425, 39.300394 ] } },
{ "type": "Feature", "properties": { "ID": 3503500626, "正式名称": "みつや薬局", "機関区分": 5, "都道府県コード": 3, "市区町村コード": 201, "所在地": "岩手県盛岡市中屋敷町１番３３号", "緯度": 39.704942, "経度": 141.123528, "url": "https://www.iryou.teikyouseido.mhlw.go.jp/znk-web/juminkanja/S2430/initialize?prefCd=03&kikanCd=03500626&kikanKbn=nan", "url2": "http://www.lively-pharma.jp/", "内容": "みつや薬局0岩手県盛岡市中屋敷町１番３３号" }, "geometry": { "type": "Point", "coordinates": [ 141.123528, 39.704942 ] } },
{ "type": "Feature", "properties": { "ID": 3503500627, "正式名称": "アイセイ薬局　盛岡材木町店", "機関区分": 5, "都道府県コード": 3, "市区町村コード": 201, "所在地": "岩手県盛岡市材木町４－３３", "緯度": 39.707118, "経度": 141.139063, "url": "https://www.iryou.teikyouseido.mhlw.go.jp/znk-web/juminkanja/S2430/initialize?prefCd=03&kikanCd=03500627&kikanKbn=nan", "url2": "https://store.aisei.co.jp/detail/865", "内容": "アイセイ薬局　盛岡材木町店0岩手県盛岡市材木町４－３３" }, "geometry": { "type": "Point", "coordinates": [ 141.139063, 39.707118 ] } },
{ "type": "Feature", "properties": { "ID": 3503500628, "正式名称": "菜園よつば薬局", "機関区分": 5, "都道府県コード": 3, "市区町村コード": 201, "所在地": "岩手県盛岡市大通１丁目１１－５", "緯度": 39.702181, "経度": 141.147499, "url": "https://www.iryou.teikyouseido.mhlw.go.jp/znk-web/juminkanja/S2430/initialize?prefCd=03&kikanCd=03500628&kikanKbn=nan", "url2": "https://bros-company.com", "内容": "菜園よつば薬局0岩手県盛岡市大通１丁目１１－５" }, "geometry": { "type": "Point", "coordinates": [ 141.147499, 39.702181 ] } },
{ "type": "Feature", "properties": { "ID": 3503500629, "正式名称": "木いちご薬局", "機関区分": 5, "都道府県コード": 3, "市区町村コード": 213, "所在地": "岩手県二戸市石切所字森合３１", "緯度": 40.261127, "経度": 141.288008, "url": "https://www.iryou.teikyouseido.mhlw.go.jp/znk-web/juminkanja/S2430/initialize?prefCd=03&kikanCd=03500629&kikanKbn=nan", "url2": "http://kiichigo.meron-net.jp/", "内容": "木いちご薬局0岩手県二戸市石切所字森合３１" }, "geometry": { "type": "Point", "coordinates": [ 141.288008, 40.261127 ] } },
{ "type": "Feature", "properties": { "ID": 3503500631, "正式名称": "アサヒ薬局　久慈店", "機関区分": 5, "都道府県コード": 3, "市区町村コード": 207, "所在地": "岩手県久慈市門前第２地割７番地１", "緯度": 40.197497, "経度": 141.766728, "url": "https://www.iryou.teikyouseido.mhlw.go.jp/znk-web/juminkanja/S2430/initialize?prefCd=03&kikanCd=03500631&kikanKbn=nan", "url2": null, "内容": "アサヒ薬局　久慈店0岩手県久慈市門前第２地割７番地１" }, "geometry": { "type": "Point", "coordinates": [ 141.766728, 40.197497 ] } },
{ "type": "Feature", "properties": { "ID": 3503500634, "正式名称": "さくら薬局　北上村崎野店", "機関区分": 5, "都道府県コード": 3, "市区町村コード": 206, "所在地": "岩手県北上市村崎野１７ー１７０ー２", "緯度": 39.328206, "経度": 141.104761, "url": "https://www.iryou.teikyouseido.mhlw.go.jp/znk-web/juminkanja/S2430/initialize?prefCd=03&kikanCd=03500634&kikanKbn=nan", "url2": "https://www.kraft-net.co.jp/sakura/store/3279/", "内容": "さくら薬局　北上村崎野店0岩手県北上市村崎野１７ー１７０ー２" }, "geometry": { "type": "Point", "coordinates": [ 141.104761, 39.328206 ] } },
{ "type": "Feature", "properties": { "ID": 3503500638, "正式名称": "つくし薬局　新穀店", "機関区分": 5, "都道府県コード": 3, "市区町村コード": 208, "所在地": "岩手県遠野市新穀町５－１８", "緯度": 39.332562, "経度": 141.529212, "url": "https://www.iryou.teikyouseido.mhlw.go.jp/znk-web/juminkanja/S2430/initialize?prefCd=03&kikanCd=03500638&kikanKbn=nan", "url2": "http://www.294ph.com/", "内容": "つくし薬局　新穀店0岩手県遠野市新穀町５－１８" }, "geometry": { "type": "Point", "coordinates": [ 141.529212, 39.332562 ] } },
{ "type": "Feature", "properties": { "ID": 3503500642, "正式名称": "エイシン薬局", "機関区分": 5, "都道府県コード": 3, "市区町村コード": 201, "所在地": "岩手県盛岡市月が丘二丁目５ー２１", "緯度": 39.732344, "経度": 141.108144, "url": "https://www.iryou.teikyouseido.mhlw.go.jp/znk-web/juminkanja/S2430/initialize?prefCd=03&kikanCd=03500642&kikanKbn=nan", "url2": null, "内容": "エイシン薬局0岩手県盛岡市月が丘二丁目５ー２１" }, "geometry": { "type": "Point", "coordinates": [ 141.108144, 39.732344 ] } },
{ "type": "Feature", "properties": { "ID": 3503500643, "正式名称": "みどり薬局西町店", "機関区分": 5, "都道府県コード": 3, "市区町村コード": 215, "所在地": "岩手県奥州市水沢西町西町５番２２号", "緯度": 39.137504, "経度": 141.13283, "url": "https://www.iryou.teikyouseido.mhlw.go.jp/znk-web/juminkanja/S2430/initialize?prefCd=03&kikanCd=03500643&kikanKbn=nan", "url2": "http://midori-pharm.com/", "内容": "みどり薬局西町店0岩手県奥州市水沢西町西町５番２２号" }, "geometry": { "type": "Point", "coordinates": [ 141.13283, 39.137504 ] } },
{ "type": "Feature", "properties": { "ID": 3503500645, "正式名称": "おおがま薬局", "機関区分": 5, "都道府県コード": 3, "市区町村コード": 216, "所在地": "岩手県滝沢市大釜吉水１０４－１", "緯度": 39.69766, "経度": 141.05695, "url": "https://www.iryou.teikyouseido.mhlw.go.jp/znk-web/juminkanja/S2430/initialize?prefCd=03&kikanCd=03500645&kikanKbn=nan", "url2": "http://www.aoki-ph.com", "内容": "おおがま薬局0岩手県滝沢市大釜吉水１０４－１" }, "geometry": { "type": "Point", "coordinates": [ 141.05695, 39.69766 ] } },
{ "type": "Feature", "properties": { "ID": 3503500646, "正式名称": "薬王堂薬局　西徳田店", "機関区分": 5, "都道府県コード": 3, "市区町村コード": 322, "所在地": "岩手県紫波郡矢巾町西徳田第６地割１４４番地", "緯度": 39.611656, "経度": 141.172023, "url": "https://www.iryou.teikyouseido.mhlw.go.jp/znk-web/juminkanja/S2430/initialize?prefCd=03&kikanCd=03500646&kikanKbn=nan", "url2": null, "内容": "薬王堂薬局　西徳田店0岩手県紫波郡矢巾町西徳田第６地割１４４番地" }, "geometry": { "type": "Point", "coordinates": [ 141.172023, 39.611656 ] } },
{ "type": "Feature", "properties": { "ID": 3503500647, "正式名称": "なの花薬局津志田店", "機関区分": 5, "都道府県コード": 3, "市区町村コード": 201, "所在地": "岩手県盛岡市津志田中央二丁目１８ー２３", "緯度": 39.660055, "経度": 141.154684, "url": "https://www.iryou.teikyouseido.mhlw.go.jp/znk-web/juminkanja/S2430/initialize?prefCd=03&kikanCd=03500647&kikanKbn=nan", "url2": "https://www.nanohana-ph.jp/shop/touhoku/iwate/morioka/tsushida.php", "内容": "なの花薬局津志田店0岩手県盛岡市津志田中央二丁目１８ー２３" }, "geometry": { "type": "Point", "coordinates": [ 141.154684, 39.660055 ] } },
{ "type": "Feature", "properties": { "ID": 3503500652, "正式名称": "そうごう薬局　高田店", "機関区分": 5, "都道府県コード": 3, "市区町村コード": 210, "所在地": "岩手県陸前高田市高田町字太田５１２ー３", "緯度": 39.01565, "経度": 141.62874, "url": "https://www.iryou.teikyouseido.mhlw.go.jp/znk-web/juminkanja/S2430/initialize?prefCd=03&kikanCd=03500652&kikanKbn=nan", "url2": "www.sogo-medical.co.jp", "内容": "そうごう薬局　高田店0岩手県陸前高田市高田町字太田５１２ー３" }, "geometry": { "type": "Point", "coordinates": [ 141.62874, 39.01565 ] } },
{ "type": "Feature", "properties": { "ID": 3503500655, "正式名称": "イオン薬局盛岡南店", "機関区分": 5, "都道府県コード": 3, "市区町村コード": 201, "所在地": "岩手県盛岡市本宮七丁目１番１号", "緯度": 39.683167, "経度": 141.127479, "url": "https://www.iryou.teikyouseido.mhlw.go.jp/znk-web/juminkanja/S2430/initialize?prefCd=03&kikanCd=03500655&kikanKbn=nan", "url2": null, "内容": "イオン薬局盛岡南店0岩手県盛岡市本宮七丁目１番１号" }, "geometry": { "type": "Point", "coordinates": [ 141.127479, 39.683167 ] } },
{ "type": "Feature", "properties": { "ID": 3503500656, "正式名称": "リリィ薬局　藤沢店", "機関区分": 5, "都道府県コード": 3, "市区町村コード": 209, "所在地": "岩手県一関市藤沢町藤沢字町裏１８０－２", "緯度": 38.857908, "経度": 141.349221, "url": "https://www.iryou.teikyouseido.mhlw.go.jp/znk-web/juminkanja/S2430/initialize?prefCd=03&kikanCd=03500656&kikanKbn=nan", "url2": "http://www.shpe.co.jp", "内容": "リリィ薬局　藤沢店0岩手県一関市藤沢町藤沢字町裏１８０－２" }, "geometry": { "type": "Point", "coordinates": [ 141.349221, 38.857908 ] } },
{ "type": "Feature", "properties": { "ID": 3503500657, "正式名称": "ひだまり薬局", "機関区分": 5, "都道府県コード": 3, "市区町村コード": 201, "所在地": "岩手県盛岡市本宮５ー１－１", "緯度": 39.69261, "経度": 141.123416, "url": "https://www.iryou.teikyouseido.mhlw.go.jp/znk-web/juminkanja/S2430/initialize?prefCd=03&kikanCd=03500657&kikanKbn=nan", "url2": null, "内容": "ひだまり薬局0岩手県盛岡市本宮５ー１－１" }, "geometry": { "type": "Point", "coordinates": [ 141.123416, 39.69261 ] } },
{ "type": "Feature", "properties": { "ID": 3503500661, "正式名称": "はだ調剤薬局", "機関区分": 5, "都道府県コード": 3, "市区町村コード": 215, "所在地": "岩手県奥州市水沢羽田町久保１１", "緯度": 39.14301, "経度": 141.1834, "url": "https://www.iryou.teikyouseido.mhlw.go.jp/znk-web/juminkanja/S2430/initialize?prefCd=03&kikanCd=03500661&kikanKbn=nan", "url2": null, "内容": "はだ調剤薬局0岩手県奥州市水沢羽田町久保１１" }, "geometry": { "type": "Point", "coordinates": [ 141.1834, 39.14301 ] } },
{ "type": "Feature", "properties": { "ID": 3503500664, "正式名称": "とうごう薬局大船渡店", "機関区分": 5, "都道府県コード": 3, "市区町村コード": 203, "所在地": "岩手県大船渡市猪川町字前田１０―１９", "緯度": 39.096634, "経度": 141.705844, "url": "https://www.iryou.teikyouseido.mhlw.go.jp/znk-web/juminkanja/S2430/initialize?prefCd=03&kikanCd=03500664&kikanKbn=nan", "url2": "lots.co.jp", "内容": "とうごう薬局大船渡店0岩手県大船渡市猪川町字前田１０―１９" }, "geometry": { "type": "Point", "coordinates": [ 141.705844, 39.096634 ] } },
{ "type": "Feature", "properties": { "ID": 3503500666, "正式名称": "月が丘薬局", "機関区分": 5, "都道府県コード": 3, "市区町村コード": 201, "所在地": "岩手県盛岡市月が丘一丁目２９番７号", "緯度": 39.733242, "経度": 141.113539, "url": "https://www.iryou.teikyouseido.mhlw.go.jp/znk-web/juminkanja/S2430/initialize?prefCd=03&kikanCd=03500666&kikanKbn=nan", "url2": "http://www.lively-pharma.jp/", "内容": "月が丘薬局0岩手県盛岡市月が丘一丁目２９番７号" }, "geometry": { "type": "Point", "coordinates": [ 141.113539, 39.733242 ] } },
{ "type": "Feature", "properties": { "ID": 3503500670, "正式名称": "みずほ薬局月が丘", "機関区分": 5, "都道府県コード": 3, "市区町村コード": 201, "所在地": "岩手県盛岡市月が丘１－２９－１６", "緯度": 39.733946, "経度": 141.11319, "url": "https://www.iryou.teikyouseido.mhlw.go.jp/znk-web/juminkanja/S2430/initialize?prefCd=03&kikanCd=03500670&kikanKbn=nan", "url2": null, "内容": "みずほ薬局月が丘0岩手県盛岡市月が丘１－２９－１６" }, "geometry": { "type": "Point", "coordinates": [ 141.11319, 39.733946 ] } },
{ "type": "Feature", "properties": { "ID": 3503500671, "正式名称": "及川薬局けいとく店", "機関区分": 5, "都道府県コード": 3, "市区町村コード": 215, "所在地": "岩手県奥州市水沢佐倉河字慶徳２６番地２", "緯度": 39.162163, "経度": 141.13037, "url": "https://www.iryou.teikyouseido.mhlw.go.jp/znk-web/juminkanja/S2430/initialize?prefCd=03&kikanCd=03500671&kikanKbn=nan", "url2": "http://www.oikawa-ph.com/", "内容": "及川薬局けいとく店0岩手県奥州市水沢佐倉河字慶徳２６番地２" }, "geometry": { "type": "Point", "coordinates": [ 141.13037, 39.162163 ] } },
{ "type": "Feature", "properties": { "ID": 3503500672, "正式名称": "ヨシダ調剤薬局", "機関区分": 5, "都道府県コード": 3, "市区町村コード": 201, "所在地": "岩手県盛岡市天神町１１－４", "緯度": 39.704066, "経度": 141.165702, "url": "https://www.iryou.teikyouseido.mhlw.go.jp/znk-web/juminkanja/S2430/initialize?prefCd=03&kikanCd=03500672&kikanKbn=nan", "url2": null, "内容": "ヨシダ調剤薬局0岩手県盛岡市天神町１１－４" }, "geometry": { "type": "Point", "coordinates": [ 141.165702, 39.704066 ] } },
{ "type": "Feature", "properties": { "ID": 3503500673, "正式名称": "リリィ薬局水沢店", "機関区分": 5, "都道府県コード": 3, "市区町村コード": 215, "所在地": "岩手県奥州市水沢真城字杉山下７０番地３", "緯度": 39.12719, "経度": 141.148015, "url": "https://www.iryou.teikyouseido.mhlw.go.jp/znk-web/juminkanja/S2430/initialize?prefCd=03&kikanCd=03500673&kikanKbn=nan", "url2": "https://ship-ph.co.jp", "内容": "リリィ薬局水沢店0岩手県奥州市水沢真城字杉山下７０番地３" }, "geometry": { "type": "Point", "coordinates": [ 141.148015, 39.12719 ] } },
{ "type": "Feature", "properties": { "ID": 3503500674, "正式名称": "そうごう薬局　盛岡つなぎ店", "機関区分": 5, "都道府県コード": 3, "市区町村コード": 201, "所在地": "岩手県盛岡市繋字尾入野６４－９", "緯度": 39.689069, "経度": 141.024204, "url": "https://www.iryou.teikyouseido.mhlw.go.jp/znk-web/juminkanja/S2430/initialize?prefCd=03&kikanCd=03500674&kikanKbn=nan", "url2": "https://www.sogo-medical.co.jp/sp/sogopharmacy/shop/view/324", "内容": "そうごう薬局　盛岡つなぎ店0岩手県盛岡市繋字尾入野６４－９" }, "geometry": { "type": "Point", "coordinates": [ 141.024204, 39.689069 ] } },
{ "type": "Feature", "properties": { "ID": 3503500675, "正式名称": "天神町薬局", "機関区分": 5, "都道府県コード": 3, "市区町村コード": 201, "所在地": "岩手県盛岡市天神町８－２４", "緯度": 39.704372, "経度": 141.165463, "url": "https://www.iryou.teikyouseido.mhlw.go.jp/znk-web/juminkanja/S2430/initialize?prefCd=03&kikanCd=03500675&kikanKbn=nan", "url2": "https://www.tenjin-cho.com/", "内容": "天神町薬局0岩手県盛岡市天神町８－２４" }, "geometry": { "type": "Point", "coordinates": [ 141.165463, 39.704372 ] } },
{ "type": "Feature", "properties": { "ID": 3503500680, "正式名称": "つくし薬局　江釣子店", "機関区分": 5, "都道府県コード": 3, "市区町村コード": 206, "所在地": "岩手県北上市上江釣子１５地割１３５ー３", "緯度": 39.299799, "経度": 141.078692, "url": "https://www.iryou.teikyouseido.mhlw.go.jp/znk-web/juminkanja/S2430/initialize?prefCd=03&kikanCd=03500680&kikanKbn=nan", "url2": "https://294ph.com/pharmacy/2662/", "内容": "つくし薬局　江釣子店0岩手県北上市上江釣子１５地割１３５ー３" }, "geometry": { "type": "Point", "coordinates": [ 141.078692, 39.299799 ] } },
{ "type": "Feature", "properties": { "ID": 3503500681, "正式名称": "アイン薬局　浄法寺店", "機関区分": 5, "都道府県コード": 3, "市区町村コード": 213, "所在地": "岩手県二戸市浄法寺町樋田１６２－１", "緯度": 40.185085, "経度": 141.155963, "url": "https://www.iryou.teikyouseido.mhlw.go.jp/znk-web/juminkanja/S2430/initialize?prefCd=03&kikanCd=03500681&kikanKbn=nan", "url2": "https://www.ainj.co.jp/network/detail.html?pdid=927", "内容": "アイン薬局　浄法寺店0岩手県二戸市浄法寺町樋田１６２－１" }, "geometry": { "type": "Point", "coordinates": [ 141.155963, 40.185085 ] } },
{ "type": "Feature", "properties": { "ID": 3503500682, "正式名称": "かえで薬局", "機関区分": 5, "都道府県コード": 3, "市区町村コード": 206, "所在地": "岩手県北上市本通り１丁目５番４号", "緯度": 39.286158, "経度": 141.114242, "url": "https://www.iryou.teikyouseido.mhlw.go.jp/znk-web/juminkanja/S2430/initialize?prefCd=03&kikanCd=03500682&kikanKbn=nan", "url2": null, "内容": "かえで薬局0岩手県北上市本通り１丁目５番４号" }, "geometry": { "type": "Point", "coordinates": [ 141.114242, 39.286158 ] } },
{ "type": "Feature", "properties": { "ID": 3503500683, "正式名称": "せいりゅう薬局", "機関区分": 5, "都道府県コード": 3, "市区町村コード": 201, "所在地": "岩手県盛岡市紺屋町６ー２４藤井ビル１０２号", "緯度": 39.70337, "経度": 141.157561, "url": "https://www.iryou.teikyouseido.mhlw.go.jp/znk-web/juminkanja/S2430/initialize?prefCd=03&kikanCd=03500683&kikanKbn=nan", "url2": null, "内容": "せいりゅう薬局0岩手県盛岡市紺屋町６ー２４藤井ビル１０２号" }, "geometry": { "type": "Point", "coordinates": [ 141.157561, 39.70337 ] } },
{ "type": "Feature", "properties": { "ID": 3503500684, "正式名称": "リリィ薬局盛岡北店", "機関区分": 5, "都道府県コード": 3, "市区町村コード": 201, "所在地": "岩手県盛岡市上堂２丁目４ー１１", "緯度": 39.72581, "経度": 141.119572, "url": "https://www.iryou.teikyouseido.mhlw.go.jp/znk-web/juminkanja/S2430/initialize?prefCd=03&kikanCd=03500684&kikanKbn=nan", "url2": "https://ship-ph.co.jp/", "内容": "リリィ薬局盛岡北店0岩手県盛岡市上堂２丁目４ー１１" }, "geometry": { "type": "Point", "coordinates": [ 141.119572, 39.72581 ] } },
{ "type": "Feature", "properties": { "ID": 3503500685, "正式名称": "スマイル薬局", "機関区分": 5, "都道府県コード": 3, "市区町村コード": 214, "所在地": "岩手県八幡平市大更２１－７９－１", "緯度": 39.9125114, "経度": 141.0960776, "url": "https://www.iryou.teikyouseido.mhlw.go.jp/znk-web/juminkanja/S2430/initialize?prefCd=03&kikanCd=03500685&kikanKbn=nan", "url2": "http://www.luckybag.co.jp/", "内容": "スマイル薬局0岩手県八幡平市大更２１－７９－１" }, "geometry": { "type": "Point", "coordinates": [ 141.0960776, 39.9125114 ] } },
{ "type": "Feature", "properties": { "ID": 3503500687, "正式名称": "しずくいし中央薬局", "機関区分": 5, "都道府県コード": 3, "市区町村コード": 301, "所在地": "岩手県岩手郡雫石町万田渡７４番地１９号", "緯度": 39.696629, "経度": 140.969673, "url": "https://www.iryou.teikyouseido.mhlw.go.jp/znk-web/juminkanja/S2430/initialize?prefCd=03&kikanCd=03500687&kikanKbn=nan", "url2": null, "内容": "しずくいし中央薬局0岩手県岩手郡雫石町万田渡７４番地１９号" }, "geometry": { "type": "Point", "coordinates": [ 140.969673, 39.696629 ] } },
{ "type": "Feature", "properties": { "ID": 3503500688, "正式名称": "ひかり薬局", "機関区分": 5, "都道府県コード": 3, "市区町村コード": 216, "所在地": "岩手県滝沢市野沢６２－１２６", "緯度": 39.798991, "経度": 141.143763, "url": "https://www.iryou.teikyouseido.mhlw.go.jp/znk-web/juminkanja/S2430/initialize?prefCd=03&kikanCd=03500688&kikanKbn=nan", "url2": "https://wing-pharmacy.com/", "内容": "ひかり薬局0岩手県滝沢市野沢６２－１２６" }, "geometry": { "type": "Point", "coordinates": [ 141.143763, 39.798991 ] } },
{ "type": "Feature", "properties": { "ID": 3503500689, "正式名称": "銀河薬局　北上店", "機関区分": 5, "都道府県コード": 3, "市区町村コード": 206, "所在地": "岩手県北上市しらゆり３番７号", "緯度": 39.288961, "経度": 141.101025, "url": "https://www.iryou.teikyouseido.mhlw.go.jp/znk-web/juminkanja/S2430/initialize?prefCd=03&kikanCd=03500689&kikanKbn=nan", "url2": "http://www.sano-ph.co.jp/ginga/index.html", "内容": "銀河薬局　北上店0岩手県北上市しらゆり３番７号" }, "geometry": { "type": "Point", "coordinates": [ 141.101025, 39.288961 ] } },
{ "type": "Feature", "properties": { "ID": 3503500691, "正式名称": "みのり薬局", "機関区分": 5, "都道府県コード": 3, "市区町村コード": 214, "所在地": "岩手県八幡平市大更第２４地割２９番地１０", "緯度": 39.914333, "経度": 141.091809, "url": "https://www.iryou.teikyouseido.mhlw.go.jp/znk-web/juminkanja/S2430/initialize?prefCd=03&kikanCd=03500691&kikanKbn=nan", "url2": "http://www.lively-pharma.jp/", "内容": "みのり薬局0岩手県八幡平市大更第２４地割２９番地１０" }, "geometry": { "type": "Point", "coordinates": [ 141.091809, 39.914333 ] } },
{ "type": "Feature", "properties": { "ID": 3503500692, "正式名称": "川又薬局", "機関区分": 5, "都道府県コード": 3, "市区町村コード": 213, "所在地": "岩手県二戸市福岡字川又６番１号", "緯度": 40.270362, "経度": 141.303911, "url": "https://www.iryou.teikyouseido.mhlw.go.jp/znk-web/juminkanja/S2430/initialize?prefCd=03&kikanCd=03500692&kikanKbn=nan", "url2": "http://www.luckybag.co.jp/", "内容": "川又薬局0岩手県二戸市福岡字川又６番１号" }, "geometry": { "type": "Point", "coordinates": [ 141.303911, 40.270362 ] } },
{ "type": "Feature", "properties": { "ID": 3503500693, "正式名称": "しおかぜ調剤薬局", "機関区分": 5, "都道府県コード": 3, "市区町村コード": 211, "所在地": "岩手県釜石市天神町１ー６", "緯度": 39.276525, "経度": 141.883305, "url": "https://www.iryou.teikyouseido.mhlw.go.jp/znk-web/juminkanja/S2430/initialize?prefCd=03&kikanCd=03500693&kikanKbn=nan", "url2": null, "内容": "しおかぜ調剤薬局0岩手県釜石市天神町１ー６" }, "geometry": { "type": "Point", "coordinates": [ 141.883305, 39.276525 ] } },
{ "type": "Feature", "properties": { "ID": 3503500694, "正式名称": "中央調剤薬局", "機関区分": 5, "都道府県コード": 3, "市区町村コード": 213, "所在地": "岩手県二戸市堀野７－６", "緯度": 40.291916, "経度": 141.296202, "url": "https://www.iryou.teikyouseido.mhlw.go.jp/znk-web/juminkanja/S2430/initialize?prefCd=03&kikanCd=03500694&kikanKbn=nan", "url2": "http://www.akb-y.co.jp", "内容": "中央調剤薬局0岩手県二戸市堀野７－６" }, "geometry": { "type": "Point", "coordinates": [ 141.296202, 40.291916 ] } },
{ "type": "Feature", "properties": { "ID": 3503500696, "正式名称": "三ツ割薬局", "機関区分": 5, "都道府県コード": 3, "市区町村コード": 201, "所在地": "岩手県盛岡市三ツ割５丁目７ー１５", "緯度": 39.727753, "経度": 141.160333, "url": "https://www.iryou.teikyouseido.mhlw.go.jp/znk-web/juminkanja/S2430/initialize?prefCd=03&kikanCd=03500696&kikanKbn=nan", "url2": null, "内容": "三ツ割薬局0岩手県盛岡市三ツ割５丁目７ー１５" }, "geometry": { "type": "Point", "coordinates": [ 141.160333, 39.727753 ] } },
{ "type": "Feature", "properties": { "ID": 3503500698, "正式名称": "あおば薬局", "機関区分": 5, "都道府県コード": 3, "市区町村コード": 215, "所在地": "岩手県奥州市水沢大畑小路１０９－１", "緯度": 39.140424, "経度": 141.136943, "url": "https://www.iryou.teikyouseido.mhlw.go.jp/znk-web/juminkanja/S2430/initialize?prefCd=03&kikanCd=03500698&kikanKbn=nan", "url2": null, "内容": "あおば薬局0岩手県奥州市水沢大畑小路１０９－１" }, "geometry": { "type": "Point", "coordinates": [ 141.136943, 39.140424 ] } },
{ "type": "Feature", "properties": { "ID": 3503500702, "正式名称": "キセキレイ薬局", "機関区分": 5, "都道府県コード": 3, "市区町村コード": 206, "所在地": "岩手県北上市上江釣子１５－５７－２", "緯度": 39.297289, "経度": 141.081181, "url": "https://www.iryou.teikyouseido.mhlw.go.jp/znk-web/juminkanja/S2430/initialize?prefCd=03&kikanCd=03500702&kikanKbn=nan", "url2": "http://kisekirei.meron-net.jp/", "内容": "キセキレイ薬局0岩手県北上市上江釣子１５－５７－２" }, "geometry": { "type": "Point", "coordinates": [ 141.081181, 39.297289 ] } },
{ "type": "Feature", "properties": { "ID": 3503500703, "正式名称": "つくし薬局　一戸店", "機関区分": 5, "都道府県コード": 3, "市区町村コード": 524, "所在地": "岩手県二戸郡一戸町一戸字向町１０９ー２", "緯度": 40.215741, "経度": 141.301092, "url": "https://www.iryou.teikyouseido.mhlw.go.jp/znk-web/juminkanja/S2430/initialize?prefCd=03&kikanCd=03500703&kikanKbn=nan", "url2": "http://www.294ph.com/", "内容": "つくし薬局　一戸店0岩手県二戸郡一戸町一戸字向町１０９ー２" }, "geometry": { "type": "Point", "coordinates": [ 141.301092, 40.215741 ] } },
{ "type": "Feature", "properties": { "ID": 3503500704, "正式名称": "そうごう薬局　盛岡中央通店", "機関区分": 5, "都道府県コード": 3, "市区町村コード": 201, "所在地": "岩手県盛岡市中央通２－２－５　甲南アセット盛岡ビル１階", "緯度": 39.704913, "経度": 141.146274, "url": "https://www.iryou.teikyouseido.mhlw.go.jp/znk-web/juminkanja/S2430/initialize?prefCd=03&kikanCd=03500704&kikanKbn=nan", "url2": "https://www.sogo-pharmacy.jp/", "内容": "そうごう薬局　盛岡中央通店0岩手県盛岡市中央通２－２－５　甲南アセット盛岡ビル１階" }, "geometry": { "type": "Point", "coordinates": [ 141.146274, 39.704913 ] } },
{ "type": "Feature", "properties": { "ID": 3503500705, "正式名称": "さくらの調剤薬局", "機関区分": 5, "都道府県コード": 3, "市区町村コード": 201, "所在地": "岩手県盛岡市本宮一丁目８ー４", "緯度": 39.690698, "経度": 141.143695, "url": "https://www.iryou.teikyouseido.mhlw.go.jp/znk-web/juminkanja/S2430/initialize?prefCd=03&kikanCd=03500705&kikanKbn=nan", "url2": null, "内容": "さくらの調剤薬局0岩手県盛岡市本宮一丁目８ー４" }, "geometry": { "type": "Point", "coordinates": [ 141.143695, 39.690698 ] } },
{ "type": "Feature", "properties": { "ID": 3503500707, "正式名称": "銀河薬局開運橋店", "機関区分": 5, "都道府県コード": 3, "市区町村コード": 201, "所在地": "岩手県盛岡市大通三丁目９番３号", "緯度": 39.702819, "経度": 141.140396, "url": "https://www.iryou.teikyouseido.mhlw.go.jp/znk-web/juminkanja/S2430/initialize?prefCd=03&kikanCd=03500707&kikanKbn=nan", "url2": "https://www.sano-ph.co.jp/stores/iwate/morioka-city/ginga-kaiun/", "内容": "銀河薬局開運橋店0岩手県盛岡市大通三丁目９番３号" }, "geometry": { "type": "Point", "coordinates": [ 141.140396, 39.702819 ] } },
{ "type": "Feature", "properties": { "ID": 3503500711, "正式名称": "なでしこ薬局", "機関区分": 5, "都道府県コード": 3, "市区町村コード": 209, "所在地": "岩手県一関市銅谷町２－９", "緯度": 38.933287, "経度": 141.126032, "url": "https://www.iryou.teikyouseido.mhlw.go.jp/znk-web/juminkanja/S2430/initialize?prefCd=03&kikanCd=03500711&kikanKbn=nan", "url2": null, "内容": "なでしこ薬局0岩手県一関市銅谷町２－９" }, "geometry": { "type": "Point", "coordinates": [ 141.126032, 38.933287 ] } },
{ "type": "Feature", "properties": { "ID": 3503500712, "正式名称": "にいさと調剤薬局", "機関区分": 5, "都道府県コード": 3, "市区町村コード": 202, "所在地": "岩手県宮古市茂市第１地割１１５－４", "緯度": 39.628882, "経度": 141.786549, "url": "https://www.iryou.teikyouseido.mhlw.go.jp/znk-web/juminkanja/S2430/initialize?prefCd=03&kikanCd=03500712&kikanKbn=nan", "url2": "https://www.aba-kamu.com/niisato-store", "内容": "にいさと調剤薬局0岩手県宮古市茂市第１地割１１５－４" }, "geometry": { "type": "Point", "coordinates": [ 141.786549, 39.628882 ] } },
{ "type": "Feature", "properties": { "ID": 3503500714, "正式名称": "あじさい薬局", "機関区分": 5, "都道府県コード": 3, "市区町村コード": 209, "所在地": "岩手県一関市舞川字中里６６－１４", "緯度": 38.976781, "経度": 141.205567, "url": "https://www.iryou.teikyouseido.mhlw.go.jp/znk-web/juminkanja/S2430/initialize?prefCd=03&kikanCd=03500714&kikanKbn=nan", "url2": "http://www.s-hakutakukai.jp", "内容": "あじさい薬局0岩手県一関市舞川字中里６６－１４" }, "geometry": { "type": "Point", "coordinates": [ 141.205567, 38.976781 ] } },
{ "type": "Feature", "properties": { "ID": 3503500715, "正式名称": "そうごう薬局　盛岡中央通西店", "機関区分": 5, "都道府県コード": 3, "市区町村コード": 201, "所在地": "岩手県盛岡市中央通３－１６－１５", "緯度": 39.705736, "経度": 141.146069, "url": "https://www.iryou.teikyouseido.mhlw.go.jp/znk-web/juminkanja/S2430/initialize?prefCd=03&kikanCd=03500715&kikanKbn=nan", "url2": "http://www.sogo-medical.co.jp/", "内容": "そうごう薬局　盛岡中央通西店0岩手県盛岡市中央通３－１６－１５" }, "geometry": { "type": "Point", "coordinates": [ 141.146069, 39.705736 ] } },
{ "type": "Feature", "properties": { "ID": 3503500716, "正式名称": "つくし薬局千厩店", "機関区分": 5, "都道府県コード": 3, "市区町村コード": 209, "所在地": "岩手県一関市千厩町千厩字石堂１３－１３", "緯度": 38.921408, "経度": 141.343916, "url": "https://www.iryou.teikyouseido.mhlw.go.jp/znk-web/juminkanja/S2430/initialize?prefCd=03&kikanCd=03500716&kikanKbn=nan", "url2": "http://www.294ph.com/", "内容": "つくし薬局千厩店0岩手県一関市千厩町千厩字石堂１３－１３" }, "geometry": { "type": "Point", "coordinates": [ 141.343916, 38.921408 ] } },
{ "type": "Feature", "properties": { "ID": 3503500717, "正式名称": "つくし薬局　沼宮内駅前店", "機関区分": 5, "都道府県コード": 3, "市区町村コード": 303, "所在地": "岩手県岩手郡岩手町大字江刈内７ー１０ー３", "緯度": 39.955686, "経度": 141.265233, "url": "https://www.iryou.teikyouseido.mhlw.go.jp/znk-web/juminkanja/S2430/initialize?prefCd=03&kikanCd=03500717&kikanKbn=nan", "url2": "http://www.294ph.com/", "内容": "つくし薬局　沼宮内駅前店0岩手県岩手郡岩手町大字江刈内７ー１０ー３" }, "geometry": { "type": "Point", "coordinates": [ 141.265233, 39.955686 ] } },
{ "type": "Feature", "properties": { "ID": 3503500718, "正式名称": "アイセイ薬局　滝沢店", "機関区分": 5, "都道府県コード": 3, "市区町村コード": 216, "所在地": "岩手県滝沢市穴口３２３－３", "緯度": 39.731737, "経度": 141.100853, "url": "https://www.iryou.teikyouseido.mhlw.go.jp/znk-web/juminkanja/S2430/initialize?prefCd=03&kikanCd=03500718&kikanKbn=nan", "url2": "http://www.aisei.co.jp/", "内容": "アイセイ薬局　滝沢店0岩手県滝沢市穴口３２３－３" }, "geometry": { "type": "Point", "coordinates": [ 141.100853, 39.731737 ] } },
{ "type": "Feature", "properties": { "ID": 3503500720, "正式名称": "みずほ薬局　オガール店", "機関区分": 5, "都道府県コード": 3, "市区町村コード": 321, "所在地": "岩手県紫波郡紫波町紫波中央駅前２－３－１２オガールベースイースト棟１階", "緯度": 39.5547159, "経度": 141.1574218, "url": "https://www.iryou.teikyouseido.mhlw.go.jp/znk-web/juminkanja/S2430/initialize?prefCd=03&kikanCd=03500720&kikanKbn=nan", "url2": null, "内容": "みずほ薬局　オガール店0岩手県紫波郡紫波町紫波中央駅前２－３－１２オガールベースイースト棟１階" }, "geometry": { "type": "Point", "coordinates": [ 141.1574218, 39.5547159 ] } },
{ "type": "Feature", "properties": { "ID": 3503500722, "正式名称": "西和賀すみれ薬局", "機関区分": 5, "都道府県コード": 3, "市区町村コード": 366, "所在地": "岩手県和賀郡西和賀町沢内字大野１３ー３ー２２", "緯度": 39.371655, "経度": 140.761308, "url": "https://www.iryou.teikyouseido.mhlw.go.jp/znk-web/juminkanja/S2430/initialize?prefCd=03&kikanCd=03500722&kikanKbn=nan", "url2": "https://www.h2-corde.jp/", "内容": "西和賀すみれ薬局0岩手県和賀郡西和賀町沢内字大野１３ー３ー２２" }, "geometry": { "type": "Point", "coordinates": [ 140.761308, 39.371655 ] } },
{ "type": "Feature", "properties": { "ID": 3503500723, "正式名称": "とんぼ薬局", "機関区分": 5, "都道府県コード": 3, "市区町村コード": 206, "所在地": "岩手県北上市上野町五丁目１番１４号", "緯度": 39.298405, "経度": 141.129145, "url": "https://www.iryou.teikyouseido.mhlw.go.jp/znk-web/juminkanja/S2430/initialize?prefCd=03&kikanCd=03500723&kikanKbn=nan", "url2": "http://www.lively-pharma.jp/", "内容": "とんぼ薬局0岩手県北上市上野町五丁目１番１４号" }, "geometry": { "type": "Point", "coordinates": [ 141.129145, 39.298405 ] } },
{ "type": "Feature", "properties": { "ID": 3503500725, "正式名称": "アイン薬局東山町店", "機関区分": 5, "都道府県コード": 3, "市区町村コード": 209, "所在地": "岩手県一関市東山町長坂３８８", "緯度": 38.990559, "経度": 141.254139, "url": "https://www.iryou.teikyouseido.mhlw.go.jp/znk-web/juminkanja/S2430/initialize?prefCd=03&kikanCd=03500725&kikanKbn=nan", "url2": "http://www.ainj.co.jp/network/ainpharmaciez/ap0405.html", "内容": "アイン薬局東山町店0岩手県一関市東山町長坂３８８" }, "geometry": { "type": "Point", "coordinates": [ 141.254139, 38.990559 ] } },
{ "type": "Feature", "properties": { "ID": 3503500726, "正式名称": "ツルハ薬局盛岡向中野店", "機関区分": 5, "都道府県コード": 3, "市区町村コード": 201, "所在地": "岩手県盛岡市向中野５丁目２１－２０", "緯度": 39.677267, "経度": 141.139723, "url": "https://www.iryou.teikyouseido.mhlw.go.jp/znk-web/juminkanja/S2430/initialize?prefCd=03&kikanCd=03500726&kikanKbn=nan", "url2": "http://www.tsuruha.co.jp/", "内容": "ツルハ薬局盛岡向中野店0岩手県盛岡市向中野５丁目２１－２０" }, "geometry": { "type": "Point", "coordinates": [ 141.139723, 39.677267 ] } },
{ "type": "Feature", "properties": { "ID": 3503500729, "正式名称": "クローバー薬局飯岡店", "機関区分": 5, "都道府県コード": 3, "市区町村コード": 482, "所在地": "岩手県下閉伊郡山田町飯岡９－３７－１４", "緯度": 39.467078, "経度": 141.945361, "url": "https://www.iryou.teikyouseido.mhlw.go.jp/znk-web/juminkanja/S2430/initialize?prefCd=03&kikanCd=03500729&kikanKbn=nan", "url2": null, "内容": "クローバー薬局飯岡店0岩手県下閉伊郡山田町飯岡９－３７－１４" }, "geometry": { "type": "Point", "coordinates": [ 141.945361, 39.467078 ] } },
{ "type": "Feature", "properties": { "ID": 3503500732, "正式名称": "エキナカ薬局ＰｈａｒｍａーＬａｂｏ", "機関区分": 5, "都道府県コード": 3, "市区町村コード": 201, "所在地": "岩手県盛岡市盛岡駅前通１－４４", "緯度": 39.702771, "経度": 141.135754, "url": "https://www.iryou.teikyouseido.mhlw.go.jp/znk-web/juminkanja/S2430/initialize?prefCd=03&kikanCd=03500732&kikanKbn=nan", "url2": "http://www.pharma-labo.co.jp/dep_ekinaka.html", "内容": "エキナカ薬局ＰｈａｒｍａーＬａｂｏ0岩手県盛岡市盛岡駅前通１－４４" }, "geometry": { "type": "Point", "coordinates": [ 141.135754, 39.702771 ] } },
{ "type": "Feature", "properties": { "ID": 3503500733, "正式名称": "あかり薬局太日通り店", "機関区分": 5, "都道府県コード": 3, "市区町村コード": 215, "所在地": "岩手県奥州市水沢太日通り二丁目６番３３号", "緯度": 39.137215, "経度": 141.151382, "url": "https://www.iryou.teikyouseido.mhlw.go.jp/znk-web/juminkanja/S2430/initialize?prefCd=03&kikanCd=03500733&kikanKbn=nan", "url2": null, "内容": "あかり薬局太日通り店0岩手県奥州市水沢太日通り二丁目６番３３号" }, "geometry": { "type": "Point", "coordinates": [ 141.151382, 39.137215 ] } },
{ "type": "Feature", "properties": { "ID": 3503500735, "正式名称": "調剤薬局ツルハドラッグ高田北店", "機関区分": 5, "都道府県コード": 3, "市区町村コード": 210, "所在地": "岩手県陸前高田市竹駒町滝の里１５－１", "緯度": 39.032139, "経度": 141.618727, "url": "https://www.iryou.teikyouseido.mhlw.go.jp/znk-web/juminkanja/S2430/initialize?prefCd=03&kikanCd=03500735&kikanKbn=nan", "url2": "http://www.tsuruha.co.jp", "内容": "調剤薬局ツルハドラッグ高田北店0岩手県陸前高田市竹駒町滝の里１５－１" }, "geometry": { "type": "Point", "coordinates": [ 141.618727, 39.032139 ] } },
{ "type": "Feature", "properties": { "ID": 3503500736, "正式名称": "ミモザ薬局", "機関区分": 5, "都道府県コード": 3, "市区町村コード": 216, "所在地": "岩手県滝沢市高屋敷平１１ー４０", "緯度": 39.748423, "経度": 141.091451, "url": "https://www.iryou.teikyouseido.mhlw.go.jp/znk-web/juminkanja/S2430/initialize?prefCd=03&kikanCd=03500736&kikanKbn=nan", "url2": "http://www.h2-corde.jp", "内容": "ミモザ薬局0岩手県滝沢市高屋敷平１１ー４０" }, "geometry": { "type": "Point", "coordinates": [ 141.091451, 39.748423 ] } },
{ "type": "Feature", "properties": { "ID": 3503500738, "正式名称": "アイン薬局江刺店", "機関区分": 5, "都道府県コード": 3, "市区町村コード": 215, "所在地": "岩手県奥州市江刺西大通り", "緯度": 39.196636, "経度": 141.17159, "url": "https://www.iryou.teikyouseido.mhlw.go.jp/znk-web/juminkanja/S2430/initialize?prefCd=03&kikanCd=03500738&kikanKbn=nan", "url2": "www.ainj.co.jp", "内容": "アイン薬局江刺店0岩手県奥州市江刺西大通り" }, "geometry": { "type": "Point", "coordinates": [ 141.17159, 39.196636 ] } },
{ "type": "Feature", "properties": { "ID": 3503500739, "正式名称": "アイン薬局大通中央店", "機関区分": 5, "都道府県コード": 3, "市区町村コード": 215, "所在地": "岩手県奥州市江刺大通り５－８", "緯度": 39.192105, "経度": 141.175885, "url": "https://www.iryou.teikyouseido.mhlw.go.jp/znk-web/juminkanja/S2430/initialize?prefCd=03&kikanCd=03500739&kikanKbn=nan", "url2": "http://www.ainj.co.jp/network/ainpharmaciez/ap0403.html", "内容": "アイン薬局大通中央店0岩手県奥州市江刺大通り５－８" }, "geometry": { "type": "Point", "coordinates": [ 141.175885, 39.192105 ] } },
{ "type": "Feature", "properties": { "ID": 3503500740, "正式名称": "あかり薬局川口町店", "機関区分": 5, "都道府県コード": 3, "市区町村コード": 215, "所在地": "岩手県奥州市水沢川口町２９番地１", "緯度": 39.14906, "経度": 141.14119, "url": "https://www.iryou.teikyouseido.mhlw.go.jp/znk-web/juminkanja/S2430/initialize?prefCd=03&kikanCd=03500740&kikanKbn=nan", "url2": null, "内容": "あかり薬局川口町店0岩手県奥州市水沢川口町２９番地１" }, "geometry": { "type": "Point", "coordinates": [ 141.14119, 39.14906 ] } },
{ "type": "Feature", "properties": { "ID": 3503500741, "正式名称": "のぞみ調剤薬局", "機関区分": 5, "都道府県コード": 3, "市区町村コード": 202, "所在地": "岩手県宮古市西町一丁目７番３２号", "緯度": 39.646457, "経度": 141.943565, "url": "https://www.iryou.teikyouseido.mhlw.go.jp/znk-web/juminkanja/S2430/initialize?prefCd=03&kikanCd=03500741&kikanKbn=nan", "url2": null, "内容": "のぞみ調剤薬局0岩手県宮古市西町一丁目７番３２号" }, "geometry": { "type": "Point", "coordinates": [ 141.943565, 39.646457 ] } },
{ "type": "Feature", "properties": { "ID": 3503500742, "正式名称": "カワチ薬局　花巻店", "機関区分": 5, "都道府県コード": 3, "市区町村コード": 205, "所在地": "岩手県花巻市上小舟渡３４４ー３", "緯度": 39.397344, "経度": 141.121652, "url": "https://www.iryou.teikyouseido.mhlw.go.jp/znk-web/juminkanja/S2430/initialize?prefCd=03&kikanCd=03500742&kikanKbn=nan", "url2": "https://www.cawachi.co.jp/", "内容": "カワチ薬局　花巻店0岩手県花巻市上小舟渡３４４ー３" }, "geometry": { "type": "Point", "coordinates": [ 141.121652, 39.397344 ] } },
{ "type": "Feature", "properties": { "ID": 3503500743, "正式名称": "つくし薬局　堀野店", "機関区分": 5, "都道府県コード": 3, "市区町村コード": 213, "所在地": "岩手県二戸市堀野字大川原毛５１ー４", "緯度": 40.302137, "経度": 141.305777, "url": "https://www.iryou.teikyouseido.mhlw.go.jp/znk-web/juminkanja/S2430/initialize?prefCd=03&kikanCd=03500743&kikanKbn=nan", "url2": "http://www.294ph.com", "内容": "つくし薬局　堀野店0岩手県二戸市堀野字大川原毛５１ー４" }, "geometry": { "type": "Point", "coordinates": [ 141.305777, 40.302137 ] } },
{ "type": "Feature", "properties": { "ID": 3503500744, "正式名称": "えびす調剤薬局", "機関区分": 5, "都道府県コード": 3, "市区町村コード": 205, "所在地": "岩手県花巻市石鳥谷八幡３－７６－１３", "緯度": 39.474011, "経度": 141.150882, "url": "https://www.iryou.teikyouseido.mhlw.go.jp/znk-web/juminkanja/S2430/initialize?prefCd=03&kikanCd=03500744&kikanKbn=nan", "url2": null, "内容": "えびす調剤薬局0岩手県花巻市石鳥谷八幡３－７６－１３" }, "geometry": { "type": "Point", "coordinates": [ 141.150882, 39.474011 ] } },
{ "type": "Feature", "properties": { "ID": 3503500745, "正式名称": "さくら通り薬局", "機関区分": 5, "都道府県コード": 3, "市区町村コード": 206, "所在地": "岩手県北上市さくら通り３ー３－１０", "緯度": 39.297799, "経度": 141.11587, "url": "https://www.iryou.teikyouseido.mhlw.go.jp/znk-web/juminkanja/S2430/initialize?prefCd=03&kikanCd=03500745&kikanKbn=nan", "url2": "http://bliss-pharm.co.jp/", "内容": "さくら通り薬局0岩手県北上市さくら通り３ー３－１０" }, "geometry": { "type": "Point", "coordinates": [ 141.11587, 39.297799 ] } },
{ "type": "Feature", "properties": { "ID": 3503500746, "正式名称": "つくし薬局本店", "機関区分": 5, "都道府県コード": 3, "市区町村コード": 461, "所在地": "岩手県上閉伊郡大槌町小鎚第２３地割字寺野２３番２", "緯度": 39.35857, "経度": 141.880811, "url": "https://www.iryou.teikyouseido.mhlw.go.jp/znk-web/juminkanja/S2430/initialize?prefCd=03&kikanCd=03500746&kikanKbn=nan", "url2": "http://www.294ph.com/", "内容": "つくし薬局本店0岩手県上閉伊郡大槌町小鎚第２３地割字寺野２３番２" }, "geometry": { "type": "Point", "coordinates": [ 141.880811, 39.35857 ] } },
{ "type": "Feature", "properties": { "ID": 3503500748, "正式名称": "せせらぎ薬局", "機関区分": 5, "都道府県コード": 3, "市区町村コード": 202, "所在地": "岩手県宮古市大通４－５－１０", "緯度": 39.640989, "経度": 141.947023, "url": "https://www.iryou.teikyouseido.mhlw.go.jp/znk-web/juminkanja/S2430/initialize?prefCd=03&kikanCd=03500748&kikanKbn=nan", "url2": null, "内容": "せせらぎ薬局0岩手県宮古市大通４－５－１０" }, "geometry": { "type": "Point", "coordinates": [ 141.947023, 39.640989 ] } },
{ "type": "Feature", "properties": { "ID": 3503500749, "正式名称": "アイン薬局　宮古山口店", "機関区分": 5, "都道府県コード": 3, "市区町村コード": 202, "所在地": "岩手県宮古市山口５－２９５－７", "緯度": 39.656214, "経度": 141.931748, "url": "https://www.iryou.teikyouseido.mhlw.go.jp/znk-web/juminkanja/S2430/initialize?prefCd=03&kikanCd=03500749&kikanKbn=nan", "url2": "http://www.ainj.co.jp/", "内容": "アイン薬局　宮古山口店0岩手県宮古市山口５－２９５－７" }, "geometry": { "type": "Point", "coordinates": [ 141.931748, 39.656214 ] } },
{ "type": "Feature", "properties": { "ID": 3503500752, "正式名称": "とちのき薬局", "機関区分": 5, "都道府県コード": 3, "市区町村コード": 206, "所在地": "岩手県北上市大通り３ー８ー１２", "緯度": 39.284945, "経度": 141.11213, "url": "https://www.iryou.teikyouseido.mhlw.go.jp/znk-web/juminkanja/S2430/initialize?prefCd=03&kikanCd=03500752&kikanKbn=nan", "url2": null, "内容": "とちのき薬局0岩手県北上市大通り３ー８ー１２" }, "geometry": { "type": "Point", "coordinates": [ 141.11213, 39.284945 ] } },
{ "type": "Feature", "properties": { "ID": 3503500753, "正式名称": "カワチ薬局　北上店", "機関区分": 5, "都道府県コード": 3, "市区町村コード": 206, "所在地": "岩手県北上市北鬼柳３２地割１５", "緯度": 39.285089, "経度": 141.105889, "url": "https://www.iryou.teikyouseido.mhlw.go.jp/znk-web/juminkanja/S2430/initialize?prefCd=03&kikanCd=03500753&kikanKbn=nan", "url2": "https://www.cawachi.co.jp/", "内容": "カワチ薬局　北上店0岩手県北上市北鬼柳３２地割１５" }, "geometry": { "type": "Point", "coordinates": [ 141.105889, 39.285089 ] } },
{ "type": "Feature", "properties": { "ID": 3503500755, "正式名称": "中田全快薬局", "機関区分": 5, "都道府県コード": 3, "市区町村コード": 201, "所在地": "岩手県盛岡市津志田西２－１６－８０", "緯度": 39.662786, "経度": 141.149429, "url": "https://www.iryou.teikyouseido.mhlw.go.jp/znk-web/juminkanja/S2430/initialize?prefCd=03&kikanCd=03500755&kikanKbn=nan", "url2": "http://www.nakata-zenkai.com", "内容": "中田全快薬局0岩手県盛岡市津志田西２－１６－８０" }, "geometry": { "type": "Point", "coordinates": [ 141.149429, 39.662786 ] } },
{ "type": "Feature", "properties": { "ID": 3503500757, "正式名称": "ミウラ薬局", "機関区分": 5, "都道府県コード": 3, "市区町村コード": 202, "所在地": "岩手県宮古市田老三王一丁目１－３－１", "緯度": 39.740819, "経度": 141.975857, "url": "https://www.iryou.teikyouseido.mhlw.go.jp/znk-web/juminkanja/S2430/initialize?prefCd=03&kikanCd=03500757&kikanKbn=nan", "url2": null, "内容": "ミウラ薬局0岩手県宮古市田老三王一丁目１－３－１" }, "geometry": { "type": "Point", "coordinates": [ 141.975857, 39.740819 ] } },
{ "type": "Feature", "properties": { "ID": 3503500758, "正式名称": "みどり薬局公園通り店", "機関区分": 5, "都道府県コード": 3, "市区町村コード": 215, "所在地": "岩手県奥州市水沢西上野町４－４", "緯度": 39.134383, "経度": 141.136221, "url": "https://www.iryou.teikyouseido.mhlw.go.jp/znk-web/juminkanja/S2430/initialize?prefCd=03&kikanCd=03500758&kikanKbn=nan", "url2": "http://midori-pharm.com/", "内容": "みどり薬局公園通り店0岩手県奥州市水沢西上野町４－４" }, "geometry": { "type": "Point", "coordinates": [ 141.136221, 39.134383 ] } },
{ "type": "Feature", "properties": { "ID": 3503500759, "正式名称": "山田調剤薬局", "機関区分": 5, "都道府県コード": 3, "市区町村コード": 482, "所在地": "岩手県下閉伊郡山田町飯岡第１地割２１番地２", "緯度": 39.457209, "経度": 141.951178, "url": "https://www.iryou.teikyouseido.mhlw.go.jp/znk-web/juminkanja/S2430/initialize?prefCd=03&kikanCd=03500759&kikanKbn=nan", "url2": "https://store.ainj.co.jp/detail/1100967/", "内容": "山田調剤薬局0岩手県下閉伊郡山田町飯岡第１地割２１番地２" }, "geometry": { "type": "Point", "coordinates": [ 141.951178, 39.457209 ] } },
{ "type": "Feature", "properties": { "ID": 3503500760, "正式名称": "調剤薬局ツルハドラッグ釜石店", "機関区分": 5, "都道府県コード": 3, "市区町村コード": 211, "所在地": "岩手県釜石市只越町２ー４ー１７", "緯度": 39.274577, "経度": 141.884121, "url": "https://www.iryou.teikyouseido.mhlw.go.jp/znk-web/juminkanja/S2430/initialize?prefCd=03&kikanCd=03500760&kikanKbn=nan", "url2": "http://www.tsuruha.co.jp", "内容": "調剤薬局ツルハドラッグ釜石店0岩手県釜石市只越町２ー４ー１７" }, "geometry": { "type": "Point", "coordinates": [ 141.884121, 39.274577 ] } },
{ "type": "Feature", "properties": { "ID": 3503500761, "正式名称": "リリィ薬局　高松店", "機関区分": 5, "都道府県コード": 3, "市区町村コード": 201, "所在地": "岩手県盛岡市高松三丁目９－１０", "緯度": 39.728044, "経度": 141.139653, "url": "https://www.iryou.teikyouseido.mhlw.go.jp/znk-web/juminkanja/S2430/initialize?prefCd=03&kikanCd=03500761&kikanKbn=nan", "url2": "https://ship-ph.co.jp/", "内容": "リリィ薬局　高松店0岩手県盛岡市高松三丁目９－１０" }, "geometry": { "type": "Point", "coordinates": [ 141.139653, 39.728044 ] } },
{ "type": "Feature", "properties": { "ID": 3503500763, "正式名称": "つくし薬局前沢店", "機関区分": 5, "都道府県コード": 3, "市区町村コード": 215, "所在地": "岩手県奥州市前沢二十人町４７番地", "緯度": 39.13961, "経度": 141.14473, "url": "https://www.iryou.teikyouseido.mhlw.go.jp/znk-web/juminkanja/S2430/initialize?prefCd=03&kikanCd=03500763&kikanKbn=nan", "url2": "http://www.294.ph.com", "内容": "つくし薬局前沢店0岩手県奥州市前沢二十人町４７番地" }, "geometry": { "type": "Point", "coordinates": [ 141.14473, 39.13961 ] } },
{ "type": "Feature", "properties": { "ID": 3503500764, "正式名称": "あかり薬局　新穀町店", "機関区分": 5, "都道府県コード": 3, "市区町村コード": 206, "所在地": "岩手県北上市新穀町２ー３ー２６", "緯度": 39.289213, "経度": 141.109855, "url": "https://www.iryou.teikyouseido.mhlw.go.jp/znk-web/juminkanja/S2430/initialize?prefCd=03&kikanCd=03500764&kikanKbn=nan", "url2": "https://www.kusurinomadoguchi.com/iwate/s804468", "内容": "あかり薬局　新穀町店0岩手県北上市新穀町２ー３ー２６" }, "geometry": { "type": "Point", "coordinates": [ 141.109855, 39.289213 ] } },
{ "type": "Feature", "properties": { "ID": 3503500765, "正式名称": "やはぎ薬局", "機関区分": 5, "都道府県コード": 3, "市区町村コード": 210, "所在地": "岩手県陸前高田市矢作町二又２１－１", "緯度": 39.071636, "経度": 141.5079, "url": "https://www.iryou.teikyouseido.mhlw.go.jp/znk-web/juminkanja/S2430/initialize?prefCd=03&kikanCd=03500765&kikanKbn=nan", "url2": null, "内容": "やはぎ薬局0岩手県陸前高田市矢作町二又２１－１" }, "geometry": { "type": "Point", "coordinates": [ 141.5079, 39.071636 ] } },
{ "type": "Feature", "properties": { "ID": 3503500766, "正式名称": "宮野目薬局", "機関区分": 5, "都道府県コード": 3, "市区町村コード": 205, "所在地": "岩手県花巻市西宮野目第６地割１６５番７", "緯度": 39.4254, "経度": 141.126443, "url": "https://www.iryou.teikyouseido.mhlw.go.jp/znk-web/juminkanja/S2430/initialize?prefCd=03&kikanCd=03500766&kikanKbn=nan", "url2": "http://www.lively-pharma.jp/", "内容": "宮野目薬局0岩手県花巻市西宮野目第６地割１６５番７" }, "geometry": { "type": "Point", "coordinates": [ 141.126443, 39.4254 ] } },
{ "type": "Feature", "properties": { "ID": 3503500767, "正式名称": "アイン薬局　岩泉店", "機関区分": 5, "都道府県コード": 3, "市区町村コード": 483, "所在地": "岩手県下閉伊郡岩泉町岩泉字中家１９－１", "緯度": 39.847235, "経度": 141.795396, "url": "https://www.iryou.teikyouseido.mhlw.go.jp/znk-web/juminkanja/S2430/initialize?prefCd=03&kikanCd=03500767&kikanKbn=nan", "url2": "http://www.ainj.co.jp/", "内容": "アイン薬局　岩泉店0岩手県下閉伊郡岩泉町岩泉字中家１９－１" }, "geometry": { "type": "Point", "coordinates": [ 141.795396, 39.847235 ] } },
{ "type": "Feature", "properties": { "ID": 3503500768, "正式名称": "銀河薬局　村崎野店", "機関区分": 5, "都道府県コード": 3, "市区町村コード": 206, "所在地": "岩手県北上市村崎野１７－１７１", "緯度": 39.32805, "経度": 141.105109, "url": "https://www.iryou.teikyouseido.mhlw.go.jp/znk-web/juminkanja/S2430/initialize?prefCd=03&kikanCd=03500768&kikanKbn=nan", "url2": "http://www2.sano-ph.co.jp/ginga/index.html", "内容": "銀河薬局　村崎野店0岩手県北上市村崎野１７－１７１" }, "geometry": { "type": "Point", "coordinates": [ 141.105109, 39.32805 ] } },
{ "type": "Feature", "properties": { "ID": 3503500769, "正式名称": "日本調剤矢巾薬局", "機関区分": 5, "都道府県コード": 3, "市区町村コード": 322, "所在地": "岩手県紫波郡矢巾町医大通二丁目４番３号", "緯度": 39.613484, "経度": 141.16493, "url": "https://www.iryou.teikyouseido.mhlw.go.jp/znk-web/juminkanja/S2430/initialize?prefCd=03&kikanCd=03500769&kikanKbn=nan", "url2": "https://www.nicho.co.jp/tenpo/yahaba/", "内容": "日本調剤矢巾薬局0岩手県紫波郡矢巾町医大通二丁目４番３号" }, "geometry": { "type": "Point", "coordinates": [ 141.16493, 39.613484 ] } },
{ "type": "Feature", "properties": { "ID": 3503500770, "正式名称": "あんず薬局", "機関区分": 5, "都道府県コード": 3, "市区町村コード": 206, "所在地": "岩手県北上市上江釣子１７地割２１８－２", "緯度": 39.297506, "経度": 141.072458, "url": "https://www.iryou.teikyouseido.mhlw.go.jp/znk-web/juminkanja/S2430/initialize?prefCd=03&kikanCd=03500770&kikanKbn=nan", "url2": null, "内容": "あんず薬局0岩手県北上市上江釣子１７地割２１８－２" }, "geometry": { "type": "Point", "coordinates": [ 141.072458, 39.297506 ] } },
{ "type": "Feature", "properties": { "ID": 3503500771, "正式名称": "けい福薬局", "機関区分": 5, "都道府県コード": 3, "市区町村コード": 201, "所在地": "岩手県盛岡市みたけ三丁目１１番３６号", "緯度": 39.738156, "経度": 141.113735, "url": "https://www.iryou.teikyouseido.mhlw.go.jp/znk-web/juminkanja/S2430/initialize?prefCd=03&kikanCd=03500771&kikanKbn=nan", "url2": null, "内容": "けい福薬局0岩手県盛岡市みたけ三丁目１１番３６号" }, "geometry": { "type": "Point", "coordinates": [ 141.113735, 39.738156 ] } },
{ "type": "Feature", "properties": { "ID": 3503500772, "正式名称": "大通よつば薬局", "機関区分": 5, "都道府県コード": 3, "市区町村コード": 201, "所在地": "岩手県盛岡市大通二丁目７番２０", "緯度": 39.703289, "経度": 141.145344, "url": "https://www.iryou.teikyouseido.mhlw.go.jp/znk-web/juminkanja/S2430/initialize?prefCd=03&kikanCd=03500772&kikanKbn=nan", "url2": "https://bros-company.com/", "内容": "大通よつば薬局0岩手県盛岡市大通二丁目７番２０" }, "geometry": { "type": "Point", "coordinates": [ 141.145344, 39.703289 ] } },
{ "type": "Feature", "properties": { "ID": 3503500773, "正式名称": "茶畑薬局", "機関区分": 5, "都道府県コード": 3, "市区町村コード": 201, "所在地": "岩手県盛岡市茶畑二丁目６番１４号", "緯度": 39.692425, "経度": 141.164078, "url": "https://www.iryou.teikyouseido.mhlw.go.jp/znk-web/juminkanja/S2430/initialize?prefCd=03&kikanCd=03500773&kikanKbn=nan", "url2": "https://lively-pharma.jp/%e8%8c%b6%e7%95%91%e8%96%ac%e5%b1%80/", "内容": "茶畑薬局0岩手県盛岡市茶畑二丁目６番１４号" }, "geometry": { "type": "Point", "coordinates": [ 141.164078, 39.692425 ] } },
{ "type": "Feature", "properties": { "ID": 3503500776, "正式名称": "イオン薬局前沢店", "機関区分": 5, "都道府県コード": 3, "市区町村コード": 215, "所在地": "岩手県奥州市前沢向田二丁目８５番地", "緯度": 39.052364, "経度": 141.129548, "url": "https://www.iryou.teikyouseido.mhlw.go.jp/znk-web/juminkanja/S2430/initialize?prefCd=03&kikanCd=03500776&kikanKbn=nan", "url2": null, "内容": "イオン薬局前沢店0岩手県奥州市前沢向田二丁目８５番地" }, "geometry": { "type": "Point", "coordinates": [ 141.129548, 39.052364 ] } },
{ "type": "Feature", "properties": { "ID": 3503500778, "正式名称": "かめちゃん調剤薬局", "機関区分": 5, "都道府県コード": 3, "市区町村コード": 524, "所在地": "岩手県二戸郡一戸町中山字大塚１１８ー２", "緯度": 40.063907, "経度": 141.231693, "url": "https://www.iryou.teikyouseido.mhlw.go.jp/znk-web/juminkanja/S2430/initialize?prefCd=03&kikanCd=03500778&kikanKbn=nan", "url2": "http://www.294ph.com", "内容": "かめちゃん調剤薬局0岩手県二戸郡一戸町中山字大塚１１８ー２" }, "geometry": { "type": "Point", "coordinates": [ 141.231693, 40.063907 ] } },
{ "type": "Feature", "properties": { "ID": 3503500779, "正式名称": "アクト調剤薬局　松倉店", "機関区分": 5, "都道府県コード": 3, "市区町村コード": 211, "所在地": "岩手県釜石市甲子町１０－２６８－４", "緯度": 39.254663, "経度": 141.802256, "url": "https://www.iryou.teikyouseido.mhlw.go.jp/znk-web/juminkanja/S2430/initialize?prefCd=03&kikanCd=03500779&kikanKbn=nan", "url2": null, "内容": "アクト調剤薬局　松倉店0岩手県釜石市甲子町１０－２６８－４" }, "geometry": { "type": "Point", "coordinates": [ 141.802256, 39.254663 ] } },
{ "type": "Feature", "properties": { "ID": 3503500780, "正式名称": "ハーブ薬局", "機関区分": 5, "都道府県コード": 3, "市区町村コード": 461, "所在地": "岩手県上閉伊郡大槌町吉里吉里１－２－１０", "緯度": 39.3680278, "経度": 141.9386448, "url": "https://www.iryou.teikyouseido.mhlw.go.jp/znk-web/juminkanja/S2430/initialize?prefCd=03&kikanCd=03500780&kikanKbn=nan", "url2": null, "内容": "ハーブ薬局0岩手県上閉伊郡大槌町吉里吉里１－２－１０" }, "geometry": { "type": "Point", "coordinates": [ 141.9386448, 39.3680278 ] } },
{ "type": "Feature", "properties": { "ID": 3503500783, "正式名称": "江刺青葉調剤薬局", "機関区分": 5, "都道府県コード": 3, "市区町村コード": 215, "所在地": "岩手県奥州市江刺西大通り４番２４号", "緯度": 39.196636, "経度": 141.17159, "url": "https://www.iryou.teikyouseido.mhlw.go.jp/znk-web/juminkanja/S2430/initialize?prefCd=03&kikanCd=03500783&kikanKbn=nan", "url2": "https://www.aisei.co.jp/", "内容": "江刺青葉調剤薬局0岩手県奥州市江刺西大通り４番２４号" }, "geometry": { "type": "Point", "coordinates": [ 141.17159, 39.196636 ] } },
{ "type": "Feature", "properties": { "ID": 3503500784, "正式名称": "有限会社クリス薬局", "機関区分": 5, "都道府県コード": 3, "市区町村コード": 461, "所在地": "岩手県上閉伊郡大槌町本町６ー１８", "緯度": 39.35802, "経度": 141.900778, "url": "https://www.iryou.teikyouseido.mhlw.go.jp/znk-web/juminkanja/S2430/initialize?prefCd=03&kikanCd=03500784&kikanKbn=nan", "url2": null, "内容": "有限会社クリス薬局0岩手県上閉伊郡大槌町本町６ー１８" }, "geometry": { "type": "Point", "coordinates": [ 141.900778, 39.35802 ] } },
{ "type": "Feature", "properties": { "ID": 3503500785, "正式名称": "日本調剤　東安庭薬局", "機関区分": 5, "都道府県コード": 3, "市区町村コード": 201, "所在地": "岩手県盛岡市東安庭１－２３－６３", "緯度": 39.680163, "経度": 141.164492, "url": "https://www.iryou.teikyouseido.mhlw.go.jp/znk-web/juminkanja/S2430/initialize?prefCd=03&kikanCd=03500785&kikanKbn=nan", "url2": "https://www.nicho.co.jp/tenpo/higasianiwa/", "内容": "日本調剤　東安庭薬局0岩手県盛岡市東安庭１－２３－６３" }, "geometry": { "type": "Point", "coordinates": [ 141.164492, 39.680163 ] } },
{ "type": "Feature", "properties": { "ID": 3503500786, "正式名称": "アイン薬局　盛岡南店", "機関区分": 5, "都道府県コード": 3, "市区町村コード": 201, "所在地": "岩手県盛岡市三本柳６地割１番地１", "緯度": 39.660977, "経度": 141.167214, "url": "https://www.iryou.teikyouseido.mhlw.go.jp/znk-web/juminkanja/S2430/initialize?prefCd=03&kikanCd=03500786&kikanKbn=nan", "url2": "http://www.ainj.co.jp/", "内容": "アイン薬局　盛岡南店0岩手県盛岡市三本柳６地割１番地１" }, "geometry": { "type": "Point", "coordinates": [ 141.167214, 39.660977 ] } },
{ "type": "Feature", "properties": { "ID": 3503500788, "正式名称": "つばき薬局", "機関区分": 5, "都道府県コード": 3, "市区町村コード": 203, "所在地": "岩手県大船渡市盛町字内ノ目３ー１７", "緯度": 39.084263, "経度": 141.710224, "url": "https://www.iryou.teikyouseido.mhlw.go.jp/znk-web/juminkanja/S2430/initialize?prefCd=03&kikanCd=03500788&kikanKbn=nan", "url2": "https://ship-ph.co.jp", "内容": "つばき薬局0岩手県大船渡市盛町字内ノ目３ー１７" }, "geometry": { "type": "Point", "coordinates": [ 141.710224, 39.084263 ] } },
{ "type": "Feature", "properties": { "ID": 3503500789, "正式名称": "みつばち薬局", "機関区分": 5, "都道府県コード": 3, "市区町村コード": 209, "所在地": "岩手県一関市千厩町千厩字東小田９０", "緯度": 38.906829, "経度": 141.326459, "url": "https://www.iryou.teikyouseido.mhlw.go.jp/znk-web/juminkanja/S2430/initialize?prefCd=03&kikanCd=03500789&kikanKbn=nan", "url2": "http://meron-net.shop/ds/mitubachi-3281", "内容": "みつばち薬局0岩手県一関市千厩町千厩字東小田９０" }, "geometry": { "type": "Point", "coordinates": [ 141.326459, 38.906829 ] } },
{ "type": "Feature", "properties": { "ID": 3503500790, "正式名称": "まやま薬局", "機関区分": 5, "都道府県コード": 3, "市区町村コード": 201, "所在地": "岩手県盛岡市月が丘３丁目４０－２６", "緯度": 39.739503, "経度": 141.108366, "url": "https://www.iryou.teikyouseido.mhlw.go.jp/znk-web/juminkanja/S2430/initialize?prefCd=03&kikanCd=03500790&kikanKbn=nan", "url2": null, "内容": "まやま薬局0岩手県盛岡市月が丘３丁目４０－２６" }, "geometry": { "type": "Point", "coordinates": [ 141.108366, 39.739503 ] } },
{ "type": "Feature", "properties": { "ID": 3503500791, "正式名称": "アイン薬局　遠野店", "機関区分": 5, "都道府県コード": 3, "市区町村コード": 208, "所在地": "岩手県遠野市松崎町白岩１４地割４１番地１", "緯度": 39.339449, "経度": 141.542067, "url": "https://www.iryou.teikyouseido.mhlw.go.jp/znk-web/juminkanja/S2430/initialize?prefCd=03&kikanCd=03500791&kikanKbn=nan", "url2": "http://www.ainj.co.jp/", "内容": "アイン薬局　遠野店0岩手県遠野市松崎町白岩１４地割４１番地１" }, "geometry": { "type": "Point", "coordinates": [ 141.542067, 39.339449 ] } },
{ "type": "Feature", "properties": { "ID": 3503500792, "正式名称": "つくし薬局　遠野病院前店", "機関区分": 5, "都道府県コード": 3, "市区町村コード": 208, "所在地": "岩手県遠野市松崎町白岩１５地割１３ー１１", "緯度": 39.338215, "経度": 141.540895, "url": "https://www.iryou.teikyouseido.mhlw.go.jp/znk-web/juminkanja/S2430/initialize?prefCd=03&kikanCd=03500792&kikanKbn=nan", "url2": "https://294ph.com/", "内容": "つくし薬局　遠野病院前店0岩手県遠野市松崎町白岩１５地割１３ー１１" }, "geometry": { "type": "Point", "coordinates": [ 141.540895, 39.338215 ] } },
{ "type": "Feature", "properties": { "ID": 3503500793, "正式名称": "ウエルシア薬局　盛岡本宮店", "機関区分": 5, "都道府県コード": 3, "市区町村コード": 201, "所在地": "岩手県盛岡市本宮６丁目１番６５号", "緯度": 39.688207, "経度": 141.126077, "url": "https://www.iryou.teikyouseido.mhlw.go.jp/znk-web/juminkanja/S2430/initialize?prefCd=03&kikanCd=03500793&kikanKbn=nan", "url2": "http://www.welcia-yakkyoku.co.jp/", "内容": "ウエルシア薬局　盛岡本宮店0岩手県盛岡市本宮６丁目１番６５号" }, "geometry": { "type": "Point", "coordinates": [ 141.126077, 39.688207 ] } },
{ "type": "Feature", "properties": { "ID": 3503500794, "正式名称": "有限会社　ヤマネ薬局", "機関区分": 5, "都道府県コード": 3, "市区町村コード": 205, "所在地": "岩手県花巻市東町５－１", "緯度": 39.385475, "経度": 141.120732, "url": "https://www.iryou.teikyouseido.mhlw.go.jp/znk-web/juminkanja/S2430/initialize?prefCd=03&kikanCd=03500794&kikanKbn=nan", "url2": "http://yamane-pharmacy.com", "内容": "有限会社　ヤマネ薬局0岩手県花巻市東町５－１" }, "geometry": { "type": "Point", "coordinates": [ 141.120732, 39.385475 ] } },
{ "type": "Feature", "properties": { "ID": 3503500795, "正式名称": "カワチ薬局前沢店", "機関区分": 5, "都道府県コード": 3, "市区町村コード": 215, "所在地": "岩手県奥州市前沢向田１－１８", "緯度": 39.04844, "経度": 141.129855, "url": "https://www.iryou.teikyouseido.mhlw.go.jp/znk-web/juminkanja/S2430/initialize?prefCd=03&kikanCd=03500795&kikanKbn=nan", "url2": "https://www.cawachi.co.jp/", "内容": "カワチ薬局前沢店0岩手県奥州市前沢向田１－１８" }, "geometry": { "type": "Point", "coordinates": [ 141.129855, 39.04844 ] } },
{ "type": "Feature", "properties": { "ID": 3503500796, "正式名称": "かすみそう薬局", "機関区分": 5, "都道府県コード": 3, "市区町村コード": 206, "所在地": "岩手県北上市堤ケ丘１ー９ー８", "緯度": 39.309997, "経度": 141.11426, "url": "https://www.iryou.teikyouseido.mhlw.go.jp/znk-web/juminkanja/S2430/initialize?prefCd=03&kikanCd=03500796&kikanKbn=nan", "url2": null, "内容": "かすみそう薬局0岩手県北上市堤ケ丘１ー９ー８" }, "geometry": { "type": "Point", "coordinates": [ 141.11426, 39.309997 ] } },
{ "type": "Feature", "properties": { "ID": 3503500799, "正式名称": "あおば薬局　桜小路店", "機関区分": 5, "都道府県コード": 3, "市区町村コード": 201, "所在地": "岩手県盛岡市上田１－２０－１", "緯度": 39.711599, "経度": 141.14044, "url": "https://www.iryou.teikyouseido.mhlw.go.jp/znk-web/juminkanja/S2430/initialize?prefCd=03&kikanCd=03500799&kikanKbn=nan", "url2": null, "内容": "あおば薬局　桜小路店0岩手県盛岡市上田１－２０－１" }, "geometry": { "type": "Point", "coordinates": [ 141.14044, 39.711599 ] } },
{ "type": "Feature", "properties": { "ID": 3503500801, "正式名称": "山田中央薬局", "機関区分": 5, "都道府県コード": 3, "市区町村コード": 482, "所在地": "岩手県下閉伊郡山田町川向町７－８", "緯度": 39.46484, "経度": 141.95029, "url": "https://www.iryou.teikyouseido.mhlw.go.jp/znk-web/juminkanja/S2430/initialize?prefCd=03&kikanCd=03500801&kikanKbn=nan", "url2": null, "内容": "山田中央薬局0岩手県下閉伊郡山田町川向町７－８" }, "geometry": { "type": "Point", "coordinates": [ 141.95029, 39.46484 ] } },
{ "type": "Feature", "properties": { "ID": 3503500802, "正式名称": "トマト薬局　北飯岡店", "機関区分": 5, "都道府県コード": 3, "市区町村コード": 201, "所在地": "岩手県盛岡市北飯岡三丁目２０番３２号", "緯度": 39.668279, "経度": 141.136495, "url": "https://www.iryou.teikyouseido.mhlw.go.jp/znk-web/juminkanja/S2430/initialize?prefCd=03&kikanCd=03500802&kikanKbn=nan", "url2": "http://www.e-classa.net/tomato-pharmacy/index.html", "内容": "トマト薬局　北飯岡店0岩手県盛岡市北飯岡三丁目２０番３２号" }, "geometry": { "type": "Point", "coordinates": [ 141.136495, 39.668279 ] } },
{ "type": "Feature", "properties": { "ID": 3503500804, "正式名称": "たてさか薬局", "機関区分": 5, "都道府県コード": 3, "市区町村コード": 201, "所在地": "岩手県盛岡市館向町４－１２", "緯度": 39.715983, "経度": 141.130163, "url": "https://www.iryou.teikyouseido.mhlw.go.jp/znk-web/juminkanja/S2430/initialize?prefCd=03&kikanCd=03500804&kikanKbn=nan", "url2": null, "内容": "たてさか薬局0岩手県盛岡市館向町４－１２" }, "geometry": { "type": "Point", "coordinates": [ 141.130163, 39.715983 ] } },
{ "type": "Feature", "properties": { "ID": 3503500805, "正式名称": "ひょっこり薬局", "機関区分": 5, "都道府県コード": 3, "市区町村コード": 461, "所在地": "岩手県上閉伊郡大槌町大槌第１５地割９５ー２５６", "緯度": 39.370026, "経度": 141.894592, "url": "https://www.iryou.teikyouseido.mhlw.go.jp/znk-web/juminkanja/S2430/initialize?prefCd=03&kikanCd=03500805&kikanKbn=nan", "url2": null, "内容": "ひょっこり薬局0岩手県上閉伊郡大槌町大槌第１５地割９５ー２５６" }, "geometry": { "type": "Point", "coordinates": [ 141.894592, 39.370026 ] } },
{ "type": "Feature", "properties": { "ID": 3503500807, "正式名称": "木の実薬局", "機関区分": 5, "都道府県コード": 3, "市区町村コード": 201, "所在地": "岩手県盛岡市津志田中央三丁目７番８号", "緯度": 39.662474, "経度": 141.153571, "url": "https://www.iryou.teikyouseido.mhlw.go.jp/znk-web/juminkanja/S2430/initialize?prefCd=03&kikanCd=03500807&kikanKbn=nan", "url2": "http://www.lively-pharma.jp/", "内容": "木の実薬局0岩手県盛岡市津志田中央三丁目７番８号" }, "geometry": { "type": "Point", "coordinates": [ 141.153571, 39.662474 ] } },
{ "type": "Feature", "properties": { "ID": 3503500809, "正式名称": "ドレミ薬局", "機関区分": 5, "都道府県コード": 3, "市区町村コード": 209, "所在地": "岩手県一関市中央町２－５－１７", "緯度": 38.935121, "経度": 141.129647, "url": "https://www.iryou.teikyouseido.mhlw.go.jp/znk-web/juminkanja/S2430/initialize?prefCd=03&kikanCd=03500809&kikanKbn=nan", "url2": "http://www.294ph.com", "内容": "ドレミ薬局0岩手県一関市中央町２－５－１７" }, "geometry": { "type": "Point", "coordinates": [ 141.129647, 38.935121 ] } },
{ "type": "Feature", "properties": { "ID": 3503500810, "正式名称": "西青山薬局", "機関区分": 5, "都道府県コード": 3, "市区町村コード": 201, "所在地": "岩手県盛岡市西青山２丁目４番地１７号", "緯度": 39.725446, "経度": 141.109353, "url": "https://www.iryou.teikyouseido.mhlw.go.jp/znk-web/juminkanja/S2430/initialize?prefCd=03&kikanCd=03500810&kikanKbn=nan", "url2": "https://bliss-pharm.co.jp/", "内容": "西青山薬局0岩手県盛岡市西青山２丁目４番地１７号" }, "geometry": { "type": "Point", "coordinates": [ 141.109353, 39.725446 ] } },
{ "type": "Feature", "properties": { "ID": 3503500811, "正式名称": "すがわら薬局", "機関区分": 5, "都道府県コード": 3, "市区町村コード": 213, "所在地": "岩手県二戸市福岡字長嶺２４ー２０", "緯度": 40.28193, "経度": 141.298238, "url": "https://www.iryou.teikyouseido.mhlw.go.jp/znk-web/juminkanja/S2430/initialize?prefCd=03&kikanCd=03500811&kikanKbn=nan", "url2": null, "内容": "すがわら薬局0岩手県二戸市福岡字長嶺２４ー２０" }, "geometry": { "type": "Point", "coordinates": [ 141.298238, 40.28193 ] } },
{ "type": "Feature", "properties": { "ID": 3503500812, "正式名称": "あおば薬局", "機関区分": 5, "都道府県コード": 3, "市区町村コード": 205, "所在地": "岩手県花巻市東宮野目１３－１２４－４", "緯度": 39.408781, "経度": 141.124925, "url": "https://www.iryou.teikyouseido.mhlw.go.jp/znk-web/juminkanja/S2430/initialize?prefCd=03&kikanCd=03500812&kikanKbn=nan", "url2": null, "内容": "あおば薬局0岩手県花巻市東宮野目１３－１２４－４" }, "geometry": { "type": "Point", "coordinates": [ 141.124925, 39.408781 ] } },
{ "type": "Feature", "properties": { "ID": 3503500815, "正式名称": "サンケア薬局　盛岡長橋店", "機関区分": 5, "都道府県コード": 3, "市区町村コード": 201, "所在地": "岩手県盛岡市長橋町３８番１０号", "緯度": 39.719137, "経度": 141.100525, "url": "https://www.iryou.teikyouseido.mhlw.go.jp/znk-web/juminkanja/S2430/initialize?prefCd=03&kikanCd=03500815&kikanKbn=nan", "url2": "https://sun-ph.com/shop_iwate/store30/", "内容": "サンケア薬局　盛岡長橋店0岩手県盛岡市長橋町３８番１０号" }, "geometry": { "type": "Point", "coordinates": [ 141.100525, 39.719137 ] } },
{ "type": "Feature", "properties": { "ID": 3503500816, "正式名称": "つくし薬局　向町店", "機関区分": 5, "都道府県コード": 3, "市区町村コード": 524, "所在地": "岩手県二戸郡一戸町一戸字向町５０ー３", "緯度": 40.216009, "経度": 141.300689, "url": "https://www.iryou.teikyouseido.mhlw.go.jp/znk-web/juminkanja/S2430/initialize?prefCd=03&kikanCd=03500816&kikanKbn=nan", "url2": "http://www.294ph.com/", "内容": "つくし薬局　向町店0岩手県二戸郡一戸町一戸字向町５０ー３" }, "geometry": { "type": "Point", "coordinates": [ 141.300689, 40.216009 ] } },
{ "type": "Feature", "properties": { "ID": 3503500817, "正式名称": "コスモ薬局　高田店", "機関区分": 5, "都道府県コード": 3, "市区町村コード": 210, "所在地": "岩手県陸前高田市高田町字太田５０４", "緯度": 39.020454, "経度": 141.641265, "url": "https://www.iryou.teikyouseido.mhlw.go.jp/znk-web/juminkanja/S2430/initialize?prefCd=03&kikanCd=03500817&kikanKbn=nan", "url2": null, "内容": "コスモ薬局　高田店0岩手県陸前高田市高田町字太田５０４" }, "geometry": { "type": "Point", "coordinates": [ 141.641265, 39.020454 ] } },
{ "type": "Feature", "properties": { "ID": 3503500819, "正式名称": "つくし薬局さくらかわ店", "機関区分": 5, "都道府県コード": 3, "市区町村コード": 215, "所在地": "岩手県奥州市水沢佐倉河字五反町９２番地１", "緯度": 39.162163, "経度": 141.13037, "url": "https://www.iryou.teikyouseido.mhlw.go.jp/znk-web/juminkanja/S2430/initialize?prefCd=03&kikanCd=03500819&kikanKbn=nan", "url2": "http://www294ph.com/", "内容": "つくし薬局さくらかわ店0岩手県奥州市水沢佐倉河字五反町９２番地１" }, "geometry": { "type": "Point", "coordinates": [ 141.13037, 39.162163 ] } },
{ "type": "Feature", "properties": { "ID": 3503500820, "正式名称": "薬局マツモトキヨシ上盛岡店", "機関区分": 5, "都道府県コード": 3, "市区町村コード": 201, "所在地": "岩手県盛岡市北山一丁目９番３０号", "緯度": 39.712673, "経度": 141.148888, "url": "https://www.iryou.teikyouseido.mhlw.go.jp/znk-web/juminkanja/S2430/initialize?prefCd=03&kikanCd=03500820&kikanKbn=nan", "url2": "http://www.matsukiyo.co.jp/", "内容": "薬局マツモトキヨシ上盛岡店0岩手県盛岡市北山一丁目９番３０号" }, "geometry": { "type": "Point", "coordinates": [ 141.148888, 39.712673 ] } },
{ "type": "Feature", "properties": { "ID": 3503500822, "正式名称": "オリーブ薬局", "機関区分": 5, "都道府県コード": 3, "市区町村コード": 201, "所在地": "岩手県盛岡市本宮６ー２ー３２", "緯度": 39.688382, "経度": 141.124234, "url": "https://www.iryou.teikyouseido.mhlw.go.jp/znk-web/juminkanja/S2430/initialize?prefCd=03&kikanCd=03500822&kikanKbn=nan", "url2": null, "内容": "オリーブ薬局0岩手県盛岡市本宮６ー２ー３２" }, "geometry": { "type": "Point", "coordinates": [ 141.124234, 39.688382 ] } },
{ "type": "Feature", "properties": { "ID": 3503500823, "正式名称": "菅原薬局", "機関区分": 5, "都道府県コード": 3, "市区町村コード": 209, "所在地": "岩手県一関市関が丘９４番地２", "緯度": 38.91621, "経度": 141.146371, "url": "https://www.iryou.teikyouseido.mhlw.go.jp/znk-web/juminkanja/S2430/initialize?prefCd=03&kikanCd=03500823&kikanKbn=nan", "url2": "https://www.sugawara-yakkyoku.com", "内容": "菅原薬局0岩手県一関市関が丘９４番地２" }, "geometry": { "type": "Point", "coordinates": [ 141.146371, 38.91621 ] } },
{ "type": "Feature", "properties": { "ID": 3503500824, "正式名称": "こぶし薬局", "機関区分": 5, "都道府県コード": 3, "市区町村コード": 209, "所在地": "岩手県一関市山目字泥田１９－４", "緯度": 38.937971, "経度": 141.114079, "url": "https://www.iryou.teikyouseido.mhlw.go.jp/znk-web/juminkanja/S2430/initialize?prefCd=03&kikanCd=03500824&kikanKbn=nan", "url2": null, "内容": "こぶし薬局0岩手県一関市山目字泥田１９－４" }, "geometry": { "type": "Point", "coordinates": [ 141.114079, 38.937971 ] } },
{ "type": "Feature", "properties": { "ID": 3503500826, "正式名称": "あい薬局　花城店", "機関区分": 5, "都道府県コード": 3, "市区町村コード": 205, "所在地": "岩手県花巻市花城町１２－１４", "緯度": 39.387006, "経度": 141.11596, "url": "https://www.iryou.teikyouseido.mhlw.go.jp/znk-web/juminkanja/S2430/initialize?prefCd=03&kikanCd=03500826&kikanKbn=nan", "url2": null, "内容": "あい薬局　花城店0岩手県花巻市花城町１２－１４" }, "geometry": { "type": "Point", "coordinates": [ 141.11596, 39.387006 ] } },
{ "type": "Feature", "properties": { "ID": 3503500829, "正式名称": "サニー薬局", "機関区分": 5, "都道府県コード": 3, "市区町村コード": 321, "所在地": "岩手県紫波郡紫波町上平沢字川原田７３番地９", "緯度": 39.552328, "経度": 141.105784, "url": "https://www.iryou.teikyouseido.mhlw.go.jp/znk-web/juminkanja/S2430/initialize?prefCd=03&kikanCd=03500829&kikanKbn=nan", "url2": null, "内容": "サニー薬局0岩手県紫波郡紫波町上平沢字川原田７３番地９" }, "geometry": { "type": "Point", "coordinates": [ 141.105784, 39.552328 ] } },
{ "type": "Feature", "properties": { "ID": 3503500830, "正式名称": "気仙中央薬局高田店", "機関区分": 5, "都道府県コード": 3, "市区町村コード": 210, "所在地": "岩手県陸前高田市気仙町字中井１９０番地１", "緯度": 39.013138, "経度": 141.61632, "url": "https://www.iryou.teikyouseido.mhlw.go.jp/znk-web/juminkanja/S2430/initialize?prefCd=03&kikanCd=03500830&kikanKbn=nan", "url2": null, "内容": "気仙中央薬局高田店0岩手県陸前高田市気仙町字中井１９０番地１" }, "geometry": { "type": "Point", "coordinates": [ 141.61632, 39.013138 ] } },
{ "type": "Feature", "properties": { "ID": 3503500831, "正式名称": "調剤薬局ツルハドラッグ盛岡津志田店", "機関区分": 5, "都道府県コード": 3, "市区町村コード": 201, "所在地": "岩手県盛岡市津志田中央２丁目１７ー３３", "緯度": 39.6615, "経度": 141.154271, "url": "https://www.iryou.teikyouseido.mhlw.go.jp/znk-web/juminkanja/S2430/initialize?prefCd=03&kikanCd=03500831&kikanKbn=nan", "url2": "http://www.tsuruha.co.jp", "内容": "調剤薬局ツルハドラッグ盛岡津志田店0岩手県盛岡市津志田中央２丁目１７ー３３" }, "geometry": { "type": "Point", "coordinates": [ 141.154271, 39.6615 ] } },
{ "type": "Feature", "properties": { "ID": 3503500832, "正式名称": "しぶたみ薬局", "機関区分": 5, "都道府県コード": 3, "市区町村コード": 201, "所在地": "岩手県盛岡市下田字陣場４２ー１６", "緯度": 39.83589, "経度": 141.154205, "url": "https://www.iryou.teikyouseido.mhlw.go.jp/znk-web/juminkanja/S2430/initialize?prefCd=03&kikanCd=03500832&kikanKbn=nan", "url2": "https://www.kusurinomadoguchi.com/iwate/s803963", "内容": "しぶたみ薬局0岩手県盛岡市下田字陣場４２ー１６" }, "geometry": { "type": "Point", "coordinates": [ 141.154205, 39.83589 ] } },
{ "type": "Feature", "properties": { "ID": 3503500833, "正式名称": "金田一薬局", "機関区分": 5, "都道府県コード": 3, "市区町村コード": 213, "所在地": "岩手県二戸市金田一字馬場１５０番地", "緯度": 40.318237, "経度": 141.308138, "url": "https://www.iryou.teikyouseido.mhlw.go.jp/znk-web/juminkanja/S2430/initialize?prefCd=03&kikanCd=03500833&kikanKbn=nan", "url2": "https://www.lively-pharma.jp/", "内容": "金田一薬局0岩手県二戸市金田一字馬場１５０番地" }, "geometry": { "type": "Point", "coordinates": [ 141.308138, 40.318237 ] } },
{ "type": "Feature", "properties": { "ID": 3503500834, "正式名称": "調剤薬局ツルハドラッグ　花巻御田屋町店", "機関区分": 5, "都道府県コード": 3, "市区町村コード": 205, "所在地": "岩手県花巻市御田屋町４ー１６", "緯度": 39.385332, "経度": 141.123882, "url": "https://www.iryou.teikyouseido.mhlw.go.jp/znk-web/juminkanja/S2430/initialize?prefCd=03&kikanCd=03500834&kikanKbn=nan", "url2": "http://www.tsuruha.co.jp", "内容": "調剤薬局ツルハドラッグ　花巻御田屋町店0岩手県花巻市御田屋町４ー１６" }, "geometry": { "type": "Point", "coordinates": [ 141.123882, 39.385332 ] } },
{ "type": "Feature", "properties": { "ID": 3503500835, "正式名称": "サンケア薬局　二戸堀野店", "機関区分": 5, "都道府県コード": 3, "市区町村コード": 213, "所在地": "岩手県二戸市堀野字長地９ー１２", "緯度": 40.295554, "経度": 141.301288, "url": "https://www.iryou.teikyouseido.mhlw.go.jp/znk-web/juminkanja/S2430/initialize?prefCd=03&kikanCd=03500835&kikanKbn=nan", "url2": "http://sun-ph.com/", "内容": "サンケア薬局　二戸堀野店0岩手県二戸市堀野字長地９ー１２" }, "geometry": { "type": "Point", "coordinates": [ 141.301288, 40.295554 ] } },
{ "type": "Feature", "properties": { "ID": 3503500836, "正式名称": "どんぐり薬局　あいのの", "機関区分": 5, "都道府県コード": 3, "市区町村コード": 322, "所在地": "岩手県紫波郡矢巾町大字間野々９ー２２７", "緯度": 39.605892, "経度": 141.14159, "url": "https://www.iryou.teikyouseido.mhlw.go.jp/znk-web/juminkanja/S2430/initialize?prefCd=03&kikanCd=03500836&kikanKbn=nan", "url2": "https://donguri-kobo.jp", "内容": "どんぐり薬局　あいのの0岩手県紫波郡矢巾町大字間野々９ー２２７" }, "geometry": { "type": "Point", "coordinates": [ 141.14159, 39.605892 ] } },
{ "type": "Feature", "properties": { "ID": 3503500837, "正式名称": "ひがし薬局", "機関区分": 5, "都道府県コード": 3, "市区町村コード": 209, "所在地": "岩手県一関市東山町長坂字西本町１２０ー１", "緯度": 38.995975, "経度": 141.254634, "url": "https://www.iryou.teikyouseido.mhlw.go.jp/znk-web/juminkanja/S2430/initialize?prefCd=03&kikanCd=03500837&kikanKbn=nan", "url2": null, "内容": "ひがし薬局0岩手県一関市東山町長坂字西本町１２０ー１" }, "geometry": { "type": "Point", "coordinates": [ 141.254634, 38.995975 ] } },
{ "type": "Feature", "properties": { "ID": 3503500838, "正式名称": "おでんせ薬局", "機関区分": 5, "都道府県コード": 3, "市区町村コード": 206, "所在地": "岩手県北上市大通り１−３−１　おでんせプラザぐろーぶ４階", "緯度": 39.282174, "経度": 141.120214, "url": "https://www.iryou.teikyouseido.mhlw.go.jp/znk-web/juminkanja/S2430/initialize?prefCd=03&kikanCd=03500838&kikanKbn=nan", "url2": "https://www.actraiz.net/", "内容": "おでんせ薬局0岩手県北上市大通り１−３−１　おでんせプラザぐろーぶ４階" }, "geometry": { "type": "Point", "coordinates": [ 141.120214, 39.282174 ] } },
{ "type": "Feature", "properties": { "ID": 3503500839, "正式名称": "津志田南オレンジ薬局", "機関区分": 5, "都道府県コード": 3, "市区町村コード": 201, "所在地": "岩手県盛岡市津志田南３丁目１４番３号", "緯度": 39.658655, "経度": 141.149154, "url": "https://www.iryou.teikyouseido.mhlw.go.jp/znk-web/juminkanja/S2430/initialize?prefCd=03&kikanCd=03500839&kikanKbn=nan", "url2": "http://www.imai-medicalsupport.jp/", "内容": "津志田南オレンジ薬局0岩手県盛岡市津志田南３丁目１４番３号" }, "geometry": { "type": "Point", "coordinates": [ 141.149154, 39.658655 ] } },
{ "type": "Feature", "properties": { "ID": 3503500840, "正式名称": "アイランド薬局　盛南店", "機関区分": 5, "都道府県コード": 3, "市区町村コード": 201, "所在地": "岩手県盛岡市向中野５丁目１８番３０号", "緯度": 39.678031, "経度": 141.139377, "url": "https://www.iryou.teikyouseido.mhlw.go.jp/znk-web/juminkanja/S2430/initialize?prefCd=03&kikanCd=03500840&kikanKbn=nan", "url2": "http://www.apocreat.co.jp", "内容": "アイランド薬局　盛南店0岩手県盛岡市向中野５丁目１８番３０号" }, "geometry": { "type": "Point", "coordinates": [ 141.139377, 39.678031 ] } },
{ "type": "Feature", "properties": { "ID": 3503500841, "正式名称": "日本調剤　北上薬局", "機関区分": 5, "都道府県コード": 3, "市区町村コード": 206, "所在地": "岩手県北上市鬼柳町３３‐１", "緯度": 39.273111, "経度": 141.101624, "url": "https://www.iryou.teikyouseido.mhlw.go.jp/znk-web/juminkanja/S2430/initialize?prefCd=03&kikanCd=03500841&kikanKbn=nan", "url2": "https://www.nicho.co.jp/tenpo/kitakami/", "内容": "日本調剤　北上薬局0岩手県北上市鬼柳町３３‐１" }, "geometry": { "type": "Point", "coordinates": [ 141.101624, 39.273111 ] } },
{ "type": "Feature", "properties": { "ID": 3503500842, "正式名称": "とうごう薬局　広田店", "機関区分": 5, "都道府県コード": 3, "市区町村コード": 210, "所在地": "岩手県陸前高田市広田町前花貝２２２－５", "緯度": 38.965891, "経度": 141.694282, "url": "https://www.iryou.teikyouseido.mhlw.go.jp/znk-web/juminkanja/S2430/initialize?prefCd=03&kikanCd=03500842&kikanKbn=nan", "url2": "http://lots.co.jp/", "内容": "とうごう薬局　広田店0岩手県陸前高田市広田町前花貝２２２－５" }, "geometry": { "type": "Point", "coordinates": [ 141.694282, 38.965891 ] } },
{ "type": "Feature", "properties": { "ID": 3503500843, "正式名称": "パルム薬局", "機関区分": 5, "都道府県コード": 3, "市区町村コード": 211, "所在地": "岩手県釜石市只越町２－５－５", "緯度": 39.274591, "経度": 141.88482, "url": "https://www.iryou.teikyouseido.mhlw.go.jp/znk-web/juminkanja/S2430/initialize?prefCd=03&kikanCd=03500843&kikanKbn=nan", "url2": "https://294ph.com/", "内容": "パルム薬局0岩手県釜石市只越町２－５－５" }, "geometry": { "type": "Point", "coordinates": [ 141.88482, 39.274591 ] } },
{ "type": "Feature", "properties": { "ID": 3503500844, "正式名称": "ウエルシア薬局奥州江刺店", "機関区分": 5, "都道府県コード": 3, "市区町村コード": 215, "所在地": "岩手県奥州市江刺八日町１－４－１０－２", "緯度": 39.189014, "経度": 141.1744, "url": "https://www.iryou.teikyouseido.mhlw.go.jp/znk-web/juminkanja/S2430/initialize?prefCd=03&kikanCd=03500844&kikanKbn=nan", "url2": null, "内容": "ウエルシア薬局奥州江刺店0岩手県奥州市江刺八日町１－４－１０－２" }, "geometry": { "type": "Point", "coordinates": [ 141.1744, 39.189014 ] } },
{ "type": "Feature", "properties": { "ID": 3503500845, "正式名称": "調剤薬局ツルハドラッグ盛岡津志田西店", "機関区分": 5, "都道府県コード": 3, "市区町村コード": 201, "所在地": "岩手県盛岡市津志田西２丁目２－１５", "緯度": 39.664708, "経度": 141.150423, "url": "https://www.iryou.teikyouseido.mhlw.go.jp/znk-web/juminkanja/S2430/initialize?prefCd=03&kikanCd=03500845&kikanKbn=nan", "url2": "http://www.tsuruha.co.jp", "内容": "調剤薬局ツルハドラッグ盛岡津志田西店0岩手県盛岡市津志田西２丁目２－１５" }, "geometry": { "type": "Point", "coordinates": [ 141.150423, 39.664708 ] } },
{ "type": "Feature", "properties": { "ID": 3503500847, "正式名称": "りんどう薬局", "機関区分": 5, "都道府県コード": 3, "市区町村コード": 214, "所在地": "岩手県八幡平市荒屋新町１４０－１－２", "緯度": 40.098663, "経度": 141.04779, "url": "https://www.iryou.teikyouseido.mhlw.go.jp/znk-web/juminkanja/S2430/initialize?prefCd=03&kikanCd=03500847&kikanKbn=nan", "url2": null, "内容": "りんどう薬局0岩手県八幡平市荒屋新町１４０－１－２" }, "geometry": { "type": "Point", "coordinates": [ 141.04779, 40.098663 ] } },
{ "type": "Feature", "properties": { "ID": 3503500848, "正式名称": "カワチ薬局　矢巾店", "機関区分": 5, "都道府県コード": 3, "市区町村コード": 322, "所在地": "岩手県紫波郡矢巾町西徳田第５地割８８番地１", "緯度": 39.6136, "経度": 141.168983, "url": "https://www.iryou.teikyouseido.mhlw.go.jp/znk-web/juminkanja/S2430/initialize?prefCd=03&kikanCd=03500848&kikanKbn=nan", "url2": "https://www.cawachi.co.jp/", "内容": "カワチ薬局　矢巾店0岩手県紫波郡矢巾町西徳田第５地割８８番地１" }, "geometry": { "type": "Point", "coordinates": [ 141.168983, 39.6136 ] } },
{ "type": "Feature", "properties": { "ID": 3503500849, "正式名称": "リリーフ薬局", "機関区分": 5, "都道府県コード": 3, "市区町村コード": 211, "所在地": "岩手県釜石市鵜住居町２―２０３", "緯度": 39.324152, "経度": 141.884428, "url": "https://www.iryou.teikyouseido.mhlw.go.jp/znk-web/juminkanja/S2430/initialize?prefCd=03&kikanCd=03500849&kikanKbn=nan", "url2": null, "内容": "リリーフ薬局0岩手県釜石市鵜住居町２―２０３" }, "geometry": { "type": "Point", "coordinates": [ 141.884428, 39.324152 ] } },
{ "type": "Feature", "properties": { "ID": 3503500850, "正式名称": "つくし薬局　土沢店", "機関区分": 5, "都道府県コード": 3, "市区町村コード": 205, "所在地": "岩手県花巻市東和町土沢８区３２６番", "緯度": 39.38606, "経度": 141.229292, "url": "https://www.iryou.teikyouseido.mhlw.go.jp/znk-web/juminkanja/S2430/initialize?prefCd=03&kikanCd=03500850&kikanKbn=nan", "url2": "http://www.294ph.com", "内容": "つくし薬局　土沢店0岩手県花巻市東和町土沢８区３２６番" }, "geometry": { "type": "Point", "coordinates": [ 141.229292, 39.38606 ] } },
{ "type": "Feature", "properties": { "ID": 3503500851, "正式名称": "日本調剤　岩手医大前薬局", "機関区分": 5, "都道府県コード": 3, "市区町村コード": 322, "所在地": "岩手県紫波郡矢巾町医大通２－１－１２", "緯度": 39.6135193, "経度": 141.1637142, "url": "https://www.iryou.teikyouseido.mhlw.go.jp/znk-web/juminkanja/S2430/initialize?prefCd=03&kikanCd=03500851&kikanKbn=nan", "url2": "https://www.nicho.co.jp/tenpo/iwateidaimae/", "内容": "日本調剤　岩手医大前薬局0岩手県紫波郡矢巾町医大通２－１－１２" }, "geometry": { "type": "Point", "coordinates": [ 141.163714199999987, 39.6135193 ] } },
{ "type": "Feature", "properties": { "ID": 3503500852, "正式名称": "はなぞの薬局", "機関区分": 5, "都道府県コード": 3, "市区町村コード": 215, "所在地": "岩手県奥州市水沢佐倉河字慶徳７６－１", "緯度": 39.14302, "経度": 141.149504, "url": "https://www.iryou.teikyouseido.mhlw.go.jp/znk-web/juminkanja/S2430/initialize?prefCd=03&kikanCd=03500852&kikanKbn=nan", "url2": "https://fureai.oshushi.com/", "内容": "はなぞの薬局0岩手県奥州市水沢佐倉河字慶徳７６－１" }, "geometry": { "type": "Point", "coordinates": [ 141.149504, 39.14302 ] } },
{ "type": "Feature", "properties": { "ID": 3503500854, "正式名称": "ドレミ薬局", "機関区分": 5, "都道府県コード": 3, "市区町村コード": 216, "所在地": "岩手県滝沢市牧野林１０１０番地２", "緯度": 39.75227, "経度": 141.101687, "url": "https://www.iryou.teikyouseido.mhlw.go.jp/znk-web/juminkanja/S2430/initialize?prefCd=03&kikanCd=03500854&kikanKbn=nan", "url2": "https://store.ainj.co.jp/detail/1101296/", "内容": "ドレミ薬局0岩手県滝沢市牧野林１０１０番地２" }, "geometry": { "type": "Point", "coordinates": [ 141.101687, 39.75227 ] } },
{ "type": "Feature", "properties": { "ID": 3503500856, "正式名称": "共創未来江刺西大通り薬局", "機関区分": 5, "都道府県コード": 3, "市区町村コード": 215, "所在地": "岩手県奥州市江刺西大通り１１－１５", "緯度": 39.190851, "経度": 141.171515, "url": "https://www.iryou.teikyouseido.mhlw.go.jp/znk-web/juminkanja/S2430/initialize?prefCd=03&kikanCd=03500856&kikanKbn=nan", "url2": "http://www.phmirai.co.jp/shops/detail.php?id=446", "内容": "共創未来江刺西大通り薬局0岩手県奥州市江刺西大通り１１－１５" }, "geometry": { "type": "Point", "coordinates": [ 141.171515, 39.190851 ] } },
{ "type": "Feature", "properties": { "ID": 3503500857, "正式名称": "イオン薬局イオンスタイル江刺", "機関区分": 5, "都道府県コード": 3, "市区町村コード": 215, "所在地": "岩手県奥州市江刺八日町１丁目９番４８－２号", "緯度": 39.185893, "経度": 141.172217, "url": "https://www.iryou.teikyouseido.mhlw.go.jp/znk-web/juminkanja/S2430/initialize?prefCd=03&kikanCd=03500857&kikanKbn=nan", "url2": null, "内容": "イオン薬局イオンスタイル江刺0岩手県奥州市江刺八日町１丁目９番４８－２号" }, "geometry": { "type": "Point", "coordinates": [ 141.172217, 39.185893 ] } },
{ "type": "Feature", "properties": { "ID": 3503500858, "正式名称": "てんとうむし薬局", "機関区分": 5, "都道府県コード": 3, "市区町村コード": 201, "所在地": "岩手県盛岡市みたけ４丁目１１ー４８", "緯度": 39.743566, "経度": 141.122647, "url": "https://www.iryou.teikyouseido.mhlw.go.jp/znk-web/juminkanja/S2430/initialize?prefCd=03&kikanCd=03500858&kikanKbn=nan", "url2": null, "内容": "てんとうむし薬局0岩手県盛岡市みたけ４丁目１１ー４８" }, "geometry": { "type": "Point", "coordinates": [ 141.122647, 39.743566 ] } },
{ "type": "Feature", "properties": { "ID": 3503500861, "正式名称": "日本調剤胆沢薬局", "機関区分": 5, "都道府県コード": 3, "市区町村コード": 215, "所在地": "岩手県奥州市水沢龍ヶ馬場３－１１", "緯度": 39.122162, "経度": 141.135902, "url": "https://www.iryou.teikyouseido.mhlw.go.jp/znk-web/juminkanja/S2430/initialize?prefCd=03&kikanCd=03500861&kikanKbn=nan", "url2": "https://www.nicho.co.jp/tenpo/isawa/", "内容": "日本調剤胆沢薬局0岩手県奥州市水沢龍ヶ馬場３－１１" }, "geometry": { "type": "Point", "coordinates": [ 141.135902, 39.122162 ] } },
{ "type": "Feature", "properties": { "ID": 3503500862, "正式名称": "日本調剤龍ヶ馬場薬局", "機関区分": 5, "都道府県コード": 3, "市区町村コード": 215, "所在地": "岩手県奥州市水沢字龍ヶ馬場２９番地３７", "緯度": 39.121185, "経度": 141.134589, "url": "https://www.iryou.teikyouseido.mhlw.go.jp/znk-web/juminkanja/S2430/initialize?prefCd=03&kikanCd=03500862&kikanKbn=nan", "url2": "https://www.nicho.co.jp/tenpo/ryugababa/", "内容": "日本調剤龍ヶ馬場薬局0岩手県奥州市水沢字龍ヶ馬場２９番地３７" }, "geometry": { "type": "Point", "coordinates": [ 141.134589, 39.121185 ] } },
{ "type": "Feature", "properties": { "ID": 3503500863, "正式名称": "サンドラッグ盛岡南サンサ薬局", "機関区分": 5, "都道府県コード": 3, "市区町村コード": 201, "所在地": "岩手県盛岡市津志田西２ー１７ー５０", "緯度": 39.661955, "経度": 141.148188, "url": "https://www.iryou.teikyouseido.mhlw.go.jp/znk-web/juminkanja/S2430/initialize?prefCd=03&kikanCd=03500863&kikanKbn=nan", "url2": "https://sundrug-online.com/blogs/search-store/6905", "内容": "サンドラッグ盛岡南サンサ薬局0岩手県盛岡市津志田西２ー１７ー５０" }, "geometry": { "type": "Point", "coordinates": [ 141.148188, 39.661955 ] } },
{ "type": "Feature", "properties": { "ID": 3503500864, "正式名称": "日本調剤花巻薬局", "機関区分": 5, "都道府県コード": 3, "市区町村コード": 205, "所在地": "岩手県花巻市御田屋町４番５４号", "緯度": 39.38498, "経度": 141.122517, "url": "https://www.iryou.teikyouseido.mhlw.go.jp/znk-web/juminkanja/S2430/initialize?prefCd=03&kikanCd=03500864&kikanKbn=nan", "url2": "https://www.nicho.co.jp/tenpo/hanamaki/", "内容": "日本調剤花巻薬局0岩手県花巻市御田屋町４番５４号" }, "geometry": { "type": "Point", "coordinates": [ 141.122517, 39.38498 ] } },
{ "type": "Feature", "properties": { "ID": 3503500865, "正式名称": "アイン薬局奥州水沢店", "機関区分": 5, "都道府県コード": 3, "市区町村コード": 215, "所在地": "岩手県奥州市水沢東大通り一丁目５番３１号", "緯度": 39.139028, "経度": 141.148414, "url": "https://www.iryou.teikyouseido.mhlw.go.jp/znk-web/juminkanja/S2430/initialize?prefCd=03&kikanCd=03500865&kikanKbn=nan", "url2": "https://www.ainj.co.jp/", "内容": "アイン薬局奥州水沢店0岩手県奥州市水沢東大通り一丁目５番３１号" }, "geometry": { "type": "Point", "coordinates": [ 141.148414, 39.139028 ] } },
{ "type": "Feature", "properties": { "ID": 3503500866, "正式名称": "アイン薬局　花巻仲町店", "機関区分": 5, "都道府県コード": 3, "市区町村コード": 205, "所在地": "岩手県花巻市仲町５ー９", "緯度": 39.387871, "経度": 141.118986, "url": "https://www.iryou.teikyouseido.mhlw.go.jp/znk-web/juminkanja/S2430/initialize?prefCd=03&kikanCd=03500866&kikanKbn=nan", "url2": null, "内容": "アイン薬局　花巻仲町店0岩手県花巻市仲町５ー９" }, "geometry": { "type": "Point", "coordinates": [ 141.118986, 39.387871 ] } },
{ "type": "Feature", "properties": { "ID": 3503500867, "正式名称": "調剤薬局ツルハドラッグ盛岡大館町店", "機関区分": 5, "都道府県コード": 3, "市区町村コード": 201, "所在地": "岩手県盛岡市大館町１８番３号", "緯度": 39.713906, "経度": 141.110686, "url": "https://www.iryou.teikyouseido.mhlw.go.jp/znk-web/juminkanja/S2430/initialize?prefCd=03&kikanCd=03500867&kikanKbn=nan", "url2": "https://shop.tsuruha-g.com/0913c", "内容": "調剤薬局ツルハドラッグ盛岡大館町店0岩手県盛岡市大館町１８番３号" }, "geometry": { "type": "Point", "coordinates": [ 141.110686, 39.713906 ] } },
{ "type": "Feature", "properties": { "ID": 3503500871, "正式名称": "そうごう薬局一関店", "機関区分": 5, "都道府県コード": 3, "市区町村コード": 209, "所在地": "岩手県一関市中里神明４４番２号", "緯度": 38.940865, "経度": 141.142424, "url": "https://www.iryou.teikyouseido.mhlw.go.jp/znk-web/juminkanja/S2430/initialize?prefCd=03&kikanCd=03500871&kikanKbn=nan", "url2": "https://www.sogo-medical.co.jp/sogopharmacy/", "内容": "そうごう薬局一関店0岩手県一関市中里神明４４番２号" }, "geometry": { "type": "Point", "coordinates": [ 141.142424, 38.940865 ] } },
{ "type": "Feature", "properties": { "ID": 3503500872, "正式名称": "太陽薬局", "機関区分": 5, "都道府県コード": 3, "市区町村コード": 366, "所在地": "岩手県和賀郡西和賀町湯本２９－７０－２２", "緯度": 39.347301, "経度": 140.775705, "url": "https://www.iryou.teikyouseido.mhlw.go.jp/znk-web/juminkanja/S2430/initialize?prefCd=03&kikanCd=03500872&kikanKbn=nan", "url2": null, "内容": "太陽薬局0岩手県和賀郡西和賀町湯本２９－７０－２２" }, "geometry": { "type": "Point", "coordinates": [ 140.775705, 39.347301 ] } },
{ "type": "Feature", "properties": { "ID": 3503500873, "正式名称": "しらゆり薬局", "機関区分": 5, "都道府県コード": 3, "市区町村コード": 205, "所在地": "岩手県花巻市西大通り一丁目７番１０号", "緯度": 39.391729, "経度": 141.109073, "url": "https://www.iryou.teikyouseido.mhlw.go.jp/znk-web/juminkanja/S2430/initialize?prefCd=03&kikanCd=03500873&kikanKbn=nan", "url2": "https://www.lively-pharma.jp/", "内容": "しらゆり薬局0岩手県花巻市西大通り一丁目７番１０号" }, "geometry": { "type": "Point", "coordinates": [ 141.109073, 39.391729 ] } },
{ "type": "Feature", "properties": { "ID": 3503500874, "正式名称": "調剤薬局ツルハドラッグ盛岡西見前店", "機関区分": 5, "都道府県コード": 3, "市区町村コード": 201, "所在地": "岩手県盛岡市西見前１４地割１４９", "緯度": 39.639816, "経度": 141.168801, "url": "https://www.iryou.teikyouseido.mhlw.go.jp/znk-web/juminkanja/S2430/initialize?prefCd=03&kikanCd=03500874&kikanKbn=nan", "url2": "https://www.tsuruha.co.jp/", "内容": "調剤薬局ツルハドラッグ盛岡西見前店0岩手県盛岡市西見前１４地割１４９" }, "geometry": { "type": "Point", "coordinates": [ 141.168801, 39.639816 ] } },
{ "type": "Feature", "properties": { "ID": 3503500876, "正式名称": "クスリのアオキ盛岡中野薬局", "機関区分": 5, "都道府県コード": 3, "市区町村コード": 201, "所在地": "岩手県盛岡市中野一丁目２７番２３号", "緯度": 39.691895, "経度": 141.172639, "url": "https://www.iryou.teikyouseido.mhlw.go.jp/znk-web/juminkanja/S2430/initialize?prefCd=03&kikanCd=03500876&kikanKbn=nan", "url2": "https://www.kusuri-aoki.co.jp/", "内容": "クスリのアオキ盛岡中野薬局0岩手県盛岡市中野一丁目２７番２３号" }, "geometry": { "type": "Point", "coordinates": [ 141.172639, 39.691895 ] } },
{ "type": "Feature", "properties": { "ID": 3503500877, "正式名称": "ウエルシア薬局盛岡前九年店", "機関区分": 5, "都道府県コード": 3, "市区町村コード": 201, "所在地": "岩手県盛岡市前九年３ー６ー２６", "緯度": 39.716323, "経度": 141.12309, "url": "https://www.iryou.teikyouseido.mhlw.go.jp/znk-web/juminkanja/S2430/initialize?prefCd=03&kikanCd=03500877&kikanKbn=nan", "url2": "https://stores.welcia.co.jp/6388D", "内容": "ウエルシア薬局盛岡前九年店0岩手県盛岡市前九年３ー６ー２６" }, "geometry": { "type": "Point", "coordinates": [ 141.12309, 39.716323 ] } },
{ "type": "Feature", "properties": { "ID": 3503500878, "正式名称": "すみれ薬局", "機関区分": 5, "都道府県コード": 3, "市区町村コード": 214, "所在地": "岩手県八幡平市大更第２５地割３２０番９", "緯度": 39.91428, "経度": 141.102113, "url": "https://www.iryou.teikyouseido.mhlw.go.jp/znk-web/juminkanja/S2430/initialize?prefCd=03&kikanCd=03500878&kikanKbn=nan", "url2": "https://www.marucorp.co.jp/", "内容": "すみれ薬局0岩手県八幡平市大更第２５地割３２０番９" }, "geometry": { "type": "Point", "coordinates": [ 141.102113, 39.91428 ] } },
{ "type": "Feature", "properties": { "ID": 3503500879, "正式名称": "リリィ薬局　西根店", "機関区分": 5, "都道府県コード": 3, "市区町村コード": 214, "所在地": "岩手県八幡平市大更２５地割３０９－３", "緯度": 39.908722, "経度": 141.134427, "url": "https://www.iryou.teikyouseido.mhlw.go.jp/znk-web/juminkanja/S2430/initialize?prefCd=03&kikanCd=03500879&kikanKbn=nan", "url2": "https://ship-ph.co.jp/", "内容": "リリィ薬局　西根店0岩手県八幡平市大更２５地割３０９－３" }, "geometry": { "type": "Point", "coordinates": [ 141.134427, 39.908722 ] } },
{ "type": "Feature", "properties": { "ID": 3503500881, "正式名称": "ウエルシア薬局　花巻南川原店", "機関区分": 5, "都道府県コード": 3, "市区町村コード": 205, "所在地": "岩手県花巻市南川原町１２６－１", "緯度": 39.383475, "経度": 141.116872, "url": "https://www.iryou.teikyouseido.mhlw.go.jp/znk-web/juminkanja/S2430/initialize?prefCd=03&kikanCd=03500881&kikanKbn=nan", "url2": "https://stores.welcia.co.jp/6400D", "内容": "ウエルシア薬局　花巻南川原店0岩手県花巻市南川原町１２６－１" }, "geometry": { "type": "Point", "coordinates": [ 141.116872, 39.383475 ] } },
{ "type": "Feature", "properties": { "ID": 3503500882, "正式名称": "サカモト薬局　北上店", "機関区分": 5, "都道府県コード": 3, "市区町村コード": 206, "所在地": "岩手県北上市大通り３丁目１１番２６号", "緯度": 39.285369, "経度": 141.10958, "url": "https://www.iryou.teikyouseido.mhlw.go.jp/znk-web/juminkanja/S2430/initialize?prefCd=03&kikanCd=03500882&kikanKbn=nan", "url2": "http://www.sakamoto-ph.net/", "内容": "サカモト薬局　北上店0岩手県北上市大通り３丁目１１番２６号" }, "geometry": { "type": "Point", "coordinates": [ 141.10958, 39.285369 ] } },
{ "type": "Feature", "properties": { "ID": 3503500883, "正式名称": "津軽石やさしい薬局", "機関区分": 5, "都道府県コード": 3, "市区町村コード": 202, "所在地": "岩手県宮古市津軽石５－７９－１９", "緯度": 39.578919, "経度": 141.936367, "url": "https://www.iryou.teikyouseido.mhlw.go.jp/znk-web/juminkanja/S2430/initialize?prefCd=03&kikanCd=03500883&kikanKbn=nan", "url2": "https://www.aba-kamu.com", "内容": "津軽石やさしい薬局0岩手県宮古市津軽石５－７９－１９" }, "geometry": { "type": "Point", "coordinates": [ 141.936367, 39.578919 ] } },
{ "type": "Feature", "properties": { "ID": 3503500884, "正式名称": "クスリのアオキ東中通り薬局", "機関区分": 5, "都道府県コード": 3, "市区町村コード": 215, "所在地": "岩手県奥州市水沢東中通り二丁目５番２４号", "緯度": 39.136053, "経度": 141.163307, "url": "https://www.iryou.teikyouseido.mhlw.go.jp/znk-web/juminkanja/S2430/initialize?prefCd=03&kikanCd=03500884&kikanKbn=nan", "url2": "https://www.kusuri-aoki.co.jp/", "内容": "クスリのアオキ東中通り薬局0岩手県奥州市水沢東中通り二丁目５番２４号" }, "geometry": { "type": "Point", "coordinates": [ 141.163307, 39.136053 ] } },
{ "type": "Feature", "properties": { "ID": 3503500886, "正式名称": "善進堂薬局", "機関区分": 5, "都道府県コード": 3, "市区町村コード": 203, "所在地": "岩手県大船渡市大船渡町", "緯度": 39.06018, "経度": 141.72069, "url": "https://www.iryou.teikyouseido.mhlw.go.jp/znk-web/juminkanja/S2430/initialize?prefCd=03&kikanCd=03500886&kikanKbn=nan", "url2": "https://meron-net.shop/ds/zennsindou/", "内容": "善進堂薬局0岩手県大船渡市大船渡町" }, "geometry": { "type": "Point", "coordinates": [ 141.72069, 39.06018 ] } },
{ "type": "Feature", "properties": { "ID": 3503500888, "正式名称": "ウエルシア薬局盛岡本町通店", "機関区分": 5, "都道府県コード": 3, "市区町村コード": 201, "所在地": "岩手県盛岡市本町通２－１３－８", "緯度": 39.707698, "経度": 141.147884, "url": "https://www.iryou.teikyouseido.mhlw.go.jp/znk-web/juminkanja/S2430/initialize?prefCd=03&kikanCd=03500888&kikanKbn=nan", "url2": "https://stores.welcia.co.jp/1354D", "内容": "ウエルシア薬局盛岡本町通店0岩手県盛岡市本町通２－１３－８" }, "geometry": { "type": "Point", "coordinates": [ 141.147884, 39.707698 ] } },
{ "type": "Feature", "properties": { "ID": 3503500889, "正式名称": "テルス調剤薬局", "機関区分": 5, "都道府県コード": 3, "市区町村コード": 206, "所在地": "岩手県北上市九年橋三丁目１７ー１７", "緯度": 39.284249, "経度": 141.107293, "url": "https://www.iryou.teikyouseido.mhlw.go.jp/znk-web/juminkanja/S2430/initialize?prefCd=03&kikanCd=03500889&kikanKbn=nan", "url2": "http://www.agricity.jp/", "内容": "テルス調剤薬局0岩手県北上市九年橋三丁目１７ー１７" }, "geometry": { "type": "Point", "coordinates": [ 141.107293, 39.284249 ] } },
{ "type": "Feature", "properties": { "ID": 3503500890, "正式名称": "ファースト調剤薬局　北上済生会病院前店", "機関区分": 5, "都道府県コード": 3, "市区町村コード": 206, "所在地": "岩手県北上市九年橋３－１８－１５", "緯度": 39.284447, "経度": 141.106946, "url": "https://www.iryou.teikyouseido.mhlw.go.jp/znk-web/juminkanja/S2430/initialize?prefCd=03&kikanCd=03500890&kikanKbn=nan", "url2": "https://first-ph.com", "内容": "ファースト調剤薬局　北上済生会病院前店0岩手県北上市九年橋３－１８－１５" }, "geometry": { "type": "Point", "coordinates": [ 141.106946, 39.284447 ] } },
{ "type": "Feature", "properties": { "ID": 3503500892, "正式名称": "つくし薬局　盛岡駅前店", "機関区分": 5, "都道府県コード": 3, "市区町村コード": 201, "所在地": "岩手県盛岡市盛岡駅前通１４番９号平戸屋ビル１階", "緯度": 39.702531, "経度": 141.136894, "url": "https://www.iryou.teikyouseido.mhlw.go.jp/znk-web/juminkanja/S2430/initialize?prefCd=03&kikanCd=03500892&kikanKbn=nan", "url2": "http://www.294ph.com/", "内容": "つくし薬局　盛岡駅前店0岩手県盛岡市盛岡駅前通１４番９号平戸屋ビル１階" }, "geometry": { "type": "Point", "coordinates": [ 141.136894, 39.702531 ] } },
{ "type": "Feature", "properties": { "ID": 3503500893, "正式名称": "ウエルシア薬局　北上さくら通り店", "機関区分": 5, "都道府県コード": 3, "市区町村コード": 206, "所在地": "岩手県北上市さくら通り１－１－３４", "緯度": 39.295447, "経度": 141.118053, "url": "https://www.iryou.teikyouseido.mhlw.go.jp/znk-web/juminkanja/S2430/initialize?prefCd=03&kikanCd=03500893&kikanKbn=nan", "url2": "https://stores.welcia.co.jp/1341D", "内容": "ウエルシア薬局　北上さくら通り店0岩手県北上市さくら通り１－１－３４" }, "geometry": { "type": "Point", "coordinates": [ 141.118053, 39.295447 ] } },
{ "type": "Feature", "properties": { "ID": 3503500894, "正式名称": "ウエルシア薬局水沢桜屋敷店", "機関区分": 5, "都道府県コード": 3, "市区町村コード": 215, "所在地": "岩手県奥州市水沢桜屋敷２９１ー１", "緯度": 39.122234, "経度": 141.13289, "url": "https://www.iryou.teikyouseido.mhlw.go.jp/znk-web/juminkanja/S2430/initialize?prefCd=03&kikanCd=03500894&kikanKbn=nan", "url2": "https://stores.welcia.co.jp/6390D", "内容": "ウエルシア薬局水沢桜屋敷店0岩手県奥州市水沢桜屋敷２９１ー１" }, "geometry": { "type": "Point", "coordinates": [ 141.13289, 39.122234 ] } },
{ "type": "Feature", "properties": { "ID": 3503500895, "正式名称": "調剤薬局ツルハドラッグ盛岡盛南店", "機関区分": 5, "都道府県コード": 3, "市区町村コード": 201, "所在地": "岩手県盛岡市向中野字６－１４－１７", "緯度": 39.673067, "経度": 141.142785, "url": "https://www.iryou.teikyouseido.mhlw.go.jp/znk-web/juminkanja/S2430/initialize?prefCd=03&kikanCd=03500895&kikanKbn=nan", "url2": "www.tsuruha.co.jp", "内容": "調剤薬局ツルハドラッグ盛岡盛南店0岩手県盛岡市向中野字６－１４－１７" }, "geometry": { "type": "Point", "coordinates": [ 141.142785, 39.673067 ] } },
{ "type": "Feature", "properties": { "ID": 3503500896, "正式名称": "ひので薬局", "機関区分": 5, "都道府県コード": 3, "市区町村コード": 203, "所在地": "岩手県大船渡市大船渡町字明神前９ー２６", "緯度": 39.06018, "経度": 141.72069, "url": "https://www.iryou.teikyouseido.mhlw.go.jp/znk-web/juminkanja/S2430/initialize?prefCd=03&kikanCd=03500896&kikanKbn=nan", "url2": null, "内容": "ひので薬局0岩手県大船渡市大船渡町字明神前９ー２６" }, "geometry": { "type": "Point", "coordinates": [ 141.72069, 39.06018 ] } },
{ "type": "Feature", "properties": { "ID": 3503500897, "正式名称": "なのはな薬局", "機関区分": 5, "都道府県コード": 3, "市区町村コード": 202, "所在地": "岩手県宮古市向町３－１４", "緯度": 39.641079, "経度": 141.953736, "url": "https://www.iryou.teikyouseido.mhlw.go.jp/znk-web/juminkanja/S2430/initialize?prefCd=03&kikanCd=03500897&kikanKbn=nan", "url2": null, "内容": "なのはな薬局0岩手県宮古市向町３－１４" }, "geometry": { "type": "Point", "coordinates": [ 141.953736, 39.641079 ] } },
{ "type": "Feature", "properties": { "ID": 3503500898, "正式名称": "すずらん薬局", "機関区分": 5, "都道府県コード": 3, "市区町村コード": 208, "所在地": "岩手県遠野市青笹町中沢５－５－１", "緯度": 39.298737, "経度": 141.600621, "url": "https://www.iryou.teikyouseido.mhlw.go.jp/znk-web/juminkanja/S2430/initialize?prefCd=03&kikanCd=03500898&kikanKbn=nan", "url2": null, "内容": "すずらん薬局0岩手県遠野市青笹町中沢５－５－１" }, "geometry": { "type": "Point", "coordinates": [ 141.600621, 39.298737 ] } },
{ "type": "Feature", "properties": { "ID": 3503500899, "正式名称": "つくし薬局　柳原店", "機関区分": 5, "都道府県コード": 3, "市区町村コード": 206, "所在地": "岩手県北上市柳原町５丁目１２番１６号", "緯度": 39.296205, "経度": 141.110129, "url": "https://www.iryou.teikyouseido.mhlw.go.jp/znk-web/juminkanja/S2430/initialize?prefCd=03&kikanCd=03500899&kikanKbn=nan", "url2": "https://294ph.com/", "内容": "つくし薬局　柳原店0岩手県北上市柳原町５丁目１２番１６号" }, "geometry": { "type": "Point", "coordinates": [ 141.110129, 39.296205 ] } },
{ "type": "Feature", "properties": { "ID": 3503500900, "正式名称": "大手先口薬局", "機関区分": 5, "都道府県コード": 3, "市区町村コード": 201, "所在地": "岩手県盛岡市本町通１－８－１３　藤島ビル１０１", "緯度": 39.705549, "経度": 141.154849, "url": "https://www.iryou.teikyouseido.mhlw.go.jp/znk-web/juminkanja/S2430/initialize?prefCd=03&kikanCd=03500900&kikanKbn=nan", "url2": null, "内容": "大手先口薬局0岩手県盛岡市本町通１－８－１３　藤島ビル１０１" }, "geometry": { "type": "Point", "coordinates": [ 141.154849, 39.705549 ] } },
{ "type": "Feature", "properties": { "ID": 3503500901, "正式名称": "かぶとむし薬局", "機関区分": 5, "都道府県コード": 3, "市区町村コード": 201, "所在地": "岩手県盛岡市月が丘３－２９－１", "緯度": 39.735384, "経度": 141.111756, "url": "https://www.iryou.teikyouseido.mhlw.go.jp/znk-web/juminkanja/S2430/initialize?prefCd=03&kikanCd=03500901&kikanKbn=nan", "url2": "https://www.tentomushi-ph.com/", "内容": "かぶとむし薬局0岩手県盛岡市月が丘３－２９－１" }, "geometry": { "type": "Point", "coordinates": [ 141.111756, 39.735384 ] } },
{ "type": "Feature", "properties": { "ID": 3503500902, "正式名称": "いわて飯岡駅前薬局", "機関区分": 5, "都道府県コード": 3, "市区町村コード": 201, "所在地": "岩手県盛岡市永井１７地割３３番地２", "緯度": 39.654101, "経度": 141.147685, "url": "https://www.iryou.teikyouseido.mhlw.go.jp/znk-web/juminkanja/S2430/initialize?prefCd=03&kikanCd=03500902&kikanKbn=nan", "url2": "https://www.lively-pharma.jp/", "内容": "いわて飯岡駅前薬局0岩手県盛岡市永井１７地割３３番地２" }, "geometry": { "type": "Point", "coordinates": [ 141.147685, 39.654101 ] } },
{ "type": "Feature", "properties": { "ID": 3503500903, "正式名称": "調剤薬局ツルハドラッグ　紫波南店", "機関区分": 5, "都道府県コード": 3, "市区町村コード": 321, "所在地": "岩手県紫波郡紫波町北日詰字大日堂４０番地１", "緯度": 39.537391, "経度": 141.167222, "url": "https://www.iryou.teikyouseido.mhlw.go.jp/znk-web/juminkanja/S2430/initialize?prefCd=03&kikanCd=03500903&kikanKbn=nan", "url2": "http://www.tsuruha.co.jp/", "内容": "調剤薬局ツルハドラッグ　紫波南店0岩手県紫波郡紫波町北日詰字大日堂４０番地１" }, "geometry": { "type": "Point", "coordinates": [ 141.167222, 39.537391 ] } },
{ "type": "Feature", "properties": { "ID": 3503500904, "正式名称": "つくし薬局東舘店", "機関区分": 5, "都道府県コード": 3, "市区町村コード": 208, "所在地": "岩手県遠野市東舘町８番６号", "緯度": 39.328346, "経度": 141.532789, "url": "https://www.iryou.teikyouseido.mhlw.go.jp/znk-web/juminkanja/S2430/initialize?prefCd=03&kikanCd=03500904&kikanKbn=nan", "url2": null, "内容": "つくし薬局東舘店0岩手県遠野市東舘町８番６号" }, "geometry": { "type": "Point", "coordinates": [ 141.532789, 39.328346 ] } },
{ "type": "Feature", "properties": { "ID": 3503500905, "正式名称": "かじか薬局", "機関区分": 5, "都道府県コード": 3, "市区町村コード": 366, "所在地": "岩手県和賀郡西和賀町湯本３０地割８１ー１", "緯度": 39.343349, "経度": 140.772048, "url": "https://www.iryou.teikyouseido.mhlw.go.jp/znk-web/juminkanja/S2430/initialize?prefCd=03&kikanCd=03500905&kikanKbn=nan", "url2": null, "内容": "かじか薬局0岩手県和賀郡西和賀町湯本３０地割８１ー１" }, "geometry": { "type": "Point", "coordinates": [ 140.772048, 39.343349 ] } },
{ "type": "Feature", "properties": { "ID": 3503500906, "正式名称": "おおぞら薬局　松倉店", "機関区分": 5, "都道府県コード": 3, "市区町村コード": 211, "所在地": "岩手県釜石市甲子町第１０地割１５９番地２０９", "緯度": 39.2554498, "経度": 141.8099776, "url": "https://www.iryou.teikyouseido.mhlw.go.jp/znk-web/juminkanja/S2430/initialize?prefCd=03&kikanCd=03500906&kikanKbn=nan", "url2": "https://294ph.com/", "内容": "おおぞら薬局　松倉店0岩手県釜石市甲子町第１０地割１５９番地２０９" }, "geometry": { "type": "Point", "coordinates": [ 141.8099776, 39.2554498 ] } },
{ "type": "Feature", "properties": { "ID": 3503500907, "正式名称": "クスリのアオキ西大通り薬局", "機関区分": 5, "都道府県コード": 3, "市区町村コード": 205, "所在地": "岩手県花巻市下北万丁目１７８番地３", "緯度": 39.392787, "経度": 141.101466, "url": "https://www.iryou.teikyouseido.mhlw.go.jp/znk-web/juminkanja/S2430/initialize?prefCd=03&kikanCd=03500907&kikanKbn=nan", "url2": "https://www.kusuri-aoki.co.jp/", "内容": "クスリのアオキ西大通り薬局0岩手県花巻市下北万丁目１７８番地３" }, "geometry": { "type": "Point", "coordinates": [ 141.101466, 39.392787 ] } },
{ "type": "Feature", "properties": { "ID": 3503500908, "正式名称": "サンケア薬局　盛岡インター店", "機関区分": 5, "都道府県コード": 3, "市区町村コード": 201, "所在地": "岩手県盛岡市上厨川字横長根７６番地４", "緯度": 39.706793, "経度": 141.084358, "url": "https://www.iryou.teikyouseido.mhlw.go.jp/znk-web/juminkanja/S2430/initialize?prefCd=03&kikanCd=03500908&kikanKbn=nan", "url2": "https://sun-ph.com/", "内容": "サンケア薬局　盛岡インター店0岩手県盛岡市上厨川字横長根７６番地４" }, "geometry": { "type": "Point", "coordinates": [ 141.084358, 39.706793 ] } },
{ "type": "Feature", "properties": { "ID": 3503500909, "正式名称": "ウエルシア薬局盛岡永井店", "機関区分": 5, "都道府県コード": 3, "市区町村コード": 201, "所在地": "岩手県盛岡市永井２２地割３７－１", "緯度": 39.654207, "経度": 141.155179, "url": "https://www.iryou.teikyouseido.mhlw.go.jp/znk-web/juminkanja/S2430/initialize?prefCd=03&kikanCd=03500909&kikanKbn=nan", "url2": "https://www.welcia-yakkyoku.co.jp/", "内容": "ウエルシア薬局盛岡永井店0岩手県盛岡市永井２２地割３７－１" }, "geometry": { "type": "Point", "coordinates": [ 141.155179, 39.654207 ] } },
{ "type": "Feature", "properties": { "ID": 3503500910, "正式名称": "クスリのアオキ太日通り薬局", "機関区分": 5, "都道府県コード": 3, "市区町村コード": 215, "所在地": "岩手県奥州市水沢太日通り二丁目５番２号", "緯度": 39.135824, "経度": 141.151737, "url": "https://www.iryou.teikyouseido.mhlw.go.jp/znk-web/juminkanja/S2430/initialize?prefCd=03&kikanCd=03500910&kikanKbn=nan", "url2": "https://www.kusuri-aoki.co.jp/", "内容": "クスリのアオキ太日通り薬局0岩手県奥州市水沢太日通り二丁目５番２号" }, "geometry": { "type": "Point", "coordinates": [ 141.151737, 39.135824 ] } },
{ "type": "Feature", "properties": { "ID": 3503500911, "正式名称": "クスリのアオキ津志田薬局", "機関区分": 5, "都道府県コード": 3, "市区町村コード": 201, "所在地": "岩手県盛岡市津志田町二丁目３番６０号", "緯度": 39.666547, "経度": 141.154977, "url": "https://www.iryou.teikyouseido.mhlw.go.jp/znk-web/juminkanja/S2430/initialize?prefCd=03&kikanCd=03500911&kikanKbn=nan", "url2": "https://www.kusuri-aoki.co.jp/", "内容": "クスリのアオキ津志田薬局0岩手県盛岡市津志田町二丁目３番６０号" }, "geometry": { "type": "Point", "coordinates": [ 141.154977, 39.666547 ] } },
{ "type": "Feature", "properties": { "ID": 3503500913, "正式名称": "イオン薬局江釣子店", "機関区分": 5, "都道府県コード": 3, "市区町村コード": 206, "所在地": "岩手県北上市北鬼柳１９ー６８", "緯度": 39.293241, "経度": 141.092766, "url": "https://www.iryou.teikyouseido.mhlw.go.jp/znk-web/juminkanja/S2430/initialize?prefCd=03&kikanCd=03500913&kikanKbn=nan", "url2": null, "内容": "イオン薬局江釣子店0岩手県北上市北鬼柳１９ー６８" }, "geometry": { "type": "Point", "coordinates": [ 141.092766, 39.293241 ] } },
{ "type": "Feature", "properties": { "ID": 3503500915, "正式名称": "桜台調剤薬局", "機関区分": 5, "都道府県コード": 3, "市区町村コード": 205, "所在地": "岩手県花巻市桜台２丁目１３－１１", "緯度": 39.39971, "経度": 141.102438, "url": "https://www.iryou.teikyouseido.mhlw.go.jp/znk-web/juminkanja/S2430/initialize?prefCd=03&kikanCd=03500915&kikanKbn=nan", "url2": "http://www.endeavor-co.com", "内容": "桜台調剤薬局0岩手県花巻市桜台２丁目１３－１１" }, "geometry": { "type": "Point", "coordinates": [ 141.102438, 39.39971 ] } },
{ "type": "Feature", "properties": { "ID": 3503500916, "正式名称": "つくし薬局　星が丘店", "機関区分": 5, "都道府県コード": 3, "市区町村コード": 205, "所在地": "岩手県花巻市星が丘一丁目２０番１２号", "緯度": 39.403335, "経度": 141.101487, "url": "https://www.iryou.teikyouseido.mhlw.go.jp/znk-web/juminkanja/S2430/initialize?prefCd=03&kikanCd=03500916&kikanKbn=nan", "url2": null, "内容": "つくし薬局　星が丘店0岩手県花巻市星が丘一丁目２０番１２号" }, "geometry": { "type": "Point", "coordinates": [ 141.101487, 39.403335 ] } },
{ "type": "Feature", "properties": { "ID": 3503500917, "正式名称": "ウエルシア薬局盛岡西松園店", "機関区分": 5, "都道府県コード": 3, "市区町村コード": 201, "所在地": "岩手県盛岡市西松園４－２０－１", "緯度": 39.75761, "経度": 141.160747, "url": "https://www.iryou.teikyouseido.mhlw.go.jp/znk-web/juminkanja/S2430/initialize?prefCd=03&kikanCd=03500917&kikanKbn=nan", "url2": "https://stores.welcia.co.jp/1330D", "内容": "ウエルシア薬局盛岡西松園店0岩手県盛岡市西松園４－２０－１" }, "geometry": { "type": "Point", "coordinates": [ 141.160747, 39.75761 ] } },
{ "type": "Feature", "properties": { "ID": 3503500918, "正式名称": "宮古西町薬局", "機関区分": 5, "都道府県コード": 3, "市区町村コード": 202, "所在地": "岩手県宮古市西町３丁目３番５号", "緯度": 39.64701, "経度": 141.941926, "url": "https://www.iryou.teikyouseido.mhlw.go.jp/znk-web/juminkanja/S2430/initialize?prefCd=03&kikanCd=03500918&kikanKbn=nan", "url2": "https://www.phstr.co.jp/page1", "内容": "宮古西町薬局0岩手県宮古市西町３丁目３番５号" }, "geometry": { "type": "Point", "coordinates": [ 141.941926, 39.64701 ] } },
{ "type": "Feature", "properties": { "ID": 3503500919, "正式名称": "イース薬局", "機関区分": 5, "都道府県コード": 3, "市区町村コード": 201, "所在地": "岩手県盛岡市太田５丁目１０－２５", "緯度": 39.701764, "経度": 141.114571, "url": "https://www.iryou.teikyouseido.mhlw.go.jp/znk-web/juminkanja/S2430/initialize?prefCd=03&kikanCd=03500919&kikanKbn=nan", "url2": "http://ease-pharmacy.jp/", "内容": "イース薬局0岩手県盛岡市太田５丁目１０－２５" }, "geometry": { "type": "Point", "coordinates": [ 141.114571, 39.701764 ] } },
{ "type": "Feature", "properties": { "ID": 3503500921, "正式名称": "花城薬局", "機関区分": 5, "都道府県コード": 3, "市区町村コード": 205, "所在地": "岩手県花巻市花城町１２ー１１　銀河タウン舘坂１Ｆ", "緯度": 39.387452, "経度": 141.116386, "url": "https://www.iryou.teikyouseido.mhlw.go.jp/znk-web/juminkanja/S2430/initialize?prefCd=03&kikanCd=03500921&kikanKbn=nan", "url2": "https://bliss-pharm.co.jp/", "内容": "花城薬局0岩手県花巻市花城町１２ー１１　銀河タウン舘坂１Ｆ" }, "geometry": { "type": "Point", "coordinates": [ 141.116386, 39.387452 ] } },
{ "type": "Feature", "properties": { "ID": 3503500922, "正式名称": "かつら薬局", "機関区分": 5, "都道府県コード": 3, "市区町村コード": 201, "所在地": "岩手県盛岡市永井１３地割１７番地３", "緯度": 39.65791, "経度": 141.138687, "url": "https://www.iryou.teikyouseido.mhlw.go.jp/znk-web/juminkanja/S2430/initialize?prefCd=03&kikanCd=03500922&kikanKbn=nan", "url2": "https://294ph.com/", "内容": "かつら薬局0岩手県盛岡市永井１３地割１７番地３" }, "geometry": { "type": "Point", "coordinates": [ 141.138687, 39.65791 ] } },
{ "type": "Feature", "properties": { "ID": 3503500923, "正式名称": "矢巾調剤薬局", "機関区分": 5, "都道府県コード": 3, "市区町村コード": 322, "所在地": "岩手県紫波郡矢巾町西徳田第３地割７４", "緯度": 39.61287, "経度": 141.17177, "url": "https://www.iryou.teikyouseido.mhlw.go.jp/znk-web/juminkanja/S2430/initialize?prefCd=03&kikanCd=03500923&kikanKbn=nan", "url2": null, "内容": "矢巾調剤薬局0岩手県紫波郡矢巾町西徳田第３地割７４" }, "geometry": { "type": "Point", "coordinates": [ 141.17177, 39.61287 ] } },
{ "type": "Feature", "properties": { "ID": 3503500924, "正式名称": "南やはば調剤薬局", "機関区分": 5, "都道府県コード": 3, "市区町村コード": 322, "所在地": "岩手県紫波郡矢巾町南矢幅７地割４５３", "緯度": 39.605892, "経度": 141.14159, "url": "https://www.iryou.teikyouseido.mhlw.go.jp/znk-web/juminkanja/S2430/initialize?prefCd=03&kikanCd=03500924&kikanKbn=nan", "url2": null, "内容": "南やはば調剤薬局0岩手県紫波郡矢巾町南矢幅７地割４５３" }, "geometry": { "type": "Point", "coordinates": [ 141.14159, 39.605892 ] } },
{ "type": "Feature", "properties": { "ID": 3503500925, "正式名称": "おしゃっち前薬局", "機関区分": 5, "都道府県コード": 3, "市区町村コード": 461, "所在地": "岩手県上閉伊郡大槌町大町５－１５", "緯度": 39.358239, "経度": 141.905041, "url": "https://www.iryou.teikyouseido.mhlw.go.jp/znk-web/juminkanja/S2430/initialize?prefCd=03&kikanCd=03500925&kikanKbn=nan", "url2": null, "内容": "おしゃっち前薬局0岩手県上閉伊郡大槌町大町５－１５" }, "geometry": { "type": "Point", "coordinates": [ 141.905041, 39.358239 ] } },
{ "type": "Feature", "properties": { "ID": 3503500927, "正式名称": "銀河薬局　穴口店", "機関区分": 5, "都道府県コード": 3, "市区町村コード": 216, "所在地": "岩手県滝沢市穴口１８３番１", "緯度": 39.742785, "経度": 141.106709, "url": "https://www.iryou.teikyouseido.mhlw.go.jp/znk-web/juminkanja/S2430/initialize?prefCd=03&kikanCd=03500927&kikanKbn=nan", "url2": "https://www.sano-ph.co.jp/", "内容": "銀河薬局　穴口店0岩手県滝沢市穴口１８３番１" }, "geometry": { "type": "Point", "coordinates": [ 141.106709, 39.742785 ] } },
{ "type": "Feature", "properties": { "ID": 3503500929, "正式名称": "まちぶん調剤薬局", "機関区分": 5, "都道府県コード": 3, "市区町村コード": 206, "所在地": "岩手県北上市柳原町４丁目１５－８", "緯度": 39.296035, "経度": 141.114111, "url": "https://www.iryou.teikyouseido.mhlw.go.jp/znk-web/juminkanja/S2430/initialize?prefCd=03&kikanCd=03500929&kikanKbn=nan", "url2": "https://www.apocreat.co.jp/", "内容": "まちぶん調剤薬局0岩手県北上市柳原町４丁目１５－８" }, "geometry": { "type": "Point", "coordinates": [ 141.114111, 39.296035 ] } },
{ "type": "Feature", "properties": { "ID": 3503500931, "正式名称": "日本調剤　盛岡本宮薬局", "機関区分": 5, "都道府県コード": 3, "市区町村コード": 201, "所在地": "岩手県盛岡市本宮六丁目１番６２号", "緯度": 39.688176, "経度": 141.125355, "url": "https://www.iryou.teikyouseido.mhlw.go.jp/znk-web/juminkanja/S2430/initialize?prefCd=03&kikanCd=03500931&kikanKbn=nan", "url2": "https://www.nicho.co.jp/tenpo/moriokamotomiya/", "内容": "日本調剤　盛岡本宮薬局0岩手県盛岡市本宮六丁目１番６２号" }, "geometry": { "type": "Point", "coordinates": [ 141.125355, 39.688176 ] } },
{ "type": "Feature", "properties": { "ID": 3503500932, "正式名称": "このはな薬局", "機関区分": 5, "都道府県コード": 3, "市区町村コード": 209, "所在地": "岩手県一関市磐井町１番１９号", "緯度": 38.933219, "経度": 141.136336, "url": "https://www.iryou.teikyouseido.mhlw.go.jp/znk-web/juminkanja/S2430/initialize?prefCd=03&kikanCd=03500932&kikanKbn=nan", "url2": "http://www.lively-pharma.jp/", "内容": "このはな薬局0岩手県一関市磐井町１番１９号" }, "geometry": { "type": "Point", "coordinates": [ 141.136336, 38.933219 ] } },
{ "type": "Feature", "properties": { "ID": 3503500933, "正式名称": "ひづめ薬局", "機関区分": 5, "都道府県コード": 3, "市区町村コード": 321, "所在地": "岩手県紫波郡紫波町日詰字東裏２０番地４", "緯度": 39.557262, "経度": 141.173043, "url": "https://www.iryou.teikyouseido.mhlw.go.jp/znk-web/juminkanja/S2430/initialize?prefCd=03&kikanCd=03500933&kikanKbn=nan", "url2": "http://www.lively-pharma.jp/", "内容": "ひづめ薬局0岩手県紫波郡紫波町日詰字東裏２０番地４" }, "geometry": { "type": "Point", "coordinates": [ 141.173043, 39.557262 ] } },
{ "type": "Feature", "properties": { "ID": 3503500934, "正式名称": "調剤薬局ツルハドラッグ盛岡本町通店", "機関区分": 5, "都道府県コード": 3, "市区町村コード": 201, "所在地": "岩手県盛岡市本町通一丁目２ー１５", "緯度": 39.706079, "経度": 141.156071, "url": "https://www.iryou.teikyouseido.mhlw.go.jp/znk-web/juminkanja/S2430/initialize?prefCd=03&kikanCd=03500934&kikanKbn=nan", "url2": "https://www.tsuruha.co.jp/", "内容": "調剤薬局ツルハドラッグ盛岡本町通店0岩手県盛岡市本町通一丁目２ー１５" }, "geometry": { "type": "Point", "coordinates": [ 141.156071, 39.706079 ] } },
{ "type": "Feature", "properties": { "ID": 3503500935, "正式名称": "調剤薬局ツルハドラッグ盛岡愛宕店", "機関区分": 5, "都道府県コード": 3, "市区町村コード": 201, "所在地": "岩手県盛岡市愛宕町１１－１９", "緯度": 39.709365, "経度": 141.16202, "url": "https://www.iryou.teikyouseido.mhlw.go.jp/znk-web/juminkanja/S2430/initialize?prefCd=03&kikanCd=03500935&kikanKbn=nan", "url2": "https://www.tsuruha.co.jp/shop/chouzai/?id=1791", "内容": "調剤薬局ツルハドラッグ盛岡愛宕店0岩手県盛岡市愛宕町１１－１９" }, "geometry": { "type": "Point", "coordinates": [ 141.16202, 39.709365 ] } },
{ "type": "Feature", "properties": { "ID": 3503500936, "正式名称": "ウエルシア薬局イオンタウン盛岡駅前店", "機関区分": 5, "都道府県コード": 3, "市区町村コード": 201, "所在地": "岩手県盛岡市盛岡駅前北通１１－３０", "緯度": 39.705745, "経度": 141.133832, "url": "https://www.iryou.teikyouseido.mhlw.go.jp/znk-web/juminkanja/S2430/initialize?prefCd=03&kikanCd=03500936&kikanKbn=nan", "url2": "http://stores.welcia.co.jp/1365D", "内容": "ウエルシア薬局イオンタウン盛岡駅前店0岩手県盛岡市盛岡駅前北通１１－３０" }, "geometry": { "type": "Point", "coordinates": [ 141.133832, 39.705745 ] } },
{ "type": "Feature", "properties": { "ID": 3503500937, "正式名称": "調剤薬局ツルハドラッグ紫波中央店", "機関区分": 5, "都道府県コード": 3, "市区町村コード": 321, "所在地": "岩手県紫波郡紫波町日詰字中新田２１１－１", "緯度": 39.55563, "経度": 141.161578, "url": "https://www.iryou.teikyouseido.mhlw.go.jp/znk-web/juminkanja/S2430/initialize?prefCd=03&kikanCd=03500937&kikanKbn=nan", "url2": "http://www.tsuruha.co.jp", "内容": "調剤薬局ツルハドラッグ紫波中央店0岩手県紫波郡紫波町日詰字中新田２１１－１" }, "geometry": { "type": "Point", "coordinates": [ 141.161578, 39.55563 ] } },
{ "type": "Feature", "properties": { "ID": 3503500938, "正式名称": "調剤薬局ツルハドラッグ八幡平バイパス店", "機関区分": 5, "都道府県コード": 3, "市区町村コード": 214, "所在地": "岩手県八幡平市大更第３４地割３９２－１", "緯度": 39.914657, "経度": 141.1062615, "url": "https://www.iryou.teikyouseido.mhlw.go.jp/znk-web/juminkanja/S2430/initialize?prefCd=03&kikanCd=03500938&kikanKbn=nan", "url2": "https://www.tsuruha.co.jp/shop/chouzai/?id=1894", "内容": "調剤薬局ツルハドラッグ八幡平バイパス店0岩手県八幡平市大更第３４地割３９２－１" }, "geometry": { "type": "Point", "coordinates": [ 141.106261499999988, 39.914657 ] } },
{ "type": "Feature", "properties": { "ID": 3503500939, "正式名称": "クスリのアオキ紫波桜町薬局", "機関区分": 5, "都道府県コード": 3, "市区町村コード": 321, "所在地": "岩手県紫波郡紫波町桜町字田頭９５番地", "緯度": 39.54862, "経度": 141.162773, "url": "https://www.iryou.teikyouseido.mhlw.go.jp/znk-web/juminkanja/S2430/initialize?prefCd=03&kikanCd=03500939&kikanKbn=nan", "url2": "https://www.kusuri-aoki.co.jp/", "内容": "クスリのアオキ紫波桜町薬局0岩手県紫波郡紫波町桜町字田頭９５番地" }, "geometry": { "type": "Point", "coordinates": [ 141.162773, 39.54862 ] } },
{ "type": "Feature", "properties": { "ID": 3503500940, "正式名称": "調剤薬局ツルハドラッグ盛岡青山店", "機関区分": 5, "都道府県コード": 3, "市区町村コード": 201, "所在地": "岩手県盛岡市月が丘二丁目１番３５号", "緯度": 39.73003, "経度": 141.106751, "url": "https://www.iryou.teikyouseido.mhlw.go.jp/znk-web/juminkanja/S2430/initialize?prefCd=03&kikanCd=03500940&kikanKbn=nan", "url2": "http://www.tsuruha.co.jp", "内容": "調剤薬局ツルハドラッグ盛岡青山店0岩手県盛岡市月が丘二丁目１番３５号" }, "geometry": { "type": "Point", "coordinates": [ 141.106751, 39.73003 ] } },
{ "type": "Feature", "properties": { "ID": 3503500941, "正式名称": "むかいなかの調剤薬局", "機関区分": 5, "都道府県コード": 3, "市区町村コード": 201, "所在地": "岩手県盛岡市向中野２丁目５４－１２", "緯度": 39.680766, "経度": 141.138399, "url": "https://www.iryou.teikyouseido.mhlw.go.jp/znk-web/juminkanja/S2430/initialize?prefCd=03&kikanCd=03500941&kikanKbn=nan", "url2": "https://pharma-labo.iwate.jp/", "内容": "むかいなかの調剤薬局0岩手県盛岡市向中野２丁目５４－１２" }, "geometry": { "type": "Point", "coordinates": [ 141.138399, 39.680766 ] } },
{ "type": "Feature", "properties": { "ID": 3503500944, "正式名称": "つくし薬局はらなか店", "機関区分": 5, "都道府県コード": 3, "市区町村コード": 215, "所在地": "岩手県奥州市水沢太日通り二丁目４番１０号", "緯度": 39.133656, "経度": 141.150249, "url": "https://www.iryou.teikyouseido.mhlw.go.jp/znk-web/juminkanja/S2430/initialize?prefCd=03&kikanCd=03500944&kikanKbn=nan", "url2": "https://294ph.com", "内容": "つくし薬局はらなか店0岩手県奥州市水沢太日通り二丁目４番１０号" }, "geometry": { "type": "Point", "coordinates": [ 141.150249, 39.133656 ] } },
{ "type": "Feature", "properties": { "ID": 3503500947, "正式名称": "あい薬局　村崎野店", "機関区分": 5, "都道府県コード": 3, "市区町村コード": 206, "所在地": "岩手県北上市村崎野第１５地割３５４番３号", "緯度": 39.323552, "経度": 141.102892, "url": "https://www.iryou.teikyouseido.mhlw.go.jp/znk-web/juminkanja/S2430/initialize?prefCd=03&kikanCd=03500947&kikanKbn=nan", "url2": null, "内容": "あい薬局　村崎野店0岩手県北上市村崎野第１５地割３５４番３号" }, "geometry": { "type": "Point", "coordinates": [ 141.102892, 39.323552 ] } },
{ "type": "Feature", "properties": { "ID": 3503500948, "正式名称": "サンドラッグ盛岡上田薬局", "機関区分": 5, "都道府県コード": 3, "市区町村コード": 201, "所在地": "岩手県盛岡市本町通三丁目１２ー５", "緯度": 39.710838, "経度": 141.145988, "url": "https://www.iryou.teikyouseido.mhlw.go.jp/znk-web/juminkanja/S2430/initialize?prefCd=03&kikanCd=03500948&kikanKbn=nan", "url2": "https://sundrug-online.com/tools/locations/locations/sheng-gang-shang-tian-yao-ju", "内容": "サンドラッグ盛岡上田薬局0岩手県盛岡市本町通三丁目１２ー５" }, "geometry": { "type": "Point", "coordinates": [ 141.145988, 39.710838 ] } },
{ "type": "Feature", "properties": { "ID": 3503500949, "正式名称": "あかり薬局　肴町店", "機関区分": 5, "都道府県コード": 3, "市区町村コード": 201, "所在地": "岩手県盛岡市肴町５－４", "緯度": 39.698819, "経度": 141.155259, "url": "https://www.iryou.teikyouseido.mhlw.go.jp/znk-web/juminkanja/S2430/initialize?prefCd=03&kikanCd=03500949&kikanKbn=nan", "url2": null, "内容": "あかり薬局　肴町店0岩手県盛岡市肴町５－４" }, "geometry": { "type": "Point", "coordinates": [ 141.155259, 39.698819 ] } },
{ "type": "Feature", "properties": { "ID": 3503500950, "正式名称": "森の前薬局", "機関区分": 5, "都道府県コード": 3, "市区町村コード": 210, "所在地": "岩手県陸前高田市高田町字鳴石８９ー２５", "緯度": 39.01565, "経度": 141.62874, "url": "https://www.iryou.teikyouseido.mhlw.go.jp/znk-web/juminkanja/S2430/initialize?prefCd=03&kikanCd=03500950&kikanKbn=nan", "url2": "https://www.sogo-pharmacy.jp/", "内容": "森の前薬局0岩手県陸前高田市高田町字鳴石８９ー２５" }, "geometry": { "type": "Point", "coordinates": [ 141.62874, 39.01565 ] } },
{ "type": "Feature", "properties": { "ID": 3503500952, "正式名称": "大和薬局", "機関区分": 5, "都道府県コード": 3, "市区町村コード": 201, "所在地": "岩手県盛岡市本宮３丁目９－９", "緯度": 39.692532, "経度": 141.13327, "url": "https://www.iryou.teikyouseido.mhlw.go.jp/znk-web/juminkanja/S2430/initialize?prefCd=03&kikanCd=03500952&kikanKbn=nan", "url2": null, "内容": "大和薬局0岩手県盛岡市本宮３丁目９－９" }, "geometry": { "type": "Point", "coordinates": [ 141.13327, 39.692532 ] } },
{ "type": "Feature", "properties": { "ID": 3503500954, "正式名称": "ウエルシア薬局アクロスプラザ盛岡店", "機関区分": 5, "都道府県コード": 3, "市区町村コード": 201, "所在地": "岩手県盛岡市津志田南１－１－７", "緯度": 39.659464, "経度": 141.160778, "url": "https://www.iryou.teikyouseido.mhlw.go.jp/znk-web/juminkanja/S2430/initialize?prefCd=03&kikanCd=03500954&kikanKbn=nan", "url2": "https://store.welcia.co.jp/welcia/spot/detail?code=1408D", "内容": "ウエルシア薬局アクロスプラザ盛岡店0岩手県盛岡市津志田南１－１－７" }, "geometry": { "type": "Point", "coordinates": [ 141.160778, 39.659464 ] } },
{ "type": "Feature", "properties": { "ID": 3503500955, "正式名称": "調剤薬局ツルハドラッグ盛岡向中野東店", "機関区分": 5, "都道府県コード": 3, "市区町村コード": 201, "所在地": "岩手県盛岡市向中野二丁目１－１", "緯度": 39.684178, "経度": 141.142734, "url": "https://www.iryou.teikyouseido.mhlw.go.jp/znk-web/juminkanja/S2430/initialize?prefCd=03&kikanCd=03500955&kikanKbn=nan", "url2": "https://www.tsuruha.co.jp/shop/?cm=v&id=11781", "内容": "調剤薬局ツルハドラッグ盛岡向中野東店0岩手県盛岡市向中野二丁目１－１" }, "geometry": { "type": "Point", "coordinates": [ 141.142734, 39.684178 ] } },
{ "type": "Feature", "properties": { "ID": 3503500956, "正式名称": "つくし薬局　北上駅東口店", "機関区分": 5, "都道府県コード": 3, "市区町村コード": 206, "所在地": "岩手県北上市川岸１－１－２０　１階", "緯度": 39.280068, "経度": 141.122832, "url": "https://www.iryou.teikyouseido.mhlw.go.jp/znk-web/juminkanja/S2430/initialize?prefCd=03&kikanCd=03500956&kikanKbn=nan", "url2": "http://www294ph.com/", "内容": "つくし薬局　北上駅東口店0岩手県北上市川岸１－１－２０　１階" }, "geometry": { "type": "Point", "coordinates": [ 141.122832, 39.280068 ] } },
{ "type": "Feature", "properties": { "ID": 3503500957, "正式名称": "クスリのアオキ水沢薬局", "機関区分": 5, "都道府県コード": 3, "市区町村コード": 215, "所在地": "岩手県奥州市水沢高屋敷１４１番地１", "緯度": 39.137383, "経度": 141.127447, "url": "https://www.iryou.teikyouseido.mhlw.go.jp/znk-web/juminkanja/S2430/initialize?prefCd=03&kikanCd=03500957&kikanKbn=nan", "url2": "https://www.kusuri-aoki.co.jp/", "内容": "クスリのアオキ水沢薬局0岩手県奥州市水沢高屋敷１４１番地１" }, "geometry": { "type": "Point", "coordinates": [ 141.127447, 39.137383 ] } },
{ "type": "Feature", "properties": { "ID": 3503500958, "正式名称": "調剤薬局ツルハドラッグ　遠野松崎店", "機関区分": 5, "都道府県コード": 3, "市区町村コード": 208, "所在地": "岩手県遠野市松崎町白岩１９－４８－１", "緯度": 39.336886, "経度": 141.546833, "url": "https://www.iryou.teikyouseido.mhlw.go.jp/znk-web/juminkanja/S2430/initialize?prefCd=03&kikanCd=03500958&kikanKbn=nan", "url2": "https://shop.tsuruha-g.com/1785", "内容": "調剤薬局ツルハドラッグ　遠野松崎店0岩手県遠野市松崎町白岩１９－４８－１" }, "geometry": { "type": "Point", "coordinates": [ 141.546833, 39.336886 ] } },
{ "type": "Feature", "properties": { "ID": 3503500959, "正式名称": "もみじ薬局", "機関区分": 5, "都道府県コード": 3, "市区町村コード": 215, "所在地": "岩手県奥州市水沢谷地明円３０番地４", "緯度": 39.140022, "経度": 141.131783, "url": "https://www.iryou.teikyouseido.mhlw.go.jp/znk-web/juminkanja/S2430/initialize?prefCd=03&kikanCd=03500959&kikanKbn=nan", "url2": null, "内容": "もみじ薬局0岩手県奥州市水沢谷地明円３０番地４" }, "geometry": { "type": "Point", "coordinates": [ 141.131783, 39.140022 ] } },
{ "type": "Feature", "properties": { "ID": 3503501001, "正式名称": "有限会社つぐみ薬局", "機関区分": 5, "都道府県コード": 3, "市区町村コード": 216, "所在地": "岩手県滝沢市狼久保６８８－３", "緯度": 39.782465, "経度": 141.137969, "url": "https://www.iryou.teikyouseido.mhlw.go.jp/znk-web/juminkanja/S2430/initialize?prefCd=03&kikanCd=03501001&kikanKbn=nan", "url2": "tsugumi-ph.jp", "内容": "有限会社つぐみ薬局0岩手県滝沢市狼久保６８８－３" }, "geometry": { "type": "Point", "coordinates": [ 141.137969, 39.782465 ] } },
{ "type": "Feature", "properties": { "ID": 3503501003, "正式名称": "矢巾西口薬局", "機関区分": 5, "都道府県コード": 3, "市区町村コード": 322, "所在地": "岩手県紫波郡矢巾町又兵エ新田５－３１２", "緯度": 39.615362, "経度": 141.145006, "url": "https://www.iryou.teikyouseido.mhlw.go.jp/znk-web/juminkanja/S2430/initialize?prefCd=03&kikanCd=03501003&kikanKbn=nan", "url2": "https://endeavor-co.com", "内容": "矢巾西口薬局0岩手県紫波郡矢巾町又兵エ新田５－３１２" }, "geometry": { "type": "Point", "coordinates": [ 141.145006, 39.615362 ] } },
{ "type": "Feature", "properties": { "ID": 3503501004, "正式名称": "トライ薬局", "機関区分": 5, "都道府県コード": 3, "市区町村コード": 214, "所在地": "岩手県八幡平市田頭第３７地割１０３番地６", "緯度": 39.928245, "経度": 141.09581, "url": "https://www.iryou.teikyouseido.mhlw.go.jp/znk-web/juminkanja/S2430/initialize?prefCd=03&kikanCd=03501004&kikanKbn=nan", "url2": "https://www.try-pharmacy.jp/", "内容": "トライ薬局0岩手県八幡平市田頭第３７地割１０３番地６" }, "geometry": { "type": "Point", "coordinates": [ 141.09581, 39.928245 ] } },
{ "type": "Feature", "properties": { "ID": 3503501005, "正式名称": "クスリのアオキ大更薬局", "機関区分": 5, "都道府県コード": 3, "市区町村コード": 214, "所在地": "岩手県八幡平市大更第２１地割３８番地１", "緯度": 39.911856, "経度": 141.096465, "url": "https://www.iryou.teikyouseido.mhlw.go.jp/znk-web/juminkanja/S2430/initialize?prefCd=03&kikanCd=03501005&kikanKbn=nan", "url2": "https://www.kusuri-aoki.co.jp/", "内容": "クスリのアオキ大更薬局0岩手県八幡平市大更第２１地割３８番地１" }, "geometry": { "type": "Point", "coordinates": [ 141.096465, 39.911856 ] } },
{ "type": "Feature", "properties": { "ID": 3503501006, "正式名称": "薬王堂薬局オアシスタウンやはば店", "機関区分": 5, "都道府県コード": 3, "市区町村コード": 322, "所在地": "岩手県紫波郡矢巾町藤沢第５地割１２番地４", "緯度": 39.618687, "経度": 141.165593, "url": "https://www.iryou.teikyouseido.mhlw.go.jp/znk-web/juminkanja/S2430/initialize?prefCd=03&kikanCd=03501006&kikanKbn=nan", "url2": null, "内容": "薬王堂薬局オアシスタウンやはば店0岩手県紫波郡矢巾町藤沢第５地割１２番地４" }, "geometry": { "type": "Point", "coordinates": [ 141.165593, 39.618687 ] } },
{ "type": "Feature", "properties": { "ID": 3503501007, "正式名称": "メガ調剤薬局　矢巾店", "機関区分": 5, "都道府県コード": 3, "市区町村コード": 322, "所在地": "岩手県紫波郡矢巾町藤沢第５地割１２番地７カブセンター矢巾店", "緯度": 39.618463, "経度": 141.166527, "url": "https://www.iryou.teikyouseido.mhlw.go.jp/znk-web/juminkanja/S2430/initialize?prefCd=03&kikanCd=03501007&kikanKbn=nan", "url2": null, "内容": "メガ調剤薬局　矢巾店0岩手県紫波郡矢巾町藤沢第５地割１２番地７カブセンター矢巾店" }, "geometry": { "type": "Point", "coordinates": [ 141.166527, 39.618463 ] } },
{ "type": "Feature", "properties": { "ID": 3503502001, "正式名称": "菊屋薬局", "機関区分": 5, "都道府県コード": 3, "市区町村コード": 206, "所在地": "岩手県北上市花園町１－５－７", "緯度": 39.288801, "経度": 141.120473, "url": "https://www.iryou.teikyouseido.mhlw.go.jp/znk-web/juminkanja/S2430/initialize?prefCd=03&kikanCd=03502001&kikanKbn=nan", "url2": null, "内容": "菊屋薬局0岩手県北上市花園町１－５－７" }, "geometry": { "type": "Point", "coordinates": [ 141.120473, 39.288801 ] } },
{ "type": "Feature", "properties": { "ID": 3503502002, "正式名称": "ウイル調剤薬局", "機関区分": 5, "都道府県コード": 3, "市区町村コード": 206, "所在地": "岩手県北上市上江釣子７地割９７番地１", "緯度": 39.300917, "経度": 141.070458, "url": "https://www.iryou.teikyouseido.mhlw.go.jp/znk-web/juminkanja/S2430/initialize?prefCd=03&kikanCd=03502002&kikanKbn=nan", "url2": null, "内容": "ウイル調剤薬局0岩手県北上市上江釣子７地割９７番地１" }, "geometry": { "type": "Point", "coordinates": [ 141.070458, 39.300917 ] } },
{ "type": "Feature", "properties": { "ID": 3503502003, "正式名称": "クスリのアオキ北鬼柳薬局", "機関区分": 5, "都道府県コード": 3, "市区町村コード": 206, "所在地": "岩手県北上市北鬼柳５地割１番地１", "緯度": 39.301913, "経度": 141.098877, "url": "https://www.iryou.teikyouseido.mhlw.go.jp/znk-web/juminkanja/S2430/initialize?prefCd=03&kikanCd=03502003&kikanKbn=nan", "url2": "https://www.kusuri-aoki.co.jp/", "内容": "クスリのアオキ北鬼柳薬局0岩手県北上市北鬼柳５地割１番地１" }, "geometry": { "type": "Point", "coordinates": [ 141.098877, 39.301913 ] } },
{ "type": "Feature", "properties": { "ID": 3503502004, "正式名称": "ふるさと薬局", "機関区分": 5, "都道府県コード": 3, "市区町村コード": 206, "所在地": "岩手県北上市藤沢１８地割１２番５", "緯度": 39.309307, "経度": 141.106002, "url": "https://www.iryou.teikyouseido.mhlw.go.jp/znk-web/juminkanja/S2430/initialize?prefCd=03&kikanCd=03502004&kikanKbn=nan", "url2": "http://www.lively-pharma.jp/", "内容": "ふるさと薬局0岩手県北上市藤沢１８地割１２番５" }, "geometry": { "type": "Point", "coordinates": [ 141.106002, 39.309307 ] } },
{ "type": "Feature", "properties": { "ID": 3503502005, "正式名称": "ウイング薬局北鬼柳店", "機関区分": 5, "都道府県コード": 3, "市区町村コード": 206, "所在地": "岩手県北上市北鬼柳１８－１８－１", "緯度": 39.293687, "経度": 141.102163, "url": "https://www.iryou.teikyouseido.mhlw.go.jp/znk-web/juminkanja/S2430/initialize?prefCd=03&kikanCd=03502005&kikanKbn=nan", "url2": null, "内容": "ウイング薬局北鬼柳店0岩手県北上市北鬼柳１８－１８－１" }, "geometry": { "type": "Point", "coordinates": [ 141.102163, 39.293687 ] } },
{ "type": "Feature", "properties": { "ID": 3503502006, "正式名称": "ウェルビー薬局　北上駅西口店", "機関区分": 5, "都道府県コード": 3, "市区町村コード": 206, "所在地": "岩手県北上市大通り１丁目３番１号おでんせプラザぐろーぶ１階", "緯度": 39.2821745, "経度": 141.1202144, "url": "https://www.iryou.teikyouseido.mhlw.go.jp/znk-web/juminkanja/S2430/initialize?prefCd=03&kikanCd=03502006&kikanKbn=nan", "url2": null, "内容": "ウェルビー薬局　北上駅西口店0岩手県北上市大通り１丁目３番１号おでんせプラザぐろーぶ１階" }, "geometry": { "type": "Point", "coordinates": [ 141.1202144, 39.2821745 ] } },
{ "type": "Feature", "properties": { "ID": 3503502008, "正式名称": "銀河薬局松園店", "機関区分": 5, "都道府県コード": 3, "市区町村コード": 205, "所在地": "岩手県花巻市松園町一丁目１２番４８号", "緯度": 39.408414, "経度": 141.104774, "url": "https://www.iryou.teikyouseido.mhlw.go.jp/znk-web/juminkanja/S2430/initialize?prefCd=03&kikanCd=03502008&kikanKbn=nan", "url2": "https://www.sano-ph.co.jp/stores/iwate/hanamaki-city/ginga.matsuzono/", "内容": "銀河薬局松園店0岩手県花巻市松園町一丁目１２番４８号" }, "geometry": { "type": "Point", "coordinates": [ 141.104774, 39.408414 ] } },
{ "type": "Feature", "properties": { "ID": 3503504001, "正式名称": "クスリのアオキ一関薬局", "機関区分": 5, "都道府県コード": 3, "市区町村コード": 209, "所在地": "岩手県一関市山目字三反田２２４番地", "緯度": 38.931536, "経度": 141.121888, "url": "https://www.iryou.teikyouseido.mhlw.go.jp/znk-web/juminkanja/S2430/initialize?prefCd=03&kikanCd=03504001&kikanKbn=nan", "url2": "https://www.kusuri-aoki.co.jp/", "内容": "クスリのアオキ一関薬局0岩手県一関市山目字三反田２２４番地" }, "geometry": { "type": "Point", "coordinates": [ 141.121888, 38.931536 ] } },
{ "type": "Feature", "properties": { "ID": 3503504002, "正式名称": "クスリのアオキ千厩薬局", "機関区分": 5, "都道府県コード": 3, "市区町村コード": 209, "所在地": "岩手県一関市千厩町千厩字構井田４２番地３", "緯度": 38.924194, "経度": 141.341637, "url": "https://www.iryou.teikyouseido.mhlw.go.jp/znk-web/juminkanja/S2430/initialize?prefCd=03&kikanCd=03504002&kikanKbn=nan", "url2": "https://www.kusuri-aoki.co.jp/", "内容": "クスリのアオキ千厩薬局0岩手県一関市千厩町千厩字構井田４２番地３" }, "geometry": { "type": "Point", "coordinates": [ 141.341637, 38.924194 ] } },
{ "type": "Feature", "properties": { "ID": 3503504003, "正式名称": "サン調剤薬局", "機関区分": 5, "都道府県コード": 3, "市区町村コード": 209, "所在地": "岩手県一関市田村町２９", "緯度": 38.92996, "経度": 141.132088, "url": "https://www.iryou.teikyouseido.mhlw.go.jp/znk-web/juminkanja/S2430/initialize?prefCd=03&kikanCd=03504003&kikanKbn=nan", "url2": null, "内容": "サン調剤薬局0岩手県一関市田村町２９" }, "geometry": { "type": "Point", "coordinates": [ 141.132088, 38.92996 ] } },
{ "type": "Feature", "properties": { "ID": 3503505001, "正式名称": "なの花薬局盛町店", "機関区分": 5, "都道府県コード": 3, "市区町村コード": 203, "所在地": "岩手県大船渡市盛町字東町１１番地１２", "緯度": 39.087636, "経度": 141.711058, "url": "https://www.iryou.teikyouseido.mhlw.go.jp/znk-web/juminkanja/S2430/initialize?prefCd=03&kikanCd=03505001&kikanKbn=nan", "url2": "https://www.nanohana-ph.jp/shop/touhoku/iwate/ofunato/sakaricho.php", "内容": "なの花薬局盛町店0岩手県大船渡市盛町字東町１１番地１２" }, "geometry": { "type": "Point", "coordinates": [ 141.711058, 39.087636 ] } },
{ "type": "Feature", "properties": { "ID": 3503505002, "正式名称": "とうごう薬局越喜来店", "機関区分": 5, "都道府県コード": 3, "市区町村コード": 203, "所在地": "岩手県大船渡市三陸町越喜来字所通４４番地６", "緯度": 39.121689, "経度": 141.810155, "url": "https://www.iryou.teikyouseido.mhlw.go.jp/znk-web/juminkanja/S2430/initialize?prefCd=03&kikanCd=03505002&kikanKbn=nan", "url2": "https://www.bing.com/ck/a?!&&p=b1df160ca8ba78bbacd7c932a03b8bf30d9d61da6a81287d0b6c6a0808f630f3JmltdHM9MTc3NjgxNjAwMA&ptn=3&ver=2&hsh=4&fclid=1d1dcf4a-048c-69d9-2739-dc7e05f6689f&psq=%e3%81%a8%e3%81%86%e3%81%94%e3%81%86%e8%96%ac%e5%b1%80+%e3%83%95%e3%82%a7%e3%82%a4%e3%82%b9%e3%83%96%e3%83%83%e3%82%a", "内容": "とうごう薬局越喜来店0岩手県大船渡市三陸町越喜来字所通４４番地６" }, "geometry": { "type": "Point", "coordinates": [ 141.810155, 39.121689 ] } },
{ "type": "Feature", "properties": { "ID": 3503507001, "正式名称": "根市ファミリー薬局", "機関区分": 5, "都道府県コード": 3, "市区町村コード": 202, "所在地": "岩手県宮古市根市第１地割１０番地２", "緯度": 39.632826, "経度": 141.892377, "url": "https://www.iryou.teikyouseido.mhlw.go.jp/znk-web/juminkanja/S2430/initialize?prefCd=03&kikanCd=03507001&kikanKbn=nan", "url2": "https://www.aba-kamu.com/neichifamily-store", "内容": "根市ファミリー薬局0岩手県宮古市根市第１地割１０番地２" }, "geometry": { "type": "Point", "coordinates": [ 141.892377, 39.632826 ] } },
{ "type": "Feature", "properties": { "ID": 3503507002, "正式名称": "きらり薬局　実田", "機関区分": 5, "都道府県コード": 3, "市区町村コード": 202, "所在地": "岩手県宮古市実田二丁目５番９号", "緯度": 39.623525, "経度": 141.953429, "url": "https://www.iryou.teikyouseido.mhlw.go.jp/znk-web/juminkanja/S2430/initialize?prefCd=03&kikanCd=03507002&kikanKbn=nan", "url2": "https://www.kirari-pharmacy.jp/", "内容": "きらり薬局　実田0岩手県宮古市実田二丁目５番９号" }, "geometry": { "type": "Point", "coordinates": [ 141.953429, 39.623525 ] } },
{ "type": "Feature", "properties": { "ID": 3503508001, "正式名称": "けい福薬局久慈店", "機関区分": 5, "都道府県コード": 3, "市区町村コード": 207, "所在地": "岩手県久慈市中央一丁目１０番", "緯度": 40.19111, "経度": 141.768411, "url": "https://www.iryou.teikyouseido.mhlw.go.jp/znk-web/juminkanja/S2430/initialize?prefCd=03&kikanCd=03508001&kikanKbn=nan", "url2": null, "内容": "けい福薬局久慈店0岩手県久慈市中央一丁目１０番" }, "geometry": { "type": "Point", "coordinates": [ 141.768411, 40.19111 ] } },
{ "type": "Feature", "properties": { "ID": 3503508002, "正式名称": "洋野調剤薬局", "機関区分": 5, "都道府県コード": 3, "市区町村コード": 507, "所在地": "岩手県九戸郡洋野町大野８－８４－５", "緯度": 40.293546, "経度": 141.647371, "url": "https://www.iryou.teikyouseido.mhlw.go.jp/znk-web/juminkanja/S2430/initialize?prefCd=03&kikanCd=03508002&kikanKbn=nan", "url2": null, "内容": "洋野調剤薬局0岩手県九戸郡洋野町大野８－８４－５" }, "geometry": { "type": "Point", "coordinates": [ 141.647371, 40.293546 ] } },
{ "type": "Feature", "properties": { "ID": 3503509001, "正式名称": "ウメダドラッグストアー", "機関区分": 5, "都道府県コード": 3, "市区町村コード": 213, "所在地": "岩手県二戸市石切所字枋ノ木４９－４", "緯度": 40.259611, "経度": 141.287525, "url": "https://www.iryou.teikyouseido.mhlw.go.jp/znk-web/juminkanja/S2430/initialize?prefCd=03&kikanCd=03509001&kikanKbn=nan", "url2": null, "内容": "ウメダドラッグストアー0岩手県二戸市石切所字枋ノ木４９－４" }, "geometry": { "type": "Point", "coordinates": [ 141.287525, 40.259611 ] } },
{ "type": "Feature", "properties": { "ID": 3503509002, "正式名称": "もわ調剤薬局", "機関区分": 5, "都道府県コード": 3, "市区町村コード": 506, "所在地": "岩手県九戸郡九戸村江刺家６－１０９", "緯度": 40.260459, "経度": 141.402631, "url": "https://www.iryou.teikyouseido.mhlw.go.jp/znk-web/juminkanja/S2430/initialize?prefCd=03&kikanCd=03509002&kikanKbn=nan", "url2": null, "内容": "もわ調剤薬局0岩手県九戸郡九戸村江刺家６－１０９" }, "geometry": { "type": "Point", "coordinates": [ 141.402631, 40.260459 ] } },
{ "type": "Feature", "properties": { "ID": 3503510001, "正式名称": "あさひ薬局滝沢中央店", "機関区分": 5, "都道府県コード": 3, "市区町村コード": 216, "所在地": "岩手県滝沢市狼久保６８９番地１", "緯度": 39.78294, "経度": 141.136927, "url": "https://www.iryou.teikyouseido.mhlw.go.jp/znk-web/juminkanja/S2430/initialize?prefCd=03&kikanCd=03510001&kikanKbn=nan", "url2": "https://asahi-takizawa.com/", "内容": "あさひ薬局滝沢中央店0岩手県滝沢市狼久保６８９番地１" }, "geometry": { "type": "Point", "coordinates": [ 141.136927, 39.78294 ] } },
{ "type": "Feature", "properties": { "ID": 3503510002, "正式名称": "そうごう薬局西仙北店", "機関区分": 5, "都道府県コード": 3, "市区町村コード": 201, "所在地": "岩手県盛岡市西仙北１丁目１５－６", "緯度": 39.687349, "経度": 141.147921, "url": "https://www.iryou.teikyouseido.mhlw.go.jp/znk-web/juminkanja/S2430/initialize?prefCd=03&kikanCd=03510002&kikanKbn=nan", "url2": "https://www.sogo-pharmacy.jp/shop/view/879", "内容": "そうごう薬局西仙北店0岩手県盛岡市西仙北１丁目１５－６" }, "geometry": { "type": "Point", "coordinates": [ 141.147921, 39.687349 ] } },
{ "type": "Feature", "properties": { "ID": 3503510003, "正式名称": "せいりゅう薬局　東仙北店", "機関区分": 5, "都道府県コード": 3, "市区町村コード": 201, "所在地": "岩手県盛岡市東仙北２ー４ー２９", "緯度": 39.682022, "経度": 141.156582, "url": "https://www.iryou.teikyouseido.mhlw.go.jp/znk-web/juminkanja/S2430/initialize?prefCd=03&kikanCd=03510003&kikanKbn=nan", "url2": null, "内容": "せいりゅう薬局　東仙北店0岩手県盛岡市東仙北２ー４ー２９" }, "geometry": { "type": "Point", "coordinates": [ 141.156582, 39.682022 ] } },
{ "type": "Feature", "properties": { "ID": 3503510004, "正式名称": "下小路薬局", "機関区分": 5, "都道府県コード": 3, "市区町村コード": 201, "所在地": "岩手県盛岡市愛宕町２番３号", "緯度": 39.707504, "経度": 141.157175, "url": "https://www.iryou.teikyouseido.mhlw.go.jp/znk-web/juminkanja/S2430/initialize?prefCd=03&kikanCd=03510004&kikanKbn=nan", "url2": null, "内容": "下小路薬局0岩手県盛岡市愛宕町２番３号" }, "geometry": { "type": "Point", "coordinates": [ 141.157175, 39.707504 ] } },
{ "type": "Feature", "properties": { "ID": 3503510005, "正式名称": "シリウス薬局", "機関区分": 5, "都道府県コード": 3, "市区町村コード": 201, "所在地": "岩手県盛岡市みたけ二丁目２１番２２号", "緯度": 39.746044, "経度": 141.129163, "url": "https://www.iryou.teikyouseido.mhlw.go.jp/znk-web/juminkanja/S2430/initialize?prefCd=03&kikanCd=03510005&kikanKbn=nan", "url2": null, "内容": "シリウス薬局0岩手県盛岡市みたけ二丁目２１番２２号" }, "geometry": { "type": "Point", "coordinates": [ 141.129163, 39.746044 ] } },
{ "type": "Feature", "properties": { "ID": 3503510006, "正式名称": "すばる永井薬局", "機関区分": 5, "都道府県コード": 3, "市区町村コード": 201, "所在地": "岩手県盛岡市永井２２地割３－１２８", "緯度": 39.654304, "経度": 141.153866, "url": "https://www.iryou.teikyouseido.mhlw.go.jp/znk-web/juminkanja/S2430/initialize?prefCd=03&kikanCd=03510006&kikanKbn=nan", "url2": null, "内容": "すばる永井薬局0岩手県盛岡市永井２２地割３－１２８" }, "geometry": { "type": "Point", "coordinates": [ 141.153866, 39.654304 ] } },
{ "type": "Feature", "properties": { "ID": 3503510008, "正式名称": "調剤薬局ツルハドラッグ盛岡みたけ北店", "機関区分": 5, "都道府県コード": 3, "市区町村コード": 201, "所在地": "岩手県盛岡市みたけ二丁目１２番１０号", "緯度": 39.745055, "経度": 141.125329, "url": "https://www.iryou.teikyouseido.mhlw.go.jp/znk-web/juminkanja/S2430/initialize?prefCd=03&kikanCd=03510008&kikanKbn=nan", "url2": "https://shop.tsuruha-g.com/1033c", "内容": "調剤薬局ツルハドラッグ盛岡みたけ北店0岩手県盛岡市みたけ二丁目１２番１０号" }, "geometry": { "type": "Point", "coordinates": [ 141.125329, 39.745055 ] } },
{ "type": "Feature", "properties": { "ID": 3503510009, "正式名称": "ファーマ・ラボ薬局上田店", "機関区分": 5, "都道府県コード": 3, "市区町村コード": 201, "所在地": "岩手県盛岡市上田１丁目１０－３６", "緯度": 39.71263, "経度": 141.144143, "url": "https://www.iryou.teikyouseido.mhlw.go.jp/znk-web/juminkanja/S2430/initialize?prefCd=03&kikanCd=03510009&kikanKbn=nan", "url2": "https://pharma-labo.iwate.jp/", "内容": "ファーマ・ラボ薬局上田店0岩手県盛岡市上田１丁目１０－３６" }, "geometry": { "type": "Point", "coordinates": [ 141.144143, 39.71263 ] } },
{ "type": "Feature", "properties": { "ID": 3503510010, "正式名称": "銀河調剤あおい薬局", "機関区分": 5, "都道府県コード": 3, "市区町村コード": 201, "所在地": "岩手県盛岡市上田４丁目２０番６０号", "緯度": 39.721034, "経度": 141.137274, "url": "https://www.iryou.teikyouseido.mhlw.go.jp/znk-web/juminkanja/S2430/initialize?prefCd=03&kikanCd=03510010&kikanKbn=nan", "url2": null, "内容": "銀河調剤あおい薬局0岩手県盛岡市上田４丁目２０番６０号" }, "geometry": { "type": "Point", "coordinates": [ 141.137274, 39.721034 ] } },
{ "type": "Feature", "properties": { "ID": 3503510011, "正式名称": "銀河調剤ミルマエ薬局", "機関区分": 5, "都道府県コード": 3, "市区町村コード": 201, "所在地": "岩手県盛岡市三本柳１２－２１－４", "緯度": 39.650214, "経度": 141.165144, "url": "https://www.iryou.teikyouseido.mhlw.go.jp/znk-web/juminkanja/S2430/initialize?prefCd=03&kikanCd=03510011&kikanKbn=nan", "url2": "http://www.sano-ph.co.jp", "内容": "銀河調剤ミルマエ薬局0岩手県盛岡市三本柳１２－２１－４" }, "geometry": { "type": "Point", "coordinates": [ 141.165144, 39.650214 ] } },
{ "type": "Feature", "properties": { "ID": 3503510013, "正式名称": "クスリのアオキ渋民薬局", "機関区分": 5, "都道府県コード": 3, "市区町村コード": 201, "所在地": "岩手県盛岡市渋民字泉田１６９番地", "緯度": 39.847355, "経度": 141.169454, "url": "https://www.iryou.teikyouseido.mhlw.go.jp/znk-web/juminkanja/S2430/initialize?prefCd=03&kikanCd=03510013&kikanKbn=nan", "url2": "https://www.kusuri-aoki.co.jp/", "内容": "クスリのアオキ渋民薬局0岩手県盛岡市渋民字泉田１６９番地" }, "geometry": { "type": "Point", "coordinates": [ 141.169454, 39.847355 ] } },
{ "type": "Feature", "properties": { "ID": 3503510014, "正式名称": "つくし薬局盛岡中央店", "機関区分": 5, "都道府県コード": 3, "市区町村コード": 201, "所在地": "岩手県盛岡市上田一丁目５－３１", "緯度": 39.712782, "経度": 141.1463, "url": "https://www.iryou.teikyouseido.mhlw.go.jp/znk-web/juminkanja/S2430/initialize?prefCd=03&kikanCd=03510014&kikanKbn=nan", "url2": "https://294ph.com/", "内容": "つくし薬局盛岡中央店0岩手県盛岡市上田一丁目５－３１" }, "geometry": { "type": "Point", "coordinates": [ 141.1463, 39.712782 ] } },
{ "type": "Feature", "properties": { "ID": 3503510015, "正式名称": "もなか薬局", "機関区分": 5, "都道府県コード": 3, "市区町村コード": 201, "所在地": "岩手県盛岡市中ノ橋通１－６－８", "緯度": 39.699352, "経度": 141.155842, "url": "https://www.iryou.teikyouseido.mhlw.go.jp/znk-web/juminkanja/S2430/initialize?prefCd=03&kikanCd=03510015&kikanKbn=nan", "url2": null, "内容": "もなか薬局0岩手県盛岡市中ノ橋通１－６－８" }, "geometry": { "type": "Point", "coordinates": [ 141.155842, 39.699352 ] } },
{ "type": "Feature", "properties": { "ID": 3503510016, "正式名称": "銀河調剤オトベ薬局", "機関区分": 5, "都道府県コード": 3, "市区町村コード": 201, "所在地": "岩手県盛岡市乙部１３－１３５－１", "緯度": 39.617231, "経度": 141.206915, "url": "https://www.iryou.teikyouseido.mhlw.go.jp/znk-web/juminkanja/S2430/initialize?prefCd=03&kikanCd=03510016&kikanKbn=nan", "url2": "https://www.sano-ph.co.jp", "内容": "銀河調剤オトベ薬局0岩手県盛岡市乙部１３－１３５－１" }, "geometry": { "type": "Point", "coordinates": [ 141.206915, 39.617231 ] } },
{ "type": "Feature", "properties": { "ID": 3503510017, "正式名称": "道明薬局", "機関区分": 5, "都道府県コード": 3, "市区町村コード": 201, "所在地": "岩手県盛岡市向中野七丁目３４－２８", "緯度": 39.672325, "経度": 141.140392, "url": "https://www.iryou.teikyouseido.mhlw.go.jp/znk-web/juminkanja/S2430/initialize?prefCd=03&kikanCd=03510017&kikanKbn=nan", "url2": null, "内容": "道明薬局0岩手県盛岡市向中野七丁目３４－２８" }, "geometry": { "type": "Point", "coordinates": [ 141.140392, 39.672325 ] } },
{ "type": "Feature", "properties": { "ID": 3503510018, "正式名称": "どんぐり薬局さかな町", "機関区分": 5, "都道府県コード": 3, "市区町村コード": 201, "所在地": "岩手県盛岡市中ノ橋通１丁目６－８　モナカ２階", "緯度": 39.699045, "経度": 141.155746, "url": "https://www.iryou.teikyouseido.mhlw.go.jp/znk-web/juminkanja/S2430/initialize?prefCd=03&kikanCd=03510018&kikanKbn=nan", "url2": "https://www.donguri-kobo.jp/", "内容": "どんぐり薬局さかな町0岩手県盛岡市中ノ橋通１丁目６－８　モナカ２階" }, "geometry": { "type": "Point", "coordinates": [ 141.155746, 39.699045 ] } },
{ "type": "Feature", "properties": { "ID": 3503510019, "正式名称": "天昌寺薬局", "機関区分": 5, "都道府県コード": 3, "市区町村コード": 201, "所在地": "岩手県盛岡市天昌寺町３番２７号", "緯度": 39.709967, "経度": 141.120198, "url": "https://www.iryou.teikyouseido.mhlw.go.jp/znk-web/juminkanja/S2430/initialize?prefCd=03&kikanCd=03510019&kikanKbn=nan", "url2": "https://pharma-labo.iwate.jp/company/", "内容": "天昌寺薬局0岩手県盛岡市天昌寺町３番２７号" }, "geometry": { "type": "Point", "coordinates": [ 141.120198, 39.709967 ] } },
{ "type": "Feature", "properties": { "ID": 3503510020, "正式名称": "こなん薬局", "機関区分": 5, "都道府県コード": 3, "市区町村コード": 201, "所在地": "岩手県盛岡市上田字松屋敷２３番地３", "緯度": 39.758377, "経度": 141.156411, "url": "https://www.iryou.teikyouseido.mhlw.go.jp/znk-web/juminkanja/S2430/initialize?prefCd=03&kikanCd=03510020&kikanKbn=nan", "url2": "https://www.marinegroup.jp/detail/%E3%81%93%E3%81%AA%E3%82%93%E8%96%AC%E5%B1%80/", "内容": "こなん薬局0岩手県盛岡市上田字松屋敷２３番地３" }, "geometry": { "type": "Point", "coordinates": [ 141.156411, 39.758377 ] } },
{ "type": "Feature", "properties": { "ID": 3503510021, "正式名称": "クスリのアオキ津志田南薬局", "機関区分": 5, "都道府県コード": 3, "市区町村コード": 201, "所在地": "岩手県盛岡市都南中央第三地区土地区画整理事業地内８０街区２番", "緯度": 39.701955, "経度": 141.15433, "url": "https://www.iryou.teikyouseido.mhlw.go.jp/znk-web/juminkanja/S2430/initialize?prefCd=03&kikanCd=03510021&kikanKbn=nan", "url2": "https://www.kusuri-aoki.co.jp/", "内容": "クスリのアオキ津志田南薬局0岩手県盛岡市都南中央第三地区土地区画整理事業地内８０街区２番" }, "geometry": { "type": "Point", "coordinates": [ 141.15433, 39.701955 ] } },
{ "type": "Feature", "properties": { "ID": 3503510022, "正式名称": "レミディ薬局", "機関区分": 5, "都道府県コード": 3, "市区町村コード": 201, "所在地": "岩手県盛岡市中ノ橋通１－１４－８", "緯度": 39.699292, "経度": 141.158578, "url": "https://www.iryou.teikyouseido.mhlw.go.jp/znk-web/juminkanja/S2430/initialize?prefCd=03&kikanCd=03510022&kikanKbn=nan", "url2": null, "内容": "レミディ薬局0岩手県盛岡市中ノ橋通１－１４－８" }, "geometry": { "type": "Point", "coordinates": [ 141.158578, 39.699292 ] } },
{ "type": "Feature", "properties": { "ID": 3503510023, "正式名称": "イース薬局本町通店", "機関区分": 5, "都道府県コード": 3, "市区町村コード": 201, "所在地": "岩手県盛岡市本町通一丁目１６－４", "緯度": 39.706504, "経度": 141.152583, "url": "https://www.iryou.teikyouseido.mhlw.go.jp/znk-web/juminkanja/S2430/initialize?prefCd=03&kikanCd=03510023&kikanKbn=nan", "url2": "https://ease-pharmacy.jp/", "内容": "イース薬局本町通店0岩手県盛岡市本町通一丁目１６－４" }, "geometry": { "type": "Point", "coordinates": [ 141.152583, 39.706504 ] } },
{ "type": "Feature", "properties": { "ID": 3503510024, "正式名称": "ウェルビー薬局　上ノ橋店", "機関区分": 5, "都道府県コード": 3, "市区町村コード": 201, "所在地": "岩手県盛岡市上ノ橋町１番５３号", "緯度": 39.704991, "経度": 141.15726, "url": "https://www.iryou.teikyouseido.mhlw.go.jp/znk-web/juminkanja/S2430/initialize?prefCd=03&kikanCd=03510024&kikanKbn=nan", "url2": "https://lively-pharama.jp", "内容": "ウェルビー薬局　上ノ橋店0岩手県盛岡市上ノ橋町１番５３号" }, "geometry": { "type": "Point", "coordinates": [ 141.15726, 39.704991 ] } },
{ "type": "Feature", "properties": { "ID": 3503510025, "正式名称": "ルナ薬局　茶畑店", "機関区分": 5, "都道府県コード": 3, "市区町村コード": 201, "所在地": "岩手県盛岡市茶畑１－１８－２０", "緯度": 39.694486, "経度": 141.16628, "url": "https://www.iryou.teikyouseido.mhlw.go.jp/znk-web/juminkanja/S2430/initialize?prefCd=03&kikanCd=03510025&kikanKbn=nan", "url2": null, "内容": "ルナ薬局　茶畑店0岩手県盛岡市茶畑１－１８－２０" }, "geometry": { "type": "Point", "coordinates": [ 141.16628, 39.694486 ] } },
{ "type": "Feature", "properties": { "ID": 3503510026, "正式名称": "ローブ薬局", "機関区分": 5, "都道府県コード": 3, "市区町村コード": 201, "所在地": "岩手県盛岡市青山３丁目２７番１５号", "緯度": 39.727845, "経度": 141.113258, "url": "https://www.iryou.teikyouseido.mhlw.go.jp/znk-web/juminkanja/S2430/initialize?prefCd=03&kikanCd=03510026&kikanKbn=nan", "url2": null, "内容": "ローブ薬局0岩手県盛岡市青山３丁目２７番１５号" }, "geometry": { "type": "Point", "coordinates": [ 141.113258, 39.727845 ] } },
{ "type": "Feature", "properties": { "ID": 3503510027, "正式名称": "工藤薬局", "機関区分": 5, "都道府県コード": 3, "市区町村コード": 201, "所在地": "岩手県盛岡市向中野一丁目１１番２４号", "緯度": 39.682216, "経度": 141.144249, "url": "https://www.iryou.teikyouseido.mhlw.go.jp/znk-web/juminkanja/S2430/initialize?prefCd=03&kikanCd=03510027&kikanKbn=nan", "url2": "https://resile.co.jp", "内容": "工藤薬局0岩手県盛岡市向中野一丁目１１番２４号" }, "geometry": { "type": "Point", "coordinates": [ 141.144249, 39.682216 ] } },
{ "type": "Feature", "properties": { "ID": 3503510029, "正式名称": "つくし薬局盛岡山王店", "機関区分": 5, "都道府県コード": 3, "市区町村コード": 201, "所在地": "岩手県盛岡市山王町１１番２９号", "緯度": 39.700021, "経度": 141.167697, "url": "https://www.iryou.teikyouseido.mhlw.go.jp/znk-web/juminkanja/S2430/initialize?prefCd=03&kikanCd=03510029&kikanKbn=nan", "url2": "https://294ph.com", "内容": "つくし薬局盛岡山王店0岩手県盛岡市山王町１１番２９号" }, "geometry": { "type": "Point", "coordinates": [ 141.167697, 39.700021 ] } },
{ "type": "Feature", "properties": { "ID": 3503510031, "正式名称": "三本柳薬局", "機関区分": 5, "都道府県コード": 3, "市区町村コード": 201, "所在地": "岩手県盛岡市三本柳２３地割３番地２", "緯度": 39.648721, "経度": 141.165053, "url": "https://www.iryou.teikyouseido.mhlw.go.jp/znk-web/juminkanja/S2430/initialize?prefCd=03&kikanCd=03510031&kikanKbn=nan", "url2": "https://bliss-pharm.co.jp/", "内容": "三本柳薬局0岩手県盛岡市三本柳２３地割３番地２" }, "geometry": { "type": "Point", "coordinates": [ 141.165053, 39.648721 ] } },
{ "type": "Feature", "properties": { "ID": 3503510034, "正式名称": "イース薬局　ＳＡＩＥＮ", "機関区分": 5, "都道府県コード": 3, "市区町村コード": 201, "所在地": "岩手県盛岡市菜園１丁目６－１３公園通りプラザビル１Ｆ", "緯度": 39.701348, "経度": 141.148027, "url": "https://www.iryou.teikyouseido.mhlw.go.jp/znk-web/juminkanja/S2430/initialize?prefCd=03&kikanCd=03510034&kikanKbn=nan", "url2": null, "内容": "イース薬局　ＳＡＩＥＮ0岩手県盛岡市菜園１丁目６－１３公園通りプラザビル１Ｆ" }, "geometry": { "type": "Point", "coordinates": [ 141.148027, 39.701348 ] } }
]
}
