{
"type": "FeatureCollection",
"name": "geo_3_3",
"crs": { "type": "name", "properties": { "name": "urn:ogc:def:crs:OGC:1.3:CRS84" } },
"features": [
{ "type": "Feature", "properties": { "ID": 3303201011, "正式名称": "宮守歯科診療所", "機関区分": 3, "都道府県コード": 3, "市区町村コード": 208, "所在地": "岩手県遠野市宮守町下宮守２９地割８５番地２", "緯度": 39.345506, "経度": 141.356012, "url": "https://www.iryou.teikyouseido.mhlw.go.jp/znk-web/juminkanja/S2430/initialize?prefCd=03&kikanCd=03201011&kikanKbn=3", "url2": "http://www.city.tono.iwate.jp/", "内容": "宮守歯科診療所【3:歯科】岩手県遠野市宮守町下宮守２９地割８５番地２" }, "geometry": { "type": "Point", "coordinates": [ 141.356012, 39.345506 ] } },
{ "type": "Feature", "properties": { "ID": 3303300001, "正式名称": "おいかわ歯科医院", "機関区分": 3, "都道府県コード": 3, "市区町村コード": 211, "所在地": "岩手県釜石市港町２－１－１イオンタウン釜石３階", "緯度": 39.271, "経度": 141.88163, "url": "https://www.iryou.teikyouseido.mhlw.go.jp/znk-web/juminkanja/S2430/initialize?prefCd=03&kikanCd=03300001&kikanKbn=3", "url2": null, "内容": "おいかわ歯科医院【3:歯科】岩手県釜石市港町２－１－１イオンタウン釜石３階" }, "geometry": { "type": "Point", "coordinates": [ 141.88163, 39.271 ] } },
{ "type": "Feature", "properties": { "ID": 3303300004, "正式名称": "三浦歯科クリニック", "機関区分": 3, "都道府県コード": 3, "市区町村コード": 211, "所在地": "岩手県釜石市平田３ー２９ー９", "緯度": 39.246712, "経度": 141.885165, "url": "https://www.iryou.teikyouseido.mhlw.go.jp/znk-web/juminkanja/S2430/initialize?prefCd=03&kikanCd=03300004&kikanKbn=3", "url2": null, "内容": "三浦歯科クリニック【3:歯科】岩手県釜石市平田３ー２９ー９" }, "geometry": { "type": "Point", "coordinates": [ 141.885165, 39.246712 ] } },
{ "type": "Feature", "properties": { "ID": 3303300008, "正式名称": "平松歯科医院", "機関区分": 3, "都道府県コード": 3, "市区町村コード": 211, "所在地": "岩手県釜石市野田町２－２１－１５", "緯度": 39.256536, "経度": 141.819233, "url": "https://www.iryou.teikyouseido.mhlw.go.jp/znk-web/juminkanja/S2430/initialize?prefCd=03&kikanCd=03300008&kikanKbn=3", "url2": null, "内容": "平松歯科医院【3:歯科】岩手県釜石市野田町２－２１－１５" }, "geometry": { "type": "Point", "coordinates": [ 141.819233, 39.256536 ] } },
{ "type": "Feature", "properties": { "ID": 3303300010, "正式名称": "医療法人社団真桜会ささき歯科医院", "機関区分": 3, "都道府県コード": 3, "市区町村コード": 211, "所在地": "岩手県釜石市鵜住居町１丁目７０３番地", "緯度": 39.322905, "経度": 141.883524, "url": "https://www.iryou.teikyouseido.mhlw.go.jp/znk-web/juminkanja/S2430/initialize?prefCd=03&kikanCd=03300010&kikanKbn=3", "url2": null, "内容": "医療法人社団真桜会ささき歯科医院【3:歯科】岩手県釜石市鵜住居町１丁目７０３番地" }, "geometry": { "type": "Point", "coordinates": [ 141.883524, 39.322905 ] } },
{ "type": "Feature", "properties": { "ID": 3303300014, "正式名称": "遠刕歯科医院", "機関区分": 3, "都道府県コード": 3, "市区町村コード": 211, "所在地": "岩手県釜石市中妻町３ー６ー２８", "緯度": 39.269354, "経度": 141.856318, "url": "https://www.iryou.teikyouseido.mhlw.go.jp/znk-web/juminkanja/S2430/initialize?prefCd=03&kikanCd=03300014&kikanKbn=3", "url2": null, "内容": "遠刕歯科医院【3:歯科】岩手県釜石市中妻町３ー６ー２８" }, "geometry": { "type": "Point", "coordinates": [ 141.856318, 39.269354 ] } },
{ "type": "Feature", "properties": { "ID": 3303300016, "正式名称": "近藤歯科医院", "機関区分": 3, "都道府県コード": 3, "市区町村コード": 461, "所在地": "岩手県上閉伊郡大槌町小鎚第２２地割４２番地１", "緯度": 39.359708, "経度": 141.880397, "url": "https://www.iryou.teikyouseido.mhlw.go.jp/znk-web/juminkanja/S2430/initialize?prefCd=03&kikanCd=03300016&kikanKbn=3", "url2": null, "内容": "近藤歯科医院【3:歯科】岩手県上閉伊郡大槌町小鎚第２２地割４２番地１" }, "geometry": { "type": "Point", "coordinates": [ 141.880397, 39.359708 ] } },
{ "type": "Feature", "properties": { "ID": 3303300019, "正式名称": "医療法人　小松歯科医院", "機関区分": 3, "都道府県コード": 3, "市区町村コード": 461, "所在地": "岩手県上閉伊郡大槌町大槌１５地割９５ー１５", "緯度": 39.368786, "経度": 141.896863, "url": "https://www.iryou.teikyouseido.mhlw.go.jp/znk-web/juminkanja/S2430/initialize?prefCd=03&kikanCd=03300019&kikanKbn=3", "url2": "http://www.komatsu-dc.jp/", "内容": "医療法人　小松歯科医院【3:歯科】岩手県上閉伊郡大槌町大槌１５地割９５ー１５" }, "geometry": { "type": "Point", "coordinates": [ 141.896863, 39.368786 ] } },
{ "type": "Feature", "properties": { "ID": 3303300021, "正式名称": "打越歯科医院", "機関区分": 3, "都道府県コード": 3, "市区町村コード": 208, "所在地": "岩手県遠野市上組町３の１０", "緯度": 39.332666, "経度": 141.535565, "url": "https://www.iryou.teikyouseido.mhlw.go.jp/znk-web/juminkanja/S2430/initialize?prefCd=03&kikanCd=03300021&kikanKbn=3", "url2": "https://www.facebook.com/UchikoshiDentalOffice", "内容": "打越歯科医院【3:歯科】岩手県遠野市上組町３の１０" }, "geometry": { "type": "Point", "coordinates": [ 141.535565, 39.332666 ] } },
{ "type": "Feature", "properties": { "ID": 3303300022, "正式名称": "飯高歯科医院", "機関区分": 3, "都道府県コード": 3, "市区町村コード": 208, "所在地": "岩手県遠野市松崎町白岩１１ー４４ー８", "緯度": 39.339367, "経度": 141.533889, "url": "https://www.iryou.teikyouseido.mhlw.go.jp/znk-web/juminkanja/S2430/initialize?prefCd=03&kikanCd=03300022&kikanKbn=3", "url2": null, "内容": "飯高歯科医院【3:歯科】岩手県遠野市松崎町白岩１１ー４４ー８" }, "geometry": { "type": "Point", "coordinates": [ 141.533889, 39.339367 ] } },
{ "type": "Feature", "properties": { "ID": 3303300023, "正式名称": "佐藤歯科医院", "機関区分": 3, "都道府県コード": 3, "市区町村コード": 208, "所在地": "岩手県遠野市早瀬町２ー１ー６", "緯度": 39.335629, "経度": 141.529348, "url": "https://www.iryou.teikyouseido.mhlw.go.jp/znk-web/juminkanja/S2430/initialize?prefCd=03&kikanCd=03300023&kikanKbn=3", "url2": null, "内容": "佐藤歯科医院【3:歯科】岩手県遠野市早瀬町２ー１ー６" }, "geometry": { "type": "Point", "coordinates": [ 141.529348, 39.335629 ] } },
{ "type": "Feature", "properties": { "ID": 3303300024, "正式名称": "遠野歯科クリニック", "機関区分": 3, "都道府県コード": 3, "市区町村コード": 208, "所在地": "岩手県遠野市新穀町４５－８", "緯度": 39.331521, "経度": 141.531326, "url": "https://www.iryou.teikyouseido.mhlw.go.jp/znk-web/juminkanja/S2430/initialize?prefCd=03&kikanCd=03300024&kikanKbn=3", "url2": null, "内容": "遠野歯科クリニック【3:歯科】岩手県遠野市新穀町４５－８" }, "geometry": { "type": "Point", "coordinates": [ 141.531326, 39.331521 ] } },
{ "type": "Feature", "properties": { "ID": 3303300025, "正式名称": "両川歯科医院", "機関区分": 3, "都道府県コード": 3, "市区町村コード": 208, "所在地": "岩手県遠野市穀町７番３９号", "緯度": 39.330223, "経度": 141.535521, "url": "https://www.iryou.teikyouseido.mhlw.go.jp/znk-web/juminkanja/S2430/initialize?prefCd=03&kikanCd=03300025&kikanKbn=3", "url2": null, "内容": "両川歯科医院【3:歯科】岩手県遠野市穀町７番３９号" }, "geometry": { "type": "Point", "coordinates": [ 141.535521, 39.330223 ] } },
{ "type": "Feature", "properties": { "ID": 3303300026, "正式名称": "ながね歯科医院", "機関区分": 3, "都道府県コード": 3, "市区町村コード": 208, "所在地": "岩手県遠野市松崎町白岩１５－３３－１", "緯度": 39.337545, "経度": 141.544737, "url": "https://www.iryou.teikyouseido.mhlw.go.jp/znk-web/juminkanja/S2430/initialize?prefCd=03&kikanCd=03300026&kikanKbn=3", "url2": null, "内容": "ながね歯科医院【3:歯科】岩手県遠野市松崎町白岩１５－３３－１" }, "geometry": { "type": "Point", "coordinates": [ 141.544737, 39.337545 ] } },
{ "type": "Feature", "properties": { "ID": 3303300027, "正式名称": "医療法人宏佑会かしわばら歯科クリニック", "機関区分": 3, "都道府県コード": 3, "市区町村コード": 208, "所在地": "岩手県遠野市宮守町下宮守２６ー１０６ー３", "緯度": 39.347741, "経度": 141.350456, "url": "https://www.iryou.teikyouseido.mhlw.go.jp/znk-web/juminkanja/S2430/initialize?prefCd=03&kikanCd=03300027&kikanKbn=3", "url2": "http://www.kashiwabara-dc.com/", "内容": "医療法人宏佑会かしわばら歯科クリニック【3:歯科】岩手県遠野市宮守町下宮守２６ー１０６ー３" }, "geometry": { "type": "Point", "coordinates": [ 141.350456, 39.347741 ] } },
{ "type": "Feature", "properties": { "ID": 3303300030, "正式名称": "デンタルオフィス松橋", "機関区分": 3, "都道府県コード": 3, "市区町村コード": 202, "所在地": "岩手県宮古市保久田４番２６号", "緯度": 39.642789, "経度": 141.94748, "url": "https://www.iryou.teikyouseido.mhlw.go.jp/znk-web/juminkanja/S2430/initialize?prefCd=03&kikanCd=03300030&kikanKbn=3", "url2": null, "内容": "デンタルオフィス松橋【3:歯科】岩手県宮古市保久田４番２６号" }, "geometry": { "type": "Point", "coordinates": [ 141.94748, 39.642789 ] } },
{ "type": "Feature", "properties": { "ID": 3303300031, "正式名称": "松山歯科医院", "機関区分": 3, "都道府県コード": 3, "市区町村コード": 202, "所在地": "岩手県宮古市磯鶏沖９番３４号", "緯度": 39.627789, "経度": 141.96231, "url": "https://www.iryou.teikyouseido.mhlw.go.jp/znk-web/juminkanja/S2430/initialize?prefCd=03&kikanCd=03300031&kikanKbn=3", "url2": null, "内容": "松山歯科医院【3:歯科】岩手県宮古市磯鶏沖９番３４号" }, "geometry": { "type": "Point", "coordinates": [ 141.96231, 39.627789 ] } },
{ "type": "Feature", "properties": { "ID": 3303300032, "正式名称": "吉川歯科医院", "機関区分": 3, "都道府県コード": 3, "市区町村コード": 202, "所在地": "岩手県宮古市築地一丁目３番４号", "緯度": 39.642938, "経度": 141.957263, "url": "https://www.iryou.teikyouseido.mhlw.go.jp/znk-web/juminkanja/S2430/initialize?prefCd=03&kikanCd=03300032&kikanKbn=3", "url2": null, "内容": "吉川歯科医院【3:歯科】岩手県宮古市築地一丁目３番４号" }, "geometry": { "type": "Point", "coordinates": [ 141.957263, 39.642938 ] } },
{ "type": "Feature", "properties": { "ID": 3303300037, "正式名称": "道又歯科医院", "機関区分": 3, "都道府県コード": 3, "市区町村コード": 202, "所在地": "岩手県宮古市鍬ケ崎上町８番２０号", "緯度": 39.644582, "経度": 141.966464, "url": "https://www.iryou.teikyouseido.mhlw.go.jp/znk-web/juminkanja/S2430/initialize?prefCd=03&kikanCd=03300037&kikanKbn=3", "url2": null, "内容": "道又歯科医院【3:歯科】岩手県宮古市鍬ケ崎上町８番２０号" }, "geometry": { "type": "Point", "coordinates": [ 141.966464, 39.644582 ] } },
{ "type": "Feature", "properties": { "ID": 3303300042, "正式名称": "久保歯科医院", "機関区分": 3, "都道府県コード": 3, "市区町村コード": 202, "所在地": "岩手県宮古市鍬ヶ崎上町２番２４号", "緯度": 39.642841, "経度": 141.966549, "url": "https://www.iryou.teikyouseido.mhlw.go.jp/znk-web/juminkanja/S2430/initialize?prefCd=03&kikanCd=03300042&kikanKbn=3", "url2": null, "内容": "久保歯科医院【3:歯科】岩手県宮古市鍬ヶ崎上町２番２４号" }, "geometry": { "type": "Point", "coordinates": [ 141.966549, 39.642841 ] } },
{ "type": "Feature", "properties": { "ID": 3303300043, "正式名称": "くらた歯科医院", "機関区分": 3, "都道府県コード": 3, "市区町村コード": 202, "所在地": "岩手県宮古市実田１丁目７番１７号", "緯度": 39.624961, "経度": 141.955012, "url": "https://www.iryou.teikyouseido.mhlw.go.jp/znk-web/juminkanja/S2430/initialize?prefCd=03&kikanCd=03300043&kikanKbn=3", "url2": null, "内容": "くらた歯科医院【3:歯科】岩手県宮古市実田１丁目７番１７号" }, "geometry": { "type": "Point", "coordinates": [ 141.955012, 39.624961 ] } },
{ "type": "Feature", "properties": { "ID": 3303300044, "正式名称": "佐原歯科医院", "機関区分": 3, "都道府県コード": 3, "市区町村コード": 202, "所在地": "岩手県宮古市佐原３丁目４番１号", "緯度": 39.656033, "経度": 141.955393, "url": "https://www.iryou.teikyouseido.mhlw.go.jp/znk-web/juminkanja/S2430/initialize?prefCd=03&kikanCd=03300044&kikanKbn=3", "url2": null, "内容": "佐原歯科医院【3:歯科】岩手県宮古市佐原３丁目４番１号" }, "geometry": { "type": "Point", "coordinates": [ 141.955393, 39.656033 ] } },
{ "type": "Feature", "properties": { "ID": 3303300045, "正式名称": "伊藤歯科医院", "機関区分": 3, "都道府県コード": 3, "市区町村コード": 202, "所在地": "岩手県宮古市小山田２丁目７番６９号", "緯度": 39.6336263, "経度": 141.9404808, "url": "https://www.iryou.teikyouseido.mhlw.go.jp/znk-web/juminkanja/S2430/initialize?prefCd=03&kikanCd=03300045&kikanKbn=3", "url2": null, "内容": "伊藤歯科医院【3:歯科】岩手県宮古市小山田２丁目７番６９号" }, "geometry": { "type": "Point", "coordinates": [ 141.940480799999989, 39.6336263 ] } },
{ "type": "Feature", "properties": { "ID": 3303300048, "正式名称": "山本歯科医院", "機関区分": 3, "都道府県コード": 3, "市区町村コード": 202, "所在地": "岩手県宮古市田老三王一丁目１番３ー２号", "緯度": 39.740819, "経度": 141.975857, "url": "https://www.iryou.teikyouseido.mhlw.go.jp/znk-web/juminkanja/S2430/initialize?prefCd=03&kikanCd=03300048&kikanKbn=3", "url2": "http://www.cis-web.co.jp/yamamoto-dc/", "内容": "山本歯科医院【3:歯科】岩手県宮古市田老三王一丁目１番３ー２号" }, "geometry": { "type": "Point", "coordinates": [ 141.975857, 39.740819 ] } },
{ "type": "Feature", "properties": { "ID": 3303300049, "正式名称": "昆デンタルクリニック", "機関区分": 3, "都道府県コード": 3, "市区町村コード": 202, "所在地": "岩手県宮古市津軽石第５地割８８番地１", "緯度": 39.577208, "経度": 141.935956, "url": "https://www.iryou.teikyouseido.mhlw.go.jp/znk-web/juminkanja/S2430/initialize?prefCd=03&kikanCd=03300049&kikanKbn=3", "url2": null, "内容": "昆デンタルクリニック【3:歯科】岩手県宮古市津軽石第５地割８８番地１" }, "geometry": { "type": "Point", "coordinates": [ 141.935956, 39.577208 ] } },
{ "type": "Feature", "properties": { "ID": 3303300051, "正式名称": "黒田歯科", "機関区分": 3, "都道府県コード": 3, "市区町村コード": 202, "所在地": "岩手県宮古市藤原二丁目１０番１５号", "緯度": 39.636556, "経度": 141.96106, "url": "https://www.iryou.teikyouseido.mhlw.go.jp/znk-web/juminkanja/S2430/initialize?prefCd=03&kikanCd=03300051&kikanKbn=3", "url2": null, "内容": "黒田歯科【3:歯科】岩手県宮古市藤原二丁目１０番１５号" }, "geometry": { "type": "Point", "coordinates": [ 141.96106, 39.636556 ] } },
{ "type": "Feature", "properties": { "ID": 3303300053, "正式名称": "大川歯科クリニック", "機関区分": 3, "都道府県コード": 3, "市区町村コード": 483, "所在地": "岩手県下閉伊郡岩泉町岩泉字中家９番地７", "緯度": 39.845203, "経度": 141.794642, "url": "https://www.iryou.teikyouseido.mhlw.go.jp/znk-web/juminkanja/S2430/initialize?prefCd=03&kikanCd=03300053&kikanKbn=3", "url2": null, "内容": "大川歯科クリニック【3:歯科】岩手県下閉伊郡岩泉町岩泉字中家９番地７" }, "geometry": { "type": "Point", "coordinates": [ 141.794642, 39.845203 ] } },
{ "type": "Feature", "properties": { "ID": 3303300056, "正式名称": "前原歯科クリニック", "機関区分": 3, "都道府県コード": 3, "市区町村コード": 484, "所在地": "岩手県下閉伊郡田野畑村和野１５番地２９", "緯度": 39.930673, "経度": 141.918548, "url": "https://www.iryou.teikyouseido.mhlw.go.jp/znk-web/juminkanja/S2430/initialize?prefCd=03&kikanCd=03300056&kikanKbn=3", "url2": null, "内容": "前原歯科クリニック【3:歯科】岩手県下閉伊郡田野畑村和野１５番地２９" }, "geometry": { "type": "Point", "coordinates": [ 141.918548, 39.930673 ] } },
{ "type": "Feature", "properties": { "ID": 3303300057, "正式名称": "岩泉町国民健康保険岩泉歯科診療所", "機関区分": 3, "都道府県コード": 3, "市区町村コード": 483, "所在地": "岩手県下閉伊郡岩泉町岩泉字惣畑５９－５", "緯度": 39.843166, "経度": 141.796415, "url": "https://www.iryou.teikyouseido.mhlw.go.jp/znk-web/juminkanja/S2430/initialize?prefCd=03&kikanCd=03300057&kikanKbn=3", "url2": "http://www.town.iwaizumi.lg.jp/", "内容": "岩泉町国民健康保険岩泉歯科診療所【3:歯科】岩手県下閉伊郡岩泉町岩泉字惣畑５９－５" }, "geometry": { "type": "Point", "coordinates": [ 141.796415, 39.843166 ] } },
{ "type": "Feature", "properties": { "ID": 3303300058, "正式名称": "こがわ歯科診療所", "機関区分": 3, "都道府県コード": 3, "市区町村コード": 483, "所在地": "岩手県下閉伊郡岩泉町門", "緯度": 39.902315, "経度": 141.629847, "url": "https://www.iryou.teikyouseido.mhlw.go.jp/znk-web/juminkanja/S2430/initialize?prefCd=03&kikanCd=03300058&kikanKbn=3", "url2": null, "内容": "こがわ歯科診療所【3:歯科】岩手県下閉伊郡岩泉町門" }, "geometry": { "type": "Point", "coordinates": [ 141.629847, 39.902315 ] } },
{ "type": "Feature", "properties": { "ID": 3303300060, "正式名称": "窪島歯科医院", "機関区分": 3, "都道府県コード": 3, "市区町村コード": 213, "所在地": "岩手県二戸市福岡字長嶺５５ー４", "緯度": 40.281626, "経度": 141.298803, "url": "https://www.iryou.teikyouseido.mhlw.go.jp/znk-web/juminkanja/S2430/initialize?prefCd=03&kikanCd=03300060&kikanKbn=3", "url2": null, "内容": "窪島歯科医院【3:歯科】岩手県二戸市福岡字長嶺５５ー４" }, "geometry": { "type": "Point", "coordinates": [ 141.298803, 40.281626 ] } },
{ "type": "Feature", "properties": { "ID": 3303300061, "正式名称": "國香歯科医院", "機関区分": 3, "都道府県コード": 3, "市区町村コード": 213, "所在地": "岩手県二戸市石切所字川原６０ー３", "緯度": 40.258371, "経度": 141.290175, "url": "https://www.iryou.teikyouseido.mhlw.go.jp/znk-web/juminkanja/S2430/initialize?prefCd=03&kikanCd=03300061&kikanKbn=3", "url2": null, "内容": "國香歯科医院【3:歯科】岩手県二戸市石切所字川原６０ー３" }, "geometry": { "type": "Point", "coordinates": [ 141.290175, 40.258371 ] } },
{ "type": "Feature", "properties": { "ID": 3303300063, "正式名称": "菅歯科", "機関区分": 3, "都道府県コード": 3, "市区町村コード": 213, "所在地": "岩手県二戸市福岡字橋場１８ー３", "緯度": 40.264699, "経度": 141.29695, "url": "https://www.iryou.teikyouseido.mhlw.go.jp/znk-web/juminkanja/S2430/initialize?prefCd=03&kikanCd=03300063&kikanKbn=3", "url2": null, "内容": "菅歯科【3:歯科】岩手県二戸市福岡字橋場１８ー３" }, "geometry": { "type": "Point", "coordinates": [ 141.29695, 40.264699 ] } },
{ "type": "Feature", "properties": { "ID": 3303300065, "正式名称": "宮沢歯科医院", "機関区分": 3, "都道府県コード": 3, "市区町村コード": 501, "所在地": "岩手県九戸郡軽米町軽米第８地割１０５", "緯度": 40.327291, "経度": 141.464659, "url": "https://www.iryou.teikyouseido.mhlw.go.jp/znk-web/juminkanja/S2430/initialize?prefCd=03&kikanCd=03300065&kikanKbn=3", "url2": null, "内容": "宮沢歯科医院【3:歯科】岩手県九戸郡軽米町軽米第８地割１０５" }, "geometry": { "type": "Point", "coordinates": [ 141.464659, 40.327291 ] } },
{ "type": "Feature", "properties": { "ID": 3303300067, "正式名称": "関歯科医院", "機関区分": 3, "都道府県コード": 3, "市区町村コード": 213, "所在地": "岩手県二戸市浄法寺町浄法寺３ー１", "緯度": 40.183228, "経度": 141.158163, "url": "https://www.iryou.teikyouseido.mhlw.go.jp/znk-web/juminkanja/S2430/initialize?prefCd=03&kikanCd=03300067&kikanKbn=3", "url2": null, "内容": "関歯科医院【3:歯科】岩手県二戸市浄法寺町浄法寺３ー１" }, "geometry": { "type": "Point", "coordinates": [ 141.158163, 40.183228 ] } },
{ "type": "Feature", "properties": { "ID": 3303300071, "正式名称": "小野寺歯科医院", "機関区分": 3, "都道府県コード": 3, "市区町村コード": 524, "所在地": "岩手県二戸郡一戸町高善寺", "緯度": 40.213333, "経度": 141.29945, "url": "https://www.iryou.teikyouseido.mhlw.go.jp/znk-web/juminkanja/S2430/initialize?prefCd=03&kikanCd=03300071&kikanKbn=3", "url2": "http:/nttbj.itp.ne.jp/0195333050", "内容": "小野寺歯科医院【3:歯科】岩手県二戸郡一戸町高善寺" }, "geometry": { "type": "Point", "coordinates": [ 141.29945, 40.213333 ] } },
{ "type": "Feature", "properties": { "ID": 3303300072, "正式名称": "渡辺歯科医院", "機関区分": 3, "都道府県コード": 3, "市区町村コード": 213, "所在地": "岩手県二戸市堀野字長瀬２７の２", "緯度": 40.292346, "経度": 141.294511, "url": "https://www.iryou.teikyouseido.mhlw.go.jp/znk-web/juminkanja/S2430/initialize?prefCd=03&kikanCd=03300072&kikanKbn=3", "url2": null, "内容": "渡辺歯科医院【3:歯科】岩手県二戸市堀野字長瀬２７の２" }, "geometry": { "type": "Point", "coordinates": [ 141.294511, 40.292346 ] } },
{ "type": "Feature", "properties": { "ID": 3303300073, "正式名称": "国香歯科医院", "機関区分": 3, "都道府県コード": 3, "市区町村コード": 213, "所在地": "岩手県二戸市福岡字裏小路６", "緯度": 40.27537, "経度": 141.298977, "url": "https://www.iryou.teikyouseido.mhlw.go.jp/znk-web/juminkanja/S2430/initialize?prefCd=03&kikanCd=03300073&kikanKbn=3", "url2": null, "内容": "国香歯科医院【3:歯科】岩手県二戸市福岡字裏小路６" }, "geometry": { "type": "Point", "coordinates": [ 141.298977, 40.27537 ] } },
{ "type": "Feature", "properties": { "ID": 3303300074, "正式名称": "岩渕歯科医院", "機関区分": 3, "都道府県コード": 3, "市区町村コード": 524, "所在地": "岩手県二戸郡一戸町一戸", "緯度": 40.222773, "経度": 141.282567, "url": "https://www.iryou.teikyouseido.mhlw.go.jp/znk-web/juminkanja/S2430/initialize?prefCd=03&kikanCd=03300074&kikanKbn=3", "url2": null, "内容": "岩渕歯科医院【3:歯科】岩手県二戸郡一戸町一戸" }, "geometry": { "type": "Point", "coordinates": [ 141.282567, 40.222773 ] } },
{ "type": "Feature", "properties": { "ID": 3303300075, "正式名称": "右門歯科クリニック", "機関区分": 3, "都道府県コード": 3, "市区町村コード": 213, "所在地": "岩手県二戸市浄法寺町樋田３８ー２", "緯度": 40.184496, "経度": 141.154884, "url": "https://www.iryou.teikyouseido.mhlw.go.jp/znk-web/juminkanja/S2430/initialize?prefCd=03&kikanCd=03300075&kikanKbn=3", "url2": null, "内容": "右門歯科クリニック【3:歯科】岩手県二戸市浄法寺町樋田３８ー２" }, "geometry": { "type": "Point", "coordinates": [ 141.154884, 40.184496 ] } },
{ "type": "Feature", "properties": { "ID": 3303300077, "正式名称": "沢藤歯科医院", "機関区分": 3, "都道府県コード": 3, "市区町村コード": 213, "所在地": "岩手県二戸市堀野字下タ川原７番地３", "緯度": 40.29023, "経度": 141.295696, "url": "https://www.iryou.teikyouseido.mhlw.go.jp/znk-web/juminkanja/S2430/initialize?prefCd=03&kikanCd=03300077&kikanKbn=3", "url2": null, "内容": "沢藤歯科医院【3:歯科】岩手県二戸市堀野字下タ川原７番地３" }, "geometry": { "type": "Point", "coordinates": [ 141.295696, 40.29023 ] } },
{ "type": "Feature", "properties": { "ID": 3303300080, "正式名称": "ムカイダ歯科クリニック", "機関区分": 3, "都道府県コード": 3, "市区町村コード": 501, "所在地": "岩手県九戸郡軽米町軽米第８地割３番地１", "緯度": 40.324477, "経度": 141.465885, "url": "https://www.iryou.teikyouseido.mhlw.go.jp/znk-web/juminkanja/S2430/initialize?prefCd=03&kikanCd=03300080&kikanKbn=3", "url2": null, "内容": "ムカイダ歯科クリニック【3:歯科】岩手県九戸郡軽米町軽米第８地割３番地１" }, "geometry": { "type": "Point", "coordinates": [ 141.465885, 40.324477 ] } },
{ "type": "Feature", "properties": { "ID": 3303300082, "正式名称": "宮澤歯科医院", "機関区分": 3, "都道府県コード": 3, "市区町村コード": 207, "所在地": "岩手県久慈市八日町１ー３７", "緯度": 40.192412, "経度": 141.76201, "url": "https://www.iryou.teikyouseido.mhlw.go.jp/znk-web/juminkanja/S2430/initialize?prefCd=03&kikanCd=03300082&kikanKbn=3", "url2": null, "内容": "宮澤歯科医院【3:歯科】岩手県久慈市八日町１ー３７" }, "geometry": { "type": "Point", "coordinates": [ 141.76201, 40.192412 ] } },
{ "type": "Feature", "properties": { "ID": 3303300083, "正式名称": "医療法人二紀会　岩城歯科医院", "機関区分": 3, "都道府県コード": 3, "市区町村コード": 207, "所在地": "岩手県久慈市川崎町９ー３１", "緯度": 40.190547, "経度": 141.772696, "url": "https://www.iryou.teikyouseido.mhlw.go.jp/znk-web/juminkanja/S2430/initialize?prefCd=03&kikanCd=03300083&kikanKbn=3", "url2": null, "内容": "医療法人二紀会　岩城歯科医院【3:歯科】岩手県久慈市川崎町９ー３１" }, "geometry": { "type": "Point", "coordinates": [ 141.772696, 40.190547 ] } },
{ "type": "Feature", "properties": { "ID": 3303300084, "正式名称": "村田歯科医院", "機関区分": 3, "都道府県コード": 3, "市区町村コード": 503, "所在地": "岩手県九戸郡野田村大字野田２８ー５１ー２", "緯度": 40.094585, "経度": 141.804245, "url": "https://www.iryou.teikyouseido.mhlw.go.jp/znk-web/juminkanja/S2430/initialize?prefCd=03&kikanCd=03300084&kikanKbn=3", "url2": "https://muratadc.heteml.net", "内容": "村田歯科医院【3:歯科】岩手県九戸郡野田村大字野田２８ー５１ー２" }, "geometry": { "type": "Point", "coordinates": [ 141.804245, 40.094585 ] } },
{ "type": "Feature", "properties": { "ID": 3303300087, "正式名称": "洋野町国民健康保険大野歯科診療所", "機関区分": 3, "都道府県コード": 3, "市区町村コード": 507, "所在地": "岩手県九戸郡洋野町大野８－８３－４", "緯度": 40.293546, "経度": 141.647371, "url": "https://www.iryou.teikyouseido.mhlw.go.jp/znk-web/juminkanja/S2430/initialize?prefCd=03&kikanCd=03300087&kikanKbn=3", "url2": null, "内容": "洋野町国民健康保険大野歯科診療所【3:歯科】岩手県九戸郡洋野町大野８－８３－４" }, "geometry": { "type": "Point", "coordinates": [ 141.647371, 40.293546 ] } },
{ "type": "Feature", "properties": { "ID": 3303300088, "正式名称": "田口歯科医院", "機関区分": 3, "都道府県コード": 3, "市区町村コード": 207, "所在地": "岩手県久慈市山形町川井第９地割８番地６", "緯度": 40.149139, "経度": 141.570268, "url": "https://www.iryou.teikyouseido.mhlw.go.jp/znk-web/juminkanja/S2430/initialize?prefCd=03&kikanCd=03300088&kikanKbn=3", "url2": null, "内容": "田口歯科医院【3:歯科】岩手県久慈市山形町川井第９地割８番地６" }, "geometry": { "type": "Point", "coordinates": [ 141.570268, 40.149139 ] } },
{ "type": "Feature", "properties": { "ID": 3303300089, "正式名称": "岩本歯科医院", "機関区分": 3, "都道府県コード": 3, "市区町村コード": 207, "所在地": "岩手県久慈市田屋町第１地割４８番地", "緯度": 40.1954266, "経度": 141.7714682, "url": "https://www.iryou.teikyouseido.mhlw.go.jp/znk-web/juminkanja/S2430/initialize?prefCd=03&kikanCd=03300089&kikanKbn=3", "url2": null, "内容": "岩本歯科医院【3:歯科】岩手県久慈市田屋町第１地割４８番地" }, "geometry": { "type": "Point", "coordinates": [ 141.771468199999987, 40.1954266 ] } },
{ "type": "Feature", "properties": { "ID": 3303300090, "正式名称": "八重樫歯科医院", "機関区分": 3, "都道府県コード": 3, "市区町村コード": 207, "所在地": "岩手県久慈市栄町第３７地割１２８番地１０", "緯度": 40.195123, "経度": 141.76202, "url": "https://www.iryou.teikyouseido.mhlw.go.jp/znk-web/juminkanja/S2430/initialize?prefCd=03&kikanCd=03300090&kikanKbn=3", "url2": null, "内容": "八重樫歯科医院【3:歯科】岩手県久慈市栄町第３７地割１２８番地１０" }, "geometry": { "type": "Point", "coordinates": [ 141.76202, 40.195123 ] } },
{ "type": "Feature", "properties": { "ID": 3303300093, "正式名称": "普代村国民健康保険歯科診療所", "機関区分": 3, "都道府県コード": 3, "市区町村コード": 485, "所在地": "岩手県下閉伊郡普代村第１０地割羅賀７番地８", "緯度": 40.001898, "経度": 141.88315, "url": "https://www.iryou.teikyouseido.mhlw.go.jp/znk-web/juminkanja/S2430/initialize?prefCd=03&kikanCd=03300093&kikanKbn=3", "url2": null, "内容": "普代村国民健康保険歯科診療所【3:歯科】岩手県下閉伊郡普代村第１０地割羅賀７番地８" }, "geometry": { "type": "Point", "coordinates": [ 141.88315, 40.001898 ] } },
{ "type": "Feature", "properties": { "ID": 3303300094, "正式名称": "青木歯科医院", "機関区分": 3, "都道府県コード": 3, "市区町村コード": 507, "所在地": "岩手県九戸郡洋野町種市第２３地割２９ー９", "緯度": 40.408966, "経度": 141.716514, "url": "https://www.iryou.teikyouseido.mhlw.go.jp/znk-web/juminkanja/S2430/initialize?prefCd=03&kikanCd=03300094&kikanKbn=3", "url2": null, "内容": "青木歯科医院【3:歯科】岩手県九戸郡洋野町種市第２３地割２９ー９" }, "geometry": { "type": "Point", "coordinates": [ 141.716514, 40.408966 ] } },
{ "type": "Feature", "properties": { "ID": 3303300097, "正式名称": "中野歯科", "機関区分": 3, "都道府県コード": 3, "市区町村コード": 507, "所在地": "岩手県九戸郡洋野町中野第１２地割１９", "緯度": 40.299264, "経度": 141.77691, "url": "https://www.iryou.teikyouseido.mhlw.go.jp/znk-web/juminkanja/S2430/initialize?prefCd=03&kikanCd=03300097&kikanKbn=3", "url2": null, "内容": "中野歯科【3:歯科】岩手県九戸郡洋野町中野第１２地割１９" }, "geometry": { "type": "Point", "coordinates": [ 141.77691, 40.299264 ] } },
{ "type": "Feature", "properties": { "ID": 3303300098, "正式名称": "やまぐち歯科医院", "機関区分": 3, "都道府県コード": 3, "市区町村コード": 207, "所在地": "岩手県久慈市中央", "緯度": 40.191175, "経度": 141.769135, "url": "https://www.iryou.teikyouseido.mhlw.go.jp/znk-web/juminkanja/S2430/initialize?prefCd=03&kikanCd=03300098&kikanKbn=3", "url2": null, "内容": "やまぐち歯科医院【3:歯科】岩手県久慈市中央" }, "geometry": { "type": "Point", "coordinates": [ 141.769135, 40.191175 ] } },
{ "type": "Feature", "properties": { "ID": 3303300099, "正式名称": "長内歯科医院", "機関区分": 3, "都道府県コード": 3, "市区町村コード": 207, "所在地": "岩手県久慈市長内町第３０地割１６番地３", "緯度": 40.188699, "経度": 141.785173, "url": "https://www.iryou.teikyouseido.mhlw.go.jp/znk-web/juminkanja/S2430/initialize?prefCd=03&kikanCd=03300099&kikanKbn=3", "url2": null, "内容": "長内歯科医院【3:歯科】岩手県久慈市長内町第３０地割１６番地３" }, "geometry": { "type": "Point", "coordinates": [ 141.785173, 40.188699 ] } },
{ "type": "Feature", "properties": { "ID": 3303300100, "正式名称": "箱崎歯科医院", "機関区分": 3, "都道府県コード": 3, "市区町村コード": 215, "所在地": "岩手県奥州市水沢新小路１０番地", "緯度": 39.142662, "経度": 141.137435, "url": "https://www.iryou.teikyouseido.mhlw.go.jp/znk-web/juminkanja/S2430/initialize?prefCd=03&kikanCd=03300100&kikanKbn=3", "url2": null, "内容": "箱崎歯科医院【3:歯科】岩手県奥州市水沢新小路１０番地" }, "geometry": { "type": "Point", "coordinates": [ 141.137435, 39.142662 ] } },
{ "type": "Feature", "properties": { "ID": 3303300101, "正式名称": "北大通歯科医院", "機関区分": 3, "都道府県コード": 3, "市区町村コード": 215, "所在地": "岩手県奥州市水沢北丑沢２７－２", "緯度": 39.152801, "経度": 141.141208, "url": "https://www.iryou.teikyouseido.mhlw.go.jp/znk-web/juminkanja/S2430/initialize?prefCd=03&kikanCd=03300101&kikanKbn=3", "url2": null, "内容": "北大通歯科医院【3:歯科】岩手県奥州市水沢北丑沢２７－２" }, "geometry": { "type": "Point", "coordinates": [ 141.141208, 39.152801 ] } },
{ "type": "Feature", "properties": { "ID": 3303300102, "正式名称": "三浦歯科医院", "機関区分": 3, "都道府県コード": 3, "市区町村コード": 215, "所在地": "岩手県奥州市水沢秋葉町１４０番地", "緯度": 39.148533, "経度": 141.14525, "url": "https://www.iryou.teikyouseido.mhlw.go.jp/znk-web/juminkanja/S2430/initialize?prefCd=03&kikanCd=03300102&kikanKbn=3", "url2": "http://www.dentalmiura.com", "内容": "三浦歯科医院【3:歯科】岩手県奥州市水沢秋葉町１４０番地" }, "geometry": { "type": "Point", "coordinates": [ 141.14525, 39.148533 ] } },
{ "type": "Feature", "properties": { "ID": 3303300105, "正式名称": "ほうざわ歯科", "機関区分": 3, "都道府県コード": 3, "市区町村コード": 215, "所在地": "岩手県奥州市水沢佐倉河字羽黒田２番地５", "緯度": 39.14752, "経度": 141.154956, "url": "https://www.iryou.teikyouseido.mhlw.go.jp/znk-web/juminkanja/S2430/initialize?prefCd=03&kikanCd=03300105&kikanKbn=3", "url2": "http://implant-sendai.com/", "内容": "ほうざわ歯科【3:歯科】岩手県奥州市水沢佐倉河字羽黒田２番地５" }, "geometry": { "type": "Point", "coordinates": [ 141.154956, 39.14752 ] } },
{ "type": "Feature", "properties": { "ID": 3303300106, "正式名称": "小野田歯科医院", "機関区分": 3, "都道府県コード": 3, "市区町村コード": 215, "所在地": "岩手県奥州市水沢大手町５丁目５０番", "緯度": 39.143509, "経度": 141.141387, "url": "https://www.iryou.teikyouseido.mhlw.go.jp/znk-web/juminkanja/S2430/initialize?prefCd=03&kikanCd=03300106&kikanKbn=3", "url2": null, "内容": "小野田歯科医院【3:歯科】岩手県奥州市水沢大手町５丁目５０番" }, "geometry": { "type": "Point", "coordinates": [ 141.141387, 39.143509 ] } },
{ "type": "Feature", "properties": { "ID": 3303300107, "正式名称": "ささき歯科医院", "機関区分": 3, "都道府県コード": 3, "市区町村コード": 215, "所在地": "岩手県奥州市水沢柳町", "緯度": 39.145987, "経度": 141.145165, "url": "https://www.iryou.teikyouseido.mhlw.go.jp/znk-web/juminkanja/S2430/initialize?prefCd=03&kikanCd=03300107&kikanKbn=3", "url2": "https://www.oshu-sasaki-dc.com/", "内容": "ささき歯科医院【3:歯科】岩手県奥州市水沢柳町" }, "geometry": { "type": "Point", "coordinates": [ 141.145165, 39.145987 ] } },
{ "type": "Feature", "properties": { "ID": 3303300109, "正式名称": "中田町歯科医院", "機関区分": 3, "都道府県コード": 3, "市区町村コード": 215, "所在地": "岩手県奥州市水沢中田町３番２９号", "緯度": 39.133057, "経度": 141.153241, "url": "https://www.iryou.teikyouseido.mhlw.go.jp/znk-web/juminkanja/S2430/initialize?prefCd=03&kikanCd=03300109&kikanKbn=3", "url2": "https://nakatacho-dental.com", "内容": "中田町歯科医院【3:歯科】岩手県奥州市水沢中田町３番２９号" }, "geometry": { "type": "Point", "coordinates": [ 141.153241, 39.133057 ] } },
{ "type": "Feature", "properties": { "ID": 3303300110, "正式名称": "大松沢歯科医院", "機関区分": 3, "都道府県コード": 3, "市区町村コード": 215, "所在地": "岩手県奥州市水沢大畑小路５番地２", "緯度": 39.1416, "経度": 141.139946, "url": "https://www.iryou.teikyouseido.mhlw.go.jp/znk-web/juminkanja/S2430/initialize?prefCd=03&kikanCd=03300110&kikanKbn=3", "url2": null, "内容": "大松沢歯科医院【3:歯科】岩手県奥州市水沢大畑小路５番地２" }, "geometry": { "type": "Point", "coordinates": [ 141.139946, 39.1416 ] } },
{ "type": "Feature", "properties": { "ID": 3303300112, "正式名称": "ひばりヶ丘歯科クリニック", "機関区分": 3, "都道府県コード": 3, "市区町村コード": 215, "所在地": "岩手県奥州市水沢字川端１７８番地１", "緯度": 39.13961, "経度": 141.14473, "url": "https://www.iryou.teikyouseido.mhlw.go.jp/znk-web/juminkanja/S2430/initialize?prefCd=03&kikanCd=03300112&kikanKbn=3", "url2": null, "内容": "ひばりヶ丘歯科クリニック【3:歯科】岩手県奥州市水沢字川端１７８番地１" }, "geometry": { "type": "Point", "coordinates": [ 141.14473, 39.13961 ] } },
{ "type": "Feature", "properties": { "ID": 3303300113, "正式名称": "油井歯科医院", "機関区分": 3, "都道府県コード": 3, "市区町村コード": 215, "所在地": "岩手県奥州市水沢袋町２番２１号", "緯度": 39.137267, "経度": 141.141326, "url": "https://www.iryou.teikyouseido.mhlw.go.jp/znk-web/juminkanja/S2430/initialize?prefCd=03&kikanCd=03300113&kikanKbn=3", "url2": null, "内容": "油井歯科医院【3:歯科】岩手県奥州市水沢袋町２番２１号" }, "geometry": { "type": "Point", "coordinates": [ 141.141326, 39.137267 ] } },
{ "type": "Feature", "properties": { "ID": 3303300114, "正式名称": "森岡歯科診療所", "機関区分": 3, "都道府県コード": 3, "市区町村コード": 215, "所在地": "岩手県奥州市水沢花園町一丁目２番１１号", "緯度": 39.142326, "経度": 141.148941, "url": "https://www.iryou.teikyouseido.mhlw.go.jp/znk-web/juminkanja/S2430/initialize?prefCd=03&kikanCd=03300114&kikanKbn=3", "url2": null, "内容": "森岡歯科診療所【3:歯科】岩手県奥州市水沢花園町一丁目２番１１号" }, "geometry": { "type": "Point", "coordinates": [ 141.148941, 39.142326 ] } },
{ "type": "Feature", "properties": { "ID": 3303300116, "正式名称": "小野歯科医院", "機関区分": 3, "都道府県コード": 3, "市区町村コード": 215, "所在地": "岩手県奥州市水沢日高西６５－１", "緯度": 39.142559, "経度": 141.127984, "url": "https://www.iryou.teikyouseido.mhlw.go.jp/znk-web/juminkanja/S2430/initialize?prefCd=03&kikanCd=03300116&kikanKbn=3", "url2": "http://nttbj.itp.ne.jp/0197257890/index.html?Media_cate=populer&svc=1303", "内容": "小野歯科医院【3:歯科】岩手県奥州市水沢日高西６５－１" }, "geometry": { "type": "Point", "coordinates": [ 141.127984, 39.142559 ] } },
{ "type": "Feature", "properties": { "ID": 3303300117, "正式名称": "日高歯科医院", "機関区分": 3, "都道府県コード": 3, "市区町村コード": 215, "所在地": "岩手県奥州市水沢久田２２番地１５", "緯度": 39.143724, "経度": 141.132833, "url": "https://www.iryou.teikyouseido.mhlw.go.jp/znk-web/juminkanja/S2430/initialize?prefCd=03&kikanCd=03300117&kikanKbn=3", "url2": null, "内容": "日高歯科医院【3:歯科】岩手県奥州市水沢久田２２番地１５" }, "geometry": { "type": "Point", "coordinates": [ 141.132833, 39.143724 ] } },
{ "type": "Feature", "properties": { "ID": 3303300118, "正式名称": "村上歯科医院", "機関区分": 3, "都道府県コード": 3, "市区町村コード": 215, "所在地": "岩手県奥州市水沢三本木７", "緯度": 39.14365, "経度": 141.144957, "url": "https://www.iryou.teikyouseido.mhlw.go.jp/znk-web/juminkanja/S2430/initialize?prefCd=03&kikanCd=03300118&kikanKbn=3", "url2": null, "内容": "村上歯科医院【3:歯科】岩手県奥州市水沢三本木７" }, "geometry": { "type": "Point", "coordinates": [ 141.144957, 39.14365 ] } },
{ "type": "Feature", "properties": { "ID": 3303300119, "正式名称": "ときわ歯科医院", "機関区分": 3, "都道府県コード": 3, "市区町村コード": 215, "所在地": "岩手県奥州市水沢東大通り二丁目１番４号", "緯度": 39.138405, "経度": 141.150694, "url": "https://www.iryou.teikyouseido.mhlw.go.jp/znk-web/juminkanja/S2430/initialize?prefCd=03&kikanCd=03300119&kikanKbn=3", "url2": null, "内容": "ときわ歯科医院【3:歯科】岩手県奥州市水沢東大通り二丁目１番４号" }, "geometry": { "type": "Point", "coordinates": [ 141.150694, 39.138405 ] } },
{ "type": "Feature", "properties": { "ID": 3303300123, "正式名称": "こだま歯科クリニック", "機関区分": 3, "都道府県コード": 3, "市区町村コード": 215, "所在地": "岩手県奥州市水沢羽田町駅南１−１３８−２", "緯度": 39.142521, "経度": 141.18686, "url": "https://www.iryou.teikyouseido.mhlw.go.jp/znk-web/juminkanja/S2430/initialize?prefCd=03&kikanCd=03300123&kikanKbn=3", "url2": null, "内容": "こだま歯科クリニック【3:歯科】岩手県奥州市水沢羽田町駅南１−１３８−２" }, "geometry": { "type": "Point", "coordinates": [ 141.18686, 39.142521 ] } },
{ "type": "Feature", "properties": { "ID": 3303300124, "正式名称": "白石歯科医院", "機関区分": 3, "都道府県コード": 3, "市区町村コード": 215, "所在地": "岩手県奥州市水沢台町６番２４号", "緯度": 39.130262, "経度": 141.152805, "url": "https://www.iryou.teikyouseido.mhlw.go.jp/znk-web/juminkanja/S2430/initialize?prefCd=03&kikanCd=03300124&kikanKbn=3", "url2": null, "内容": "白石歯科医院【3:歯科】岩手県奥州市水沢台町６番２４号" }, "geometry": { "type": "Point", "coordinates": [ 141.152805, 39.130262 ] } },
{ "type": "Feature", "properties": { "ID": 3303300125, "正式名称": "佐藤歯科医院", "機関区分": 3, "都道府県コード": 3, "市区町村コード": 215, "所在地": "岩手県奥州市水沢字大町１７１番地", "緯度": 39.141186, "経度": 141.142361, "url": "https://www.iryou.teikyouseido.mhlw.go.jp/znk-web/juminkanja/S2430/initialize?prefCd=03&kikanCd=03300125&kikanKbn=3", "url2": null, "内容": "佐藤歯科医院【3:歯科】岩手県奥州市水沢字大町１７１番地" }, "geometry": { "type": "Point", "coordinates": [ 141.142361, 39.141186 ] } },
{ "type": "Feature", "properties": { "ID": 3303300126, "正式名称": "さくらかわ歯科診療所", "機関区分": 3, "都道府県コード": 3, "市区町村コード": 215, "所在地": "岩手県奥州市水沢佐倉河東高山２１１", "緯度": 39.163667, "経度": 141.12556, "url": "https://www.iryou.teikyouseido.mhlw.go.jp/znk-web/juminkanja/S2430/initialize?prefCd=03&kikanCd=03300126&kikanKbn=3", "url2": null, "内容": "さくらかわ歯科診療所【3:歯科】岩手県奥州市水沢佐倉河東高山２１１" }, "geometry": { "type": "Point", "coordinates": [ 141.12556, 39.163667 ] } },
{ "type": "Feature", "properties": { "ID": 3303300127, "正式名称": "神尾歯科クリニック", "機関区分": 3, "都道府県コード": 3, "市区町村コード": 215, "所在地": "岩手県奥州市水沢上姉体２丁目５番地１", "緯度": 39.115906, "経度": 141.162762, "url": "https://www.iryou.teikyouseido.mhlw.go.jp/znk-web/juminkanja/S2430/initialize?prefCd=03&kikanCd=03300127&kikanKbn=3", "url2": null, "内容": "神尾歯科クリニック【3:歯科】岩手県奥州市水沢上姉体２丁目５番地１" }, "geometry": { "type": "Point", "coordinates": [ 141.162762, 39.115906 ] } },
{ "type": "Feature", "properties": { "ID": 3303300133, "正式名称": "土樋歯科医院", "機関区分": 3, "都道府県コード": 3, "市区町村コード": 301, "所在地": "岩手県岩手郡雫石町千刈田８０ー３", "緯度": 39.697683, "経度": 140.976007, "url": "https://www.iryou.teikyouseido.mhlw.go.jp/znk-web/juminkanja/S2430/initialize?prefCd=03&kikanCd=03300133&kikanKbn=3", "url2": null, "内容": "土樋歯科医院【3:歯科】岩手県岩手郡雫石町千刈田８０ー３" }, "geometry": { "type": "Point", "coordinates": [ 140.976007, 39.697683 ] } },
{ "type": "Feature", "properties": { "ID": 3303300135, "正式名称": "遠藤歯科医院", "機関区分": 3, "都道府県コード": 3, "市区町村コード": 302, "所在地": "岩手県岩手郡葛巻町葛巻１３地割５１番地", "緯度": 40.043288, "経度": 141.40221, "url": "https://www.iryou.teikyouseido.mhlw.go.jp/znk-web/juminkanja/S2430/initialize?prefCd=03&kikanCd=03300135&kikanKbn=3", "url2": null, "内容": "遠藤歯科医院【3:歯科】岩手県岩手郡葛巻町葛巻１３地割５１番地" }, "geometry": { "type": "Point", "coordinates": [ 141.40221, 40.043288 ] } },
{ "type": "Feature", "properties": { "ID": 3303300136, "正式名称": "コアラ歯科", "機関区分": 3, "都道府県コード": 3, "市区町村コード": 302, "所在地": "岩手県岩手郡葛巻町葛巻第１５地割３４番１号", "緯度": 40.041476, "経度": 141.435778, "url": "https://www.iryou.teikyouseido.mhlw.go.jp/znk-web/juminkanja/S2430/initialize?prefCd=03&kikanCd=03300136&kikanKbn=3", "url2": "http://homepage2.nifty.com/koaradc/", "内容": "コアラ歯科【3:歯科】岩手県岩手郡葛巻町葛巻第１５地割３４番１号" }, "geometry": { "type": "Point", "coordinates": [ 141.435778, 40.041476 ] } },
{ "type": "Feature", "properties": { "ID": 3303300138, "正式名称": "医療法人紀耶会　沼宮内歯科医院", "機関区分": 3, "都道府県コード": 3, "市区町村コード": 303, "所在地": "岩手県岩手郡岩手町江刈内１０ー５３", "緯度": 39.955686, "経度": 141.265233, "url": "https://www.iryou.teikyouseido.mhlw.go.jp/znk-web/juminkanja/S2430/initialize?prefCd=03&kikanCd=03300138&kikanKbn=3", "url2": null, "内容": "医療法人紀耶会　沼宮内歯科医院【3:歯科】岩手県岩手郡岩手町江刈内１０ー５３" }, "geometry": { "type": "Point", "coordinates": [ 141.265233, 39.955686 ] } },
{ "type": "Feature", "properties": { "ID": 3303300139, "正式名称": "長沢歯科医院", "機関区分": 3, "都道府県コード": 3, "市区町村コード": 303, "所在地": "岩手県岩手郡岩手町江刈内１１ー１３", "緯度": 39.955686, "経度": 141.265233, "url": "https://www.iryou.teikyouseido.mhlw.go.jp/znk-web/juminkanja/S2430/initialize?prefCd=03&kikanCd=03300139&kikanKbn=3", "url2": null, "内容": "長沢歯科医院【3:歯科】岩手県岩手郡岩手町江刈内１１ー１３" }, "geometry": { "type": "Point", "coordinates": [ 141.265233, 39.955686 ] } },
{ "type": "Feature", "properties": { "ID": 3303300141, "正式名称": "宮田歯科医院", "機関区分": 3, "都道府県コード": 3, "市区町村コード": 303, "所在地": "岩手県岩手郡岩手町大字沼宮内７ー１８ー２", "緯度": 40.021887, "経度": 141.274672, "url": "https://www.iryou.teikyouseido.mhlw.go.jp/znk-web/juminkanja/S2430/initialize?prefCd=03&kikanCd=03300141&kikanKbn=3", "url2": "http://miyatashika-iwate.com/", "内容": "宮田歯科医院【3:歯科】岩手県岩手郡岩手町大字沼宮内７ー１８ー２" }, "geometry": { "type": "Point", "coordinates": [ 141.274672, 40.021887 ] } },
{ "type": "Feature", "properties": { "ID": 3303300142, "正式名称": "村木歯科クリニック", "機関区分": 3, "都道府県コード": 3, "市区町村コード": 303, "所在地": "岩手県岩手郡岩手町大字五日市第１１地割１３１番２号", "緯度": 39.9662218, "経度": 141.2159203, "url": "https://www.iryou.teikyouseido.mhlw.go.jp/znk-web/juminkanja/S2430/initialize?prefCd=03&kikanCd=03300142&kikanKbn=3", "url2": "https://www.muraki-dc.com/", "内容": "村木歯科クリニック【3:歯科】岩手県岩手郡岩手町大字五日市第１１地割１３１番２号" }, "geometry": { "type": "Point", "coordinates": [ 141.2159203, 39.9662218 ] } },
{ "type": "Feature", "properties": { "ID": 3303300143, "正式名称": "一戸歯科クリニック", "機関区分": 3, "都道府県コード": 3, "市区町村コード": 214, "所在地": "岩手県八幡平市大更", "緯度": 39.908722, "経度": 141.134427, "url": "https://www.iryou.teikyouseido.mhlw.go.jp/znk-web/juminkanja/S2430/initialize?prefCd=03&kikanCd=03300143&kikanKbn=3", "url2": "http://www.ichinohe-dc.com/", "内容": "一戸歯科クリニック【3:歯科】岩手県八幡平市大更" }, "geometry": { "type": "Point", "coordinates": [ 141.134427, 39.908722 ] } },
{ "type": "Feature", "properties": { "ID": 3303300144, "正式名称": "岡田歯科医院", "機関区分": 3, "都道府県コード": 3, "市区町村コード": 214, "所在地": "岩手県八幡平市大更２５地割１１７番地２", "緯度": 39.908722, "経度": 141.134427, "url": "https://www.iryou.teikyouseido.mhlw.go.jp/znk-web/juminkanja/S2430/initialize?prefCd=03&kikanCd=03300144&kikanKbn=3", "url2": null, "内容": "岡田歯科医院【3:歯科】岩手県八幡平市大更２５地割１１７番地２" }, "geometry": { "type": "Point", "coordinates": [ 141.134427, 39.908722 ] } },
{ "type": "Feature", "properties": { "ID": 3303300145, "正式名称": "佐藤歯科医院", "機関区分": 3, "都道府県コード": 3, "市区町村コード": 214, "所在地": "岩手県八幡平市大更２２ー１６２", "緯度": 39.908722, "経度": 141.134427, "url": "https://www.iryou.teikyouseido.mhlw.go.jp/znk-web/juminkanja/S2430/initialize?prefCd=03&kikanCd=03300145&kikanKbn=3", "url2": "http://www.u-i-sato-dental.net", "内容": "佐藤歯科医院【3:歯科】岩手県八幡平市大更２２ー１６２" }, "geometry": { "type": "Point", "coordinates": [ 141.134427, 39.908722 ] } },
{ "type": "Feature", "properties": { "ID": 3303300146, "正式名称": "たかしま歯科医院", "機関区分": 3, "都道府県コード": 3, "市区町村コード": 214, "所在地": "岩手県八幡平市大更第１６地割４番２４１", "緯度": 39.895751, "経度": 141.094324, "url": "https://www.iryou.teikyouseido.mhlw.go.jp/znk-web/juminkanja/S2430/initialize?prefCd=03&kikanCd=03300146&kikanKbn=3", "url2": null, "内容": "たかしま歯科医院【3:歯科】岩手県八幡平市大更第１６地割４番２４１" }, "geometry": { "type": "Point", "coordinates": [ 141.094324, 39.895751 ] } },
{ "type": "Feature", "properties": { "ID": 3303300147, "正式名称": "前田歯科医院", "機関区分": 3, "都道府県コード": 3, "市区町村コード": 214, "所在地": "岩手県八幡平市平舘９ー２３８ー１", "緯度": 39.94291, "経度": 141.087439, "url": "https://www.iryou.teikyouseido.mhlw.go.jp/znk-web/juminkanja/S2430/initialize?prefCd=03&kikanCd=03300147&kikanKbn=3", "url2": null, "内容": "前田歯科医院【3:歯科】岩手県八幡平市平舘９ー２３８ー１" }, "geometry": { "type": "Point", "coordinates": [ 141.087439, 39.94291 ] } },
{ "type": "Feature", "properties": { "ID": 3303300148, "正式名称": "医療法人貴成会　山口歯科医院", "機関区分": 3, "都道府県コード": 3, "市区町村コード": 214, "所在地": "岩手県八幡平市大更３５ー６３ー４４", "緯度": 39.908722, "経度": 141.134427, "url": "https://www.iryou.teikyouseido.mhlw.go.jp/znk-web/juminkanja/S2430/initialize?prefCd=03&kikanCd=03300148&kikanKbn=3", "url2": "http://www.yama-dentalclinic.com/", "内容": "医療法人貴成会　山口歯科医院【3:歯科】岩手県八幡平市大更３５ー６３ー４４" }, "geometry": { "type": "Point", "coordinates": [ 141.134427, 39.908722 ] } },
{ "type": "Feature", "properties": { "ID": 3303300150, "正式名称": "小岩井駅前歯科", "機関区分": 3, "都道府県コード": 3, "市区町村コード": 216, "所在地": "岩手県滝沢市大釜風林６１－９７", "緯度": 39.709999, "経度": 141.023178, "url": "https://www.iryou.teikyouseido.mhlw.go.jp/znk-web/juminkanja/S2430/initialize?prefCd=03&kikanCd=03300150&kikanKbn=3", "url2": null, "内容": "小岩井駅前歯科【3:歯科】岩手県滝沢市大釜風林６１－９７" }, "geometry": { "type": "Point", "coordinates": [ 141.023178, 39.709999 ] } },
{ "type": "Feature", "properties": { "ID": 3303300152, "正式名称": "たきざわ駅前歯科医院", "機関区分": 3, "都道府県コード": 3, "市区町村コード": 216, "所在地": "岩手県滝沢市大崎２６１－１０", "緯度": 39.799576, "経度": 141.145618, "url": "https://www.iryou.teikyouseido.mhlw.go.jp/znk-web/juminkanja/S2430/initialize?prefCd=03&kikanCd=03300152&kikanKbn=3", "url2": "http://www.citydo.com/", "内容": "たきざわ駅前歯科医院【3:歯科】岩手県滝沢市大崎２６１－１０" }, "geometry": { "type": "Point", "coordinates": [ 141.145618, 39.799576 ] } },
{ "type": "Feature", "properties": { "ID": 3303300155, "正式名称": "沼田歯科クリニック", "機関区分": 3, "都道府県コード": 3, "市区町村コード": 301, "所在地": "岩手県岩手郡雫石町町裏８８", "緯度": 39.691438, "経度": 140.977008, "url": "https://www.iryou.teikyouseido.mhlw.go.jp/znk-web/juminkanja/S2430/initialize?prefCd=03&kikanCd=03300155&kikanKbn=3", "url2": "https://zhaotianchikekurinikku.webnode.jp/?_ga=2.162763701.881961725.1635483900-135977884.1635483900", "内容": "沼田歯科クリニック【3:歯科】岩手県岩手郡雫石町町裏８８" }, "geometry": { "type": "Point", "coordinates": [ 140.977008, 39.691438 ] } },
{ "type": "Feature", "properties": { "ID": 3303300156, "正式名称": "のざわ歯科医院", "機関区分": 3, "都道府県コード": 3, "市区町村コード": 216, "所在地": "岩手県滝沢市野沢６２ー１００３", "緯度": 39.799325, "経度": 141.143568, "url": "https://www.iryou.teikyouseido.mhlw.go.jp/znk-web/juminkanja/S2430/initialize?prefCd=03&kikanCd=03300156&kikanKbn=3", "url2": null, "内容": "のざわ歯科医院【3:歯科】岩手県滝沢市野沢６２ー１００３" }, "geometry": { "type": "Point", "coordinates": [ 141.143568, 39.799325 ] } },
{ "type": "Feature", "properties": { "ID": 3303300159, "正式名称": "ひらの歯科医院", "機関区分": 3, "都道府県コード": 3, "市区町村コード": 216, "所在地": "岩手県滝沢市穴口", "緯度": 39.748838, "経度": 141.114738, "url": "https://www.iryou.teikyouseido.mhlw.go.jp/znk-web/juminkanja/S2430/initialize?prefCd=03&kikanCd=03300159&kikanKbn=3", "url2": null, "内容": "ひらの歯科医院【3:歯科】岩手県滝沢市穴口" }, "geometry": { "type": "Point", "coordinates": [ 141.114738, 39.748838 ] } },
{ "type": "Feature", "properties": { "ID": 3303300160, "正式名称": "福士歯科医院", "機関区分": 3, "都道府県コード": 3, "市区町村コード": 216, "所在地": "岩手県滝沢市穴口３１４ー６", "緯度": 39.731036, "経度": 141.100034, "url": "https://www.iryou.teikyouseido.mhlw.go.jp/znk-web/juminkanja/S2430/initialize?prefCd=03&kikanCd=03300160&kikanKbn=3", "url2": "http://www.fukushi-dc.com", "内容": "福士歯科医院【3:歯科】岩手県滝沢市穴口３１４ー６" }, "geometry": { "type": "Point", "coordinates": [ 141.100034, 39.731036 ] } },
{ "type": "Feature", "properties": { "ID": 3303300161, "正式名称": "三浦歯科医院", "機関区分": 3, "都道府県コード": 3, "市区町村コード": 216, "所在地": "岩手県滝沢市巣子１１８８ー４１", "緯度": 39.776214, "経度": 141.132968, "url": "https://www.iryou.teikyouseido.mhlw.go.jp/znk-web/juminkanja/S2430/initialize?prefCd=03&kikanCd=03300161&kikanKbn=3", "url2": null, "内容": "三浦歯科医院【3:歯科】岩手県滝沢市巣子１１８８ー４１" }, "geometry": { "type": "Point", "coordinates": [ 141.132968, 39.776214 ] } },
{ "type": "Feature", "properties": { "ID": 3303300162, "正式名称": "南舘歯科・小児歯科医院", "機関区分": 3, "都道府県コード": 3, "市区町村コード": 216, "所在地": "岩手県滝沢市土沢", "緯度": 39.751067, "経度": 141.101762, "url": "https://www.iryou.teikyouseido.mhlw.go.jp/znk-web/juminkanja/S2430/initialize?prefCd=03&kikanCd=03300162&kikanKbn=3", "url2": "http://minamidate.cihp.jp/", "内容": "南舘歯科・小児歯科医院【3:歯科】岩手県滝沢市土沢" }, "geometry": { "type": "Point", "coordinates": [ 141.101762, 39.751067 ] } },
{ "type": "Feature", "properties": { "ID": 3303300163, "正式名称": "やまのかみ歯科医院", "機関区分": 3, "都道府県コード": 3, "市区町村コード": 216, "所在地": "岩手県滝沢市中鵜飼７９ー５", "緯度": 39.733793, "経度": 141.076344, "url": "https://www.iryou.teikyouseido.mhlw.go.jp/znk-web/juminkanja/S2430/initialize?prefCd=03&kikanCd=03300163&kikanKbn=3", "url2": null, "内容": "やまのかみ歯科医院【3:歯科】岩手県滝沢市中鵜飼７９ー５" }, "geometry": { "type": "Point", "coordinates": [ 141.076344, 39.733793 ] } },
{ "type": "Feature", "properties": { "ID": 3303300164, "正式名称": "八幡歯科医院", "機関区分": 3, "都道府県コード": 3, "市区町村コード": 216, "所在地": "岩手県滝沢市鵜飼狐洞１番地８９", "緯度": 39.738853, "経度": 141.084249, "url": "https://www.iryou.teikyouseido.mhlw.go.jp/znk-web/juminkanja/S2430/initialize?prefCd=03&kikanCd=03300164&kikanKbn=3", "url2": null, "内容": "八幡歯科医院【3:歯科】岩手県滝沢市鵜飼狐洞１番地８９" }, "geometry": { "type": "Point", "coordinates": [ 141.084249, 39.738853 ] } },
{ "type": "Feature", "properties": { "ID": 3303300168, "正式名称": "渋民歯科クリニック", "機関区分": 3, "都道府県コード": 3, "市区町村コード": 201, "所在地": "岩手県盛岡市渋民字泉田２００番地", "緯度": 39.846877, "経度": 141.168335, "url": "https://www.iryou.teikyouseido.mhlw.go.jp/znk-web/juminkanja/S2430/initialize?prefCd=03&kikanCd=03300168&kikanKbn=3", "url2": null, "内容": "渋民歯科クリニック【3:歯科】岩手県盛岡市渋民字泉田２００番地" }, "geometry": { "type": "Point", "coordinates": [ 141.168335, 39.846877 ] } },
{ "type": "Feature", "properties": { "ID": 3303300170, "正式名称": "アオキ歯科医院", "機関区分": 3, "都道府県コード": 3, "市区町村コード": 214, "所在地": "岩手県八幡平市荒屋新町１０９", "緯度": 40.098663, "経度": 141.04779, "url": "https://www.iryou.teikyouseido.mhlw.go.jp/znk-web/juminkanja/S2430/initialize?prefCd=03&kikanCd=03300170&kikanKbn=3", "url2": null, "内容": "アオキ歯科医院【3:歯科】岩手県八幡平市荒屋新町１０９" }, "geometry": { "type": "Point", "coordinates": [ 141.04779, 40.098663 ] } },
{ "type": "Feature", "properties": { "ID": 3303300171, "正式名称": "小原歯科医院", "機関区分": 3, "都道府県コード": 3, "市区町村コード": 214, "所在地": "岩手県八幡平市清水９０番地２", "緯度": 40.105068, "経度": 141.049944, "url": "https://www.iryou.teikyouseido.mhlw.go.jp/znk-web/juminkanja/S2430/initialize?prefCd=03&kikanCd=03300171&kikanKbn=3", "url2": null, "内容": "小原歯科医院【3:歯科】岩手県八幡平市清水９０番地２" }, "geometry": { "type": "Point", "coordinates": [ 141.049944, 40.105068 ] } },
{ "type": "Feature", "properties": { "ID": 3303300174, "正式名称": "ささき歯科クリニック", "機関区分": 3, "都道府県コード": 3, "市区町村コード": 321, "所在地": "岩手県紫波郡紫波町日詰字下丸森９－１", "緯度": 39.556695, "経度": 141.162969, "url": "https://www.iryou.teikyouseido.mhlw.go.jp/znk-web/juminkanja/S2430/initialize?prefCd=03&kikanCd=03300174&kikanKbn=3", "url2": "http://www2u.biglobe.ne.jp/~jascafe", "内容": "ささき歯科クリニック【3:歯科】岩手県紫波郡紫波町日詰字下丸森９－１" }, "geometry": { "type": "Point", "coordinates": [ 141.162969, 39.556695 ] } },
{ "type": "Feature", "properties": { "ID": 3303300175, "正式名称": "城北歯科医院", "機関区分": 3, "都道府県コード": 3, "市区町村コード": 321, "所在地": "岩手県紫波郡紫波町高水寺８９－４", "緯度": 39.576835, "経度": 141.167853, "url": "https://www.iryou.teikyouseido.mhlw.go.jp/znk-web/juminkanja/S2430/initialize?prefCd=03&kikanCd=03300175&kikanKbn=3", "url2": null, "内容": "城北歯科医院【3:歯科】岩手県紫波郡紫波町高水寺８９－４" }, "geometry": { "type": "Point", "coordinates": [ 141.167853, 39.576835 ] } },
{ "type": "Feature", "properties": { "ID": 3303300177, "正式名称": "つのだ歯科・矯正歯科医院", "機関区分": 3, "都道府県コード": 3, "市区町村コード": 321, "所在地": "岩手県紫波郡紫波町桜町２－１－５", "緯度": 39.548079, "経度": 141.167506, "url": "https://www.iryou.teikyouseido.mhlw.go.jp/znk-web/juminkanja/S2430/initialize?prefCd=03&kikanCd=03300177&kikanKbn=3", "url2": "https://www.tsunoda-shika.com/", "内容": "つのだ歯科・矯正歯科医院【3:歯科】岩手県紫波郡紫波町桜町２－１－５" }, "geometry": { "type": "Point", "coordinates": [ 141.167506, 39.548079 ] } },
{ "type": "Feature", "properties": { "ID": 3303300178, "正式名称": "中島歯科医院", "機関区分": 3, "都道府県コード": 3, "市区町村コード": 321, "所在地": "岩手県紫波郡紫波町中島字桜田１−１３３", "緯度": 39.577291, "経度": 141.161822, "url": "https://www.iryou.teikyouseido.mhlw.go.jp/znk-web/juminkanja/S2430/initialize?prefCd=03&kikanCd=03300178&kikanKbn=3", "url2": "nakajima-sikaiin.com", "内容": "中島歯科医院【3:歯科】岩手県紫波郡紫波町中島字桜田１−１３３" }, "geometry": { "type": "Point", "coordinates": [ 141.161822, 39.577291 ] } },
{ "type": "Feature", "properties": { "ID": 3303300179, "正式名称": "ひづめ歯科医院", "機関区分": 3, "都道府県コード": 3, "市区町村コード": 321, "所在地": "岩手県紫波郡紫波町日詰西六丁目５ー８", "緯度": 39.552376, "経度": 141.164342, "url": "https://www.iryou.teikyouseido.mhlw.go.jp/znk-web/juminkanja/S2430/initialize?prefCd=03&kikanCd=03300179&kikanKbn=3", "url2": "https://hidume-dental.ci-hp.jp/", "内容": "ひづめ歯科医院【3:歯科】岩手県紫波郡紫波町日詰西六丁目５ー８" }, "geometry": { "type": "Point", "coordinates": [ 141.164342, 39.552376 ] } },
{ "type": "Feature", "properties": { "ID": 3303300180, "正式名称": "平井歯科医院", "機関区分": 3, "都道府県コード": 3, "市区町村コード": 321, "所在地": "岩手県紫波郡紫波町北日詰字白旗４９", "緯度": 39.541958, "経度": 141.163278, "url": "https://www.iryou.teikyouseido.mhlw.go.jp/znk-web/juminkanja/S2430/initialize?prefCd=03&kikanCd=03300180&kikanKbn=3", "url2": null, "内容": "平井歯科医院【3:歯科】岩手県紫波郡紫波町北日詰字白旗４９" }, "geometry": { "type": "Point", "coordinates": [ 141.163278, 39.541958 ] } },
{ "type": "Feature", "properties": { "ID": 3303300181, "正式名称": "ふかざわ歯科医院", "機関区分": 3, "都道府県コード": 3, "市区町村コード": 321, "所在地": "岩手県紫波郡紫波町北日詰字大日堂１５ー６", "緯度": 39.537895, "経度": 141.167384, "url": "https://www.iryou.teikyouseido.mhlw.go.jp/znk-web/juminkanja/S2430/initialize?prefCd=03&kikanCd=03300181&kikanKbn=3", "url2": null, "内容": "ふかざわ歯科医院【3:歯科】岩手県紫波郡紫波町北日詰字大日堂１５ー６" }, "geometry": { "type": "Point", "coordinates": [ 141.167384, 39.537895 ] } },
{ "type": "Feature", "properties": { "ID": 3303300182, "正式名称": "まきふじ歯科医院", "機関区分": 3, "都道府県コード": 3, "市区町村コード": 321, "所在地": "岩手県紫波郡紫波町平沢字松田１－１", "緯度": 39.550837, "経度": 141.154348, "url": "https://www.iryou.teikyouseido.mhlw.go.jp/znk-web/juminkanja/S2430/initialize?prefCd=03&kikanCd=03300182&kikanKbn=3", "url2": null, "内容": "まきふじ歯科医院【3:歯科】岩手県紫波郡紫波町平沢字松田１－１" }, "geometry": { "type": "Point", "coordinates": [ 141.154348, 39.550837 ] } },
{ "type": "Feature", "properties": { "ID": 3303300183, "正式名称": "六本木歯科医院", "機関区分": 3, "都道府県コード": 3, "市区町村コード": 321, "所在地": "岩手県紫波郡紫波町日詰字郡山駅２０５", "緯度": 39.556594, "経度": 141.169943, "url": "https://www.iryou.teikyouseido.mhlw.go.jp/znk-web/juminkanja/S2430/initialize?prefCd=03&kikanCd=03300183&kikanKbn=3", "url2": null, "内容": "六本木歯科医院【3:歯科】岩手県紫波郡紫波町日詰字郡山駅２０５" }, "geometry": { "type": "Point", "coordinates": [ 141.169943, 39.556594 ] } },
{ "type": "Feature", "properties": { "ID": 3303300185, "正式名称": "医療法人　潤心会　　神の前歯科医院", "機関区分": 3, "都道府県コード": 3, "市区町村コード": 322, "所在地": "岩手県紫波郡矢巾町南矢幅第１３地割２９ー１", "緯度": 39.607738, "経度": 141.144403, "url": "https://www.iryou.teikyouseido.mhlw.go.jp/znk-web/juminkanja/S2430/initialize?prefCd=03&kikanCd=03300185&kikanKbn=3", "url2": "https://www.kaminomae-dental.com", "内容": "医療法人　潤心会　　神の前歯科医院【3:歯科】岩手県紫波郡矢巾町南矢幅第１３地割２９ー１" }, "geometry": { "type": "Point", "coordinates": [ 141.144403, 39.607738 ] } },
{ "type": "Feature", "properties": { "ID": 3303300186, "正式名称": "煙山歯科医院", "機関区分": 3, "都道府県コード": 3, "市区町村コード": 322, "所在地": "岩手県紫波郡矢巾町上矢次", "緯度": 39.623633, "経度": 141.141707, "url": "https://www.iryou.teikyouseido.mhlw.go.jp/znk-web/juminkanja/S2430/initialize?prefCd=03&kikanCd=03300186&kikanKbn=3", "url2": null, "内容": "煙山歯科医院【3:歯科】岩手県紫波郡矢巾町上矢次" }, "geometry": { "type": "Point", "coordinates": [ 141.141707, 39.623633 ] } },
{ "type": "Feature", "properties": { "ID": 3303300187, "正式名称": "佐藤歯科医院", "機関区分": 3, "都道府県コード": 3, "市区町村コード": 322, "所在地": "岩手県紫波郡矢巾町高田１１―１―３", "緯度": 39.624859, "経度": 141.172025, "url": "https://www.iryou.teikyouseido.mhlw.go.jp/znk-web/juminkanja/S2430/initialize?prefCd=03&kikanCd=03300187&kikanKbn=3", "url2": null, "内容": "佐藤歯科医院【3:歯科】岩手県紫波郡矢巾町高田１１―１―３" }, "geometry": { "type": "Point", "coordinates": [ 141.172025, 39.624859 ] } },
{ "type": "Feature", "properties": { "ID": 3303300188, "正式名称": "鈴木歯科医院", "機関区分": 3, "都道府県コード": 3, "市区町村コード": 322, "所在地": "岩手県紫波郡矢巾町又兵エ新田８－１４３", "緯度": 39.615362, "経度": 141.145006, "url": "https://www.iryou.teikyouseido.mhlw.go.jp/znk-web/juminkanja/S2430/initialize?prefCd=03&kikanCd=03300188&kikanKbn=3", "url2": "http://takudent.byoinnavi.jp", "内容": "鈴木歯科医院【3:歯科】岩手県紫波郡矢巾町又兵エ新田８－１４３" }, "geometry": { "type": "Point", "coordinates": [ 141.145006, 39.615362 ] } },
{ "type": "Feature", "properties": { "ID": 3303300190, "正式名称": "染井デンタルクリニック", "機関区分": 3, "都道府県コード": 3, "市区町村コード": 322, "所在地": "岩手県紫波郡矢巾町南矢幅８ー２５０", "緯度": 39.609065, "経度": 141.144126, "url": "https://www.iryou.teikyouseido.mhlw.go.jp/znk-web/juminkanja/S2430/initialize?prefCd=03&kikanCd=03300190&kikanKbn=3", "url2": null, "内容": "染井デンタルクリニック【3:歯科】岩手県紫波郡矢巾町南矢幅８ー２５０" }, "geometry": { "type": "Point", "coordinates": [ 141.144126, 39.609065 ] } },
{ "type": "Feature", "properties": { "ID": 3303300192, "正式名称": "平野歯科クリニック", "機関区分": 3, "都道府県コード": 3, "市区町村コード": 322, "所在地": "岩手県紫波郡矢巾町流通センター南３－１－７", "緯度": 39.634228, "経度": 141.116084, "url": "https://www.iryou.teikyouseido.mhlw.go.jp/znk-web/juminkanja/S2430/initialize?prefCd=03&kikanCd=03300192&kikanKbn=3", "url2": null, "内容": "平野歯科クリニック【3:歯科】岩手県紫波郡矢巾町流通センター南３－１－７" }, "geometry": { "type": "Point", "coordinates": [ 141.116084, 39.634228 ] } },
{ "type": "Feature", "properties": { "ID": 3303300194, "正式名称": "矢巾歯科診療所", "機関区分": 3, "都道府県コード": 3, "市区町村コード": 322, "所在地": "岩手県紫波郡矢巾町又兵エ新田７－１８９", "緯度": 39.615362, "経度": 141.145006, "url": "https://www.iryou.teikyouseido.mhlw.go.jp/znk-web/juminkanja/S2430/initialize?prefCd=03&kikanCd=03300194&kikanKbn=3", "url2": null, "内容": "矢巾歯科診療所【3:歯科】岩手県紫波郡矢巾町又兵エ新田７－１８９" }, "geometry": { "type": "Point", "coordinates": [ 141.145006, 39.615362 ] } },
{ "type": "Feature", "properties": { "ID": 3303300195, "正式名称": "医療法人慧和会　流通センター歯科診療所", "機関区分": 3, "都道府県コード": 3, "市区町村コード": 322, "所在地": "岩手県紫波郡矢巾町流通センター南１－２－１５", "緯度": 39.638239, "経度": 141.112305, "url": "https://www.iryou.teikyouseido.mhlw.go.jp/znk-web/juminkanja/S2430/initialize?prefCd=03&kikanCd=03300195&kikanKbn=3", "url2": null, "内容": "医療法人慧和会　流通センター歯科診療所【3:歯科】岩手県紫波郡矢巾町流通センター南１－２－１５" }, "geometry": { "type": "Point", "coordinates": [ 141.112305, 39.638239 ] } },
{ "type": "Feature", "properties": { "ID": 3303300196, "正式名称": "医療法人俊華会くぼた矯正歯科クリニック", "機関区分": 3, "都道府県コード": 3, "市区町村コード": 209, "所在地": "岩手県一関市台町１０番６号", "緯度": 38.917116, "経度": 141.13144, "url": "https://www.iryou.teikyouseido.mhlw.go.jp/znk-web/juminkanja/S2430/initialize?prefCd=03&kikanCd=03300196&kikanKbn=3", "url2": "https://kyousei7777.com/", "内容": "医療法人俊華会くぼた矯正歯科クリニック【3:歯科】岩手県一関市台町１０番６号" }, "geometry": { "type": "Point", "coordinates": [ 141.13144, 38.917116 ] } },
{ "type": "Feature", "properties": { "ID": 3303300198, "正式名称": "ふじさわ歯科", "機関区分": 3, "都道府県コード": 3, "市区町村コード": 209, "所在地": "岩手県一関市藤沢町徳田字赤庭６６番地２", "緯度": 38.866614, "経度": 141.353202, "url": "https://www.iryou.teikyouseido.mhlw.go.jp/znk-web/juminkanja/S2430/initialize?prefCd=03&kikanCd=03300198&kikanKbn=3", "url2": null, "内容": "ふじさわ歯科【3:歯科】岩手県一関市藤沢町徳田字赤庭６６番地２" }, "geometry": { "type": "Point", "coordinates": [ 141.353202, 38.866614 ] } },
{ "type": "Feature", "properties": { "ID": 3303300199, "正式名称": "一関市国民健康保険室根歯科診療所", "機関区分": 3, "都道府県コード": 3, "市区町村コード": 209, "所在地": "岩手県一関市室根町折壁字八幡沖１１７番地", "緯度": 38.935875, "経度": 141.441333, "url": "https://www.iryou.teikyouseido.mhlw.go.jp/znk-web/juminkanja/S2430/initialize?prefCd=03&kikanCd=03300199&kikanKbn=3", "url2": null, "内容": "一関市国民健康保険室根歯科診療所【3:歯科】岩手県一関市室根町折壁字八幡沖１１７番地" }, "geometry": { "type": "Point", "coordinates": [ 141.441333, 38.935875 ] } },
{ "type": "Feature", "properties": { "ID": 3303300200, "正式名称": "栗駒歯科医院", "機関区分": 3, "都道府県コード": 3, "市区町村コード": 209, "所在地": "岩手県一関市萩荘字高梨東１６番地２", "緯度": 38.921405, "経度": 141.106915, "url": "https://www.iryou.teikyouseido.mhlw.go.jp/znk-web/juminkanja/S2430/initialize?prefCd=03&kikanCd=03300200&kikanKbn=3", "url2": null, "内容": "栗駒歯科医院【3:歯科】岩手県一関市萩荘字高梨東１６番地２" }, "geometry": { "type": "Point", "coordinates": [ 141.106915, 38.921405 ] } },
{ "type": "Feature", "properties": { "ID": 3303300202, "正式名称": "笠原歯科医院", "機関区分": 3, "都道府県コード": 3, "市区町村コード": 209, "所在地": "岩手県一関市三関字仲田２９番地１", "緯度": 38.926137, "経度": 141.148147, "url": "https://www.iryou.teikyouseido.mhlw.go.jp/znk-web/juminkanja/S2430/initialize?prefCd=03&kikanCd=03300202&kikanKbn=3", "url2": null, "内容": "笠原歯科医院【3:歯科】岩手県一関市三関字仲田２９番地１" }, "geometry": { "type": "Point", "coordinates": [ 141.148147, 38.926137 ] } },
{ "type": "Feature", "properties": { "ID": 3303300204, "正式名称": "三浦歯科医院", "機関区分": 3, "都道府県コード": 3, "市区町村コード": 209, "所在地": "岩手県一関市東山町松川字台１２２番地２", "緯度": 38.953269, "経度": 141.254723, "url": "https://www.iryou.teikyouseido.mhlw.go.jp/znk-web/juminkanja/S2430/initialize?prefCd=03&kikanCd=03300204&kikanKbn=3", "url2": "https://www.miura-shikaiin.info/", "内容": "三浦歯科医院【3:歯科】岩手県一関市東山町松川字台１２２番地２" }, "geometry": { "type": "Point", "coordinates": [ 141.254723, 38.953269 ] } },
{ "type": "Feature", "properties": { "ID": 3303300205, "正式名称": "村上歯科クリニック", "機関区分": 3, "都道府県コード": 3, "市区町村コード": 209, "所在地": "岩手県一関市真柴字中田５５番地１２０", "緯度": 38.910077, "経度": 141.131326, "url": "https://www.iryou.teikyouseido.mhlw.go.jp/znk-web/juminkanja/S2430/initialize?prefCd=03&kikanCd=03300205&kikanKbn=3", "url2": null, "内容": "村上歯科クリニック【3:歯科】岩手県一関市真柴字中田５５番地１２０" }, "geometry": { "type": "Point", "coordinates": [ 141.131326, 38.910077 ] } },
{ "type": "Feature", "properties": { "ID": 3303300207, "正式名称": "くまがい歯科クリニック", "機関区分": 3, "都道府県コード": 3, "市区町村コード": 209, "所在地": "岩手県一関市千厩町千厩字町８０番地", "緯度": 38.917081, "経度": 141.329996, "url": "https://www.iryou.teikyouseido.mhlw.go.jp/znk-web/juminkanja/S2430/initialize?prefCd=03&kikanCd=03300207&kikanKbn=3", "url2": null, "内容": "くまがい歯科クリニック【3:歯科】岩手県一関市千厩町千厩字町８０番地" }, "geometry": { "type": "Point", "coordinates": [ 141.329996, 38.917081 ] } },
{ "type": "Feature", "properties": { "ID": 3303300208, "正式名称": "本多歯科医院", "機関区分": 3, "都道府県コード": 3, "市区町村コード": 209, "所在地": "岩手県一関市大東町大原字台下１２番地２", "緯度": 39.014885, "経度": 141.398513, "url": "https://www.iryou.teikyouseido.mhlw.go.jp/znk-web/juminkanja/S2430/initialize?prefCd=03&kikanCd=03300208&kikanKbn=3", "url2": null, "内容": "本多歯科医院【3:歯科】岩手県一関市大東町大原字台下１２番地２" }, "geometry": { "type": "Point", "coordinates": [ 141.398513, 39.014885 ] } },
{ "type": "Feature", "properties": { "ID": 3303300209, "正式名称": "しばじゅく歯科", "機関区分": 3, "都道府県コード": 3, "市区町村コード": 209, "所在地": "岩手県一関市東山町長坂字柴宿１６番地６０", "緯度": 38.996344, "経度": 141.271147, "url": "https://www.iryou.teikyouseido.mhlw.go.jp/znk-web/juminkanja/S2430/initialize?prefCd=03&kikanCd=03300209&kikanKbn=3", "url2": null, "内容": "しばじゅく歯科【3:歯科】岩手県一関市東山町長坂字柴宿１６番地６０" }, "geometry": { "type": "Point", "coordinates": [ 141.271147, 38.996344 ] } },
{ "type": "Feature", "properties": { "ID": 3303300211, "正式名称": "医療法人社団育成会中央歯科クリニック", "機関区分": 3, "都道府県コード": 3, "市区町村コード": 209, "所在地": "岩手県一関市花泉町花泉字郷ノ里５７番地", "緯度": 38.843375, "経度": 141.179946, "url": "https://www.iryou.teikyouseido.mhlw.go.jp/znk-web/juminkanja/S2430/initialize?prefCd=03&kikanCd=03300211&kikanKbn=3", "url2": "http://www.centraldental.or.jp", "内容": "医療法人社団育成会中央歯科クリニック【3:歯科】岩手県一関市花泉町花泉字郷ノ里５７番地" }, "geometry": { "type": "Point", "coordinates": [ 141.179946, 38.843375 ] } },
{ "type": "Feature", "properties": { "ID": 3303300217, "正式名称": "小家歯科医院", "機関区分": 3, "都道府県コード": 3, "市区町村コード": 209, "所在地": "岩手県一関市千厩町千厩字北方８０番地３", "緯度": 38.918716, "経度": 141.329496, "url": "https://www.iryou.teikyouseido.mhlw.go.jp/znk-web/juminkanja/S2430/initialize?prefCd=03&kikanCd=03300217&kikanKbn=3", "url2": null, "内容": "小家歯科医院【3:歯科】岩手県一関市千厩町千厩字北方８０番地３" }, "geometry": { "type": "Point", "coordinates": [ 141.329496, 38.918716 ] } },
{ "type": "Feature", "properties": { "ID": 3303300219, "正式名称": "加藤歯科医院", "機関区分": 3, "都道府県コード": 3, "市区町村コード": 209, "所在地": "岩手県一関市山目字三反田２番地３", "緯度": 38.934954, "経度": 141.120575, "url": "https://www.iryou.teikyouseido.mhlw.go.jp/znk-web/juminkanja/S2430/initialize?prefCd=03&kikanCd=03300219&kikanKbn=3", "url2": "https://ichinoseki-kato-dental.info/", "内容": "加藤歯科医院【3:歯科】岩手県一関市山目字三反田２番地３" }, "geometry": { "type": "Point", "coordinates": [ 141.120575, 38.934954 ] } },
{ "type": "Feature", "properties": { "ID": 3303300221, "正式名称": "橋本歯科医院", "機関区分": 3, "都道府県コード": 3, "市区町村コード": 209, "所在地": "岩手県一関市石畑２番３号", "緯度": 38.938269, "経度": 141.131114, "url": "https://www.iryou.teikyouseido.mhlw.go.jp/znk-web/juminkanja/S2430/initialize?prefCd=03&kikanCd=03300221&kikanKbn=3", "url2": null, "内容": "橋本歯科医院【3:歯科】岩手県一関市石畑２番３号" }, "geometry": { "type": "Point", "coordinates": [ 141.131114, 38.938269 ] } },
{ "type": "Feature", "properties": { "ID": 3303300223, "正式名称": "一関市国民健康保険千厩歯科診療所", "機関区分": 3, "都道府県コード": 3, "市区町村コード": 209, "所在地": "岩手県一関市千厩町小梨字大久保１番地１", "緯度": 38.900731, "経度": 141.382925, "url": "https://www.iryou.teikyouseido.mhlw.go.jp/znk-web/juminkanja/S2430/initialize?prefCd=03&kikanCd=03300223&kikanKbn=3", "url2": null, "内容": "一関市国民健康保険千厩歯科診療所【3:歯科】岩手県一関市千厩町小梨字大久保１番地１" }, "geometry": { "type": "Point", "coordinates": [ 141.382925, 38.900731 ] } },
{ "type": "Feature", "properties": { "ID": 3303300224, "正式名称": "石川歯科医院", "機関区分": 3, "都道府県コード": 3, "市区町村コード": 209, "所在地": "岩手県一関市大東町摺沢字石倉１６番地４", "緯度": 38.996654, "経度": 141.328183, "url": "https://www.iryou.teikyouseido.mhlw.go.jp/znk-web/juminkanja/S2430/initialize?prefCd=03&kikanCd=03300224&kikanKbn=3", "url2": null, "内容": "石川歯科医院【3:歯科】岩手県一関市大東町摺沢字石倉１６番地４" }, "geometry": { "type": "Point", "coordinates": [ 141.328183, 38.996654 ] } },
{ "type": "Feature", "properties": { "ID": 3303300225, "正式名称": "赤荻歯科医院", "機関区分": 3, "都道府県コード": 3, "市区町村コード": 209, "所在地": "岩手県一関市赤荻字荻野１５１番地５", "緯度": 38.931592, "経度": 141.09624, "url": "https://www.iryou.teikyouseido.mhlw.go.jp/znk-web/juminkanja/S2430/initialize?prefCd=03&kikanCd=03300225&kikanKbn=3", "url2": "https://www.akoogi-shika.com/", "内容": "赤荻歯科医院【3:歯科】岩手県一関市赤荻字荻野１５１番地５" }, "geometry": { "type": "Point", "coordinates": [ 141.09624, 38.931592 ] } },
{ "type": "Feature", "properties": { "ID": 3303300228, "正式名称": "伊藤歯科医院", "機関区分": 3, "都道府県コード": 3, "市区町村コード": 209, "所在地": "岩手県一関市字沢１番地", "緯度": 38.921396, "経度": 141.139069, "url": "https://www.iryou.teikyouseido.mhlw.go.jp/znk-web/juminkanja/S2430/initialize?prefCd=03&kikanCd=03300228&kikanKbn=3", "url2": "https://www.dc-ito.jp", "内容": "伊藤歯科医院【3:歯科】岩手県一関市字沢１番地" }, "geometry": { "type": "Point", "coordinates": [ 141.139069, 38.921396 ] } },
{ "type": "Feature", "properties": { "ID": 3303300229, "正式名称": "熊谷歯科医院", "機関区分": 3, "都道府県コード": 3, "市区町村コード": 209, "所在地": "岩手県一関市大東町摺沢字新右ェ門土手６番地３", "緯度": 38.982838, "経度": 141.330604, "url": "https://www.iryou.teikyouseido.mhlw.go.jp/znk-web/juminkanja/S2430/initialize?prefCd=03&kikanCd=03300229&kikanKbn=3", "url2": "https://www.kuma754618.com/", "内容": "熊谷歯科医院【3:歯科】岩手県一関市大東町摺沢字新右ェ門土手６番地３" }, "geometry": { "type": "Point", "coordinates": [ 141.330604, 38.982838 ] } },
{ "type": "Feature", "properties": { "ID": 3303300230, "正式名称": "畠山歯科医院", "機関区分": 3, "都道府県コード": 3, "市区町村コード": 209, "所在地": "岩手県一関市千厩町千厩字構井田６４番地１３", "緯度": 38.922401, "経度": 141.339929, "url": "https://www.iryou.teikyouseido.mhlw.go.jp/znk-web/juminkanja/S2430/initialize?prefCd=03&kikanCd=03300230&kikanKbn=3", "url2": null, "内容": "畠山歯科医院【3:歯科】岩手県一関市千厩町千厩字構井田６４番地１３" }, "geometry": { "type": "Point", "coordinates": [ 141.339929, 38.922401 ] } },
{ "type": "Feature", "properties": { "ID": 3303300232, "正式名称": "萩荘歯科医院", "機関区分": 3, "都道府県コード": 3, "市区町村コード": 209, "所在地": "岩手県一関市萩荘字小萩２６番地１", "緯度": 38.922889, "経度": 141.114469, "url": "https://www.iryou.teikyouseido.mhlw.go.jp/znk-web/juminkanja/S2430/initialize?prefCd=03&kikanCd=03300232&kikanKbn=3", "url2": "https://www.hagisyo-shika-ichinoseki.com/", "内容": "萩荘歯科医院【3:歯科】岩手県一関市萩荘字小萩２６番地１" }, "geometry": { "type": "Point", "coordinates": [ 141.114469, 38.922889 ] } },
{ "type": "Feature", "properties": { "ID": 3303300237, "正式名称": "近江歯科医院", "機関区分": 3, "都道府県コード": 3, "市区町村コード": 209, "所在地": "岩手県一関市大手町２番５号", "緯度": 38.927657, "経度": 141.133781, "url": "https://www.iryou.teikyouseido.mhlw.go.jp/znk-web/juminkanja/S2430/initialize?prefCd=03&kikanCd=03300237&kikanKbn=3", "url2": "https://www.oumidental.net/", "内容": "近江歯科医院【3:歯科】岩手県一関市大手町２番５号" }, "geometry": { "type": "Point", "coordinates": [ 141.133781, 38.927657 ] } },
{ "type": "Feature", "properties": { "ID": 3303300238, "正式名称": "あい歯科クリニック", "機関区分": 3, "都道府県コード": 3, "市区町村コード": 201, "所在地": "岩手県盛岡市月が丘三丁目３９番５０号", "緯度": 39.738221, "経度": 141.108619, "url": "https://www.iryou.teikyouseido.mhlw.go.jp/znk-web/juminkanja/S2430/initialize?prefCd=03&kikanCd=03300238&kikanKbn=3", "url2": null, "内容": "あい歯科クリニック【3:歯科】岩手県盛岡市月が丘三丁目３９番５０号" }, "geometry": { "type": "Point", "coordinates": [ 141.108619, 39.738221 ] } },
{ "type": "Feature", "properties": { "ID": 3303300239, "正式名称": "医療法人ア歯会　愛歯科診療所", "機関区分": 3, "都道府県コード": 3, "市区町村コード": 201, "所在地": "岩手県盛岡市向中野一丁目１０ー３１", "緯度": 39.681807, "経度": 141.143643, "url": "https://www.iryou.teikyouseido.mhlw.go.jp/znk-web/juminkanja/S2430/initialize?prefCd=03&kikanCd=03300239&kikanKbn=3", "url2": "http://ai-morioka.net", "内容": "医療法人ア歯会　愛歯科診療所【3:歯科】岩手県盛岡市向中野一丁目１０ー３１" }, "geometry": { "type": "Point", "coordinates": [ 141.143643, 39.681807 ] } },
{ "type": "Feature", "properties": { "ID": 3303300240, "正式名称": "赤坂歯科医院", "機関区分": 3, "都道府県コード": 3, "市区町村コード": 201, "所在地": "岩手県盛岡市八幡町１ー１１", "緯度": 39.697889, "経度": 141.157839, "url": "https://www.iryou.teikyouseido.mhlw.go.jp/znk-web/juminkanja/S2430/initialize?prefCd=03&kikanCd=03300240&kikanKbn=3", "url2": null, "内容": "赤坂歯科医院【3:歯科】岩手県盛岡市八幡町１ー１１" }, "geometry": { "type": "Point", "coordinates": [ 141.157839, 39.697889 ] } },
{ "type": "Feature", "properties": { "ID": 3303300246, "正式名称": "壱番舘歯科クリニック", "機関区分": 3, "都道府県コード": 3, "市区町村コード": 201, "所在地": "岩手県盛岡市永井２２ー３ー１１８　ＳＡＷＡＸ壱番舘１Ｆ", "緯度": 39.655166, "経度": 141.153786, "url": "https://www.iryou.teikyouseido.mhlw.go.jp/znk-web/juminkanja/S2430/initialize?prefCd=03&kikanCd=03300246&kikanKbn=3", "url2": "http://www.ichibankan-dc.oscp.jp", "内容": "壱番舘歯科クリニック【3:歯科】岩手県盛岡市永井２２ー３ー１１８　ＳＡＷＡＸ壱番舘１Ｆ" }, "geometry": { "type": "Point", "coordinates": [ 141.153786, 39.655166 ] } },
{ "type": "Feature", "properties": { "ID": 3303300247, "正式名称": "いとう歯科医院", "機関区分": 3, "都道府県コード": 3, "市区町村コード": 201, "所在地": "岩手県盛岡市東山１ー１９ー２１", "緯度": 39.690012, "経度": 141.175792, "url": "https://www.iryou.teikyouseido.mhlw.go.jp/znk-web/juminkanja/S2430/initialize?prefCd=03&kikanCd=03300247&kikanKbn=3", "url2": "http://110-dc.com", "内容": "いとう歯科医院【3:歯科】岩手県盛岡市東山１ー１９ー２１" }, "geometry": { "type": "Point", "coordinates": [ 141.175792, 39.690012 ] } },
{ "type": "Feature", "properties": { "ID": 3303300250, "正式名称": "医療法人紀耶会　岩渕歯科医院", "機関区分": 3, "都道府県コード": 3, "市区町村コード": 201, "所在地": "岩手県盛岡市天神町９ー１５", "緯度": 39.703471, "経度": 141.164975, "url": "https://www.iryou.teikyouseido.mhlw.go.jp/znk-web/juminkanja/S2430/initialize?prefCd=03&kikanCd=03300250&kikanKbn=3", "url2": "http://nttbj.itp.ne.jp/0196541017/index.html", "内容": "医療法人紀耶会　岩渕歯科医院【3:歯科】岩手県盛岡市天神町９ー１５" }, "geometry": { "type": "Point", "coordinates": [ 141.164975, 39.703471 ] } },
{ "type": "Feature", "properties": { "ID": 3303300253, "正式名称": "うしぶくろ歯科医院", "機関区分": 3, "都道府県コード": 3, "市区町村コード": 201, "所在地": "岩手県盛岡市中堤町１３－４３", "緯度": 39.719123, "経度": 141.107991, "url": "https://www.iryou.teikyouseido.mhlw.go.jp/znk-web/juminkanja/S2430/initialize?prefCd=03&kikanCd=03300253&kikanKbn=3", "url2": "http://www.ushibukuro-morioka.com/", "内容": "うしぶくろ歯科医院【3:歯科】岩手県盛岡市中堤町１３－４３" }, "geometry": { "type": "Point", "coordinates": [ 141.107991, 39.719123 ] } },
{ "type": "Feature", "properties": { "ID": 3303300254, "正式名称": "内田歯科クリニック", "機関区分": 3, "都道府県コード": 3, "市区町村コード": 201, "所在地": "岩手県盛岡市大通３丁目７－２０", "緯度": 39.703429, "経度": 141.141021, "url": "https://www.iryou.teikyouseido.mhlw.go.jp/znk-web/juminkanja/S2430/initialize?prefCd=03&kikanCd=03300254&kikanKbn=3", "url2": "https://www.i-m-udc.com/", "内容": "内田歯科クリニック【3:歯科】岩手県盛岡市大通３丁目７－２０" }, "geometry": { "type": "Point", "coordinates": [ 141.141021, 39.703429 ] } },
{ "type": "Feature", "properties": { "ID": 3303300255, "正式名称": "内丸歯科クリニック", "機関区分": 3, "都道府県コード": 3, "市区町村コード": 201, "所在地": "岩手県盛岡市内丸１７ー３０　トーカンジェネラス内丸１Ｆ", "緯度": 39.704872, "経度": 141.154152, "url": "https://www.iryou.teikyouseido.mhlw.go.jp/znk-web/juminkanja/S2430/initialize?prefCd=03&kikanCd=03300255&kikanKbn=3", "url2": "http://www.u-dc.net", "内容": "内丸歯科クリニック【3:歯科】岩手県盛岡市内丸１７ー３０　トーカンジェネラス内丸１Ｆ" }, "geometry": { "type": "Point", "coordinates": [ 141.154152, 39.704872 ] } },
{ "type": "Feature", "properties": { "ID": 3303300256, "正式名称": "駅西通り　おばら歯科医院", "機関区分": 3, "都道府県コード": 3, "市区町村コード": 201, "所在地": "岩手県盛岡市盛岡駅西通１ー５ー３", "緯度": 39.703021, "経度": 141.131037, "url": "https://www.iryou.teikyouseido.mhlw.go.jp/znk-web/juminkanja/S2430/initialize?prefCd=03&kikanCd=03300256&kikanKbn=3", "url2": "http://obara-dc.com/", "内容": "駅西通り　おばら歯科医院【3:歯科】岩手県盛岡市盛岡駅西通１ー５ー３" }, "geometry": { "type": "Point", "coordinates": [ 141.131037, 39.703021 ] } },
{ "type": "Feature", "properties": { "ID": 3303300257, "正式名称": "遠藤歯科医院", "機関区分": 3, "都道府県コード": 3, "市区町村コード": 201, "所在地": "岩手県盛岡市上厨川字横長根７６ー３", "緯度": 39.706819, "経度": 141.084684, "url": "https://www.iryou.teikyouseido.mhlw.go.jp/znk-web/juminkanja/S2430/initialize?prefCd=03&kikanCd=03300257&kikanKbn=3", "url2": null, "内容": "遠藤歯科医院【3:歯科】岩手県盛岡市上厨川字横長根７６ー３" }, "geometry": { "type": "Point", "coordinates": [ 141.084684, 39.706819 ] } },
{ "type": "Feature", "properties": { "ID": 3303300258, "正式名称": "遠藤歯科クリニック", "機関区分": 3, "都道府県コード": 3, "市区町村コード": 201, "所在地": "岩手県盛岡市大沢川原３ー６ー３１　ライオンズマンション開運橋２１１号", "緯度": 39.701754, "経度": 141.141142, "url": "https://www.iryou.teikyouseido.mhlw.go.jp/znk-web/juminkanja/S2430/initialize?prefCd=03&kikanCd=03300258&kikanKbn=3", "url2": null, "内容": "遠藤歯科クリニック【3:歯科】岩手県盛岡市大沢川原３ー６ー３１　ライオンズマンション開運橋２１１号" }, "geometry": { "type": "Point", "coordinates": [ 141.141142, 39.701754 ] } },
{ "type": "Feature", "properties": { "ID": 3303300260, "正式名称": "太田歯科医院", "機関区分": 3, "都道府県コード": 3, "市区町村コード": 201, "所在地": "岩手県盛岡市上太田金財１ー３", "緯度": 39.693096, "経度": 141.08962, "url": "https://www.iryou.teikyouseido.mhlw.go.jp/znk-web/juminkanja/S2430/initialize?prefCd=03&kikanCd=03300260&kikanKbn=3", "url2": null, "内容": "太田歯科医院【3:歯科】岩手県盛岡市上太田金財１ー３" }, "geometry": { "type": "Point", "coordinates": [ 141.08962, 39.693096 ] } },
{ "type": "Feature", "properties": { "ID": 3303300261, "正式名称": "大館歯科クリニック", "機関区分": 3, "都道府県コード": 3, "市区町村コード": 201, "所在地": "岩手県盛岡市大館町２６ー５０", "緯度": 39.713037, "経度": 141.109549, "url": "https://www.iryou.teikyouseido.mhlw.go.jp/znk-web/juminkanja/S2430/initialize?prefCd=03&kikanCd=03300261&kikanKbn=3", "url2": null, "内容": "大館歯科クリニック【3:歯科】岩手県盛岡市大館町２６ー５０" }, "geometry": { "type": "Point", "coordinates": [ 141.109549, 39.713037 ] } },
{ "type": "Feature", "properties": { "ID": 3303300262, "正式名称": "小笠原歯科医院", "機関区分": 3, "都道府県コード": 3, "市区町村コード": 201, "所在地": "岩手県盛岡市清水町６－２８", "緯度": 39.696475, "経度": 141.150659, "url": "https://www.iryou.teikyouseido.mhlw.go.jp/znk-web/juminkanja/S2430/initialize?prefCd=03&kikanCd=03300262&kikanKbn=3", "url2": null, "内容": "小笠原歯科医院【3:歯科】岩手県盛岡市清水町６－２８" }, "geometry": { "type": "Point", "coordinates": [ 141.150659, 39.696475 ] } },
{ "type": "Feature", "properties": { "ID": 3303300263, "正式名称": "医療法人大樹会　小笠原歯科クリニック", "機関区分": 3, "都道府県コード": 3, "市区町村コード": 201, "所在地": "岩手県盛岡市本宮３丁目３２ー５", "緯度": 39.690257, "経度": 141.131924, "url": "https://www.iryou.teikyouseido.mhlw.go.jp/znk-web/juminkanja/S2430/initialize?prefCd=03&kikanCd=03300263&kikanKbn=3", "url2": null, "内容": "医療法人大樹会　小笠原歯科クリニック【3:歯科】岩手県盛岡市本宮３丁目３２ー５" }, "geometry": { "type": "Point", "coordinates": [ 141.131924, 39.690257 ] } },
{ "type": "Feature", "properties": { "ID": 3303300270, "正式名称": "医療法人　小川歯科医院", "機関区分": 3, "都道府県コード": 3, "市区町村コード": 201, "所在地": "岩手県盛岡市黒川９地割２０ー８", "緯度": 39.631688, "経度": 141.183704, "url": "https://www.iryou.teikyouseido.mhlw.go.jp/znk-web/juminkanja/S2430/initialize?prefCd=03&kikanCd=03300270&kikanKbn=3", "url2": "http://www.ogawadental.or.jp", "内容": "医療法人　小川歯科医院【3:歯科】岩手県盛岡市黒川９地割２０ー８" }, "geometry": { "type": "Point", "coordinates": [ 141.183704, 39.631688 ] } },
{ "type": "Feature", "properties": { "ID": 3303300271, "正式名称": "小田中歯科医院", "機関区分": 3, "都道府県コード": 3, "市区町村コード": 201, "所在地": "岩手県盛岡市湯沢西３－４－１", "緯度": 39.639439, "経度": 141.095846, "url": "https://www.iryou.teikyouseido.mhlw.go.jp/znk-web/juminkanja/S2430/initialize?prefCd=03&kikanCd=03300271&kikanKbn=3", "url2": "www.citydo.com/sp/019-637-7774", "内容": "小田中歯科医院【3:歯科】岩手県盛岡市湯沢西３－４－１" }, "geometry": { "type": "Point", "coordinates": [ 141.095846, 39.639439 ] } },
{ "type": "Feature", "properties": { "ID": 3303300272, "正式名称": "おとべ歯科クリニック", "機関区分": 3, "都道府県コード": 3, "市区町村コード": 201, "所在地": "岩手県盛岡市乙部４地割１５ー２", "緯度": 39.616867, "経度": 141.191171, "url": "https://www.iryou.teikyouseido.mhlw.go.jp/znk-web/juminkanja/S2430/initialize?prefCd=03&kikanCd=03300272&kikanKbn=3", "url2": null, "内容": "おとべ歯科クリニック【3:歯科】岩手県盛岡市乙部４地割１５ー２" }, "geometry": { "type": "Point", "coordinates": [ 141.191171, 39.616867 ] } },
{ "type": "Feature", "properties": { "ID": 3303300274, "正式名称": "小山田歯科医院", "機関区分": 3, "都道府県コード": 3, "市区町村コード": 201, "所在地": "岩手県盛岡市盛岡駅前通８番１１号　盛岡駅前ビル３Ｆ", "緯度": 39.701793, "経度": 141.137765, "url": "https://www.iryou.teikyouseido.mhlw.go.jp/znk-web/juminkanja/S2430/initialize?prefCd=03&kikanCd=03300274&kikanKbn=3", "url2": null, "内容": "小山田歯科医院【3:歯科】岩手県盛岡市盛岡駅前通８番１１号　盛岡駅前ビル３Ｆ" }, "geometry": { "type": "Point", "coordinates": [ 141.137765, 39.701793 ] } },
{ "type": "Feature", "properties": { "ID": 3303300275, "正式名称": "小山田歯科クリニック", "機関区分": 3, "都道府県コード": 3, "市区町村コード": 201, "所在地": "岩手県盛岡市南青山町３ー１", "緯度": 39.719905, "経度": 141.115985, "url": "https://www.iryou.teikyouseido.mhlw.go.jp/znk-web/juminkanja/S2430/initialize?prefCd=03&kikanCd=03300275&kikanKbn=3", "url2": null, "内容": "小山田歯科クリニック【3:歯科】岩手県盛岡市南青山町３ー１" }, "geometry": { "type": "Point", "coordinates": [ 141.115985, 39.719905 ] } },
{ "type": "Feature", "properties": { "ID": 3303300277, "正式名称": "加賀野歯科クリニック", "機関区分": 3, "都道府県コード": 3, "市区町村コード": 201, "所在地": "岩手県盛岡市加賀野３ー１ー１１", "緯度": 39.705697, "経度": 141.166654, "url": "https://www.iryou.teikyouseido.mhlw.go.jp/znk-web/juminkanja/S2430/initialize?prefCd=03&kikanCd=03300277&kikanKbn=3", "url2": null, "内容": "加賀野歯科クリニック【3:歯科】岩手県盛岡市加賀野３ー１ー１１" }, "geometry": { "type": "Point", "coordinates": [ 141.166654, 39.705697 ] } },
{ "type": "Feature", "properties": { "ID": 3303300278, "正式名称": "かまた歯科クリニック", "機関区分": 3, "都道府県コード": 3, "市区町村コード": 201, "所在地": "岩手県盛岡市山岸２－１６－１２", "緯度": 39.71485, "経度": 141.169145, "url": "https://www.iryou.teikyouseido.mhlw.go.jp/znk-web/juminkanja/S2430/initialize?prefCd=03&kikanCd=03300278&kikanKbn=3", "url2": null, "内容": "かまた歯科クリニック【3:歯科】岩手県盛岡市山岸２－１６－１２" }, "geometry": { "type": "Point", "coordinates": [ 141.169145, 39.71485 ] } },
{ "type": "Feature", "properties": { "ID": 3303300281, "正式名称": "医療法人　寛歯科クリニック", "機関区分": 3, "都道府県コード": 3, "市区町村コード": 201, "所在地": "岩手県盛岡市内丸１７ー３８　杜陵ビル２階", "緯度": 39.704489, "経度": 141.153938, "url": "https://www.iryou.teikyouseido.mhlw.go.jp/znk-web/juminkanja/S2430/initialize?prefCd=03&kikanCd=03300281&kikanKbn=3", "url2": null, "内容": "医療法人　寛歯科クリニック【3:歯科】岩手県盛岡市内丸１７ー３８　杜陵ビル２階" }, "geometry": { "type": "Point", "coordinates": [ 141.153938, 39.704489 ] } },
{ "type": "Feature", "properties": { "ID": 3303300288, "正式名称": "しまざき歯科医院", "機関区分": 3, "都道府県コード": 3, "市区町村コード": 201, "所在地": "岩手県盛岡市加賀野４ー１５ー３０", "緯度": 39.711564, "経度": 141.171298, "url": "https://www.iryou.teikyouseido.mhlw.go.jp/znk-web/juminkanja/S2430/initialize?prefCd=03&kikanCd=03300288&kikanKbn=3", "url2": "www.shimazaki-d.com", "内容": "しまざき歯科医院【3:歯科】岩手県盛岡市加賀野４ー１５ー３０" }, "geometry": { "type": "Point", "coordinates": [ 141.171298, 39.711564 ] } },
{ "type": "Feature", "properties": { "ID": 3303300289, "正式名称": "くまがい歯科クリニック", "機関区分": 3, "都道府県コード": 3, "市区町村コード": 201, "所在地": "岩手県盛岡市津志田町２ー１ー７０", "緯度": 39.66686, "経度": 141.156813, "url": "https://www.iryou.teikyouseido.mhlw.go.jp/znk-web/juminkanja/S2430/initialize?prefCd=03&kikanCd=03300289&kikanKbn=3", "url2": null, "内容": "くまがい歯科クリニック【3:歯科】岩手県盛岡市津志田町２ー１ー７０" }, "geometry": { "type": "Point", "coordinates": [ 141.156813, 39.66686 ] } },
{ "type": "Feature", "properties": { "ID": 3303300290, "正式名称": "黒石野歯科医院", "機関区分": 3, "都道府県コード": 3, "市区町村コード": 201, "所在地": "岩手県盛岡市黒石野２ー１３ー４４", "緯度": 39.741698, "経度": 141.146447, "url": "https://www.iryou.teikyouseido.mhlw.go.jp/znk-web/juminkanja/S2430/initialize?prefCd=03&kikanCd=03300290&kikanKbn=3", "url2": null, "内容": "黒石野歯科医院【3:歯科】岩手県盛岡市黒石野２ー１３ー４４" }, "geometry": { "type": "Point", "coordinates": [ 141.146447, 39.741698 ] } },
{ "type": "Feature", "properties": { "ID": 3303300291, "正式名称": "黒江歯科医院", "機関区分": 3, "都道府県コード": 3, "市区町村コード": 201, "所在地": "岩手県盛岡市若園町１０ー２", "緯度": 39.70229, "経度": 141.159554, "url": "https://www.iryou.teikyouseido.mhlw.go.jp/znk-web/juminkanja/S2430/initialize?prefCd=03&kikanCd=03300291&kikanKbn=3", "url2": null, "内容": "黒江歯科医院【3:歯科】岩手県盛岡市若園町１０ー２" }, "geometry": { "type": "Point", "coordinates": [ 141.159554, 39.70229 ] } },
{ "type": "Feature", "properties": { "ID": 3303300292, "正式名称": "くろだ歯科医院", "機関区分": 3, "都道府県コード": 3, "市区町村コード": 201, "所在地": "岩手県盛岡市三ツ割５丁目７―５", "緯度": 39.727339, "経度": 141.159712, "url": "https://www.iryou.teikyouseido.mhlw.go.jp/znk-web/juminkanja/S2430/initialize?prefCd=03&kikanCd=03300292&kikanKbn=3", "url2": null, "内容": "くろだ歯科医院【3:歯科】岩手県盛岡市三ツ割５丁目７―５" }, "geometry": { "type": "Point", "coordinates": [ 141.159712, 39.727339 ] } },
{ "type": "Feature", "properties": { "ID": 3303300293, "正式名称": "黒田歯科クリニック", "機関区分": 3, "都道府県コード": 3, "市区町村コード": 201, "所在地": "岩手県盛岡市上田一丁目５ー３８", "緯度": 39.712275, "経度": 141.146238, "url": "https://www.iryou.teikyouseido.mhlw.go.jp/znk-web/juminkanja/S2430/initialize?prefCd=03&kikanCd=03300293&kikanKbn=3", "url2": null, "内容": "黒田歯科クリニック【3:歯科】岩手県盛岡市上田一丁目５ー３８" }, "geometry": { "type": "Point", "coordinates": [ 141.146238, 39.712275 ] } },
{ "type": "Feature", "properties": { "ID": 3303300294, "正式名称": "小泉歯科医院", "機関区分": 3, "都道府県コード": 3, "市区町村コード": 201, "所在地": "岩手県盛岡市仙北３丁目１５ー２６", "緯度": 39.680843, "経度": 141.152099, "url": "https://www.iryou.teikyouseido.mhlw.go.jp/znk-web/juminkanja/S2430/initialize?prefCd=03&kikanCd=03300294&kikanKbn=3", "url2": "http://koizumisika.main.jp/", "内容": "小泉歯科医院【3:歯科】岩手県盛岡市仙北３丁目１５ー２６" }, "geometry": { "type": "Point", "coordinates": [ 141.152099, 39.680843 ] } },
{ "type": "Feature", "properties": { "ID": 3303300295, "正式名称": "国労会館歯科", "機関区分": 3, "都道府県コード": 3, "市区町村コード": 201, "所在地": "岩手県盛岡市盛岡駅前北通り４ー４　国労会館２階", "緯度": 39.704229, "経度": 141.135156, "url": "https://www.iryou.teikyouseido.mhlw.go.jp/znk-web/juminkanja/S2430/initialize?prefCd=03&kikanCd=03300295&kikanKbn=3", "url2": null, "内容": "国労会館歯科【3:歯科】岩手県盛岡市盛岡駅前北通り４ー４　国労会館２階" }, "geometry": { "type": "Point", "coordinates": [ 141.135156, 39.704229 ] } },
{ "type": "Feature", "properties": { "ID": 3303300296, "正式名称": "小林歯科医院", "機関区分": 3, "都道府県コード": 3, "市区町村コード": 201, "所在地": "岩手県盛岡市菜園２丁目７ー３３トーカンジェネラス菜園公園通り２Ｆ", "緯度": 39.701367, "経度": 141.145297, "url": "https://www.iryou.teikyouseido.mhlw.go.jp/znk-web/juminkanja/S2430/initialize?prefCd=03&kikanCd=03300296&kikanKbn=3", "url2": "http://kobayasi-shika.com/index.html", "内容": "小林歯科医院【3:歯科】岩手県盛岡市菜園２丁目７ー３３トーカンジェネラス菜園公園通り２Ｆ" }, "geometry": { "type": "Point", "coordinates": [ 141.145297, 39.701367 ] } },
{ "type": "Feature", "properties": { "ID": 3303300297, "正式名称": "小鳥沢歯科クリニック", "機関区分": 3, "都道府県コード": 3, "市区町村コード": 201, "所在地": "岩手県盛岡市小鳥沢１ー３４ー１７", "緯度": 39.764021, "経度": 141.164894, "url": "https://www.iryou.teikyouseido.mhlw.go.jp/znk-web/juminkanja/S2430/initialize?prefCd=03&kikanCd=03300297&kikanKbn=3", "url2": "http://www.kotorizawadental.com/", "内容": "小鳥沢歯科クリニック【3:歯科】岩手県盛岡市小鳥沢１ー３４ー１７" }, "geometry": { "type": "Point", "coordinates": [ 141.164894, 39.764021 ] } },
{ "type": "Feature", "properties": { "ID": 3303300299, "正式名称": "歯科口腔外科　小松デンタルオフィス", "機関区分": 3, "都道府県コード": 3, "市区町村コード": 201, "所在地": "岩手県盛岡市名須川町１７－６", "緯度": 39.710721, "経度": 141.150756, "url": "https://www.iryou.teikyouseido.mhlw.go.jp/znk-web/juminkanja/S2430/initialize?prefCd=03&kikanCd=03300299&kikanKbn=3", "url2": "http://www.jacoms.gr.jp", "内容": "歯科口腔外科　小松デンタルオフィス【3:歯科】岩手県盛岡市名須川町１７－６" }, "geometry": { "type": "Point", "coordinates": [ 141.150756, 39.710721 ] } },
{ "type": "Feature", "properties": { "ID": 3303300300, "正式名称": "ざいもくちょう歯科", "機関区分": 3, "都道府県コード": 3, "市区町村コード": 201, "所在地": "岩手県盛岡市材木町９ー１", "緯度": 39.707776, "経度": 141.136862, "url": "https://www.iryou.teikyouseido.mhlw.go.jp/znk-web/juminkanja/S2430/initialize?prefCd=03&kikanCd=03300300&kikanKbn=3", "url2": "https://zmt-dc.com/", "内容": "ざいもくちょう歯科【3:歯科】岩手県盛岡市材木町９ー１" }, "geometry": { "type": "Point", "coordinates": [ 141.136862, 39.707776 ] } },
{ "type": "Feature", "properties": { "ID": 3303300301, "正式名称": "近藤歯科クリニック", "機関区分": 3, "都道府県コード": 3, "市区町村コード": 201, "所在地": "岩手県盛岡市永井２２地割４２ー２", "緯度": 39.653958, "経度": 141.155626, "url": "https://www.iryou.teikyouseido.mhlw.go.jp/znk-web/juminkanja/S2430/initialize?prefCd=03&kikanCd=03300301&kikanKbn=3", "url2": null, "内容": "近藤歯科クリニック【3:歯科】岩手県盛岡市永井２２地割４２ー２" }, "geometry": { "type": "Point", "coordinates": [ 141.155626, 39.653958 ] } },
{ "type": "Feature", "properties": { "ID": 3303300302, "正式名称": "医療法人　菜園矯正歯科クリニック", "機関区分": 3, "都道府県コード": 3, "市区町村コード": 201, "所在地": "岩手県盛岡市開運橋通", "緯度": 39.701191, "経度": 141.142924, "url": "https://www.iryou.teikyouseido.mhlw.go.jp/znk-web/juminkanja/S2430/initialize?prefCd=03&kikanCd=03300302&kikanKbn=3", "url2": "http://www.saienkyousei.com", "内容": "医療法人　菜園矯正歯科クリニック【3:歯科】岩手県盛岡市開運橋通" }, "geometry": { "type": "Point", "coordinates": [ 141.142924, 39.701191 ] } },
{ "type": "Feature", "properties": { "ID": 3303300303, "正式名称": "西郷歯科医院", "機関区分": 3, "都道府県コード": 3, "市区町村コード": 201, "所在地": "岩手県盛岡市西見前１４地割８３", "緯度": 39.641617, "経度": 141.166801, "url": "https://www.iryou.teikyouseido.mhlw.go.jp/znk-web/juminkanja/S2430/initialize?prefCd=03&kikanCd=03300303&kikanKbn=3", "url2": "http://www.nnet.ne.jp/315", "内容": "西郷歯科医院【3:歯科】岩手県盛岡市西見前１４地割８３" }, "geometry": { "type": "Point", "coordinates": [ 141.166801, 39.641617 ] } },
{ "type": "Feature", "properties": { "ID": 3303300304, "正式名称": "みきデンタルクリニック", "機関区分": 3, "都道府県コード": 3, "市区町村コード": 201, "所在地": "岩手県盛岡市中央通一丁目１１ー１６", "緯度": 39.704351, "経度": 141.147443, "url": "https://www.iryou.teikyouseido.mhlw.go.jp/znk-web/juminkanja/S2430/initialize?prefCd=03&kikanCd=03300304&kikanKbn=3", "url2": "http://www.mikidental.com/", "内容": "みきデンタルクリニック【3:歯科】岩手県盛岡市中央通一丁目１１ー１６" }, "geometry": { "type": "Point", "coordinates": [ 141.147443, 39.704351 ] } },
{ "type": "Feature", "properties": { "ID": 3303300305, "正式名称": "西郷歯科医院", "機関区分": 3, "都道府県コード": 3, "市区町村コード": 201, "所在地": "岩手県盛岡市高松１－１３－１５", "緯度": 39.72268, "経度": 141.139233, "url": "https://www.iryou.teikyouseido.mhlw.go.jp/znk-web/juminkanja/S2430/initialize?prefCd=03&kikanCd=03300305&kikanKbn=3", "url2": "http://www.saigo-dc.com/", "内容": "西郷歯科医院【3:歯科】岩手県盛岡市高松１－１３－１５" }, "geometry": { "type": "Point", "coordinates": [ 141.139233, 39.72268 ] } },
{ "type": "Feature", "properties": { "ID": 3303300307, "正式名称": "さいとう歯科医院", "機関区分": 3, "都道府県コード": 3, "市区町村コード": 201, "所在地": "岩手県盛岡市厨川１ー５ー１", "緯度": 39.741588, "経度": 141.128904, "url": "https://www.iryou.teikyouseido.mhlw.go.jp/znk-web/juminkanja/S2430/initialize?prefCd=03&kikanCd=03300307&kikanKbn=3", "url2": null, "内容": "さいとう歯科医院【3:歯科】岩手県盛岡市厨川１ー５ー１" }, "geometry": { "type": "Point", "coordinates": [ 141.128904, 39.741588 ] } },
{ "type": "Feature", "properties": { "ID": 3303300310, "正式名称": "ささき歯科医院", "機関区分": 3, "都道府県コード": 3, "市区町村コード": 201, "所在地": "岩手県盛岡市三本柳３地割１２－７", "緯度": 39.664386, "経度": 141.160826, "url": "https://www.iryou.teikyouseido.mhlw.go.jp/znk-web/juminkanja/S2430/initialize?prefCd=03&kikanCd=03300310&kikanKbn=3", "url2": "www.sasakidental-office.e-doctor.info/", "内容": "ささき歯科医院【3:歯科】岩手県盛岡市三本柳３地割１２－７" }, "geometry": { "type": "Point", "coordinates": [ 141.160826, 39.664386 ] } },
{ "type": "Feature", "properties": { "ID": 3303300311, "正式名称": "医療法人大志会　さとう歯科クリニック", "機関区分": 3, "都道府県コード": 3, "市区町村コード": 201, "所在地": "岩手県盛岡市永井２０地割１ー９１", "緯度": 39.653895, "経度": 141.148788, "url": "https://www.iryou.teikyouseido.mhlw.go.jp/znk-web/juminkanja/S2430/initialize?prefCd=03&kikanCd=03300311&kikanKbn=3", "url2": null, "内容": "医療法人大志会　さとう歯科クリニック【3:歯科】岩手県盛岡市永井２０地割１ー９１" }, "geometry": { "type": "Point", "coordinates": [ 141.148788, 39.653895 ] } },
{ "type": "Feature", "properties": { "ID": 3303300313, "正式名称": "佐藤たもつ歯科医院", "機関区分": 3, "都道府県コード": 3, "市区町村コード": 201, "所在地": "岩手県盛岡市本宮１丁目２４ー３", "緯度": 39.686788, "経度": 141.14326, "url": "https://www.iryou.teikyouseido.mhlw.go.jp/znk-web/juminkanja/S2430/initialize?prefCd=03&kikanCd=03300313&kikanKbn=3", "url2": null, "内容": "佐藤たもつ歯科医院【3:歯科】岩手県盛岡市本宮１丁目２４ー３" }, "geometry": { "type": "Point", "coordinates": [ 141.14326, 39.686788 ] } },
{ "type": "Feature", "properties": { "ID": 3303300314, "正式名称": "医療法人白翆会　佐藤誠歯科医院", "機関区分": 3, "都道府県コード": 3, "市区町村コード": 201, "所在地": "岩手県盛岡市西青山２丁目１９ー３１", "緯度": 39.729165, "経度": 141.107268, "url": "https://www.iryou.teikyouseido.mhlw.go.jp/znk-web/juminkanja/S2430/initialize?prefCd=03&kikanCd=03300314&kikanKbn=3", "url2": "http://www.implant-iwate.jp/", "内容": "医療法人白翆会　佐藤誠歯科医院【3:歯科】岩手県盛岡市西青山２丁目１９ー３１" }, "geometry": { "type": "Point", "coordinates": [ 141.107268, 39.729165 ] } },
{ "type": "Feature", "properties": { "ID": 3303300315, "正式名称": "三條矯正歯科", "機関区分": 3, "都道府県コード": 3, "市区町村コード": 201, "所在地": "岩手県盛岡市本町通二丁目４ー３２", "緯度": 39.707385, "経度": 141.151832, "url": "https://www.iryou.teikyouseido.mhlw.go.jp/znk-web/juminkanja/S2430/initialize?prefCd=03&kikanCd=03300315&kikanKbn=3", "url2": "http://www.keigisan.com/", "内容": "三條矯正歯科【3:歯科】岩手県盛岡市本町通二丁目４ー３２" }, "geometry": { "type": "Point", "coordinates": [ 141.151832, 39.707385 ] } },
{ "type": "Feature", "properties": { "ID": 3303300316, "正式名称": "サンタウン歯科クリニック", "機関区分": 3, "都道府県コード": 3, "市区町村コード": 201, "所在地": "岩手県盛岡市北松園二丁目１４ー２", "緯度": 39.761352, "経度": 141.173338, "url": "https://www.iryou.teikyouseido.mhlw.go.jp/znk-web/juminkanja/S2430/initialize?prefCd=03&kikanCd=03300316&kikanKbn=3", "url2": null, "内容": "サンタウン歯科クリニック【3:歯科】岩手県盛岡市北松園二丁目１４ー２" }, "geometry": { "type": "Point", "coordinates": [ 141.173338, 39.761352 ] } },
{ "type": "Feature", "properties": { "ID": 3303300318, "正式名称": "柴田歯科医院", "機関区分": 3, "都道府県コード": 3, "市区町村コード": 201, "所在地": "岩手県盛岡市肴町５ー５", "緯度": 39.69896, "経度": 141.155238, "url": "https://www.iryou.teikyouseido.mhlw.go.jp/znk-web/juminkanja/S2430/initialize?prefCd=03&kikanCd=03300318&kikanKbn=3", "url2": null, "内容": "柴田歯科医院【3:歯科】岩手県盛岡市肴町５ー５" }, "geometry": { "type": "Point", "coordinates": [ 141.155238, 39.69896 ] } },
{ "type": "Feature", "properties": { "ID": 3303300320, "正式名称": "医療法人広仁会　城西歯科クリニック", "機関区分": 3, "都道府県コード": 3, "市区町村コード": 201, "所在地": "岩手県盛岡市城西町７ー３５", "緯度": 39.703313, "経度": 141.12649, "url": "https://www.iryou.teikyouseido.mhlw.go.jp/znk-web/juminkanja/S2430/initialize?prefCd=03&kikanCd=03300320&kikanKbn=3", "url2": "http://www.jouseisika.com/", "内容": "医療法人広仁会　城西歯科クリニック【3:歯科】岩手県盛岡市城西町７ー３５" }, "geometry": { "type": "Point", "coordinates": [ 141.12649, 39.703313 ] } },
{ "type": "Feature", "properties": { "ID": 3303300321, "正式名称": "白石歯科クリニック", "機関区分": 3, "都道府県コード": 3, "市区町村コード": 201, "所在地": "岩手県盛岡市下飯岡１１ー１２６ー１", "緯度": 39.667774, "経度": 141.126518, "url": "https://www.iryou.teikyouseido.mhlw.go.jp/znk-web/juminkanja/S2430/initialize?prefCd=03&kikanCd=03300321&kikanKbn=3", "url2": null, "内容": "白石歯科クリニック【3:歯科】岩手県盛岡市下飯岡１１ー１２６ー１" }, "geometry": { "type": "Point", "coordinates": [ 141.126518, 39.667774 ] } },
{ "type": "Feature", "properties": { "ID": 3303300322, "正式名称": "白倉歯科医院", "機関区分": 3, "都道府県コード": 3, "市区町村コード": 201, "所在地": "岩手県盛岡市仙北三丁目１４番５７号", "緯度": 39.680244, "経度": 141.152377, "url": "https://www.iryou.teikyouseido.mhlw.go.jp/znk-web/juminkanja/S2430/initialize?prefCd=03&kikanCd=03300322&kikanKbn=3", "url2": "http://itp.ne.jp/info/035444637121031770/", "内容": "白倉歯科医院【3:歯科】岩手県盛岡市仙北三丁目１４番５７号" }, "geometry": { "type": "Point", "coordinates": [ 141.152377, 39.680244 ] } },
{ "type": "Feature", "properties": { "ID": 3303300326, "正式名称": "鈴木歯科クリニック", "機関区分": 3, "都道府県コード": 3, "市区町村コード": 201, "所在地": "岩手県盛岡市中央通３－７－１", "緯度": 39.706329, "経度": 141.143906, "url": "https://www.iryou.teikyouseido.mhlw.go.jp/znk-web/juminkanja/S2430/initialize?prefCd=03&kikanCd=03300326&kikanKbn=3", "url2": null, "内容": "鈴木歯科クリニック【3:歯科】岩手県盛岡市中央通３－７－１" }, "geometry": { "type": "Point", "coordinates": [ 141.143906, 39.706329 ] } },
{ "type": "Feature", "properties": { "ID": 3303300327, "正式名称": "鈴木歯科診療室", "機関区分": 3, "都道府県コード": 3, "市区町村コード": 201, "所在地": "岩手県盛岡市前九年２ー１０ー３９", "緯度": 39.715686, "経度": 141.125013, "url": "https://www.iryou.teikyouseido.mhlw.go.jp/znk-web/juminkanja/S2430/initialize?prefCd=03&kikanCd=03300327&kikanKbn=3", "url2": "http://suzukishika.com", "内容": "鈴木歯科診療室【3:歯科】岩手県盛岡市前九年２ー１０ー３９" }, "geometry": { "type": "Point", "coordinates": [ 141.125013, 39.715686 ] } },
{ "type": "Feature", "properties": { "ID": 3303300328, "正式名称": "瀬川歯科医院", "機関区分": 3, "都道府県コード": 3, "市区町村コード": 201, "所在地": "岩手県盛岡市志家町９ー１２", "緯度": 39.700149, "経度": 141.16283, "url": "https://www.iryou.teikyouseido.mhlw.go.jp/znk-web/juminkanja/S2430/initialize?prefCd=03&kikanCd=03300328&kikanKbn=3", "url2": null, "内容": "瀬川歯科医院【3:歯科】岩手県盛岡市志家町９ー１２" }, "geometry": { "type": "Point", "coordinates": [ 141.16283, 39.700149 ] } },
{ "type": "Feature", "properties": { "ID": 3303300329, "正式名称": "関歯科・口腔医療クリニック", "機関区分": 3, "都道府県コード": 3, "市区町村コード": 201, "所在地": "岩手県盛岡市中央通３丁目１４番２９号", "緯度": 39.705369, "経度": 141.141321, "url": "https://www.iryou.teikyouseido.mhlw.go.jp/znk-web/juminkanja/S2430/initialize?prefCd=03&kikanCd=03300329&kikanKbn=3", "url2": "http://sekident.ftw.jp/", "内容": "関歯科・口腔医療クリニック【3:歯科】岩手県盛岡市中央通３丁目１４番２９号" }, "geometry": { "type": "Point", "coordinates": [ 141.141321, 39.705369 ] } },
{ "type": "Feature", "properties": { "ID": 3303300330, "正式名称": "攝待歯科医院", "機関区分": 3, "都道府県コード": 3, "市区町村コード": 201, "所在地": "岩手県盛岡市東松園３ー２８ー１", "緯度": 39.758343, "経度": 141.166561, "url": "https://www.iryou.teikyouseido.mhlw.go.jp/znk-web/juminkanja/S2430/initialize?prefCd=03&kikanCd=03300330&kikanKbn=3", "url2": null, "内容": "攝待歯科医院【3:歯科】岩手県盛岡市東松園３ー２８ー１" }, "geometry": { "type": "Point", "coordinates": [ 141.166561, 39.758343 ] } },
{ "type": "Feature", "properties": { "ID": 3303300332, "正式名称": "外川歯科医院", "機関区分": 3, "都道府県コード": 3, "市区町村コード": 201, "所在地": "岩手県盛岡市山岸１丁目２ー４６", "緯度": 39.71194, "経度": 141.164916, "url": "https://www.iryou.teikyouseido.mhlw.go.jp/znk-web/juminkanja/S2430/initialize?prefCd=03&kikanCd=03300332&kikanKbn=3", "url2": "https://curly-moji-5366.capoo.jp/", "内容": "外川歯科医院【3:歯科】岩手県盛岡市山岸１丁目２ー４６" }, "geometry": { "type": "Point", "coordinates": [ 141.164916, 39.71194 ] } },
{ "type": "Feature", "properties": { "ID": 3303300333, "正式名称": "医療法人　だいこく歯科医院", "機関区分": 3, "都道府県コード": 3, "市区町村コード": 201, "所在地": "岩手県盛岡市仙北３丁目１１ー４", "緯度": 39.68417, "経度": 141.150785, "url": "https://www.iryou.teikyouseido.mhlw.go.jp/znk-web/juminkanja/S2430/initialize?prefCd=03&kikanCd=03300333&kikanKbn=3", "url2": "http://www.daikoku-dental.com", "内容": "医療法人　だいこく歯科医院【3:歯科】岩手県盛岡市仙北３丁目１１ー４" }, "geometry": { "type": "Point", "coordinates": [ 141.150785, 39.68417 ] } },
{ "type": "Feature", "properties": { "ID": 3303300334, "正式名称": "たかはし歯科医院", "機関区分": 3, "都道府県コード": 3, "市区町村コード": 201, "所在地": "岩手県盛岡市月が丘１丁目２７ー４５　エンジェルビル３　１Ｆ", "緯度": 39.733831, "経度": 141.112534, "url": "https://www.iryou.teikyouseido.mhlw.go.jp/znk-web/juminkanja/S2430/initialize?prefCd=03&kikanCd=03300334&kikanKbn=3", "url2": null, "内容": "たかはし歯科医院【3:歯科】岩手県盛岡市月が丘１丁目２７ー４５　エンジェルビル３　１Ｆ" }, "geometry": { "type": "Point", "coordinates": [ 141.112534, 39.733831 ] } },
{ "type": "Feature", "properties": { "ID": 3303300335, "正式名称": "高橋衛歯科医院", "機関区分": 3, "都道府県コード": 3, "市区町村コード": 201, "所在地": "岩手県盛岡市北天昌寺町７ー１０", "緯度": 39.711503, "経度": 141.118181, "url": "https://www.iryou.teikyouseido.mhlw.go.jp/znk-web/juminkanja/S2430/initialize?prefCd=03&kikanCd=03300335&kikanKbn=3", "url2": "http://www.mamoru-shika.com/", "内容": "高橋衛歯科医院【3:歯科】岩手県盛岡市北天昌寺町７ー１０" }, "geometry": { "type": "Point", "coordinates": [ 141.118181, 39.711503 ] } },
{ "type": "Feature", "properties": { "ID": 3303300336, "正式名称": "医療法人　高橋歯科医院", "機関区分": 3, "都道府県コード": 3, "市区町村コード": 201, "所在地": "岩手県盛岡市大通１丁目２番１号　岩手県産業会館別館２階", "緯度": 39.702197, "経度": 141.149681, "url": "https://www.iryou.teikyouseido.mhlw.go.jp/znk-web/juminkanja/S2430/initialize?prefCd=03&kikanCd=03300336&kikanKbn=3", "url2": "http://www.t--dc.com", "内容": "医療法人　高橋歯科医院【3:歯科】岩手県盛岡市大通１丁目２番１号　岩手県産業会館別館２階" }, "geometry": { "type": "Point", "coordinates": [ 141.149681, 39.702197 ] } },
{ "type": "Feature", "properties": { "ID": 3303300337, "正式名称": "高山歯科医院", "機関区分": 3, "都道府県コード": 3, "市区町村コード": 201, "所在地": "岩手県盛岡市茶畑１丁目１番地６号　グリーンビレッジ盛岡Ｃ棟２階", "緯度": 39.69411, "経度": 141.161418, "url": "https://www.iryou.teikyouseido.mhlw.go.jp/znk-web/juminkanja/S2430/initialize?prefCd=03&kikanCd=03300337&kikanKbn=3", "url2": null, "内容": "高山歯科医院【3:歯科】岩手県盛岡市茶畑１丁目１番地６号　グリーンビレッジ盛岡Ｃ棟２階" }, "geometry": { "type": "Point", "coordinates": [ 141.161418, 39.69411 ] } },
{ "type": "Feature", "properties": { "ID": 3303300341, "正式名称": "医療法人　尽誠会　田中歯科医院", "機関区分": 3, "都道府県コード": 3, "市区町村コード": 201, "所在地": "岩手県盛岡市上堂１丁目１６番２７号", "緯度": 39.724922, "経度": 141.12046, "url": "https://www.iryou.teikyouseido.mhlw.go.jp/znk-web/juminkanja/S2430/initialize?prefCd=03&kikanCd=03300341&kikanKbn=3", "url2": "http://www.tanaka-dc.jp", "内容": "医療法人　尽誠会　田中歯科医院【3:歯科】岩手県盛岡市上堂１丁目１６番２７号" }, "geometry": { "type": "Point", "coordinates": [ 141.12046, 39.724922 ] } },
{ "type": "Feature", "properties": { "ID": 3303300342, "正式名称": "千葉歯科", "機関区分": 3, "都道府県コード": 3, "市区町村コード": 201, "所在地": "岩手県盛岡市盛岡駅前北通２ー２５", "緯度": 39.704588, "経度": 141.136762, "url": "https://www.iryou.teikyouseido.mhlw.go.jp/znk-web/juminkanja/S2430/initialize?prefCd=03&kikanCd=03300342&kikanKbn=3", "url2": "chiba-shika.jp", "内容": "千葉歯科【3:歯科】岩手県盛岡市盛岡駅前北通２ー２５" }, "geometry": { "type": "Point", "coordinates": [ 141.136762, 39.704588 ] } },
{ "type": "Feature", "properties": { "ID": 3303300343, "正式名称": "茶畑歯科医院", "機関区分": 3, "都道府県コード": 3, "市区町村コード": 201, "所在地": "岩手県盛岡市茶畑１ー８ー１８", "緯度": 39.695559, "経度": 141.166444, "url": "https://www.iryou.teikyouseido.mhlw.go.jp/znk-web/juminkanja/S2430/initialize?prefCd=03&kikanCd=03300343&kikanKbn=3", "url2": "http://www.chabatake-d.com", "内容": "茶畑歯科医院【3:歯科】岩手県盛岡市茶畑１ー８ー１８" }, "geometry": { "type": "Point", "coordinates": [ 141.166444, 39.695559 ] } },
{ "type": "Feature", "properties": { "ID": 3303300344, "正式名称": "手代森歯科クリニック", "機関区分": 3, "都道府県コード": 3, "市区町村コード": 201, "所在地": "岩手県盛岡市手代森７地割７８ー４", "緯度": 39.658184, "経度": 141.180522, "url": "https://www.iryou.teikyouseido.mhlw.go.jp/znk-web/juminkanja/S2430/initialize?prefCd=03&kikanCd=03300344&kikanKbn=3", "url2": "http://www.teshiromori-dental.com/", "内容": "手代森歯科クリニック【3:歯科】岩手県盛岡市手代森７地割７８ー４" }, "geometry": { "type": "Point", "coordinates": [ 141.180522, 39.658184 ] } },
{ "type": "Feature", "properties": { "ID": 3303300348, "正式名称": "どいじり歯科医院", "機関区分": 3, "都道府県コード": 3, "市区町村コード": 201, "所在地": "岩手県盛岡市本宮５－９－１７", "緯度": 39.689221, "経度": 141.119041, "url": "https://www.iryou.teikyouseido.mhlw.go.jp/znk-web/juminkanja/S2430/initialize?prefCd=03&kikanCd=03300348&kikanKbn=3", "url2": "doijiri-dental.com", "内容": "どいじり歯科医院【3:歯科】岩手県盛岡市本宮５－９－１７" }, "geometry": { "type": "Point", "coordinates": [ 141.119041, 39.689221 ] } },
{ "type": "Feature", "properties": { "ID": 3303300349, "正式名称": "医療法人　トシ歯科医院", "機関区分": 3, "都道府県コード": 3, "市区町村コード": 201, "所在地": "岩手県盛岡市みたけ三丁目２７ー１５", "緯度": 39.739933, "経度": 141.115953, "url": "https://www.iryou.teikyouseido.mhlw.go.jp/znk-web/juminkanja/S2430/initialize?prefCd=03&kikanCd=03300349&kikanKbn=3", "url2": "http://www9.plala.or.jp/toshi-dental/", "内容": "医療法人　トシ歯科医院【3:歯科】岩手県盛岡市みたけ三丁目２７ー１５" }, "geometry": { "type": "Point", "coordinates": [ 141.115953, 39.739933 ] } },
{ "type": "Feature", "properties": { "ID": 3303300350, "正式名称": "栃内歯科医院", "機関区分": 3, "都道府県コード": 3, "市区町村コード": 201, "所在地": "岩手県盛岡市神明町１０ー３５", "緯度": 39.699362, "経度": 141.159052, "url": "https://www.iryou.teikyouseido.mhlw.go.jp/znk-web/juminkanja/S2430/initialize?prefCd=03&kikanCd=03300350&kikanKbn=3", "url2": "https://www.tochinai-dental.com/", "内容": "栃内歯科医院【3:歯科】岩手県盛岡市神明町１０ー３５" }, "geometry": { "type": "Point", "coordinates": [ 141.159052, 39.699362 ] } },
{ "type": "Feature", "properties": { "ID": 3303300351, "正式名称": "盛岡となん歯科・こども矯正歯科", "機関区分": 3, "都道府県コード": 3, "市区町村コード": 201, "所在地": "岩手県盛岡市三本柳７地割１３－８", "緯度": 39.659879, "経度": 141.164289, "url": "https://www.iryou.teikyouseido.mhlw.go.jp/znk-web/juminkanja/S2430/initialize?prefCd=03&kikanCd=03300351&kikanKbn=3", "url2": "https://www.tonandc.com", "内容": "盛岡となん歯科・こども矯正歯科【3:歯科】岩手県盛岡市三本柳７地割１３－８" }, "geometry": { "type": "Point", "coordinates": [ 141.164289, 39.659879 ] } },
{ "type": "Feature", "properties": { "ID": 3303300352, "正式名称": "医療法人　なかの矯正歯科", "機関区分": 3, "都道府県コード": 3, "市区町村コード": 201, "所在地": "岩手県盛岡市加賀野二丁目８ー２４", "緯度": 39.706779, "経度": 141.166665, "url": "https://www.iryou.teikyouseido.mhlw.go.jp/znk-web/juminkanja/S2430/initialize?prefCd=03&kikanCd=03300352&kikanKbn=3", "url2": "http://www.nakano-123.com", "内容": "医療法人　なかの矯正歯科【3:歯科】岩手県盛岡市加賀野二丁目８ー２４" }, "geometry": { "type": "Point", "coordinates": [ 141.166665, 39.706779 ] } },
{ "type": "Feature", "properties": { "ID": 3303300353, "正式名称": "中野歯科クリニック", "機関区分": 3, "都道府県コード": 3, "市区町村コード": 201, "所在地": "岩手県盛岡市中野１－１７－１", "緯度": 39.694004, "経度": 141.169958, "url": "https://www.iryou.teikyouseido.mhlw.go.jp/znk-web/juminkanja/S2430/initialize?prefCd=03&kikanCd=03300353&kikanKbn=3", "url2": "http://www.nakano-dental.jp", "内容": "中野歯科クリニック【3:歯科】岩手県盛岡市中野１－１７－１" }, "geometry": { "type": "Point", "coordinates": [ 141.169958, 39.694004 ] } },
{ "type": "Feature", "properties": { "ID": 3303300354, "正式名称": "ながはま歯科医院", "機関区分": 3, "都道府県コード": 3, "市区町村コード": 201, "所在地": "岩手県盛岡市長田町２１ー４３", "緯度": 39.70967, "経度": 141.142304, "url": "https://www.iryou.teikyouseido.mhlw.go.jp/znk-web/juminkanja/S2430/initialize?prefCd=03&kikanCd=03300354&kikanKbn=3", "url2": null, "内容": "ながはま歯科医院【3:歯科】岩手県盛岡市長田町２１ー４３" }, "geometry": { "type": "Point", "coordinates": [ 141.142304, 39.70967 ] } },
{ "type": "Feature", "properties": { "ID": 3303300355, "正式名称": "中村歯科医院", "機関区分": 3, "都道府県コード": 3, "市区町村コード": 201, "所在地": "岩手県盛岡市仙北二丁目１０ー７", "緯度": 39.688683, "経度": 141.150615, "url": "https://www.iryou.teikyouseido.mhlw.go.jp/znk-web/juminkanja/S2430/initialize?prefCd=03&kikanCd=03300355&kikanKbn=3", "url2": null, "内容": "中村歯科医院【3:歯科】岩手県盛岡市仙北二丁目１０ー７" }, "geometry": { "type": "Point", "coordinates": [ 141.150615, 39.688683 ] } },
{ "type": "Feature", "properties": { "ID": 3303300357, "正式名称": "なごみ　矯正・デンタルクリニック", "機関区分": 3, "都道府県コード": 3, "市区町村コード": 201, "所在地": "岩手県盛岡市前潟４ー７ー１　イオンモール盛岡１Ｆ", "緯度": 39.712096, "経度": 141.098945, "url": "https://www.iryou.teikyouseido.mhlw.go.jp/znk-web/juminkanja/S2430/initialize?prefCd=03&kikanCd=03300357&kikanKbn=3", "url2": "https://nagomi-dentalclinic.jp/", "内容": "なごみ　矯正・デンタルクリニック【3:歯科】岩手県盛岡市前潟４ー７ー１　イオンモール盛岡１Ｆ" }, "geometry": { "type": "Point", "coordinates": [ 141.098945, 39.712096 ] } },
{ "type": "Feature", "properties": { "ID": 3303300358, "正式名称": "野手歯科医院", "機関区分": 3, "都道府県コード": 3, "市区町村コード": 201, "所在地": "岩手県盛岡市みたけ６－１－１１", "緯度": 39.743369, "経度": 141.115054, "url": "https://www.iryou.teikyouseido.mhlw.go.jp/znk-web/juminkanja/S2430/initialize?prefCd=03&kikanCd=03300358&kikanKbn=3", "url2": null, "内容": "野手歯科医院【3:歯科】岩手県盛岡市みたけ６－１－１１" }, "geometry": { "type": "Point", "coordinates": [ 141.115054, 39.743369 ] } },
{ "type": "Feature", "properties": { "ID": 3303300359, "正式名称": "のむら歯科医院", "機関区分": 3, "都道府県コード": 3, "市区町村コード": 201, "所在地": "岩手県盛岡市手代森１４－１６－２９", "緯度": 39.651831, "経度": 141.184731, "url": "https://www.iryou.teikyouseido.mhlw.go.jp/znk-web/juminkanja/S2430/initialize?prefCd=03&kikanCd=03300359&kikanKbn=3", "url2": "http://nomuradc.jimdo.com/", "内容": "のむら歯科医院【3:歯科】岩手県盛岡市手代森１４－１６－２９" }, "geometry": { "type": "Point", "coordinates": [ 141.184731, 39.651831 ] } },
{ "type": "Feature", "properties": { "ID": 3303300360, "正式名称": "はぎわら歯科クリニック", "機関区分": 3, "都道府県コード": 3, "市区町村コード": 201, "所在地": "岩手県盛岡市新田町１０番７号", "緯度": 39.705971, "経度": 141.129703, "url": "https://www.iryou.teikyouseido.mhlw.go.jp/znk-web/juminkanja/S2430/initialize?prefCd=03&kikanCd=03300360&kikanKbn=3", "url2": null, "内容": "はぎわら歯科クリニック【3:歯科】岩手県盛岡市新田町１０番７号" }, "geometry": { "type": "Point", "coordinates": [ 141.129703, 39.705971 ] } },
{ "type": "Feature", "properties": { "ID": 3303300361, "正式名称": "橋浦歯科診療所", "機関区分": 3, "都道府県コード": 3, "市区町村コード": 201, "所在地": "岩手県盛岡市西松園１－３－８", "緯度": 39.749678, "経度": 141.157327, "url": "https://www.iryou.teikyouseido.mhlw.go.jp/znk-web/juminkanja/S2430/initialize?prefCd=03&kikanCd=03300361&kikanKbn=3", "url2": null, "内容": "橋浦歯科診療所【3:歯科】岩手県盛岡市西松園１－３－８" }, "geometry": { "type": "Point", "coordinates": [ 141.157327, 39.749678 ] } },
{ "type": "Feature", "properties": { "ID": 3303300362, "正式名称": "はしば歯科医院", "機関区分": 3, "都道府県コード": 3, "市区町村コード": 201, "所在地": "岩手県盛岡市山岸４丁目１０ー３１", "緯度": 39.720345, "経度": 141.172008, "url": "https://www.iryou.teikyouseido.mhlw.go.jp/znk-web/juminkanja/S2430/initialize?prefCd=03&kikanCd=03300362&kikanKbn=3", "url2": "http://www.hashiba7171.com", "内容": "はしば歯科医院【3:歯科】岩手県盛岡市山岸４丁目１０ー３１" }, "geometry": { "type": "Point", "coordinates": [ 141.172008, 39.720345 ] } },
{ "type": "Feature", "properties": { "ID": 3303300363, "正式名称": "ふじさわ歯科クリニック", "機関区分": 3, "都道府県コード": 3, "市区町村コード": 201, "所在地": "岩手県盛岡市みたけ４－２４－３５", "緯度": 39.744105, "経度": 141.123184, "url": "https://www.iryou.teikyouseido.mhlw.go.jp/znk-web/juminkanja/S2430/initialize?prefCd=03&kikanCd=03300363&kikanKbn=3", "url2": null, "内容": "ふじさわ歯科クリニック【3:歯科】岩手県盛岡市みたけ４－２４－３５" }, "geometry": { "type": "Point", "coordinates": [ 141.123184, 39.744105 ] } },
{ "type": "Feature", "properties": { "ID": 3303300364, "正式名称": "ふじむら歯科医院", "機関区分": 3, "都道府県コード": 3, "市区町村コード": 201, "所在地": "岩手県盛岡市肴町３番３０号　パークハイツ中津川１０２", "緯度": 39.698899, "経度": 141.153559, "url": "https://www.iryou.teikyouseido.mhlw.go.jp/znk-web/juminkanja/S2430/initialize?prefCd=03&kikanCd=03300364&kikanKbn=3", "url2": "http://fujident.exblog.jp/", "内容": "ふじむら歯科医院【3:歯科】岩手県盛岡市肴町３番３０号　パークハイツ中津川１０２" }, "geometry": { "type": "Point", "coordinates": [ 141.153559, 39.698899 ] } },
{ "type": "Feature", "properties": { "ID": 3303300366, "正式名称": "細川歯科医院", "機関区分": 3, "都道府県コード": 3, "市区町村コード": 201, "所在地": "岩手県盛岡市三ツ割２丁目１ー１２", "緯度": 39.717463, "経度": 141.154687, "url": "https://www.iryou.teikyouseido.mhlw.go.jp/znk-web/juminkanja/S2430/initialize?prefCd=03&kikanCd=03300366&kikanKbn=3", "url2": null, "内容": "細川歯科医院【3:歯科】岩手県盛岡市三ツ割２丁目１ー１２" }, "geometry": { "type": "Point", "coordinates": [ 141.154687, 39.717463 ] } },
{ "type": "Feature", "properties": { "ID": 3303300369, "正式名称": "前川歯科医院", "機関区分": 3, "都道府県コード": 3, "市区町村コード": 201, "所在地": "岩手県盛岡市西青山一丁目１６番１７号", "緯度": 39.724499, "経度": 141.110009, "url": "https://www.iryou.teikyouseido.mhlw.go.jp/znk-web/juminkanja/S2430/initialize?prefCd=03&kikanCd=03300369&kikanKbn=3", "url2": null, "内容": "前川歯科医院【3:歯科】岩手県盛岡市西青山一丁目１６番１７号" }, "geometry": { "type": "Point", "coordinates": [ 141.110009, 39.724499 ] } },
{ "type": "Feature", "properties": { "ID": 3303300370, "正式名称": "前川歯科クリニック", "機関区分": 3, "都道府県コード": 3, "市区町村コード": 201, "所在地": "岩手県盛岡市新田町９ー１５　第３甚ビル", "緯度": 39.705966, "経度": 141.127905, "url": "https://www.iryou.teikyouseido.mhlw.go.jp/znk-web/juminkanja/S2430/initialize?prefCd=03&kikanCd=03300370&kikanKbn=3", "url2": null, "内容": "前川歯科クリニック【3:歯科】岩手県盛岡市新田町９ー１５　第３甚ビル" }, "geometry": { "type": "Point", "coordinates": [ 141.127905, 39.705966 ] } },
{ "type": "Feature", "properties": { "ID": 3303300371, "正式名称": "前田歯科医院", "機関区分": 3, "都道府県コード": 3, "市区町村コード": 201, "所在地": "岩手県盛岡市青山４丁目３０ー１", "緯度": 39.730004, "経度": 141.114089, "url": "https://www.iryou.teikyouseido.mhlw.go.jp/znk-web/juminkanja/S2430/initialize?prefCd=03&kikanCd=03300371&kikanKbn=3", "url2": "https://www.morioka-maedadc.com/", "内容": "前田歯科医院【3:歯科】岩手県盛岡市青山４丁目３０ー１" }, "geometry": { "type": "Point", "coordinates": [ 141.114089, 39.730004 ] } },
{ "type": "Feature", "properties": { "ID": 3303300374, "正式名称": "松田歯科医院", "機関区分": 3, "都道府県コード": 3, "市区町村コード": 201, "所在地": "岩手県盛岡市中ノ橋通１−７−１", "緯度": 39.70004, "経度": 141.156217, "url": "https://www.iryou.teikyouseido.mhlw.go.jp/znk-web/juminkanja/S2430/initialize?prefCd=03&kikanCd=03300374&kikanKbn=3", "url2": "matsuda-shikaiin.net", "内容": "松田歯科医院【3:歯科】岩手県盛岡市中ノ橋通１−７−１" }, "geometry": { "type": "Point", "coordinates": [ 141.156217, 39.70004 ] } },
{ "type": "Feature", "properties": { "ID": 3303300376, "正式名称": "医療法人邦陽会　松舘歯科医院", "機関区分": 3, "都道府県コード": 3, "市区町村コード": 201, "所在地": "岩手県盛岡市太田２番４８号", "緯度": 39.697892, "経度": 141.115581, "url": "https://www.iryou.teikyouseido.mhlw.go.jp/znk-web/juminkanja/S2430/initialize?prefCd=03&kikanCd=03300376&kikanKbn=3", "url2": "http://www.matsudate.com/", "内容": "医療法人邦陽会　松舘歯科医院【3:歯科】岩手県盛岡市太田２番４８号" }, "geometry": { "type": "Point", "coordinates": [ 141.115581, 39.697892 ] } },
{ "type": "Feature", "properties": { "ID": 3303300377, "正式名称": "まゆみ歯科小児歯科医院", "機関区分": 3, "都道府県コード": 3, "市区町村コード": 201, "所在地": "岩手県盛岡市天神町１０ー３", "緯度": 39.703081, "経度": 141.165684, "url": "https://www.iryou.teikyouseido.mhlw.go.jp/znk-web/juminkanja/S2430/initialize?prefCd=03&kikanCd=03300377&kikanKbn=3", "url2": "http://www.mayumishika.com/", "内容": "まゆみ歯科小児歯科医院【3:歯科】岩手県盛岡市天神町１０ー３" }, "geometry": { "type": "Point", "coordinates": [ 141.165684, 39.703081 ] } },
{ "type": "Feature", "properties": { "ID": 3303300380, "正式名称": "みどりが丘歯科クリニック", "機関区分": 3, "都道府県コード": 3, "市区町村コード": 201, "所在地": "岩手県盛岡市緑が丘三丁目４ー３６", "緯度": 39.733712, "経度": 141.145971, "url": "https://www.iryou.teikyouseido.mhlw.go.jp/znk-web/juminkanja/S2430/initialize?prefCd=03&kikanCd=03300380&kikanKbn=3", "url2": null, "内容": "みどりが丘歯科クリニック【3:歯科】岩手県盛岡市緑が丘三丁目４ー３６" }, "geometry": { "type": "Point", "coordinates": [ 141.145971, 39.733712 ] } },
{ "type": "Feature", "properties": { "ID": 3303300382, "正式名称": "宮崎歯科医院", "機関区分": 3, "都道府県コード": 3, "市区町村コード": 201, "所在地": "岩手県盛岡市茶畑２ー７ー２３", "緯度": 39.692177, "経度": 141.163602, "url": "https://www.iryou.teikyouseido.mhlw.go.jp/znk-web/juminkanja/S2430/initialize?prefCd=03&kikanCd=03300382&kikanKbn=3", "url2": null, "内容": "宮崎歯科医院【3:歯科】岩手県盛岡市茶畑２ー７ー２３" }, "geometry": { "type": "Point", "coordinates": [ 141.163602, 39.692177 ] } },
{ "type": "Feature", "properties": { "ID": 3303300383, "正式名称": "宮田歯科医院", "機関区分": 3, "都道府県コード": 3, "市区町村コード": 201, "所在地": "岩手県盛岡市高松二丁目２６－２７", "緯度": 39.724673, "経度": 141.135457, "url": "https://www.iryou.teikyouseido.mhlw.go.jp/znk-web/juminkanja/S2430/initialize?prefCd=03&kikanCd=03300383&kikanKbn=3", "url2": "www.miyatashika-morioka.com", "内容": "宮田歯科医院【3:歯科】岩手県盛岡市高松二丁目２６－２７" }, "geometry": { "type": "Point", "coordinates": [ 141.135457, 39.724673 ] } },
{ "type": "Feature", "properties": { "ID": 3303300384, "正式名称": "みやのデンタルオフィス", "機関区分": 3, "都道府県コード": 3, "市区町村コード": 201, "所在地": "岩手県盛岡市中屋敷町７番１７号", "緯度": 39.708144, "経度": 141.119981, "url": "https://www.iryou.teikyouseido.mhlw.go.jp/znk-web/juminkanja/S2430/initialize?prefCd=03&kikanCd=03300384&kikanKbn=3", "url2": "http://www.miyano-dental.net/", "内容": "みやのデンタルオフィス【3:歯科】岩手県盛岡市中屋敷町７番１７号" }, "geometry": { "type": "Point", "coordinates": [ 141.119981, 39.708144 ] } },
{ "type": "Feature", "properties": { "ID": 3303300385, "正式名称": "三善歯科医院", "機関区分": 3, "都道府県コード": 3, "市区町村コード": 201, "所在地": "岩手県盛岡市西青山二丁目１８ー４", "緯度": 39.727501, "経度": 141.109496, "url": "https://www.iryou.teikyouseido.mhlw.go.jp/znk-web/juminkanja/S2430/initialize?prefCd=03&kikanCd=03300385&kikanKbn=3", "url2": null, "内容": "三善歯科医院【3:歯科】岩手県盛岡市西青山二丁目１８ー４" }, "geometry": { "type": "Point", "coordinates": [ 141.109496, 39.727501 ] } },
{ "type": "Feature", "properties": { "ID": 3303300386, "正式名称": "向井田歯科医院", "機関区分": 3, "都道府県コード": 3, "市区町村コード": 201, "所在地": "岩手県盛岡市梨木町１１－１", "緯度": 39.710751, "経度": 141.136, "url": "https://www.iryou.teikyouseido.mhlw.go.jp/znk-web/juminkanja/S2430/initialize?prefCd=03&kikanCd=03300386&kikanKbn=3", "url2": null, "内容": "向井田歯科医院【3:歯科】岩手県盛岡市梨木町１１－１" }, "geometry": { "type": "Point", "coordinates": [ 141.136, 39.710751 ] } },
{ "type": "Feature", "properties": { "ID": 3303300388, "正式名称": "本宮歯科", "機関区分": 3, "都道府県コード": 3, "市区町村コード": 201, "所在地": "岩手県盛岡市本宮４ー２ー１０", "緯度": 39.68815, "経度": 141.134583, "url": "https://www.iryou.teikyouseido.mhlw.go.jp/znk-web/juminkanja/S2430/initialize?prefCd=03&kikanCd=03300388&kikanKbn=3", "url2": "http://motomiya-dental.com", "内容": "本宮歯科【3:歯科】岩手県盛岡市本宮４ー２ー１０" }, "geometry": { "type": "Point", "coordinates": [ 141.134583, 39.68815 ] } },
{ "type": "Feature", "properties": { "ID": 3303300389, "正式名称": "守口歯科クリニック", "機関区分": 3, "都道府県コード": 3, "市区町村コード": 201, "所在地": "岩手県盛岡市西松園３ー２３ー１０", "緯度": 39.755344, "経度": 141.162872, "url": "https://www.iryou.teikyouseido.mhlw.go.jp/znk-web/juminkanja/S2430/initialize?prefCd=03&kikanCd=03300389&kikanKbn=3", "url2": "http://www.moriguchi-1717.com", "内容": "守口歯科クリニック【3:歯科】岩手県盛岡市西松園３ー２３ー１０" }, "geometry": { "type": "Point", "coordinates": [ 141.162872, 39.755344 ] } },
{ "type": "Feature", "properties": { "ID": 3303300390, "正式名称": "やすの矯正歯科クリニック", "機関区分": 3, "都道府県コード": 3, "市区町村コード": 201, "所在地": "岩手県盛岡市盛岡駅前通１４－９", "緯度": 39.702531, "経度": 141.136894, "url": "https://www.iryou.teikyouseido.mhlw.go.jp/znk-web/juminkanja/S2430/initialize?prefCd=03&kikanCd=03300390&kikanKbn=3", "url2": "https://www.yasuno1188.com/", "内容": "やすの矯正歯科クリニック【3:歯科】岩手県盛岡市盛岡駅前通１４－９" }, "geometry": { "type": "Point", "coordinates": [ 141.136894, 39.702531 ] } },
{ "type": "Feature", "properties": { "ID": 3303300396, "正式名称": "横沢歯科医院", "機関区分": 3, "都道府県コード": 3, "市区町村コード": 201, "所在地": "岩手県盛岡市中央通二丁目８番２１号", "緯度": 39.705518, "経度": 141.144671, "url": "https://www.iryou.teikyouseido.mhlw.go.jp/znk-web/juminkanja/S2430/initialize?prefCd=03&kikanCd=03300396&kikanKbn=3", "url2": null, "内容": "横沢歯科医院【3:歯科】岩手県盛岡市中央通二丁目８番２１号" }, "geometry": { "type": "Point", "coordinates": [ 141.144671, 39.705518 ] } },
{ "type": "Feature", "properties": { "ID": 3303300397, "正式名称": "横藤歯科医院", "機関区分": 3, "都道府県コード": 3, "市区町村コード": 201, "所在地": "岩手県盛岡市志家町１ー２　和光ホームビル１階", "緯度": 39.699294, "経度": 141.159615, "url": "https://www.iryou.teikyouseido.mhlw.go.jp/znk-web/juminkanja/S2430/initialize?prefCd=03&kikanCd=03300397&kikanKbn=3", "url2": "http://www.yokofuji-shika.com", "内容": "横藤歯科医院【3:歯科】岩手県盛岡市志家町１ー２　和光ホームビル１階" }, "geometry": { "type": "Point", "coordinates": [ 141.159615, 39.699294 ] } },
{ "type": "Feature", "properties": { "ID": 3303300398, "正式名称": "横矢歯科医院", "機関区分": 3, "都道府県コード": 3, "市区町村コード": 201, "所在地": "岩手県盛岡市南大通２－４－１７", "緯度": 39.69481, "経度": 141.155308, "url": "https://www.iryou.teikyouseido.mhlw.go.jp/znk-web/juminkanja/S2430/initialize?prefCd=03&kikanCd=03300398&kikanKbn=3", "url2": null, "内容": "横矢歯科医院【3:歯科】岩手県盛岡市南大通２－４－１７" }, "geometry": { "type": "Point", "coordinates": [ 141.155308, 39.69481 ] } },
{ "type": "Feature", "properties": { "ID": 3303300399, "正式名称": "吉田歯科医院", "機関区分": 3, "都道府県コード": 3, "市区町村コード": 201, "所在地": "岩手県盛岡市中ノ橋通１ー４ー２２　中ノ橋１０６ビル３階", "緯度": 39.700382, "経度": 141.155615, "url": "https://www.iryou.teikyouseido.mhlw.go.jp/znk-web/juminkanja/S2430/initialize?prefCd=03&kikanCd=03300399&kikanKbn=3", "url2": null, "内容": "吉田歯科医院【3:歯科】岩手県盛岡市中ノ橋通１ー４ー２２　中ノ橋１０６ビル３階" }, "geometry": { "type": "Point", "coordinates": [ 141.155615, 39.700382 ] } },
{ "type": "Feature", "properties": { "ID": 3303300401, "正式名称": "吉田歯科クリニック", "機関区分": 3, "都道府県コード": 3, "市区町村コード": 201, "所在地": "岩手県盛岡市西下台町１８ー２７", "緯度": 39.716502, "経度": 141.131402, "url": "https://www.iryou.teikyouseido.mhlw.go.jp/znk-web/juminkanja/S2430/initialize?prefCd=03&kikanCd=03300401&kikanKbn=3", "url2": "http://yoshida-dc-morioka.com", "内容": "吉田歯科クリニック【3:歯科】岩手県盛岡市西下台町１８ー２７" }, "geometry": { "type": "Point", "coordinates": [ 141.131402, 39.716502 ] } },
{ "type": "Feature", "properties": { "ID": 3303300403, "正式名称": "米内歯科医院", "機関区分": 3, "都道府県コード": 3, "市区町村コード": 201, "所在地": "岩手県盛岡市三本柳１１地割１２ー２", "緯度": 39.652125, "経度": 141.164447, "url": "https://www.iryou.teikyouseido.mhlw.go.jp/znk-web/juminkanja/S2430/initialize?prefCd=03&kikanCd=03300403&kikanKbn=3", "url2": "http://www.471d.com", "内容": "米内歯科医院【3:歯科】岩手県盛岡市三本柳１１地割１２ー２" }, "geometry": { "type": "Point", "coordinates": [ 141.164447, 39.652125 ] } },
{ "type": "Feature", "properties": { "ID": 3303300405, "正式名称": "りょうわ歯科", "機関区分": 3, "都道府県コード": 3, "市区町村コード": 201, "所在地": "岩手県盛岡市材木町６ー２", "緯度": 39.706743, "経度": 141.137972, "url": "https://www.iryou.teikyouseido.mhlw.go.jp/znk-web/juminkanja/S2430/initialize?prefCd=03&kikanCd=03300405&kikanKbn=3", "url2": null, "内容": "りょうわ歯科【3:歯科】岩手県盛岡市材木町６ー２" }, "geometry": { "type": "Point", "coordinates": [ 141.137972, 39.706743 ] } },
{ "type": "Feature", "properties": { "ID": 3303300407, "正式名称": "和田歯科医院", "機関区分": 3, "都道府県コード": 3, "市区町村コード": 201, "所在地": "岩手県盛岡市神明町２番５号", "緯度": 39.702431, "経度": 141.157566, "url": "https://www.iryou.teikyouseido.mhlw.go.jp/znk-web/juminkanja/S2430/initialize?prefCd=03&kikanCd=03300407&kikanKbn=3", "url2": null, "内容": "和田歯科医院【3:歯科】岩手県盛岡市神明町２番５号" }, "geometry": { "type": "Point", "coordinates": [ 141.157566, 39.702431 ] } },
{ "type": "Feature", "properties": { "ID": 3303300410, "正式名称": "広沢歯科医院", "機関区分": 3, "都道府県コード": 3, "市区町村コード": 203, "所在地": "岩手県大船渡市盛町字宇津野沢５－２", "緯度": 39.082274, "経度": 141.709861, "url": "https://www.iryou.teikyouseido.mhlw.go.jp/znk-web/juminkanja/S2430/initialize?prefCd=03&kikanCd=03300410&kikanKbn=3", "url2": null, "内容": "広沢歯科医院【3:歯科】岩手県大船渡市盛町字宇津野沢５－２" }, "geometry": { "type": "Point", "coordinates": [ 141.709861, 39.082274 ] } },
{ "type": "Feature", "properties": { "ID": 3303300411, "正式名称": "細川歯科医院", "機関区分": 3, "都道府県コード": 3, "市区町村コード": 203, "所在地": "岩手県大船渡市大船渡町字台１６ー２", "緯度": 39.066404, "経度": 141.719401, "url": "https://www.iryou.teikyouseido.mhlw.go.jp/znk-web/juminkanja/S2430/initialize?prefCd=03&kikanCd=03300411&kikanKbn=3", "url2": null, "内容": "細川歯科医院【3:歯科】岩手県大船渡市大船渡町字台１６ー２" }, "geometry": { "type": "Point", "coordinates": [ 141.719401, 39.066404 ] } },
{ "type": "Feature", "properties": { "ID": 3303300414, "正式名称": "医療法人　理誠会　及川歯科医院", "機関区分": 3, "都道府県コード": 3, "市区町村コード": 203, "所在地": "岩手県大船渡市盛町", "緯度": 39.077268, "経度": 141.69931, "url": "https://www.iryou.teikyouseido.mhlw.go.jp/znk-web/juminkanja/S2430/initialize?prefCd=03&kikanCd=03300414&kikanKbn=3", "url2": null, "内容": "医療法人　理誠会　及川歯科医院【3:歯科】岩手県大船渡市盛町" }, "geometry": { "type": "Point", "coordinates": [ 141.69931, 39.077268 ] } },
{ "type": "Feature", "properties": { "ID": 3303300415, "正式名称": "峰岸歯科医院", "機関区分": 3, "都道府県コード": 3, "市区町村コード": 203, "所在地": "岩手県大船渡市大船渡町字笹崎１５ー９", "緯度": 39.055691, "経度": 141.720521, "url": "https://www.iryou.teikyouseido.mhlw.go.jp/znk-web/juminkanja/S2430/initialize?prefCd=03&kikanCd=03300415&kikanKbn=3", "url2": null, "内容": "峰岸歯科医院【3:歯科】岩手県大船渡市大船渡町字笹崎１５ー９" }, "geometry": { "type": "Point", "coordinates": [ 141.720521, 39.055691 ] } },
{ "type": "Feature", "properties": { "ID": 3303300416, "正式名称": "後藤歯科医院", "機関区分": 3, "都道府県コード": 3, "市区町村コード": 203, "所在地": "岩手県大船渡市末崎町平林７２ー２６", "緯度": 39.004806, "経度": 141.71206, "url": "https://www.iryou.teikyouseido.mhlw.go.jp/znk-web/juminkanja/S2430/initialize?prefCd=03&kikanCd=03300416&kikanKbn=3", "url2": null, "内容": "後藤歯科医院【3:歯科】岩手県大船渡市末崎町平林７２ー２６" }, "geometry": { "type": "Point", "coordinates": [ 141.71206, 39.004806 ] } },
{ "type": "Feature", "properties": { "ID": 3303300419, "正式名称": "大船渡市国民健康保険歯科診療所", "機関区分": 3, "都道府県コード": 3, "市区町村コード": 203, "所在地": "岩手県大船渡市三陸町綾里字平舘７５番地２", "緯度": 39.051107, "経度": 141.798195, "url": "https://www.iryou.teikyouseido.mhlw.go.jp/znk-web/juminkanja/S2430/initialize?prefCd=03&kikanCd=03300419&kikanKbn=3", "url2": "https://www.city.ofunato.iwate.jp", "内容": "大船渡市国民健康保険歯科診療所【3:歯科】岩手県大船渡市三陸町綾里字平舘７５番地２" }, "geometry": { "type": "Point", "coordinates": [ 141.798195, 39.051107 ] } },
{ "type": "Feature", "properties": { "ID": 3303300422, "正式名称": "渡辺歯科クリニック", "機関区分": 3, "都道府県コード": 3, "市区町村コード": 203, "所在地": "岩手県大船渡市猪川町字前田３－３", "緯度": 39.095105, "経度": 141.707144, "url": "https://www.iryou.teikyouseido.mhlw.go.jp/znk-web/juminkanja/S2430/initialize?prefCd=03&kikanCd=03300422&kikanKbn=3", "url2": null, "内容": "渡辺歯科クリニック【3:歯科】岩手県大船渡市猪川町字前田３－３" }, "geometry": { "type": "Point", "coordinates": [ 141.707144, 39.095105 ] } },
{ "type": "Feature", "properties": { "ID": 3303300425, "正式名称": "吉田歯科医院", "機関区分": 3, "都道府県コード": 3, "市区町村コード": 210, "所在地": "岩手県陸前高田市高田町鳴石２２－９", "緯度": 39.023555, "経度": 141.627803, "url": "https://www.iryou.teikyouseido.mhlw.go.jp/znk-web/juminkanja/S2430/initialize?prefCd=03&kikanCd=03300425&kikanKbn=3", "url2": "https://yoshidadentalclinic.com/", "内容": "吉田歯科医院【3:歯科】岩手県陸前高田市高田町鳴石２２－９" }, "geometry": { "type": "Point", "coordinates": [ 141.627803, 39.023555 ] } },
{ "type": "Feature", "properties": { "ID": 3303300426, "正式名称": "広田歯科医院", "機関区分": 3, "都道府県コード": 3, "市区町村コード": 210, "所在地": "岩手県陸前高田市米崎町", "緯度": 39.026861, "経度": 141.671364, "url": "https://www.iryou.teikyouseido.mhlw.go.jp/znk-web/juminkanja/S2430/initialize?prefCd=03&kikanCd=03300426&kikanKbn=3", "url2": null, "内容": "広田歯科医院【3:歯科】岩手県陸前高田市米崎町" }, "geometry": { "type": "Point", "coordinates": [ 141.671364, 39.026861 ] } },
{ "type": "Feature", "properties": { "ID": 3303300427, "正式名称": "気仙歯科クリニック", "機関区分": 3, "都道府県コード": 3, "市区町村コード": 210, "所在地": "岩手県陸前高田市米崎町字地竹沢４３－１", "緯度": 39.012678, "経度": 141.648735, "url": "https://www.iryou.teikyouseido.mhlw.go.jp/znk-web/juminkanja/S2430/initialize?prefCd=03&kikanCd=03300427&kikanKbn=3", "url2": null, "内容": "気仙歯科クリニック【3:歯科】岩手県陸前高田市米崎町字地竹沢４３－１" }, "geometry": { "type": "Point", "coordinates": [ 141.648735, 39.012678 ] } },
{ "type": "Feature", "properties": { "ID": 3303300428, "正式名称": "たかた歯科医院", "機関区分": 3, "都道府県コード": 3, "市区町村コード": 210, "所在地": "岩手県陸前高田市矢作町字寺前１５－２", "緯度": 39.028611, "経度": 141.592862, "url": "https://www.iryou.teikyouseido.mhlw.go.jp/znk-web/juminkanja/S2430/initialize?prefCd=03&kikanCd=03300428&kikanKbn=3", "url2": null, "内容": "たかた歯科医院【3:歯科】岩手県陸前高田市矢作町字寺前１５－２" }, "geometry": { "type": "Point", "coordinates": [ 141.592862, 39.028611 ] } },
{ "type": "Feature", "properties": { "ID": 3303300430, "正式名称": "平成歯科医院", "機関区分": 3, "都道府県コード": 3, "市区町村コード": 210, "所在地": "岩手県陸前高田市高田町字栃ヶ沢３２", "緯度": 39.023261, "経度": 141.623286, "url": "https://www.iryou.teikyouseido.mhlw.go.jp/znk-web/juminkanja/S2430/initialize?prefCd=03&kikanCd=03300430&kikanKbn=3", "url2": "https://heiseisika.com", "内容": "平成歯科医院【3:歯科】岩手県陸前高田市高田町字栃ヶ沢３２" }, "geometry": { "type": "Point", "coordinates": [ 141.623286, 39.023261 ] } },
{ "type": "Feature", "properties": { "ID": 3303300431, "正式名称": "医療法人ａ．ｄ．ｏ．きかわだ歯科クリニック", "機関区分": 3, "都道府県コード": 3, "市区町村コード": 210, "所在地": "岩手県陸前高田市小友町字沢辺８", "緯度": 38.988536, "経度": 141.687611, "url": "https://www.iryou.teikyouseido.mhlw.go.jp/znk-web/juminkanja/S2430/initialize?prefCd=03&kikanCd=03300431&kikanKbn=3", "url2": null, "内容": "医療法人ａ．ｄ．ｏ．きかわだ歯科クリニック【3:歯科】岩手県陸前高田市小友町字沢辺８" }, "geometry": { "type": "Point", "coordinates": [ 141.687611, 38.988536 ] } },
{ "type": "Feature", "properties": { "ID": 3303300432, "正式名称": "菅野歯科医院", "機関区分": 3, "都道府県コード": 3, "市区町村コード": 441, "所在地": "岩手県気仙郡住田町世田米字世田米駅１１７番地", "緯度": 39.141905, "経度": 141.578931, "url": "https://www.iryou.teikyouseido.mhlw.go.jp/znk-web/juminkanja/S2430/initialize?prefCd=03&kikanCd=03300432&kikanKbn=3", "url2": null, "内容": "菅野歯科医院【3:歯科】岩手県気仙郡住田町世田米字世田米駅１１７番地" }, "geometry": { "type": "Point", "coordinates": [ 141.578931, 39.141905 ] } },
{ "type": "Feature", "properties": { "ID": 3303300433, "正式名称": "横沢歯科医院", "機関区分": 3, "都道府県コード": 3, "市区町村コード": 441, "所在地": "岩手県気仙郡住田町世田米字大崎２５ー１", "緯度": 39.136877, "経度": 141.580281, "url": "https://www.iryou.teikyouseido.mhlw.go.jp/znk-web/juminkanja/S2430/initialize?prefCd=03&kikanCd=03300433&kikanKbn=3", "url2": null, "内容": "横沢歯科医院【3:歯科】岩手県気仙郡住田町世田米字大崎２５ー１" }, "geometry": { "type": "Point", "coordinates": [ 141.580281, 39.136877 ] } },
{ "type": "Feature", "properties": { "ID": 3303300434, "正式名称": "八重樫歯科医院", "機関区分": 3, "都道府県コード": 3, "市区町村コード": 215, "所在地": "岩手県奥州市水沢袋町１番２９号", "緯度": 39.13789, "経度": 141.142882, "url": "https://www.iryou.teikyouseido.mhlw.go.jp/znk-web/juminkanja/S2430/initialize?prefCd=03&kikanCd=03300434&kikanKbn=3", "url2": null, "内容": "八重樫歯科医院【3:歯科】岩手県奥州市水沢袋町１番２９号" }, "geometry": { "type": "Point", "coordinates": [ 141.142882, 39.13789 ] } },
{ "type": "Feature", "properties": { "ID": 3303300436, "正式名称": "ちば歯科医院", "機関区分": 3, "都道府県コード": 3, "市区町村コード": 215, "所在地": "岩手県奥州市水沢字桜屋敷４２０", "緯度": 39.122819, "経度": 141.133172, "url": "https://www.iryou.teikyouseido.mhlw.go.jp/znk-web/juminkanja/S2430/initialize?prefCd=03&kikanCd=03300436&kikanKbn=3", "url2": "http://www.iwate-chiba.com", "内容": "ちば歯科医院【3:歯科】岩手県奥州市水沢字桜屋敷４２０" }, "geometry": { "type": "Point", "coordinates": [ 141.133172, 39.122819 ] } },
{ "type": "Feature", "properties": { "ID": 3303300437, "正式名称": "すずき歯科クリニック", "機関区分": 3, "都道府県コード": 3, "市区町村コード": 215, "所在地": "岩手県奥州市江刺豊田町二丁目５番１９号", "緯度": 39.182756, "経度": 141.180035, "url": "https://www.iryou.teikyouseido.mhlw.go.jp/znk-web/juminkanja/S2430/initialize?prefCd=03&kikanCd=03300437&kikanKbn=3", "url2": null, "内容": "すずき歯科クリニック【3:歯科】岩手県奥州市江刺豊田町二丁目５番１９号" }, "geometry": { "type": "Point", "coordinates": [ 141.180035, 39.182756 ] } },
{ "type": "Feature", "properties": { "ID": 3303300439, "正式名称": "あべ歯科医院", "機関区分": 3, "都道府県コード": 3, "市区町村コード": 215, "所在地": "岩手県奥州市胆沢小山字尼沼３８番地１８", "緯度": 39.119022, "経度": 141.141798, "url": "https://www.iryou.teikyouseido.mhlw.go.jp/znk-web/juminkanja/S2430/initialize?prefCd=03&kikanCd=03300439&kikanKbn=3", "url2": "http://www.abe-do.com", "内容": "あべ歯科医院【3:歯科】岩手県奥州市胆沢小山字尼沼３８番地１８" }, "geometry": { "type": "Point", "coordinates": [ 141.141798, 39.119022 ] } },
{ "type": "Feature", "properties": { "ID": 3303300440, "正式名称": "さくらば歯科医院", "機関区分": 3, "都道府県コード": 3, "市区町村コード": 215, "所在地": "岩手県奥州市胆沢小山字峠１１７ー１", "緯度": 39.100214, "経度": 141.081251, "url": "https://www.iryou.teikyouseido.mhlw.go.jp/znk-web/juminkanja/S2430/initialize?prefCd=03&kikanCd=03300440&kikanKbn=3", "url2": "https://sakuraba-118.com", "内容": "さくらば歯科医院【3:歯科】岩手県奥州市胆沢小山字峠１１７ー１" }, "geometry": { "type": "Point", "coordinates": [ 141.081251, 39.100214 ] } },
{ "type": "Feature", "properties": { "ID": 3303300441, "正式名称": "有住歯科医院", "機関区分": 3, "都道府県コード": 3, "市区町村コード": 381, "所在地": "岩手県胆沢郡金ケ崎町西根町裏６０番地２", "緯度": 39.198552, "経度": 141.115868, "url": "https://www.iryou.teikyouseido.mhlw.go.jp/znk-web/juminkanja/S2430/initialize?prefCd=03&kikanCd=03300441&kikanKbn=3", "url2": null, "内容": "有住歯科医院【3:歯科】岩手県胆沢郡金ケ崎町西根町裏６０番地２" }, "geometry": { "type": "Point", "coordinates": [ 141.115868, 39.198552 ] } },
{ "type": "Feature", "properties": { "ID": 3303300442, "正式名称": "あべ歯科クリニック", "機関区分": 3, "都道府県コード": 3, "市区町村コード": 381, "所在地": "岩手県胆沢郡金ケ崎町西根荒巻２５－１", "緯度": 39.215227, "経度": 141.100213, "url": "https://www.iryou.teikyouseido.mhlw.go.jp/znk-web/juminkanja/S2430/initialize?prefCd=03&kikanCd=03300442&kikanKbn=3", "url2": "http:www.abe-dental.com", "内容": "あべ歯科クリニック【3:歯科】岩手県胆沢郡金ケ崎町西根荒巻２５－１" }, "geometry": { "type": "Point", "coordinates": [ 141.100213, 39.215227 ] } },
{ "type": "Feature", "properties": { "ID": 3303300445, "正式名称": "千葉歯科クリニック", "機関区分": 3, "都道府県コード": 3, "市区町村コード": 381, "所在地": "岩手県胆沢郡金ケ崎町西根上餅田５４番地２", "緯度": 39.202103, "経度": 141.112625, "url": "https://www.iryou.teikyouseido.mhlw.go.jp/znk-web/juminkanja/S2430/initialize?prefCd=03&kikanCd=03300445&kikanKbn=3", "url2": null, "内容": "千葉歯科クリニック【3:歯科】岩手県胆沢郡金ケ崎町西根上餅田５４番地２" }, "geometry": { "type": "Point", "coordinates": [ 141.112625, 39.202103 ] } },
{ "type": "Feature", "properties": { "ID": 3303300446, "正式名称": "ちだ歯科", "機関区分": 3, "都道府県コード": 3, "市区町村コード": 215, "所在地": "岩手県奥州市前沢駅東三丁目一の七", "緯度": 39.050844, "経度": 141.128804, "url": "https://www.iryou.teikyouseido.mhlw.go.jp/znk-web/juminkanja/S2430/initialize?prefCd=03&kikanCd=03300446&kikanKbn=3", "url2": "chida-dental.com", "内容": "ちだ歯科【3:歯科】岩手県奥州市前沢駅東三丁目一の七" }, "geometry": { "type": "Point", "coordinates": [ 141.128804, 39.050844 ] } },
{ "type": "Feature", "properties": { "ID": 3303300447, "正式名称": "津田歯科医院", "機関区分": 3, "都道府県コード": 3, "市区町村コード": 215, "所在地": "岩手県奥州市前沢三日町新裏１３１番地", "緯度": 39.048929, "経度": 141.124037, "url": "https://www.iryou.teikyouseido.mhlw.go.jp/znk-web/juminkanja/S2430/initialize?prefCd=03&kikanCd=03300447&kikanKbn=3", "url2": null, "内容": "津田歯科医院【3:歯科】岩手県奥州市前沢三日町新裏１３１番地" }, "geometry": { "type": "Point", "coordinates": [ 141.124037, 39.048929 ] } },
{ "type": "Feature", "properties": { "ID": 3303300449, "正式名称": "大石歯科医院", "機関区分": 3, "都道府県コード": 3, "市区町村コード": 215, "所在地": "岩手県奥州市前沢字三日町６０番地２", "緯度": 39.04695, "経度": 141.123008, "url": "https://www.iryou.teikyouseido.mhlw.go.jp/znk-web/juminkanja/S2430/initialize?prefCd=03&kikanCd=03300449&kikanKbn=3", "url2": null, "内容": "大石歯科医院【3:歯科】岩手県奥州市前沢字三日町６０番地２" }, "geometry": { "type": "Point", "coordinates": [ 141.123008, 39.04695 ] } },
{ "type": "Feature", "properties": { "ID": 3303300450, "正式名称": "奥州市国民健康保険衣川歯科診療所", "機関区分": 3, "都道府県コード": 3, "市区町村コード": 215, "所在地": "岩手県奥州市衣川古戸５２", "緯度": 39.038827, "経度": 141.064479, "url": "https://www.iryou.teikyouseido.mhlw.go.jp/znk-web/juminkanja/S2430/initialize?prefCd=03&kikanCd=03300450&kikanKbn=3", "url2": "https://www.city.oshu.iwate.jp/view.rbz?nd=163&ik=1&pnp=159&pnp=160&pnp=163&cd=256", "内容": "奥州市国民健康保険衣川歯科診療所【3:歯科】岩手県奥州市衣川古戸５２" }, "geometry": { "type": "Point", "coordinates": [ 141.064479, 39.038827 ] } },
{ "type": "Feature", "properties": { "ID": 3303300452, "正式名称": "佐々木歯科医院", "機関区分": 3, "都道府県コード": 3, "市区町村コード": 215, "所在地": "岩手県奥州市江刺西大通り９番１４号", "緯度": 39.195228, "経度": 141.171256, "url": "https://www.iryou.teikyouseido.mhlw.go.jp/znk-web/juminkanja/S2430/initialize?prefCd=03&kikanCd=03300452&kikanKbn=3", "url2": null, "内容": "佐々木歯科医院【3:歯科】岩手県奥州市江刺西大通り９番１４号" }, "geometry": { "type": "Point", "coordinates": [ 141.171256, 39.195228 ] } },
{ "type": "Feature", "properties": { "ID": 3303300453, "正式名称": "医療法人社団ＨＭＡおぐま歯科医院", "機関区分": 3, "都道府県コード": 3, "市区町村コード": 215, "所在地": "岩手県奥州市江刺南大通り６－２７", "緯度": 39.186049, "経度": 141.176564, "url": "https://www.iryou.teikyouseido.mhlw.go.jp/znk-web/juminkanja/S2430/initialize?prefCd=03&kikanCd=03300453&kikanKbn=3", "url2": null, "内容": "医療法人社団ＨＭＡおぐま歯科医院【3:歯科】岩手県奥州市江刺南大通り６－２７" }, "geometry": { "type": "Point", "coordinates": [ 141.176564, 39.186049 ] } },
{ "type": "Feature", "properties": { "ID": 3303300454, "正式名称": "アヤノ歯科医院", "機関区分": 3, "都道府県コード": 3, "市区町村コード": 215, "所在地": "岩手県奥州市江刺大通り５番２６号", "緯度": 39.191341, "経度": 141.17695, "url": "https://www.iryou.teikyouseido.mhlw.go.jp/znk-web/juminkanja/S2430/initialize?prefCd=03&kikanCd=03300454&kikanKbn=3", "url2": null, "内容": "アヤノ歯科医院【3:歯科】岩手県奥州市江刺大通り５番２６号" }, "geometry": { "type": "Point", "coordinates": [ 141.17695, 39.191341 ] } },
{ "type": "Feature", "properties": { "ID": 3303300455, "正式名称": "関根歯科医院", "機関区分": 3, "都道府県コード": 3, "市区町村コード": 215, "所在地": "岩手県奥州市江刺西大通り３番１２号", "緯度": 39.192483, "経度": 141.172023, "url": "https://www.iryou.teikyouseido.mhlw.go.jp/znk-web/juminkanja/S2430/initialize?prefCd=03&kikanCd=03300455&kikanKbn=3", "url2": null, "内容": "関根歯科医院【3:歯科】岩手県奥州市江刺西大通り３番１２号" }, "geometry": { "type": "Point", "coordinates": [ 141.172023, 39.192483 ] } },
{ "type": "Feature", "properties": { "ID": 3303300456, "正式名称": "吉田歯科クリニック", "機関区分": 3, "都道府県コード": 3, "市区町村コード": 215, "所在地": "岩手県奥州市江刺西大通り４番１３号", "緯度": 39.192804, "経度": 141.17328, "url": "https://www.iryou.teikyouseido.mhlw.go.jp/znk-web/juminkanja/S2430/initialize?prefCd=03&kikanCd=03300456&kikanKbn=3", "url2": null, "内容": "吉田歯科クリニック【3:歯科】岩手県奥州市江刺西大通り４番１３号" }, "geometry": { "type": "Point", "coordinates": [ 141.17328, 39.192804 ] } },
{ "type": "Feature", "properties": { "ID": 3303300457, "正式名称": "及川歯科クリニック", "機関区分": 3, "都道府県コード": 3, "市区町村コード": 205, "所在地": "岩手県花巻市仲町９ー１７", "緯度": 39.387262, "経度": 141.121799, "url": "https://www.iryou.teikyouseido.mhlw.go.jp/znk-web/juminkanja/S2430/initialize?prefCd=03&kikanCd=03300457&kikanKbn=3", "url2": null, "内容": "及川歯科クリニック【3:歯科】岩手県花巻市仲町９ー１７" }, "geometry": { "type": "Point", "coordinates": [ 141.121799, 39.387262 ] } },
{ "type": "Feature", "properties": { "ID": 3303300459, "正式名称": "医療法人佐藤歯科医院", "機関区分": 3, "都道府県コード": 3, "市区町村コード": 205, "所在地": "岩手県花巻市石鳥谷町好地６ー４ー３", "緯度": 39.490654, "経度": 141.150087, "url": "https://www.iryou.teikyouseido.mhlw.go.jp/znk-web/juminkanja/S2430/initialize?prefCd=03&kikanCd=03300459&kikanKbn=3", "url2": null, "内容": "医療法人佐藤歯科医院【3:歯科】岩手県花巻市石鳥谷町好地６ー４ー３" }, "geometry": { "type": "Point", "coordinates": [ 141.150087, 39.490654 ] } },
{ "type": "Feature", "properties": { "ID": 3303300460, "正式名称": "多田歯科医院", "機関区分": 3, "都道府県コード": 3, "市区町村コード": 205, "所在地": "岩手県花巻市東和町安俵１１区１ー２", "緯度": 39.38512, "経度": 141.226437, "url": "https://www.iryou.teikyouseido.mhlw.go.jp/znk-web/juminkanja/S2430/initialize?prefCd=03&kikanCd=03300460&kikanKbn=3", "url2": null, "内容": "多田歯科医院【3:歯科】岩手県花巻市東和町安俵１１区１ー２" }, "geometry": { "type": "Point", "coordinates": [ 141.226437, 39.38512 ] } },
{ "type": "Feature", "properties": { "ID": 3303300461, "正式名称": "こばやかわ歯科医院", "機関区分": 3, "都道府県コード": 3, "市区町村コード": 205, "所在地": "岩手県花巻市桜町４丁目２３４ー１", "緯度": 39.375295, "経度": 141.121135, "url": "https://www.iryou.teikyouseido.mhlw.go.jp/znk-web/juminkanja/S2430/initialize?prefCd=03&kikanCd=03300461&kikanKbn=3", "url2": "http://www.kobayakawa-dental.com/", "内容": "こばやかわ歯科医院【3:歯科】岩手県花巻市桜町４丁目２３４ー１" }, "geometry": { "type": "Point", "coordinates": [ 141.121135, 39.375295 ] } },
{ "type": "Feature", "properties": { "ID": 3303300462, "正式名称": "ＴＯＫＵＴＯＭＩ　ＤＥＮＴＡＬ　ＣＬＩＮＩＣ", "機関区分": 3, "都道府県コード": 3, "市区町村コード": 205, "所在地": "岩手県花巻市鍛治町２−６", "緯度": 39.384955, "経度": 141.115198, "url": "https://www.iryou.teikyouseido.mhlw.go.jp/znk-web/juminkanja/S2430/initialize?prefCd=03&kikanCd=03300462&kikanKbn=3", "url2": "http://www.tokutomi-shika.com", "内容": "ＴＯＫＵＴＯＭＩ　ＤＥＮＴＡＬ　ＣＬＩＮＩＣ【3:歯科】岩手県花巻市鍛治町２−６" }, "geometry": { "type": "Point", "coordinates": [ 141.115198, 39.384955 ] } },
{ "type": "Feature", "properties": { "ID": 3303300463, "正式名称": "高田歯科医院", "機関区分": 3, "都道府県コード": 3, "市区町村コード": 205, "所在地": "岩手県花巻市東町３ー２８", "緯度": 39.385689, "経度": 141.120642, "url": "https://www.iryou.teikyouseido.mhlw.go.jp/znk-web/juminkanja/S2430/initialize?prefCd=03&kikanCd=03300463&kikanKbn=3", "url2": null, "内容": "高田歯科医院【3:歯科】岩手県花巻市東町３ー２８" }, "geometry": { "type": "Point", "coordinates": [ 141.120642, 39.385689 ] } },
{ "type": "Feature", "properties": { "ID": 3303300465, "正式名称": "花巻市休日歯科診療所", "機関区分": 3, "都道府県コード": 3, "市区町村コード": 205, "所在地": "岩手県花巻市南万丁目９７０番地５", "緯度": 39.391672, "経度": 141.100283, "url": "https://www.iryou.teikyouseido.mhlw.go.jp/znk-web/juminkanja/S2430/initialize?prefCd=03&kikanCd=03300465&kikanKbn=3", "url2": null, "内容": "花巻市休日歯科診療所【3:歯科】岩手県花巻市南万丁目９７０番地５" }, "geometry": { "type": "Point", "coordinates": [ 141.100283, 39.391672 ] } },
{ "type": "Feature", "properties": { "ID": 3303300466, "正式名称": "医療法人石桜会　いしくろ歯科医院", "機関区分": 3, "都道府県コード": 3, "市区町村コード": 205, "所在地": "岩手県花巻市桜台２丁目１２ー１", "緯度": 39.400283, "経度": 141.101832, "url": "https://www.iryou.teikyouseido.mhlw.go.jp/znk-web/juminkanja/S2430/initialize?prefCd=03&kikanCd=03300466&kikanKbn=3", "url2": null, "内容": "医療法人石桜会　いしくろ歯科医院【3:歯科】岩手県花巻市桜台２丁目１２ー１" }, "geometry": { "type": "Point", "coordinates": [ 141.101832, 39.400283 ] } },
{ "type": "Feature", "properties": { "ID": 3303300467, "正式名称": "医療法人廣正会　寺内歯科医院", "機関区分": 3, "都道府県コード": 3, "市区町村コード": 205, "所在地": "岩手県花巻市西大通２ー１３ー１３", "緯度": 39.393157, "経度": 141.104389, "url": "https://www.iryou.teikyouseido.mhlw.go.jp/znk-web/juminkanja/S2430/initialize?prefCd=03&kikanCd=03300467&kikanKbn=3", "url2": null, "内容": "医療法人廣正会　寺内歯科医院【3:歯科】岩手県花巻市西大通２ー１３ー１３" }, "geometry": { "type": "Point", "coordinates": [ 141.104389, 39.393157 ] } },
{ "type": "Feature", "properties": { "ID": 3303300468, "正式名称": "管野歯科医院", "機関区分": 3, "都道府県コード": 3, "市区町村コード": 205, "所在地": "岩手県花巻市末広町７ー１０", "緯度": 39.385398, "経度": 141.113061, "url": "https://www.iryou.teikyouseido.mhlw.go.jp/znk-web/juminkanja/S2430/initialize?prefCd=03&kikanCd=03300468&kikanKbn=3", "url2": null, "内容": "管野歯科医院【3:歯科】岩手県花巻市末広町７ー１０" }, "geometry": { "type": "Point", "coordinates": [ 141.113061, 39.385398 ] } },
{ "type": "Feature", "properties": { "ID": 3303300469, "正式名称": "にしお歯科クリニック", "機関区分": 3, "都道府県コード": 3, "市区町村コード": 205, "所在地": "岩手県花巻市大迫町大迫３ー１４５", "緯度": 39.465445, "経度": 141.286879, "url": "https://www.iryou.teikyouseido.mhlw.go.jp/znk-web/juminkanja/S2430/initialize?prefCd=03&kikanCd=03300469&kikanKbn=3", "url2": "http://www.nishio.net/", "内容": "にしお歯科クリニック【3:歯科】岩手県花巻市大迫町大迫３ー１４５" }, "geometry": { "type": "Point", "coordinates": [ 141.286879, 39.465445 ] } },
{ "type": "Feature", "properties": { "ID": 3303300470, "正式名称": "医療法人幸花会　畠山歯科医院", "機関区分": 3, "都道府県コード": 3, "市区町村コード": 205, "所在地": "岩手県花巻市西大通り１丁目６ー３０", "緯度": 39.39309, "経度": 141.108819, "url": "https://www.iryou.teikyouseido.mhlw.go.jp/znk-web/juminkanja/S2430/initialize?prefCd=03&kikanCd=03300470&kikanKbn=3", "url2": null, "内容": "医療法人幸花会　畠山歯科医院【3:歯科】岩手県花巻市西大通り１丁目６ー３０" }, "geometry": { "type": "Point", "coordinates": [ 141.108819, 39.39309 ] } },
{ "type": "Feature", "properties": { "ID": 3303300471, "正式名称": "松園歯科クリニック", "機関区分": 3, "都道府県コード": 3, "市区町村コード": 205, "所在地": "岩手県花巻市星が丘２丁目１６ー１", "緯度": 39.405663, "経度": 141.107381, "url": "https://www.iryou.teikyouseido.mhlw.go.jp/znk-web/juminkanja/S2430/initialize?prefCd=03&kikanCd=03300471&kikanKbn=3", "url2": null, "内容": "松園歯科クリニック【3:歯科】岩手県花巻市星が丘２丁目１６ー１" }, "geometry": { "type": "Point", "coordinates": [ 141.107381, 39.405663 ] } },
{ "type": "Feature", "properties": { "ID": 3303300472, "正式名称": "照井歯科医院", "機関区分": 3, "都道府県コード": 3, "市区町村コード": 205, "所在地": "岩手県花巻市材木町２８ー２２", "緯度": 39.385814, "経度": 141.107263, "url": "https://www.iryou.teikyouseido.mhlw.go.jp/znk-web/juminkanja/S2430/initialize?prefCd=03&kikanCd=03300472&kikanKbn=3", "url2": null, "内容": "照井歯科医院【3:歯科】岩手県花巻市材木町２８ー２２" }, "geometry": { "type": "Point", "coordinates": [ 141.107263, 39.385814 ] } },
{ "type": "Feature", "properties": { "ID": 3303300476, "正式名称": "宮川歯科クリニック", "機関区分": 3, "都道府県コード": 3, "市区町村コード": 205, "所在地": "岩手県花巻市松園町４５０－６", "緯度": 39.410447, "経度": 141.104162, "url": "https://www.iryou.teikyouseido.mhlw.go.jp/znk-web/juminkanja/S2430/initialize?prefCd=03&kikanCd=03300476&kikanKbn=3", "url2": null, "内容": "宮川歯科クリニック【3:歯科】岩手県花巻市松園町４５０－６" }, "geometry": { "type": "Point", "coordinates": [ 141.104162, 39.410447 ] } },
{ "type": "Feature", "properties": { "ID": 3303300477, "正式名称": "桜井歯科医院", "機関区分": 3, "都道府県コード": 3, "市区町村コード": 205, "所在地": "岩手県花巻市石鳥谷町好地９ー９ー９", "緯度": 39.499344, "経度": 141.152365, "url": "https://www.iryou.teikyouseido.mhlw.go.jp/znk-web/juminkanja/S2430/initialize?prefCd=03&kikanCd=03300477&kikanKbn=3", "url2": null, "内容": "桜井歯科医院【3:歯科】岩手県花巻市石鳥谷町好地９ー９ー９" }, "geometry": { "type": "Point", "coordinates": [ 141.152365, 39.499344 ] } },
{ "type": "Feature", "properties": { "ID": 3303300478, "正式名称": "成田歯科医院", "機関区分": 3, "都道府県コード": 3, "市区町村コード": 205, "所在地": "岩手県花巻市大通り１ー１９ー６", "緯度": 39.389878, "経度": 141.113904, "url": "https://www.iryou.teikyouseido.mhlw.go.jp/znk-web/juminkanja/S2430/initialize?prefCd=03&kikanCd=03300478&kikanKbn=3", "url2": "http://www.naritasika.com", "内容": "成田歯科医院【3:歯科】岩手県花巻市大通り１ー１９ー６" }, "geometry": { "type": "Point", "coordinates": [ 141.113904, 39.389878 ] } },
{ "type": "Feature", "properties": { "ID": 3303300479, "正式名称": "八重樫歯科医院", "機関区分": 3, "都道府県コード": 3, "市区町村コード": 205, "所在地": "岩手県花巻市東町４ー１１", "緯度": 39.385318, "経度": 141.122074, "url": "https://www.iryou.teikyouseido.mhlw.go.jp/znk-web/juminkanja/S2430/initialize?prefCd=03&kikanCd=03300479&kikanKbn=3", "url2": null, "内容": "八重樫歯科医院【3:歯科】岩手県花巻市東町４ー１１" }, "geometry": { "type": "Point", "coordinates": [ 141.122074, 39.385318 ] } },
{ "type": "Feature", "properties": { "ID": 3303300480, "正式名称": "多田歯科クリニック", "機関区分": 3, "都道府県コード": 3, "市区町村コード": 205, "所在地": "岩手県花巻市若葉町３丁目１５ー１", "緯度": 39.385985, "経度": 141.101991, "url": "https://www.iryou.teikyouseido.mhlw.go.jp/znk-web/juminkanja/S2430/initialize?prefCd=03&kikanCd=03300480&kikanKbn=3", "url2": null, "内容": "多田歯科クリニック【3:歯科】岩手県花巻市若葉町３丁目１５ー１" }, "geometry": { "type": "Point", "coordinates": [ 141.101991, 39.385985 ] } },
{ "type": "Feature", "properties": { "ID": 3303300482, "正式名称": "藤根歯科医院", "機関区分": 3, "都道府県コード": 3, "市区町村コード": 205, "所在地": "岩手県花巻市湯本６ー１６９", "緯度": 39.444986, "経度": 141.098314, "url": "https://www.iryou.teikyouseido.mhlw.go.jp/znk-web/juminkanja/S2430/initialize?prefCd=03&kikanCd=03300482&kikanKbn=3", "url2": null, "内容": "藤根歯科医院【3:歯科】岩手県花巻市湯本６ー１６９" }, "geometry": { "type": "Point", "coordinates": [ 141.098314, 39.444986 ] } },
{ "type": "Feature", "properties": { "ID": 3303300483, "正式名称": "山内歯科医院", "機関区分": 3, "都道府県コード": 3, "市区町村コード": 205, "所在地": "岩手県花巻市大迫町大迫３ー２０２", "緯度": 39.466445, "経度": 141.283781, "url": "https://www.iryou.teikyouseido.mhlw.go.jp/znk-web/juminkanja/S2430/initialize?prefCd=03&kikanCd=03300483&kikanKbn=3", "url2": null, "内容": "山内歯科医院【3:歯科】岩手県花巻市大迫町大迫３ー２０２" }, "geometry": { "type": "Point", "coordinates": [ 141.283781, 39.466445 ] } },
{ "type": "Feature", "properties": { "ID": 3303300487, "正式名称": "オーラル総合歯科・矯正歯科", "機関区分": 3, "都道府県コード": 3, "市区町村コード": 205, "所在地": "岩手県花巻市高木１９ー３４ー７", "緯度": 39.385862, "経度": 141.13947, "url": "https://www.iryou.teikyouseido.mhlw.go.jp/znk-web/juminkanja/S2430/initialize?prefCd=03&kikanCd=03300487&kikanKbn=3", "url2": "https://hachimori.info", "内容": "オーラル総合歯科・矯正歯科【3:歯科】岩手県花巻市高木１９ー３４ー７" }, "geometry": { "type": "Point", "coordinates": [ 141.13947, 39.385862 ] } },
{ "type": "Feature", "properties": { "ID": 3303300488, "正式名称": "上村歯科医院", "機関区分": 3, "都道府県コード": 3, "市区町村コード": 205, "所在地": "岩手県花巻市石鳥谷町好地８ー８８ー１", "緯度": 39.494388, "経度": 141.150848, "url": "https://www.iryou.teikyouseido.mhlw.go.jp/znk-web/juminkanja/S2430/initialize?prefCd=03&kikanCd=03300488&kikanKbn=3", "url2": null, "内容": "上村歯科医院【3:歯科】岩手県花巻市石鳥谷町好地８ー８８ー１" }, "geometry": { "type": "Point", "coordinates": [ 141.150848, 39.494388 ] } },
{ "type": "Feature", "properties": { "ID": 3303300489, "正式名称": "狩野歯科医院", "機関区分": 3, "都道府県コード": 3, "市区町村コード": 205, "所在地": "岩手県花巻市円万寺８０番地", "緯度": 39.390547, "経度": 141.054961, "url": "https://www.iryou.teikyouseido.mhlw.go.jp/znk-web/juminkanja/S2430/initialize?prefCd=03&kikanCd=03300489&kikanKbn=3", "url2": null, "内容": "狩野歯科医院【3:歯科】岩手県花巻市円万寺８０番地" }, "geometry": { "type": "Point", "coordinates": [ 141.054961, 39.390547 ] } },
{ "type": "Feature", "properties": { "ID": 3303300490, "正式名称": "たむら歯科医院", "機関区分": 3, "都道府県コード": 3, "市区町村コード": 205, "所在地": "岩手県花巻市南城２７番地１３", "緯度": 39.370819, "経度": 141.119815, "url": "https://www.iryou.teikyouseido.mhlw.go.jp/znk-web/juminkanja/S2430/initialize?prefCd=03&kikanCd=03300490&kikanKbn=3", "url2": "https://www.tamura-shika.jp/", "内容": "たむら歯科医院【3:歯科】岩手県花巻市南城２７番地１３" }, "geometry": { "type": "Point", "coordinates": [ 141.119815, 39.370819 ] } },
{ "type": "Feature", "properties": { "ID": 3303300492, "正式名称": "医療法人小原クリニックおばら歯科医院", "機関区分": 3, "都道府県コード": 3, "市区町村コード": 205, "所在地": "岩手県花巻市東和町土沢４３０", "緯度": 39.388024, "経度": 141.228135, "url": "https://www.iryou.teikyouseido.mhlw.go.jp/znk-web/juminkanja/S2430/initialize?prefCd=03&kikanCd=03300492&kikanKbn=3", "url2": "http://www.myclinic.ne.jp/obara/", "内容": "医療法人小原クリニックおばら歯科医院【3:歯科】岩手県花巻市東和町土沢４３０" }, "geometry": { "type": "Point", "coordinates": [ 141.228135, 39.388024 ] } },
{ "type": "Feature", "properties": { "ID": 3303300494, "正式名称": "鎌田歯科医院", "機関区分": 3, "都道府県コード": 3, "市区町村コード": 205, "所在地": "岩手県花巻市二枚橋町南１ー４７ー２", "緯度": 39.440559, "経度": 141.128294, "url": "https://www.iryou.teikyouseido.mhlw.go.jp/znk-web/juminkanja/S2430/initialize?prefCd=03&kikanCd=03300494&kikanKbn=3", "url2": "http://www.d-kamada.com/", "内容": "鎌田歯科医院【3:歯科】岩手県花巻市二枚橋町南１ー４７ー２" }, "geometry": { "type": "Point", "coordinates": [ 141.128294, 39.440559 ] } },
{ "type": "Feature", "properties": { "ID": 3303300495, "正式名称": "金子歯科医院", "機関区分": 3, "都道府県コード": 3, "市区町村コード": 205, "所在地": "岩手県花巻市上町８ー１７", "緯度": 39.386561, "経度": 141.118858, "url": "https://www.iryou.teikyouseido.mhlw.go.jp/znk-web/juminkanja/S2430/initialize?prefCd=03&kikanCd=03300495&kikanKbn=3", "url2": null, "内容": "金子歯科医院【3:歯科】岩手県花巻市上町８ー１７" }, "geometry": { "type": "Point", "coordinates": [ 141.118858, 39.386561 ] } },
{ "type": "Feature", "properties": { "ID": 3303300500, "正式名称": "伊東歯科医院", "機関区分": 3, "都道府県コード": 3, "市区町村コード": 206, "所在地": "岩手県北上市常盤台１ー２３ー１３", "緯度": 39.303477, "経度": 141.118932, "url": "https://www.iryou.teikyouseido.mhlw.go.jp/znk-web/juminkanja/S2430/initialize?prefCd=03&kikanCd=03300500&kikanKbn=3", "url2": null, "内容": "伊東歯科医院【3:歯科】岩手県北上市常盤台１ー２３ー１３" }, "geometry": { "type": "Point", "coordinates": [ 141.118932, 39.303477 ] } },
{ "type": "Feature", "properties": { "ID": 3303300501, "正式名称": "かじまち小原歯科医院", "機関区分": 3, "都道府県コード": 3, "市区町村コード": 206, "所在地": "岩手県北上市鍛冶町２ー１３ー２０", "緯度": 39.290248, "経度": 141.106533, "url": "https://www.iryou.teikyouseido.mhlw.go.jp/znk-web/juminkanja/S2430/initialize?prefCd=03&kikanCd=03300501&kikanKbn=3", "url2": null, "内容": "かじまち小原歯科医院【3:歯科】岩手県北上市鍛冶町２ー１３ー２０" }, "geometry": { "type": "Point", "coordinates": [ 141.106533, 39.290248 ] } },
{ "type": "Feature", "properties": { "ID": 3303300502, "正式名称": "都鳥歯科小児歯科クリニック", "機関区分": 3, "都道府県コード": 3, "市区町村コード": 206, "所在地": "岩手県北上市大曲町９－２６", "緯度": 39.286869, "経度": 141.110286, "url": "https://www.iryou.teikyouseido.mhlw.go.jp/znk-web/juminkanja/S2430/initialize?prefCd=03&kikanCd=03300502&kikanKbn=3", "url2": "http//www.todorishika.com", "内容": "都鳥歯科小児歯科クリニック【3:歯科】岩手県北上市大曲町９－２６" }, "geometry": { "type": "Point", "coordinates": [ 141.110286, 39.286869 ] } },
{ "type": "Feature", "properties": { "ID": 3303300503, "正式名称": "二子歯科医院", "機関区分": 3, "都道府県コード": 3, "市区町村コード": 206, "所在地": "岩手県北上市二子町２０１", "緯度": 39.32166, "経度": 141.139981, "url": "https://www.iryou.teikyouseido.mhlw.go.jp/znk-web/juminkanja/S2430/initialize?prefCd=03&kikanCd=03300503&kikanKbn=3", "url2": null, "内容": "二子歯科医院【3:歯科】岩手県北上市二子町２０１" }, "geometry": { "type": "Point", "coordinates": [ 141.139981, 39.32166 ] } },
{ "type": "Feature", "properties": { "ID": 3303300505, "正式名称": "あかさか歯科クリニック", "機関区分": 3, "都道府県コード": 3, "市区町村コード": 206, "所在地": "岩手県北上市花園町２丁目５ー１５", "緯度": 39.289794, "経度": 141.1189, "url": "https://www.iryou.teikyouseido.mhlw.go.jp/znk-web/juminkanja/S2430/initialize?prefCd=03&kikanCd=03300505&kikanKbn=3", "url2": null, "内容": "あかさか歯科クリニック【3:歯科】岩手県北上市花園町２丁目５ー１５" }, "geometry": { "type": "Point", "coordinates": [ 141.1189, 39.289794 ] } },
{ "type": "Feature", "properties": { "ID": 3303300506, "正式名称": "おいかわ歯科クリニック", "機関区分": 3, "都道府県コード": 3, "市区町村コード": 206, "所在地": "岩手県北上市鬼柳町卯の木１５６ー２", "緯度": 39.273336, "経度": 141.097533, "url": "https://www.iryou.teikyouseido.mhlw.go.jp/znk-web/juminkanja/S2430/initialize?prefCd=03&kikanCd=03300506&kikanKbn=3", "url2": "http://www.oikawashika.com", "内容": "おいかわ歯科クリニック【3:歯科】岩手県北上市鬼柳町卯の木１５６ー２" }, "geometry": { "type": "Point", "coordinates": [ 141.097533, 39.273336 ] } },
{ "type": "Feature", "properties": { "ID": 3303300508, "正式名称": "えづりこ歯科医院", "機関区分": 3, "都道府県コード": 3, "市区町村コード": 206, "所在地": "岩手県北上市上江釣子１８ー５７ー３", "緯度": 39.295304, "経度": 141.078492, "url": "https://www.iryou.teikyouseido.mhlw.go.jp/znk-web/juminkanja/S2430/initialize?prefCd=03&kikanCd=03300508&kikanKbn=3", "url2": null, "内容": "えづりこ歯科医院【3:歯科】岩手県北上市上江釣子１８ー５７ー３" }, "geometry": { "type": "Point", "coordinates": [ 141.078492, 39.295304 ] } },
{ "type": "Feature", "properties": { "ID": 3303300509, "正式名称": "医療法人川岸会及川歯科医院", "機関区分": 3, "都道府県コード": 3, "市区町村コード": 206, "所在地": "岩手県北上市川岸四丁目１１ー２２", "緯度": 39.286114, "経度": 141.128967, "url": "https://www.iryou.teikyouseido.mhlw.go.jp/znk-web/juminkanja/S2430/initialize?prefCd=03&kikanCd=03300509&kikanKbn=3", "url2": "http://www.oikawa-dc.jp/", "内容": "医療法人川岸会及川歯科医院【3:歯科】岩手県北上市川岸四丁目１１ー２２" }, "geometry": { "type": "Point", "coordinates": [ 141.128967, 39.286114 ] } },
{ "type": "Feature", "properties": { "ID": 3303300510, "正式名称": "医療法人翔陽会　あさひ歯科医院", "機関区分": 3, "都道府県コード": 3, "市区町村コード": 206, "所在地": "岩手県北上市上江釣子１７ー９３", "緯度": 39.29904, "経度": 141.072789, "url": "https://www.iryou.teikyouseido.mhlw.go.jp/znk-web/juminkanja/S2430/initialize?prefCd=03&kikanCd=03300510&kikanKbn=3", "url2": "http://www.mcsahi2386.jp/", "内容": "医療法人翔陽会　あさひ歯科医院【3:歯科】岩手県北上市上江釣子１７ー９３" }, "geometry": { "type": "Point", "coordinates": [ 141.072789, 39.29904 ] } },
{ "type": "Feature", "properties": { "ID": 3303300511, "正式名称": "医療法人北上歯科医院", "機関区分": 3, "都道府県コード": 3, "市区町村コード": 206, "所在地": "岩手県北上市花園町一丁目６番２９号", "緯度": 39.289383, "経度": 141.120666, "url": "https://www.iryou.teikyouseido.mhlw.go.jp/znk-web/juminkanja/S2430/initialize?prefCd=03&kikanCd=03300511&kikanKbn=3", "url2": "http://kitakamishika.com/", "内容": "医療法人北上歯科医院【3:歯科】岩手県北上市花園町一丁目６番２９号" }, "geometry": { "type": "Point", "coordinates": [ 141.120666, 39.289383 ] } },
{ "type": "Feature", "properties": { "ID": 3303300512, "正式名称": "医療法人ラビット　おだしま歯科クリニック", "機関区分": 3, "都道府県コード": 3, "市区町村コード": 206, "所在地": "岩手県北上市九年橋３ー１８ー１５　サンファミリーミタ１Ｆ", "緯度": 39.284537, "経度": 141.106972, "url": "https://www.iryou.teikyouseido.mhlw.go.jp/znk-web/juminkanja/S2430/initialize?prefCd=03&kikanCd=03300512&kikanKbn=3", "url2": "http://www.yours-kitakami.com", "内容": "医療法人ラビット　おだしま歯科クリニック【3:歯科】岩手県北上市九年橋３ー１８ー１５　サンファミリーミタ１Ｆ" }, "geometry": { "type": "Point", "coordinates": [ 141.106972, 39.284537 ] } },
{ "type": "Feature", "properties": { "ID": 3303300514, "正式名称": "北上矯正福田歯科", "機関区分": 3, "都道府県コード": 3, "市区町村コード": 206, "所在地": "岩手県北上市本通り三丁目９番１０号", "緯度": 39.293185, "経度": 141.120209, "url": "https://www.iryou.teikyouseido.mhlw.go.jp/znk-web/juminkanja/S2430/initialize?prefCd=03&kikanCd=03300514&kikanKbn=3", "url2": null, "内容": "北上矯正福田歯科【3:歯科】岩手県北上市本通り三丁目９番１０号" }, "geometry": { "type": "Point", "coordinates": [ 141.120209, 39.293185 ] } },
{ "type": "Feature", "properties": { "ID": 3303300515, "正式名称": "とも歯科クリニック", "機関区分": 3, "都道府県コード": 3, "市区町村コード": 206, "所在地": "岩手県北上市本通り１ー８ー１７", "緯度": 39.287909, "経度": 141.114992, "url": "https://www.iryou.teikyouseido.mhlw.go.jp/znk-web/juminkanja/S2430/initialize?prefCd=03&kikanCd=03300515&kikanKbn=3", "url2": null, "内容": "とも歯科クリニック【3:歯科】岩手県北上市本通り１ー８ー１７" }, "geometry": { "type": "Point", "coordinates": [ 141.114992, 39.287909 ] } },
{ "type": "Feature", "properties": { "ID": 3303300516, "正式名称": "佐藤さとし歯科医院", "機関区分": 3, "都道府県コード": 3, "市区町村コード": 206, "所在地": "岩手県北上市下江釣子１１ー６０ー４", "緯度": 39.299728, "経度": 141.038197, "url": "https://www.iryou.teikyouseido.mhlw.go.jp/znk-web/juminkanja/S2430/initialize?prefCd=03&kikanCd=03300516&kikanKbn=3", "url2": null, "内容": "佐藤さとし歯科医院【3:歯科】岩手県北上市下江釣子１１ー６０ー４" }, "geometry": { "type": "Point", "coordinates": [ 141.038197, 39.299728 ] } },
{ "type": "Feature", "properties": { "ID": 3303300517, "正式名称": "医療法人サイトウデンタルクリニック", "機関区分": 3, "都道府県コード": 3, "市区町村コード": 206, "所在地": "岩手県北上市大通り２－６－１８", "緯度": 39.284033, "経度": 141.116345, "url": "https://www.iryou.teikyouseido.mhlw.go.jp/znk-web/juminkanja/S2430/initialize?prefCd=03&kikanCd=03300517&kikanKbn=3", "url2": "http://www.s-d-c.jp", "内容": "医療法人サイトウデンタルクリニック【3:歯科】岩手県北上市大通り２－６－１８" }, "geometry": { "type": "Point", "coordinates": [ 141.116345, 39.284033 ] } },
{ "type": "Feature", "properties": { "ID": 3303300518, "正式名称": "わたなべ歯科", "機関区分": 3, "都道府県コード": 3, "市区町村コード": 206, "所在地": "岩手県北上市常盤台２丁目１３ー３７", "緯度": 39.301402, "経度": 141.116571, "url": "https://www.iryou.teikyouseido.mhlw.go.jp/znk-web/juminkanja/S2430/initialize?prefCd=03&kikanCd=03300518&kikanKbn=3", "url2": null, "内容": "わたなべ歯科【3:歯科】岩手県北上市常盤台２丁目１３ー３７" }, "geometry": { "type": "Point", "coordinates": [ 141.116571, 39.301402 ] } },
{ "type": "Feature", "properties": { "ID": 3303300519, "正式名称": "和賀歯科医院", "機関区分": 3, "都道府県コード": 3, "市区町村コード": 206, "所在地": "岩手県北上市中野町３－２－４", "緯度": 39.294934, "経度": 141.1284287, "url": "https://www.iryou.teikyouseido.mhlw.go.jp/znk-web/juminkanja/S2430/initialize?prefCd=03&kikanCd=03300519&kikanKbn=3", "url2": "http://waga.dentalmall.jp/", "内容": "和賀歯科医院【3:歯科】岩手県北上市中野町３－２－４" }, "geometry": { "type": "Point", "coordinates": [ 141.1284287, 39.294934 ] } },
{ "type": "Feature", "properties": { "ID": 3303300520, "正式名称": "六本木歯科医院", "機関区分": 3, "都道府県コード": 3, "市区町村コード": 206, "所在地": "岩手県北上市さくら通り３丁目１ー２３", "緯度": 39.296593, "経度": 141.116898, "url": "https://www.iryou.teikyouseido.mhlw.go.jp/znk-web/juminkanja/S2430/initialize?prefCd=03&kikanCd=03300520&kikanKbn=3", "url2": null, "内容": "六本木歯科医院【3:歯科】岩手県北上市さくら通り３丁目１ー２３" }, "geometry": { "type": "Point", "coordinates": [ 141.116898, 39.296593 ] } },
{ "type": "Feature", "properties": { "ID": 3303300521, "正式名称": "ファミリー歯科医院", "機関区分": 3, "都道府県コード": 3, "市区町村コード": 206, "所在地": "岩手県北上市北鬼柳１９ー８３ー１", "緯度": 39.293759, "経度": 141.090967, "url": "https://www.iryou.teikyouseido.mhlw.go.jp/znk-web/juminkanja/S2430/initialize?prefCd=03&kikanCd=03300521&kikanKbn=3", "url2": null, "内容": "ファミリー歯科医院【3:歯科】岩手県北上市北鬼柳１９ー８３ー１" }, "geometry": { "type": "Point", "coordinates": [ 141.090967, 39.293759 ] } },
{ "type": "Feature", "properties": { "ID": 3303300522, "正式名称": "たんご歯科クリニック", "機関区分": 3, "都道府県コード": 3, "市区町村コード": 206, "所在地": "岩手県北上市上野町四丁目１２ー２７", "緯度": 39.303551, "経度": 141.126952, "url": "https://www.iryou.teikyouseido.mhlw.go.jp/znk-web/juminkanja/S2430/initialize?prefCd=03&kikanCd=03300522&kikanKbn=3", "url2": null, "内容": "たんご歯科クリニック【3:歯科】岩手県北上市上野町四丁目１２ー２７" }, "geometry": { "type": "Point", "coordinates": [ 141.126952, 39.303551 ] } },
{ "type": "Feature", "properties": { "ID": 3303300523, "正式名称": "髙義歯科クリニック", "機関区分": 3, "都道府県コード": 3, "市区町村コード": 366, "所在地": "岩手県和賀郡西和賀町湯本３０ー８４ー４", "緯度": 39.343413, "経度": 140.772769, "url": "https://www.iryou.teikyouseido.mhlw.go.jp/znk-web/juminkanja/S2430/initialize?prefCd=03&kikanCd=03300523&kikanKbn=3", "url2": null, "内容": "髙義歯科クリニック【3:歯科】岩手県和賀郡西和賀町湯本３０ー８４ー４" }, "geometry": { "type": "Point", "coordinates": [ 140.772769, 39.343413 ] } },
{ "type": "Feature", "properties": { "ID": 3303300525, "正式名称": "本石町歯科医院", "機関区分": 3, "都道府県コード": 3, "市区町村コード": 206, "所在地": "岩手県北上市本石町", "緯度": 39.292156, "経度": 141.1129, "url": "https://www.iryou.teikyouseido.mhlw.go.jp/znk-web/juminkanja/S2430/initialize?prefCd=03&kikanCd=03300525&kikanKbn=3", "url2": null, "内容": "本石町歯科医院【3:歯科】岩手県北上市本石町" }, "geometry": { "type": "Point", "coordinates": [ 141.1129, 39.292156 ] } },
{ "type": "Feature", "properties": { "ID": 3303300526, "正式名称": "湯田歯科医院", "機関区分": 3, "都道府県コード": 3, "市区町村コード": 366, "所在地": "岩手県和賀郡西和賀町川尻４０ー４０ー６４", "緯度": 39.318605, "経度": 140.778637, "url": "https://www.iryou.teikyouseido.mhlw.go.jp/znk-web/juminkanja/S2430/initialize?prefCd=03&kikanCd=03300526&kikanKbn=3", "url2": null, "内容": "湯田歯科医院【3:歯科】岩手県和賀郡西和賀町川尻４０ー４０ー６４" }, "geometry": { "type": "Point", "coordinates": [ 140.778637, 39.318605 ] } },
{ "type": "Feature", "properties": { "ID": 3303300527, "正式名称": "大通り歯科医院", "機関区分": 3, "都道府県コード": 3, "市区町村コード": 206, "所在地": "岩手県北上市大通り２ー１ー１", "緯度": 39.281697, "経度": 141.118184, "url": "https://www.iryou.teikyouseido.mhlw.go.jp/znk-web/juminkanja/S2430/initialize?prefCd=03&kikanCd=03300527&kikanKbn=3", "url2": null, "内容": "大通り歯科医院【3:歯科】岩手県北上市大通り２ー１ー１" }, "geometry": { "type": "Point", "coordinates": [ 141.118184, 39.281697 ] } },
{ "type": "Feature", "properties": { "ID": 3303300528, "正式名称": "なおこ歯科クリニック", "機関区分": 3, "都道府県コード": 3, "市区町村コード": 206, "所在地": "岩手県北上市北鬼柳１８地割１０４ー２", "緯度": 39.292868, "経度": 141.099088, "url": "https://www.iryou.teikyouseido.mhlw.go.jp/znk-web/juminkanja/S2430/initialize?prefCd=03&kikanCd=03300528&kikanKbn=3", "url2": null, "内容": "なおこ歯科クリニック【3:歯科】岩手県北上市北鬼柳１８地割１０４ー２" }, "geometry": { "type": "Point", "coordinates": [ 141.099088, 39.292868 ] } },
{ "type": "Feature", "properties": { "ID": 3303300529, "正式名称": "門神歯科クリニック", "機関区分": 3, "都道府県コード": 3, "市区町村コード": 206, "所在地": "岩手県北上市和賀町横川目３６地割１６番地１０", "緯度": 39.308798, "経度": 140.98631, "url": "https://www.iryou.teikyouseido.mhlw.go.jp/znk-web/juminkanja/S2430/initialize?prefCd=03&kikanCd=03300529&kikanKbn=3", "url2": null, "内容": "門神歯科クリニック【3:歯科】岩手県北上市和賀町横川目３６地割１６番地１０" }, "geometry": { "type": "Point", "coordinates": [ 140.98631, 39.308798 ] } },
{ "type": "Feature", "properties": { "ID": 3303300530, "正式名称": "おおつつみ歯科クリニック", "機関区分": 3, "都道府県コード": 3, "市区町村コード": 206, "所在地": "岩手県北上市相去町旧舘沢１８ー１", "緯度": 39.26103, "経度": 141.101502, "url": "https://www.iryou.teikyouseido.mhlw.go.jp/znk-web/juminkanja/S2430/initialize?prefCd=03&kikanCd=03300530&kikanKbn=3", "url2": null, "内容": "おおつつみ歯科クリニック【3:歯科】岩手県北上市相去町旧舘沢１８ー１" }, "geometry": { "type": "Point", "coordinates": [ 141.101502, 39.26103 ] } },
{ "type": "Feature", "properties": { "ID": 3303300531, "正式名称": "医療法人眞莉恵会むらさきの歯科医院", "機関区分": 3, "都道府県コード": 3, "市区町村コード": 206, "所在地": "岩手県北上市村崎野１６ー１６６ー３", "緯度": 39.324803, "経度": 141.113599, "url": "https://www.iryou.teikyouseido.mhlw.go.jp/znk-web/juminkanja/S2430/initialize?prefCd=03&kikanCd=03300531&kikanKbn=3", "url2": "murasakinodo.jp", "内容": "医療法人眞莉恵会むらさきの歯科医院【3:歯科】岩手県北上市村崎野１６ー１６６ー３" }, "geometry": { "type": "Point", "coordinates": [ 141.113599, 39.324803 ] } },
{ "type": "Feature", "properties": { "ID": 3303300532, "正式名称": "おやま歯科矯正クリニック", "機関区分": 3, "都道府県コード": 3, "市区町村コード": 206, "所在地": "岩手県北上市大通り２ー３ー１", "緯度": 39.282425, "経度": 141.11839, "url": "https://www.iryou.teikyouseido.mhlw.go.jp/znk-web/juminkanja/S2430/initialize?prefCd=03&kikanCd=03300532&kikanKbn=3", "url2": null, "内容": "おやま歯科矯正クリニック【3:歯科】岩手県北上市大通り２ー３ー１" }, "geometry": { "type": "Point", "coordinates": [ 141.11839, 39.282425 ] } },
{ "type": "Feature", "properties": { "ID": 3303300538, "正式名称": "佐々木歯科医院", "機関区分": 3, "都道府県コード": 3, "市区町村コード": 206, "所在地": "岩手県北上市村崎野１５ー５３７ー５", "緯度": 39.321055, "経度": 141.11484, "url": "https://www.iryou.teikyouseido.mhlw.go.jp/znk-web/juminkanja/S2430/initialize?prefCd=03&kikanCd=03300538&kikanKbn=3", "url2": "https://sasaki-dental-office.net/", "内容": "佐々木歯科医院【3:歯科】岩手県北上市村崎野１５ー５３７ー５" }, "geometry": { "type": "Point", "coordinates": [ 141.11484, 39.321055 ] } },
{ "type": "Feature", "properties": { "ID": 3303300541, "正式名称": "見前歯科クリニック", "機関区分": 3, "都道府県コード": 3, "市区町村コード": 201, "所在地": "岩手県盛岡市西見前１５地割４ー４", "緯度": 39.647067, "経度": 141.162573, "url": "https://www.iryou.teikyouseido.mhlw.go.jp/znk-web/juminkanja/S2430/initialize?prefCd=03&kikanCd=03300541&kikanKbn=3", "url2": "http://www.mirumae.com/", "内容": "見前歯科クリニック【3:歯科】岩手県盛岡市西見前１５地割４ー４" }, "geometry": { "type": "Point", "coordinates": [ 141.162573, 39.647067 ] } },
{ "type": "Feature", "properties": { "ID": 3303300542, "正式名称": "あおば歯科小児歯科クリニック", "機関区分": 3, "都道府県コード": 3, "市区町村コード": 201, "所在地": "岩手県盛岡市前九年３丁目１９ー４６", "緯度": 39.720934, "経度": 141.118583, "url": "https://www.iryou.teikyouseido.mhlw.go.jp/znk-web/juminkanja/S2430/initialize?prefCd=03&kikanCd=03300542&kikanKbn=3", "url2": null, "内容": "あおば歯科小児歯科クリニック【3:歯科】岩手県盛岡市前九年３丁目１９ー４６" }, "geometry": { "type": "Point", "coordinates": [ 141.118583, 39.720934 ] } },
{ "type": "Feature", "properties": { "ID": 3303300544, "正式名称": "梨木歯科医院", "機関区分": 3, "都道府県コード": 3, "市区町村コード": 507, "所在地": "岩手県九戸郡洋野町種市第２３地割６０ー２", "緯度": 40.409948, "経度": 141.711203, "url": "https://www.iryou.teikyouseido.mhlw.go.jp/znk-web/juminkanja/S2430/initialize?prefCd=03&kikanCd=03300544&kikanKbn=3", "url2": null, "内容": "梨木歯科医院【3:歯科】岩手県九戸郡洋野町種市第２３地割６０ー２" }, "geometry": { "type": "Point", "coordinates": [ 141.711203, 40.409948 ] } },
{ "type": "Feature", "properties": { "ID": 3303300546, "正式名称": "佐藤ひろし歯科医院", "機関区分": 3, "都道府県コード": 3, "市区町村コード": 201, "所在地": "岩手県盛岡市上田１ー７ー１１", "緯度": 39.71155, "経度": 141.144873, "url": "https://www.iryou.teikyouseido.mhlw.go.jp/znk-web/juminkanja/S2430/initialize?prefCd=03&kikanCd=03300546&kikanKbn=3", "url2": null, "内容": "佐藤ひろし歯科医院【3:歯科】岩手県盛岡市上田１ー７ー１１" }, "geometry": { "type": "Point", "coordinates": [ 141.144873, 39.71155 ] } },
{ "type": "Feature", "properties": { "ID": 3303300548, "正式名称": "なかさと歯科医院", "機関区分": 3, "都道府県コード": 3, "市区町村コード": 201, "所在地": "岩手県盛岡市緑が丘３丁目２ー４４", "緯度": 39.733312, "経度": 141.143172, "url": "https://www.iryou.teikyouseido.mhlw.go.jp/znk-web/juminkanja/S2430/initialize?prefCd=03&kikanCd=03300548&kikanKbn=3", "url2": "http://www.dental-nakasato.com/", "内容": "なかさと歯科医院【3:歯科】岩手県盛岡市緑が丘３丁目２ー４４" }, "geometry": { "type": "Point", "coordinates": [ 141.143172, 39.733312 ] } },
{ "type": "Feature", "properties": { "ID": 3303300549, "正式名称": "はし歯科こども歯科", "機関区分": 3, "都道府県コード": 3, "市区町村コード": 201, "所在地": "岩手県盛岡市みたけ２丁目２１ー３８", "緯度": 39.747149, "経度": 141.130098, "url": "https://www.iryou.teikyouseido.mhlw.go.jp/znk-web/juminkanja/S2430/initialize?prefCd=03&kikanCd=03300549&kikanKbn=3", "url2": "https://www.hashi-dentalcl.com", "内容": "はし歯科こども歯科【3:歯科】岩手県盛岡市みたけ２丁目２１ー３８" }, "geometry": { "type": "Point", "coordinates": [ 141.130098, 39.747149 ] } },
{ "type": "Feature", "properties": { "ID": 3303300550, "正式名称": "国民健康保険　田野畑村歯科診療所", "機関区分": 3, "都道府県コード": 3, "市区町村コード": 484, "所在地": "岩手県下閉伊郡田野畑村田野畑１２０番地３", "緯度": 39.9315, "経度": 141.894561, "url": "https://www.iryou.teikyouseido.mhlw.go.jp/znk-web/juminkanja/S2430/initialize?prefCd=03&kikanCd=03300550&kikanKbn=3", "url2": null, "内容": "国民健康保険　田野畑村歯科診療所【3:歯科】岩手県下閉伊郡田野畑村田野畑１２０番地３" }, "geometry": { "type": "Point", "coordinates": [ 141.894561, 39.9315 ] } },
{ "type": "Feature", "properties": { "ID": 3303300554, "正式名称": "医療法人陌仁会　森川歯科医院", "機関区分": 3, "都道府県コード": 3, "市区町村コード": 213, "所在地": "岩手県二戸市堀野字大畑３２番地１", "緯度": 40.297958, "経度": 141.30579, "url": "https://www.iryou.teikyouseido.mhlw.go.jp/znk-web/juminkanja/S2430/initialize?prefCd=03&kikanCd=03300554&kikanKbn=3", "url2": "http://www.rnac.ne.jp/~morikawa/i/index.html", "内容": "医療法人陌仁会　森川歯科医院【3:歯科】岩手県二戸市堀野字大畑３２番地１" }, "geometry": { "type": "Point", "coordinates": [ 141.30579, 40.297958 ] } },
{ "type": "Feature", "properties": { "ID": 3303300555, "正式名称": "ふじの歯科医院", "機関区分": 3, "都道府県コード": 3, "市区町村コード": 201, "所在地": "岩手県盛岡市緑が丘３丁目２１−２３", "緯度": 39.737591, "経度": 141.145366, "url": "https://www.iryou.teikyouseido.mhlw.go.jp/znk-web/juminkanja/S2430/initialize?prefCd=03&kikanCd=03300555&kikanKbn=3", "url2": "www.fujinoshika.net", "内容": "ふじの歯科医院【3:歯科】岩手県盛岡市緑が丘３丁目２１−２３" }, "geometry": { "type": "Point", "coordinates": [ 141.145366, 39.737591 ] } },
{ "type": "Feature", "properties": { "ID": 3303300556, "正式名称": "宮古市国民健康保険川井歯科診療所", "機関区分": 3, "都道府県コード": 3, "市区町村コード": 202, "所在地": "岩手県宮古市川井第２地割１６９番地５", "緯度": 39.598645, "経度": 141.679014, "url": "https://www.iryou.teikyouseido.mhlw.go.jp/znk-web/juminkanja/S2430/initialize?prefCd=03&kikanCd=03300556&kikanKbn=3", "url2": null, "内容": "宮古市国民健康保険川井歯科診療所【3:歯科】岩手県宮古市川井第２地割１６９番地５" }, "geometry": { "type": "Point", "coordinates": [ 141.679014, 39.598645 ] } },
{ "type": "Feature", "properties": { "ID": 3303300564, "正式名称": "大手町歯科医院", "機関区分": 3, "都道府県コード": 3, "市区町村コード": 215, "所在地": "岩手県奥州市水沢大手町五丁目１番地", "緯度": 39.143425, "経度": 141.139902, "url": "https://www.iryou.teikyouseido.mhlw.go.jp/znk-web/juminkanja/S2430/initialize?prefCd=03&kikanCd=03300564&kikanKbn=3", "url2": "https://www.otemachi-dent.com/", "内容": "大手町歯科医院【3:歯科】岩手県奥州市水沢大手町五丁目１番地" }, "geometry": { "type": "Point", "coordinates": [ 141.139902, 39.143425 ] } },
{ "type": "Feature", "properties": { "ID": 3303300565, "正式名称": "盛岡ツイン歯科クリニック", "機関区分": 3, "都道府県コード": 3, "市区町村コード": 201, "所在地": "岩手県盛岡市津志田西１－１－３１", "緯度": 39.670329, "経度": 141.153914, "url": "https://www.iryou.teikyouseido.mhlw.go.jp/znk-web/juminkanja/S2430/initialize?prefCd=03&kikanCd=03300565&kikanKbn=3", "url2": "https://www.morioka-twin.dental/", "内容": "盛岡ツイン歯科クリニック【3:歯科】岩手県盛岡市津志田西１－１－３１" }, "geometry": { "type": "Point", "coordinates": [ 141.153914, 39.670329 ] } },
{ "type": "Feature", "properties": { "ID": 3303300567, "正式名称": "さくらデンタルクリニック", "機関区分": 3, "都道府県コード": 3, "市区町村コード": 206, "所在地": "岩手県北上市川岸２丁目１０ー２５", "緯度": 39.286194, "経度": 141.125449, "url": "https://www.iryou.teikyouseido.mhlw.go.jp/znk-web/juminkanja/S2430/initialize?prefCd=03&kikanCd=03300567&kikanKbn=3", "url2": "http://sakuradental.net", "内容": "さくらデンタルクリニック【3:歯科】岩手県北上市川岸２丁目１０ー２５" }, "geometry": { "type": "Point", "coordinates": [ 141.125449, 39.286194 ] } },
{ "type": "Feature", "properties": { "ID": 3303300568, "正式名称": "新津歯科クリニック", "機関区分": 3, "都道府県コード": 3, "市区町村コード": 201, "所在地": "岩手県盛岡市神明町１０ー３８", "緯度": 39.699482, "経度": 141.158957, "url": "https://www.iryou.teikyouseido.mhlw.go.jp/znk-web/juminkanja/S2430/initialize?prefCd=03&kikanCd=03300568&kikanKbn=3", "url2": null, "内容": "新津歯科クリニック【3:歯科】岩手県盛岡市神明町１０ー３８" }, "geometry": { "type": "Point", "coordinates": [ 141.158957, 39.699482 ] } },
{ "type": "Feature", "properties": { "ID": 3303300569, "正式名称": "タケダ歯科盛岡インプラントクリニック", "機関区分": 3, "都道府県コード": 3, "市区町村コード": 201, "所在地": "岩手県盛岡市上田１ー３ー１０", "緯度": 39.712882, "経度": 141.146907, "url": "https://www.iryou.teikyouseido.mhlw.go.jp/znk-web/juminkanja/S2430/initialize?prefCd=03&kikanCd=03300569&kikanKbn=3", "url2": "Hiro418.com", "内容": "タケダ歯科盛岡インプラントクリニック【3:歯科】岩手県盛岡市上田１ー３ー１０" }, "geometry": { "type": "Point", "coordinates": [ 141.146907, 39.712882 ] } },
{ "type": "Feature", "properties": { "ID": 3303300570, "正式名称": "医療法人　双友会　双木歯科医院", "機関区分": 3, "都道府県コード": 3, "市区町村コード": 201, "所在地": "岩手県盛岡市月が丘２ー３ー２５", "緯度": 39.731602, "経度": 141.107933, "url": "https://www.iryou.teikyouseido.mhlw.go.jp/znk-web/juminkanja/S2430/initialize?prefCd=03&kikanCd=03300570&kikanKbn=3", "url2": "http://namiki-dental.com/", "内容": "医療法人　双友会　双木歯科医院【3:歯科】岩手県盛岡市月が丘２ー３ー２５" }, "geometry": { "type": "Point", "coordinates": [ 141.107933, 39.731602 ] } },
{ "type": "Feature", "properties": { "ID": 3303300571, "正式名称": "はたけやま歯科", "機関区分": 3, "都道府県コード": 3, "市区町村コード": 215, "所在地": "岩手県奥州市江刺豊田町三丁目１番２６号", "緯度": 39.185345, "経度": 141.180319, "url": "https://www.iryou.teikyouseido.mhlw.go.jp/znk-web/juminkanja/S2430/initialize?prefCd=03&kikanCd=03300571&kikanKbn=3", "url2": null, "内容": "はたけやま歯科【3:歯科】岩手県奥州市江刺豊田町三丁目１番２６号" }, "geometry": { "type": "Point", "coordinates": [ 141.180319, 39.185345 ] } },
{ "type": "Feature", "properties": { "ID": 3303300572, "正式名称": "いけだ歯科口腔外科", "機関区分": 3, "都道府県コード": 3, "市区町村コード": 201, "所在地": "岩手県盛岡市南大通二丁目１０ー２７", "緯度": 39.694119, "経度": 141.152534, "url": "https://www.iryou.teikyouseido.mhlw.go.jp/znk-web/juminkanja/S2430/initialize?prefCd=03&kikanCd=03300572&kikanKbn=3", "url2": "http://www.i-dos.jp/", "内容": "いけだ歯科口腔外科【3:歯科】岩手県盛岡市南大通二丁目１０ー２７" }, "geometry": { "type": "Point", "coordinates": [ 141.152534, 39.694119 ] } },
{ "type": "Feature", "properties": { "ID": 3303300573, "正式名称": "たかデンタルクリニック", "機関区分": 3, "都道府県コード": 3, "市区町村コード": 201, "所在地": "岩手県盛岡市中央通一丁目６ー２６　ＨＩＫＡＧＥＭＯＮサトウビル２Ｆ", "緯度": 39.705656, "経度": 141.148551, "url": "https://www.iryou.teikyouseido.mhlw.go.jp/znk-web/juminkanja/S2430/initialize?prefCd=03&kikanCd=03300573&kikanKbn=3", "url2": "https://www.taka-dental-clinic.com/", "内容": "たかデンタルクリニック【3:歯科】岩手県盛岡市中央通一丁目６ー２６　ＨＩＫＡＧＥＭＯＮサトウビル２Ｆ" }, "geometry": { "type": "Point", "coordinates": [ 141.148551, 39.705656 ] } },
{ "type": "Feature", "properties": { "ID": 3303300574, "正式名称": "さくらだい外川歯科医院", "機関区分": 3, "都道府県コード": 3, "市区町村コード": 201, "所在地": "岩手県盛岡市上米内字道ノ下３８－９", "緯度": 39.755211, "経度": 141.188026, "url": "https://www.iryou.teikyouseido.mhlw.go.jp/znk-web/juminkanja/S2430/initialize?prefCd=03&kikanCd=03300574&kikanKbn=3", "url2": "http://www.sakuradaisotokawa-dental.com/", "内容": "さくらだい外川歯科医院【3:歯科】岩手県盛岡市上米内字道ノ下３８－９" }, "geometry": { "type": "Point", "coordinates": [ 141.188026, 39.755211 ] } },
{ "type": "Feature", "properties": { "ID": 3303300575, "正式名称": "かめだ歯科医院", "機関区分": 3, "都道府県コード": 3, "市区町村コード": 201, "所在地": "岩手県盛岡市本宮３丁目４６－３１", "緯度": 39.688129, "経度": 141.12916, "url": "https://www.iryou.teikyouseido.mhlw.go.jp/znk-web/juminkanja/S2430/initialize?prefCd=03&kikanCd=03300575&kikanKbn=3", "url2": "http://kame-d.net", "内容": "かめだ歯科医院【3:歯科】岩手県盛岡市本宮３丁目４６－３１" }, "geometry": { "type": "Point", "coordinates": [ 141.12916, 39.688129 ] } },
{ "type": "Feature", "properties": { "ID": 3303300576, "正式名称": "ゆいとぴあ歯科医院", "機関区分": 3, "都道府県コード": 3, "市区町村コード": 201, "所在地": "岩手県盛岡市本宮６丁目１１ー１０", "緯度": 39.687393, "経度": 141.123002, "url": "https://www.iryou.teikyouseido.mhlw.go.jp/znk-web/juminkanja/S2430/initialize?prefCd=03&kikanCd=03300576&kikanKbn=3", "url2": "http://www.yuitopia-dc.com", "内容": "ゆいとぴあ歯科医院【3:歯科】岩手県盛岡市本宮６丁目１１ー１０" }, "geometry": { "type": "Point", "coordinates": [ 141.123002, 39.687393 ] } },
{ "type": "Feature", "properties": { "ID": 3303300577, "正式名称": "ヒデ・デンタルクリニック", "機関区分": 3, "都道府県コード": 3, "市区町村コード": 201, "所在地": "岩手県盛岡市本宮７丁目１－１　イオンモール盛岡南２階", "緯度": 39.683472, "経度": 141.128516, "url": "https://www.iryou.teikyouseido.mhlw.go.jp/znk-web/juminkanja/S2430/initialize?prefCd=03&kikanCd=03300577&kikanKbn=3", "url2": "http://www.hide-dental.com/", "内容": "ヒデ・デンタルクリニック【3:歯科】岩手県盛岡市本宮７丁目１－１　イオンモール盛岡南２階" }, "geometry": { "type": "Point", "coordinates": [ 141.128516, 39.683472 ] } },
{ "type": "Feature", "properties": { "ID": 3303300579, "正式名称": "たかだ歯科クリニック", "機関区分": 3, "都道府県コード": 3, "市区町村コード": 216, "所在地": "岩手県滝沢市狼久保６８９ー６", "緯度": 39.783039, "経度": 141.136659, "url": "https://www.iryou.teikyouseido.mhlw.go.jp/znk-web/juminkanja/S2430/initialize?prefCd=03&kikanCd=03300579&kikanKbn=3", "url2": null, "内容": "たかだ歯科クリニック【3:歯科】岩手県滝沢市狼久保６８９ー６" }, "geometry": { "type": "Point", "coordinates": [ 141.136659, 39.783039 ] } },
{ "type": "Feature", "properties": { "ID": 3303300580, "正式名称": "医療法人安藤歯科医院", "機関区分": 3, "都道府県コード": 3, "市区町村コード": 201, "所在地": "岩手県盛岡市盛岡駅前通８ー３　ＡＮＤＯビル１Ｆ", "緯度": 39.701581, "経度": 141.138167, "url": "https://www.iryou.teikyouseido.mhlw.go.jp/znk-web/juminkanja/S2430/initialize?prefCd=03&kikanCd=03300580&kikanKbn=3", "url2": "https://www.and-o.com", "内容": "医療法人安藤歯科医院【3:歯科】岩手県盛岡市盛岡駅前通８ー３　ＡＮＤＯビル１Ｆ" }, "geometry": { "type": "Point", "coordinates": [ 141.138167, 39.701581 ] } },
{ "type": "Feature", "properties": { "ID": 3303300581, "正式名称": "せきね歯科医院", "機関区分": 3, "都道府県コード": 3, "市区町村コード": 507, "所在地": "岩手県九戸郡洋野町種市２３ー９４ー１６", "緯度": 40.408367, "経度": 141.71758, "url": "https://www.iryou.teikyouseido.mhlw.go.jp/znk-web/juminkanja/S2430/initialize?prefCd=03&kikanCd=03300581&kikanKbn=3", "url2": "http://www.sekineshika.jp", "内容": "せきね歯科医院【3:歯科】岩手県九戸郡洋野町種市２３ー９４ー１６" }, "geometry": { "type": "Point", "coordinates": [ 141.71758, 40.408367 ] } },
{ "type": "Feature", "properties": { "ID": 3303300582, "正式名称": "さくら歯科", "機関区分": 3, "都道府県コード": 3, "市区町村コード": 209, "所在地": "岩手県一関市真柴字矢ノ目沢６４番地１７３", "緯度": 38.910796, "経度": 141.159743, "url": "https://www.iryou.teikyouseido.mhlw.go.jp/znk-web/juminkanja/S2430/initialize?prefCd=03&kikanCd=03300582&kikanKbn=3", "url2": null, "内容": "さくら歯科【3:歯科】岩手県一関市真柴字矢ノ目沢６４番地１７３" }, "geometry": { "type": "Point", "coordinates": [ 141.159743, 38.910796 ] } },
{ "type": "Feature", "properties": { "ID": 3303300583, "正式名称": "中ノ橋歯科クリニック", "機関区分": 3, "都道府県コード": 3, "市区町村コード": 201, "所在地": "岩手県盛岡市中ノ橋通一丁目１１ー２０", "緯度": 39.698679, "経度": 141.158619, "url": "https://www.iryou.teikyouseido.mhlw.go.jp/znk-web/juminkanja/S2430/initialize?prefCd=03&kikanCd=03300583&kikanKbn=3", "url2": "http://www.morioka-21net.com/nakanohashi-sika-clinic/", "内容": "中ノ橋歯科クリニック【3:歯科】岩手県盛岡市中ノ橋通一丁目１１ー２０" }, "geometry": { "type": "Point", "coordinates": [ 141.158619, 39.698679 ] } },
{ "type": "Feature", "properties": { "ID": 3303300584, "正式名称": "医療法人岡村歯科医院", "機関区分": 3, "都道府県コード": 3, "市区町村コード": 201, "所在地": "岩手県盛岡市大通２−６−１４", "緯度": 39.703721, "経度": 141.144983, "url": "https://www.iryou.teikyouseido.mhlw.go.jp/znk-web/juminkanja/S2430/initialize?prefCd=03&kikanCd=03300584&kikanKbn=3", "url2": "http://www.satorino.com", "内容": "医療法人岡村歯科医院【3:歯科】岩手県盛岡市大通２−６−１４" }, "geometry": { "type": "Point", "coordinates": [ 141.144983, 39.703721 ] } },
{ "type": "Feature", "properties": { "ID": 3303300585, "正式名称": "あや歯科医院", "機関区分": 3, "都道府県コード": 3, "市区町村コード": 206, "所在地": "岩手県北上市村崎野１６地割２８４", "緯度": 39.325675, "経度": 141.102527, "url": "https://www.iryou.teikyouseido.mhlw.go.jp/znk-web/juminkanja/S2430/initialize?prefCd=03&kikanCd=03300585&kikanKbn=3", "url2": "www.aya-dentaloffice.com", "内容": "あや歯科医院【3:歯科】岩手県北上市村崎野１６地割２８４" }, "geometry": { "type": "Point", "coordinates": [ 141.102527, 39.325675 ] } },
{ "type": "Feature", "properties": { "ID": 3303300586, "正式名称": "まえだ歯科クリニック", "機関区分": 3, "都道府県コード": 3, "市区町村コード": 215, "所在地": "岩手県奥州市江刺豊田町一丁目１３番１号", "緯度": 39.181962, "経度": 141.177181, "url": "https://www.iryou.teikyouseido.mhlw.go.jp/znk-web/juminkanja/S2430/initialize?prefCd=03&kikanCd=03300586&kikanKbn=3", "url2": "http://maeda-d.com/", "内容": "まえだ歯科クリニック【3:歯科】岩手県奥州市江刺豊田町一丁目１３番１号" }, "geometry": { "type": "Point", "coordinates": [ 141.177181, 39.181962 ] } },
{ "type": "Feature", "properties": { "ID": 3303300587, "正式名称": "岩﨑歯科クリニック", "機関区分": 3, "都道府県コード": 3, "市区町村コード": 209, "所在地": "岩手県一関市三関字仲田３５番地３", "緯度": 38.925591, "経度": 141.147006, "url": "https://www.iryou.teikyouseido.mhlw.go.jp/znk-web/juminkanja/S2430/initialize?prefCd=03&kikanCd=03300587&kikanKbn=3", "url2": null, "内容": "岩﨑歯科クリニック【3:歯科】岩手県一関市三関字仲田３５番地３" }, "geometry": { "type": "Point", "coordinates": [ 141.147006, 38.925591 ] } },
{ "type": "Feature", "properties": { "ID": 3303300589, "正式名称": "中善歯科医院", "機関区分": 3, "都道府県コード": 3, "市区町村コード": 209, "所在地": "岩手県一関市字駅前１１番地", "緯度": 38.925231, "経度": 141.136642, "url": "https://www.iryou.teikyouseido.mhlw.go.jp/znk-web/juminkanja/S2430/initialize?prefCd=03&kikanCd=03300589&kikanKbn=3", "url2": "https://nakazen-shika.com/", "内容": "中善歯科医院【3:歯科】岩手県一関市字駅前１１番地" }, "geometry": { "type": "Point", "coordinates": [ 141.136642, 38.925231 ] } },
{ "type": "Feature", "properties": { "ID": 3303300590, "正式名称": "こいわ歯科クリニック", "機関区分": 3, "都道府県コード": 3, "市区町村コード": 209, "所在地": "岩手県一関市山目字中野２０６番地３", "緯度": 38.933569, "経度": 141.113269, "url": "https://www.iryou.teikyouseido.mhlw.go.jp/znk-web/juminkanja/S2430/initialize?prefCd=03&kikanCd=03300590&kikanKbn=3", "url2": "https://koiwa-implant.jp/", "内容": "こいわ歯科クリニック【3:歯科】岩手県一関市山目字中野２０６番地３" }, "geometry": { "type": "Point", "coordinates": [ 141.113269, 38.933569 ] } },
{ "type": "Feature", "properties": { "ID": 3303300592, "正式名称": "ヨシハラ歯科医院", "機関区分": 3, "都道府県コード": 3, "市区町村コード": 209, "所在地": "岩手県一関市花泉町花泉字深井沢３３番地３", "緯度": 38.834217, "経度": 141.180077, "url": "https://www.iryou.teikyouseido.mhlw.go.jp/znk-web/juminkanja/S2430/initialize?prefCd=03&kikanCd=03300592&kikanKbn=3", "url2": null, "内容": "ヨシハラ歯科医院【3:歯科】岩手県一関市花泉町花泉字深井沢３３番地３" }, "geometry": { "type": "Point", "coordinates": [ 141.180077, 38.834217 ] } },
{ "type": "Feature", "properties": { "ID": 3303300593, "正式名称": "いわぶち歯科", "機関区分": 3, "都道府県コード": 3, "市区町村コード": 203, "所在地": "岩手県大船渡市大船渡町新田４８の２２", "緯度": 39.068938, "経度": 141.716817, "url": "https://www.iryou.teikyouseido.mhlw.go.jp/znk-web/juminkanja/S2430/initialize?prefCd=03&kikanCd=03300593&kikanKbn=3", "url2": null, "内容": "いわぶち歯科【3:歯科】岩手県大船渡市大船渡町新田４８の２２" }, "geometry": { "type": "Point", "coordinates": [ 141.716817, 39.068938 ] } },
{ "type": "Feature", "properties": { "ID": 3303300594, "正式名称": "橋爪歯科医院", "機関区分": 3, "都道府県コード": 3, "市区町村コード": 203, "所在地": "岩手県大船渡市大船渡町字上山１１ー１８", "緯度": 39.063625, "経度": 141.716163, "url": "https://www.iryou.teikyouseido.mhlw.go.jp/znk-web/juminkanja/S2430/initialize?prefCd=03&kikanCd=03300594&kikanKbn=3", "url2": null, "内容": "橋爪歯科医院【3:歯科】岩手県大船渡市大船渡町字上山１１ー１８" }, "geometry": { "type": "Point", "coordinates": [ 141.716163, 39.063625 ] } },
{ "type": "Feature", "properties": { "ID": 3303300595, "正式名称": "歯科福成医院", "機関区分": 3, "都道府県コード": 3, "市区町村コード": 211, "所在地": "岩手県釜石市新町５ー１５", "緯度": 39.265092, "経度": 141.84686, "url": "https://www.iryou.teikyouseido.mhlw.go.jp/znk-web/juminkanja/S2430/initialize?prefCd=03&kikanCd=03300595&kikanKbn=3", "url2": null, "内容": "歯科福成医院【3:歯科】岩手県釜石市新町５ー１５" }, "geometry": { "type": "Point", "coordinates": [ 141.84686, 39.265092 ] } },
{ "type": "Feature", "properties": { "ID": 3303300597, "正式名称": "おおさわ歯科クリニック", "機関区分": 3, "都道府県コード": 3, "市区町村コード": 207, "所在地": "岩手県久慈市川崎町１５ー２９", "緯度": 40.191547, "経度": 141.77411, "url": "https://www.iryou.teikyouseido.mhlw.go.jp/znk-web/juminkanja/S2430/initialize?prefCd=03&kikanCd=03300597&kikanKbn=3", "url2": null, "内容": "おおさわ歯科クリニック【3:歯科】岩手県久慈市川崎町１５ー２９" }, "geometry": { "type": "Point", "coordinates": [ 141.77411, 40.191547 ] } },
{ "type": "Feature", "properties": { "ID": 3303300600, "正式名称": "医療法人　拓心会　松嶋歯科医院", "機関区分": 3, "都道府県コード": 3, "市区町村コード": 201, "所在地": "岩手県盛岡市本宮１丁目９番８号", "緯度": 39.690027, "経度": 141.143395, "url": "https://www.iryou.teikyouseido.mhlw.go.jp/znk-web/juminkanja/S2430/initialize?prefCd=03&kikanCd=03300600&kikanKbn=3", "url2": "https://www.Matshimashika.com/", "内容": "医療法人　拓心会　松嶋歯科医院【3:歯科】岩手県盛岡市本宮１丁目９番８号" }, "geometry": { "type": "Point", "coordinates": [ 141.143395, 39.690027 ] } },
{ "type": "Feature", "properties": { "ID": 3303300601, "正式名称": "仙北坂歯科クリニック", "機関区分": 3, "都道府県コード": 3, "市区町村コード": 201, "所在地": "岩手県盛岡市本宮二丁目１１ー１６", "緯度": 39.689174, "経度": 141.137257, "url": "https://www.iryou.teikyouseido.mhlw.go.jp/znk-web/juminkanja/S2430/initialize?prefCd=03&kikanCd=03300601&kikanKbn=3", "url2": "http://www.oscp.jp/senbokokuzaka-dc/index.html", "内容": "仙北坂歯科クリニック【3:歯科】岩手県盛岡市本宮二丁目１１ー１６" }, "geometry": { "type": "Point", "coordinates": [ 141.137257, 39.689174 ] } },
{ "type": "Feature", "properties": { "ID": 3303300602, "正式名称": "たかせ歯科医院", "機関区分": 3, "都道府県コード": 3, "市区町村コード": 216, "所在地": "岩手県滝沢市穴口１８３ー４", "緯度": 39.742664, "経度": 141.106404, "url": "https://www.iryou.teikyouseido.mhlw.go.jp/znk-web/juminkanja/S2430/initialize?prefCd=03&kikanCd=03300602&kikanKbn=3", "url2": "http://nttbj.itp.ne.jp/0196461900/index.html", "内容": "たかせ歯科医院【3:歯科】岩手県滝沢市穴口１８３ー４" }, "geometry": { "type": "Point", "coordinates": [ 141.106404, 39.742664 ] } },
{ "type": "Feature", "properties": { "ID": 3303300603, "正式名称": "島津歯科医院", "機関区分": 3, "都道府県コード": 3, "市区町村コード": 201, "所在地": "岩手県盛岡市夕顔瀬町７ー１４", "緯度": 39.70672, "経度": 141.13215, "url": "https://www.iryou.teikyouseido.mhlw.go.jp/znk-web/juminkanja/S2430/initialize?prefCd=03&kikanCd=03300603&kikanKbn=3", "url2": "http//www.shimazu-shika.com", "内容": "島津歯科医院【3:歯科】岩手県盛岡市夕顔瀬町７ー１４" }, "geometry": { "type": "Point", "coordinates": [ 141.13215, 39.70672 ] } },
{ "type": "Feature", "properties": { "ID": 3303300608, "正式名称": "笹嶋歯科医院", "機関区分": 3, "都道府県コード": 3, "市区町村コード": 216, "所在地": "岩手県滝沢市鵜飼滝向３番地１", "緯度": 39.728667, "経度": 141.075797, "url": "https://www.iryou.teikyouseido.mhlw.go.jp/znk-web/juminkanja/S2430/initialize?prefCd=03&kikanCd=03300608&kikanKbn=3", "url2": null, "内容": "笹嶋歯科医院【3:歯科】岩手県滝沢市鵜飼滝向３番地１" }, "geometry": { "type": "Point", "coordinates": [ 141.075797, 39.728667 ] } },
{ "type": "Feature", "properties": { "ID": 3303300609, "正式名称": "巣子歯科クリニック", "機関区分": 3, "都道府県コード": 3, "市区町村コード": 216, "所在地": "岩手県滝沢市巣子１５２３番地１", "緯度": 39.777136, "経度": 141.137084, "url": "https://www.iryou.teikyouseido.mhlw.go.jp/znk-web/juminkanja/S2430/initialize?prefCd=03&kikanCd=03300609&kikanKbn=3", "url2": null, "内容": "巣子歯科クリニック【3:歯科】岩手県滝沢市巣子１５２３番地１" }, "geometry": { "type": "Point", "coordinates": [ 141.137084, 39.777136 ] } },
{ "type": "Feature", "properties": { "ID": 3303300614, "正式名称": "マキ歯科クリニック", "機関区分": 3, "都道府県コード": 3, "市区町村コード": 301, "所在地": "岩手県岩手郡雫石町万田渡４５ー３", "緯度": 39.69508, "経度": 140.973361, "url": "https://www.iryou.teikyouseido.mhlw.go.jp/znk-web/juminkanja/S2430/initialize?prefCd=03&kikanCd=03300614&kikanKbn=3", "url2": null, "内容": "マキ歯科クリニック【3:歯科】岩手県岩手郡雫石町万田渡４５ー３" }, "geometry": { "type": "Point", "coordinates": [ 140.973361, 39.69508 ] } },
{ "type": "Feature", "properties": { "ID": 3303300615, "正式名称": "ゆとりが丘きくち歯科", "機関区分": 3, "都道府県コード": 3, "市区町村コード": 216, "所在地": "岩手県滝沢市土沢４７６ー３", "緯度": 39.745245, "経度": 141.102524, "url": "https://www.iryou.teikyouseido.mhlw.go.jp/znk-web/juminkanja/S2430/initialize?prefCd=03&kikanCd=03300615&kikanKbn=3", "url2": "http://yutori-kikuchi.jp/", "内容": "ゆとりが丘きくち歯科【3:歯科】岩手県滝沢市土沢４７６ー３" }, "geometry": { "type": "Point", "coordinates": [ 141.102524, 39.745245 ] } },
{ "type": "Feature", "properties": { "ID": 3303300616, "正式名称": "すこやか歯科こども歯科医院", "機関区分": 3, "都道府県コード": 3, "市区町村コード": 216, "所在地": "岩手県滝沢市鵜飼笹森７２ー２４", "緯度": 39.731943, "経度": 141.0944, "url": "https://www.iryou.teikyouseido.mhlw.go.jp/znk-web/juminkanja/S2430/initialize?prefCd=03&kikanCd=03300616&kikanKbn=3", "url2": null, "内容": "すこやか歯科こども歯科医院【3:歯科】岩手県滝沢市鵜飼笹森７２ー２４" }, "geometry": { "type": "Point", "coordinates": [ 141.0944, 39.731943 ] } },
{ "type": "Feature", "properties": { "ID": 3303300617, "正式名称": "いとう矯正歯科クリニック", "機関区分": 3, "都道府県コード": 3, "市区町村コード": 215, "所在地": "岩手県奥州市水沢字桜屋敷７０１番地", "緯度": 39.124896, "経度": 141.128261, "url": "https://www.iryou.teikyouseido.mhlw.go.jp/znk-web/juminkanja/S2430/initialize?prefCd=03&kikanCd=03300617&kikanKbn=3", "url2": "http://www.ito-kyousei.com", "内容": "いとう矯正歯科クリニック【3:歯科】岩手県奥州市水沢字桜屋敷７０１番地" }, "geometry": { "type": "Point", "coordinates": [ 141.128261, 39.124896 ] } },
{ "type": "Feature", "properties": { "ID": 3303300618, "正式名称": "中村歯科クリニック", "機関区分": 3, "都道府県コード": 3, "市区町村コード": 215, "所在地": "岩手県奥州市前沢白山字合野３２番地", "緯度": 39.075439, "経度": 141.15941, "url": "https://www.iryou.teikyouseido.mhlw.go.jp/znk-web/juminkanja/S2430/initialize?prefCd=03&kikanCd=03300618&kikanKbn=3", "url2": null, "内容": "中村歯科クリニック【3:歯科】岩手県奥州市前沢白山字合野３２番地" }, "geometry": { "type": "Point", "coordinates": [ 141.15941, 39.075439 ] } },
{ "type": "Feature", "properties": { "ID": 3303300619, "正式名称": "医療法人　一止会　くまかみ歯科クリニック", "機関区分": 3, "都道府県コード": 3, "市区町村コード": 203, "所在地": "岩手県大船渡市赤崎町字諏訪前３７番２", "緯度": 39.087939, "経度": 141.717266, "url": "https://www.iryou.teikyouseido.mhlw.go.jp/znk-web/juminkanja/S2430/initialize?prefCd=03&kikanCd=03300619&kikanKbn=3", "url2": null, "内容": "医療法人　一止会　くまかみ歯科クリニック【3:歯科】岩手県大船渡市赤崎町字諏訪前３７番２" }, "geometry": { "type": "Point", "coordinates": [ 141.717266, 39.087939 ] } },
{ "type": "Feature", "properties": { "ID": 3303300620, "正式名称": "こばやし歯科クリニック", "機関区分": 3, "都道府県コード": 3, "市区町村コード": 207, "所在地": "岩手県久慈市旭町第９地割４６ー２", "緯度": 40.200023, "経度": 141.775701, "url": "https://www.iryou.teikyouseido.mhlw.go.jp/znk-web/juminkanja/S2430/initialize?prefCd=03&kikanCd=03300620&kikanKbn=3", "url2": null, "内容": "こばやし歯科クリニック【3:歯科】岩手県久慈市旭町第９地割４６ー２" }, "geometry": { "type": "Point", "coordinates": [ 141.775701, 40.200023 ] } },
{ "type": "Feature", "properties": { "ID": 3303300621, "正式名称": "ぽっぽ歯科クリニック", "機関区分": 3, "都道府県コード": 3, "市区町村コード": 524, "所在地": "岩手県二戸郡一戸町一戸字砂森１２３－１", "緯度": 40.210675, "経度": 141.304921, "url": "https://www.iryou.teikyouseido.mhlw.go.jp/znk-web/juminkanja/S2430/initialize?prefCd=03&kikanCd=03300621&kikanKbn=3", "url2": "http://poppo-dental.dreama.jp/", "内容": "ぽっぽ歯科クリニック【3:歯科】岩手県二戸郡一戸町一戸字砂森１２３－１" }, "geometry": { "type": "Point", "coordinates": [ 141.304921, 40.210675 ] } },
{ "type": "Feature", "properties": { "ID": 3303300622, "正式名称": "こしみず歯科クリニック", "機関区分": 3, "都道府県コード": 3, "市区町村コード": 524, "所在地": "岩手県二戸郡一戸町一戸字蒔前５２", "緯度": 40.223893, "経度": 141.295321, "url": "https://www.iryou.teikyouseido.mhlw.go.jp/znk-web/juminkanja/S2430/initialize?prefCd=03&kikanCd=03300622&kikanKbn=3", "url2": "http://www7.plala.or.jp/koshimizu-dental/index.html", "内容": "こしみず歯科クリニック【3:歯科】岩手県二戸郡一戸町一戸字蒔前５２" }, "geometry": { "type": "Point", "coordinates": [ 141.295321, 40.223893 ] } },
{ "type": "Feature", "properties": { "ID": 3303300623, "正式名称": "医療法人桜歩会　ますだ歯科クリニック", "機関区分": 3, "都道府県コード": 3, "市区町村コード": 213, "所在地": "岩手県二戸市石切所字荷渡２ー９", "緯度": 40.269654, "経度": 141.295704, "url": "https://www.iryou.teikyouseido.mhlw.go.jp/znk-web/juminkanja/S2430/initialize?prefCd=03&kikanCd=03300623&kikanKbn=3", "url2": null, "内容": "医療法人桜歩会　ますだ歯科クリニック【3:歯科】岩手県二戸市石切所字荷渡２ー９" }, "geometry": { "type": "Point", "coordinates": [ 141.295704, 40.269654 ] } },
{ "type": "Feature", "properties": { "ID": 3303300624, "正式名称": "さとう歯科医院", "機関区分": 3, "都道府県コード": 3, "市区町村コード": 201, "所在地": "岩手県盛岡市黒石野１丁目１０ー３", "緯度": 39.740612, "経度": 141.146367, "url": "https://www.iryou.teikyouseido.mhlw.go.jp/znk-web/juminkanja/S2430/initialize?prefCd=03&kikanCd=03300624&kikanKbn=3", "url2": "http://www.satou-dental.com/", "内容": "さとう歯科医院【3:歯科】岩手県盛岡市黒石野１丁目１０ー３" }, "geometry": { "type": "Point", "coordinates": [ 141.146367, 39.740612 ] } },
{ "type": "Feature", "properties": { "ID": 3303300625, "正式名称": "まつしま歯科医院", "機関区分": 3, "都道府県コード": 3, "市区町村コード": 201, "所在地": "岩手県盛岡市渋民字駅２５ー６", "緯度": 39.842569, "経度": 141.168074, "url": "https://www.iryou.teikyouseido.mhlw.go.jp/znk-web/juminkanja/S2430/initialize?prefCd=03&kikanCd=03300625&kikanKbn=3", "url2": null, "内容": "まつしま歯科医院【3:歯科】岩手県盛岡市渋民字駅２５ー６" }, "geometry": { "type": "Point", "coordinates": [ 141.168074, 39.842569 ] } },
{ "type": "Feature", "properties": { "ID": 3303300626, "正式名称": "医療法人かみはら　かみはら歯科医院", "機関区分": 3, "都道府県コード": 3, "市区町村コード": 201, "所在地": "岩手県盛岡市中ノ橋通１ー８ー２１", "緯度": 39.70067, "経度": 141.157143, "url": "https://www.iryou.teikyouseido.mhlw.go.jp/znk-web/juminkanja/S2430/initialize?prefCd=03&kikanCd=03300626&kikanKbn=3", "url2": null, "内容": "医療法人かみはら　かみはら歯科医院【3:歯科】岩手県盛岡市中ノ橋通１ー８ー２１" }, "geometry": { "type": "Point", "coordinates": [ 141.157143, 39.70067 ] } },
{ "type": "Feature", "properties": { "ID": 3303300627, "正式名称": "くどう歯科クリニック", "機関区分": 3, "都道府県コード": 3, "市区町村コード": 201, "所在地": "岩手県盛岡市長橋町１６ー２０", "緯度": 39.716669, "経度": 141.102179, "url": "https://www.iryou.teikyouseido.mhlw.go.jp/znk-web/juminkanja/S2430/initialize?prefCd=03&kikanCd=03300627&kikanKbn=3", "url2": "https://www.kudodental2004.com/", "内容": "くどう歯科クリニック【3:歯科】岩手県盛岡市長橋町１６ー２０" }, "geometry": { "type": "Point", "coordinates": [ 141.102179, 39.716669 ] } },
{ "type": "Feature", "properties": { "ID": 3303300628, "正式名称": "くろさわ歯科医院", "機関区分": 3, "都道府県コード": 3, "市区町村コード": 201, "所在地": "岩手県盛岡市本町通２丁目３ー１１", "緯度": 39.706989, "経度": 141.1505, "url": "https://www.iryou.teikyouseido.mhlw.go.jp/znk-web/juminkanja/S2430/initialize?prefCd=03&kikanCd=03300628&kikanKbn=3", "url2": "http://kurosawadental.jp", "内容": "くろさわ歯科医院【3:歯科】岩手県盛岡市本町通２丁目３ー１１" }, "geometry": { "type": "Point", "coordinates": [ 141.1505, 39.706989 ] } },
{ "type": "Feature", "properties": { "ID": 3303300629, "正式名称": "ホリデーデンタルクリニック", "機関区分": 3, "都道府県コード": 3, "市区町村コード": 209, "所在地": "岩手県一関市赤荻字亀田１７３番地１", "緯度": 38.939709, "経度": 141.092229, "url": "https://www.iryou.teikyouseido.mhlw.go.jp/znk-web/juminkanja/S2430/initialize?prefCd=03&kikanCd=03300629&kikanKbn=3", "url2": null, "内容": "ホリデーデンタルクリニック【3:歯科】岩手県一関市赤荻字亀田１７３番地１" }, "geometry": { "type": "Point", "coordinates": [ 141.092229, 38.939709 ] } },
{ "type": "Feature", "properties": { "ID": 3303300630, "正式名称": "吉田歯科クリニック", "機関区分": 3, "都道府県コード": 3, "市区町村コード": 209, "所在地": "岩手県一関市千厩町奥玉字中日向２０１番地２", "緯度": 38.958619, "経度": 141.375261, "url": "https://www.iryou.teikyouseido.mhlw.go.jp/znk-web/juminkanja/S2430/initialize?prefCd=03&kikanCd=03300630&kikanKbn=3", "url2": "https://www.yoshida-shika-clinic.info/", "内容": "吉田歯科クリニック【3:歯科】岩手県一関市千厩町奥玉字中日向２０１番地２" }, "geometry": { "type": "Point", "coordinates": [ 141.375261, 38.958619 ] } },
{ "type": "Feature", "properties": { "ID": 3303300631, "正式名称": "たかはし歯科医院", "機関区分": 3, "都道府県コード": 3, "市区町村コード": 215, "所在地": "岩手県奥州市前沢平小路２８番地９", "緯度": 39.04611, "経度": 141.123287, "url": "https://www.iryou.teikyouseido.mhlw.go.jp/znk-web/juminkanja/S2430/initialize?prefCd=03&kikanCd=03300631&kikanKbn=3", "url2": "http://www015.upp.so-net.ne.jp/ataka/", "内容": "たかはし歯科医院【3:歯科】岩手県奥州市前沢平小路２８番地９" }, "geometry": { "type": "Point", "coordinates": [ 141.123287, 39.04611 ] } },
{ "type": "Feature", "properties": { "ID": 3303300632, "正式名称": "金子歯科医院", "機関区分": 3, "都道府県コード": 3, "市区町村コード": 201, "所在地": "岩手県盛岡市肴町４番２５号", "緯度": 39.698757, "経度": 141.154663, "url": "https://www.iryou.teikyouseido.mhlw.go.jp/znk-web/juminkanja/S2430/initialize?prefCd=03&kikanCd=03300632&kikanKbn=3", "url2": "h.kanekoshika.comttp://www", "内容": "金子歯科医院【3:歯科】岩手県盛岡市肴町４番２５号" }, "geometry": { "type": "Point", "coordinates": [ 141.154663, 39.698757 ] } },
{ "type": "Feature", "properties": { "ID": 3303300633, "正式名称": "ささき歯科", "機関区分": 3, "都道府県コード": 3, "市区町村コード": 402, "所在地": "岩手県西磐井郡平泉町平泉字志羅山１３６番地４", "緯度": 38.988386, "経度": 141.113782, "url": "https://www.iryou.teikyouseido.mhlw.go.jp/znk-web/juminkanja/S2430/initialize?prefCd=03&kikanCd=03300633&kikanKbn=3", "url2": null, "内容": "ささき歯科【3:歯科】岩手県西磐井郡平泉町平泉字志羅山１３６番地４" }, "geometry": { "type": "Point", "coordinates": [ 141.113782, 38.988386 ] } },
{ "type": "Feature", "properties": { "ID": 3303300634, "正式名称": "鈴木歯科医院", "機関区分": 3, "都道府県コード": 3, "市区町村コード": 211, "所在地": "岩手県釜石市中妻町３‐７‐１０", "緯度": 39.268521, "経度": 141.854915, "url": "https://www.iryou.teikyouseido.mhlw.go.jp/znk-web/juminkanja/S2430/initialize?prefCd=03&kikanCd=03300634&kikanKbn=3", "url2": "//www.geocities.co.jp/Technopolis/7392/sub29.htm", "内容": "鈴木歯科医院【3:歯科】岩手県釜石市中妻町３‐７‐１０" }, "geometry": { "type": "Point", "coordinates": [ 141.854915, 39.268521 ] } },
{ "type": "Feature", "properties": { "ID": 3303300635, "正式名称": "ささき歯科クリニック", "機関区分": 3, "都道府県コード": 3, "市区町村コード": 216, "所在地": "岩手県滝沢市鵜飼狐洞１ー４５７", "緯度": 39.735279, "経度": 141.086498, "url": "https://www.iryou.teikyouseido.mhlw.go.jp/znk-web/juminkanja/S2430/initialize?prefCd=03&kikanCd=03300635&kikanKbn=3", "url2": null, "内容": "ささき歯科クリニック【3:歯科】岩手県滝沢市鵜飼狐洞１ー４５７" }, "geometry": { "type": "Point", "coordinates": [ 141.086498, 39.735279 ] } },
{ "type": "Feature", "properties": { "ID": 3303300637, "正式名称": "菅原歯科医院", "機関区分": 3, "都道府県コード": 3, "市区町村コード": 213, "所在地": "岩手県二戸市金田一字馬場１４７の１", "緯度": 40.318228, "経度": 141.307392, "url": "https://www.iryou.teikyouseido.mhlw.go.jp/znk-web/juminkanja/S2430/initialize?prefCd=03&kikanCd=03300637&kikanKbn=3", "url2": null, "内容": "菅原歯科医院【3:歯科】岩手県二戸市金田一字馬場１４７の１" }, "geometry": { "type": "Point", "coordinates": [ 141.307392, 40.318228 ] } },
{ "type": "Feature", "properties": { "ID": 3303300638, "正式名称": "佐藤歯科医院", "機関区分": 3, "都道府県コード": 3, "市区町村コード": 209, "所在地": "岩手県一関市大東町摺沢字礼田１７番地１", "緯度": 38.995882, "経度": 141.317886, "url": "https://www.iryou.teikyouseido.mhlw.go.jp/znk-web/juminkanja/S2430/initialize?prefCd=03&kikanCd=03300638&kikanKbn=3", "url2": null, "内容": "佐藤歯科医院【3:歯科】岩手県一関市大東町摺沢字礼田１７番地１" }, "geometry": { "type": "Point", "coordinates": [ 141.317886, 38.995882 ] } },
{ "type": "Feature", "properties": { "ID": 3303300639, "正式名称": "金ケ崎町国民健康保険金ケ崎歯科診療所", "機関区分": 3, "都道府県コード": 3, "市区町村コード": 381, "所在地": "岩手県胆沢郡金ケ崎町西根鑓水９８番地", "緯度": 39.195335, "経度": 141.112001, "url": "https://www.iryou.teikyouseido.mhlw.go.jp/znk-web/juminkanja/S2430/initialize?prefCd=03&kikanCd=03300639&kikanKbn=3", "url2": "https://www.town.kanegasaki.iwate.jp/docs/2021052000013/", "内容": "金ケ崎町国民健康保険金ケ崎歯科診療所【3:歯科】岩手県胆沢郡金ケ崎町西根鑓水９８番地" }, "geometry": { "type": "Point", "coordinates": [ 141.112001, 39.195335 ] } },
{ "type": "Feature", "properties": { "ID": 3303300640, "正式名称": "ひであき歯科", "機関区分": 3, "都道府県コード": 3, "市区町村コード": 201, "所在地": "岩手県盛岡市肴町３ー１８　ラオ・エム・コート　１階", "緯度": 39.699302, "経度": 141.154016, "url": "https://www.iryou.teikyouseido.mhlw.go.jp/znk-web/juminkanja/S2430/initialize?prefCd=03&kikanCd=03300640&kikanKbn=3", "url2": "http://hide811.com", "内容": "ひであき歯科【3:歯科】岩手県盛岡市肴町３ー１８　ラオ・エム・コート　１階" }, "geometry": { "type": "Point", "coordinates": [ 141.154016, 39.699302 ] } },
{ "type": "Feature", "properties": { "ID": 3303300641, "正式名称": "かど歯科クリニック", "機関区分": 3, "都道府県コード": 3, "市区町村コード": 201, "所在地": "岩手県盛岡市門１－１９－１７", "緯度": 39.669014, "経度": 141.171477, "url": "https://www.iryou.teikyouseido.mhlw.go.jp/znk-web/juminkanja/S2430/initialize?prefCd=03&kikanCd=03300641&kikanKbn=3", "url2": null, "内容": "かど歯科クリニック【3:歯科】岩手県盛岡市門１－１９－１７" }, "geometry": { "type": "Point", "coordinates": [ 141.171477, 39.669014 ] } },
{ "type": "Feature", "properties": { "ID": 3303300642, "正式名称": "坂下歯科医院", "機関区分": 3, "都道府県コード": 3, "市区町村コード": 202, "所在地": "岩手県宮古市宮町１－１－４６", "緯度": 39.63912, "経度": 141.945817, "url": "https://www.iryou.teikyouseido.mhlw.go.jp/znk-web/juminkanja/S2430/initialize?prefCd=03&kikanCd=03300642&kikanKbn=3", "url2": null, "内容": "坂下歯科医院【3:歯科】岩手県宮古市宮町１－１－４６" }, "geometry": { "type": "Point", "coordinates": [ 141.945817, 39.63912 ] } },
{ "type": "Feature", "properties": { "ID": 3303300645, "正式名称": "いわぶち歯科", "機関区分": 3, "都道府県コード": 3, "市区町村コード": 381, "所在地": "岩手県胆沢郡金ケ崎町西根上平沢５７番地６９", "緯度": 39.222182, "経度": 141.065777, "url": "https://www.iryou.teikyouseido.mhlw.go.jp/znk-web/juminkanja/S2430/initialize?prefCd=03&kikanCd=03300645&kikanKbn=3", "url2": null, "内容": "いわぶち歯科【3:歯科】岩手県胆沢郡金ケ崎町西根上平沢５７番地６９" }, "geometry": { "type": "Point", "coordinates": [ 141.065777, 39.222182 ] } },
{ "type": "Feature", "properties": { "ID": 3303300647, "正式名称": "内舘歯科医院", "機関区分": 3, "都道府県コード": 3, "市区町村コード": 482, "所在地": "岩手県下閉伊郡山田町飯岡第２地割１番地６０", "緯度": 39.456166, "経度": 141.942744, "url": "https://www.iryou.teikyouseido.mhlw.go.jp/znk-web/juminkanja/S2430/initialize?prefCd=03&kikanCd=03300647&kikanKbn=3", "url2": "http://www.uchidate-dc.com", "内容": "内舘歯科医院【3:歯科】岩手県下閉伊郡山田町飯岡第２地割１番地６０" }, "geometry": { "type": "Point", "coordinates": [ 141.942744, 39.456166 ] } },
{ "type": "Feature", "properties": { "ID": 3303300648, "正式名称": "ねそり歯科", "機関区分": 3, "都道府県コード": 3, "市区町村コード": 201, "所在地": "岩手県盛岡市みたけ３－１８－６", "緯度": 39.736463, "経度": 141.11663, "url": "https://www.iryou.teikyouseido.mhlw.go.jp/znk-web/juminkanja/S2430/initialize?prefCd=03&kikanCd=03300648&kikanKbn=3", "url2": "http://www.nesorishika.com", "内容": "ねそり歯科【3:歯科】岩手県盛岡市みたけ３－１８－６" }, "geometry": { "type": "Point", "coordinates": [ 141.11663, 39.736463 ] } },
{ "type": "Feature", "properties": { "ID": 3303300649, "正式名称": "医療法人　銀杏会　コバヤシデンタルクリニック", "機関区分": 3, "都道府県コード": 3, "市区町村コード": 201, "所在地": "岩手県盛岡市中央通２丁目１０ー１５", "緯度": 39.704737, "経度": 141.144159, "url": "https://www.iryou.teikyouseido.mhlw.go.jp/znk-web/juminkanja/S2430/initialize?prefCd=03&kikanCd=03300649&kikanKbn=3", "url2": "http://www.kobayashi-dental-clinic.jp", "内容": "医療法人　銀杏会　コバヤシデンタルクリニック【3:歯科】岩手県盛岡市中央通２丁目１０ー１５" }, "geometry": { "type": "Point", "coordinates": [ 141.144159, 39.704737 ] } },
{ "type": "Feature", "properties": { "ID": 3303300650, "正式名称": "歯の松本", "機関区分": 3, "都道府県コード": 3, "市区町村コード": 201, "所在地": "岩手県盛岡市東安庭１ー２３ー６２", "緯度": 39.680159, "経度": 141.16424, "url": "https://www.iryou.teikyouseido.mhlw.go.jp/znk-web/juminkanja/S2430/initialize?prefCd=03&kikanCd=03300650&kikanKbn=3", "url2": "https://hanomatsumoto.com/", "内容": "歯の松本【3:歯科】岩手県盛岡市東安庭１ー２３ー６２" }, "geometry": { "type": "Point", "coordinates": [ 141.16424, 39.680159 ] } },
{ "type": "Feature", "properties": { "ID": 3303300651, "正式名称": "スマイリーキッズ・デンタルケア", "機関区分": 3, "都道府県コード": 3, "市区町村コード": 206, "所在地": "岩手県北上市九年橋７ー２２", "緯度": 39.282303, "経度": 141.111364, "url": "https://www.iryou.teikyouseido.mhlw.go.jp/znk-web/juminkanja/S2430/initialize?prefCd=03&kikanCd=03300651&kikanKbn=3", "url2": null, "内容": "スマイリーキッズ・デンタルケア【3:歯科】岩手県北上市九年橋７ー２２" }, "geometry": { "type": "Point", "coordinates": [ 141.111364, 39.282303 ] } },
{ "type": "Feature", "properties": { "ID": 3303300653, "正式名称": "ノリ・デンタルクリニック", "機関区分": 3, "都道府県コード": 3, "市区町村コード": 201, "所在地": "岩手県盛岡市北飯岡１ー２ー７１", "緯度": 39.680377, "経度": 141.133267, "url": "https://www.iryou.teikyouseido.mhlw.go.jp/znk-web/juminkanja/S2430/initialize?prefCd=03&kikanCd=03300653&kikanKbn=3", "url2": "http://www.nori-dental.jp/", "内容": "ノリ・デンタルクリニック【3:歯科】岩手県盛岡市北飯岡１ー２ー７１" }, "geometry": { "type": "Point", "coordinates": [ 141.133267, 39.680377 ] } },
{ "type": "Feature", "properties": { "ID": 3303300654, "正式名称": "とも歯科医院", "機関区分": 3, "都道府県コード": 3, "市区町村コード": 205, "所在地": "岩手県花巻市星が丘１丁目３０ー８", "緯度": 39.401219, "経度": 141.105857, "url": "https://www.iryou.teikyouseido.mhlw.go.jp/znk-web/juminkanja/S2430/initialize?prefCd=03&kikanCd=03300654&kikanKbn=3", "url2": null, "内容": "とも歯科医院【3:歯科】岩手県花巻市星が丘１丁目３０ー８" }, "geometry": { "type": "Point", "coordinates": [ 141.105857, 39.401219 ] } },
{ "type": "Feature", "properties": { "ID": 3303300655, "正式名称": "なかじま歯科クリニック", "機関区分": 3, "都道府県コード": 3, "市区町村コード": 215, "所在地": "岩手県奥州市水沢高網２５", "緯度": 39.152904, "経度": 141.130969, "url": "https://www.iryou.teikyouseido.mhlw.go.jp/znk-web/juminkanja/S2430/initialize?prefCd=03&kikanCd=03300655&kikanKbn=3", "url2": null, "内容": "なかじま歯科クリニック【3:歯科】岩手県奥州市水沢高網２５" }, "geometry": { "type": "Point", "coordinates": [ 141.130969, 39.152904 ] } },
{ "type": "Feature", "properties": { "ID": 3303300656, "正式名称": "きむら歯科医院", "機関区分": 3, "都道府県コード": 3, "市区町村コード": 201, "所在地": "岩手県盛岡市緑が丘３丁目１２番３号", "緯度": 39.735414, "経度": 141.145148, "url": "https://www.iryou.teikyouseido.mhlw.go.jp/znk-web/juminkanja/S2430/initialize?prefCd=03&kikanCd=03300656&kikanKbn=3", "url2": null, "内容": "きむら歯科医院【3:歯科】岩手県盛岡市緑が丘３丁目１２番３号" }, "geometry": { "type": "Point", "coordinates": [ 141.145148, 39.735414 ] } },
{ "type": "Feature", "properties": { "ID": 3303300658, "正式名称": "雫石歯科医院", "機関区分": 3, "都道府県コード": 3, "市区町村コード": 301, "所在地": "岩手県岩手郡雫石町上町東１ー５", "緯度": 39.69529, "経度": 140.96935, "url": "https://www.iryou.teikyouseido.mhlw.go.jp/znk-web/juminkanja/S2430/initialize?prefCd=03&kikanCd=03300658&kikanKbn=3", "url2": null, "内容": "雫石歯科医院【3:歯科】岩手県岩手郡雫石町上町東１ー５" }, "geometry": { "type": "Point", "coordinates": [ 140.96935, 39.69529 ] } },
{ "type": "Feature", "properties": { "ID": 3303300659, "正式名称": "むらた歯科", "機関区分": 3, "都道府県コード": 3, "市区町村コード": 322, "所在地": "岩手県紫波郡矢巾町又兵エ新田８―１６９ＴＴＭ不来方西号室", "緯度": 39.615362, "経度": 141.145006, "url": "https://www.iryou.teikyouseido.mhlw.go.jp/znk-web/juminkanja/S2430/initialize?prefCd=03&kikanCd=03300659&kikanKbn=3", "url2": null, "内容": "むらた歯科【3:歯科】岩手県紫波郡矢巾町又兵エ新田８―１６９ＴＴＭ不来方西号室" }, "geometry": { "type": "Point", "coordinates": [ 141.145006, 39.615362 ] } },
{ "type": "Feature", "properties": { "ID": 3303300661, "正式名称": "平泉歯科診療所", "機関区分": 3, "都道府県コード": 3, "市区町村コード": 402, "所在地": "岩手県西磐井郡平泉町平泉字志羅山１１番地４", "緯度": 38.987546, "経度": 141.114615, "url": "https://www.iryou.teikyouseido.mhlw.go.jp/znk-web/juminkanja/S2430/initialize?prefCd=03&kikanCd=03300661&kikanKbn=3", "url2": null, "内容": "平泉歯科診療所【3:歯科】岩手県西磐井郡平泉町平泉字志羅山１１番地４" }, "geometry": { "type": "Point", "coordinates": [ 141.114615, 38.987546 ] } },
{ "type": "Feature", "properties": { "ID": 3303300662, "正式名称": "医療法人翔陽会　北上インプラントデンタルオフィス", "機関区分": 3, "都道府県コード": 3, "市区町村コード": 206, "所在地": "岩手県北上市柳原町４丁目１１ー１９", "緯度": 39.295551, "経度": 141.112211, "url": "https://www.iryou.teikyouseido.mhlw.go.jp/znk-web/juminkanja/S2430/initialize?prefCd=03&kikanCd=03300662&kikanKbn=3", "url2": "https://kitakami-implant-trt.com/", "内容": "医療法人翔陽会　北上インプラントデンタルオフィス【3:歯科】岩手県北上市柳原町４丁目１１ー１９" }, "geometry": { "type": "Point", "coordinates": [ 141.112211, 39.295551 ] } },
{ "type": "Feature", "properties": { "ID": 3303300664, "正式名称": "医療法人永照堂松浦歯科医院", "機関区分": 3, "都道府県コード": 3, "市区町村コード": 206, "所在地": "岩手県北上市青柳町２丁目６ー２１", "緯度": 39.285209, "経度": 141.115563, "url": "https://www.iryou.teikyouseido.mhlw.go.jp/znk-web/juminkanja/S2430/initialize?prefCd=03&kikanCd=03300664&kikanKbn=3", "url2": null, "内容": "医療法人永照堂松浦歯科医院【3:歯科】岩手県北上市青柳町２丁目６ー２１" }, "geometry": { "type": "Point", "coordinates": [ 141.115563, 39.285209 ] } },
{ "type": "Feature", "properties": { "ID": 3303300668, "正式名称": "なつた歯科医院", "機関区分": 3, "都道府県コード": 3, "市区町村コード": 215, "所在地": "岩手県奥州市胆沢南都田字宇南田１６４番地１", "緯度": 39.141824, "経度": 141.097887, "url": "https://www.iryou.teikyouseido.mhlw.go.jp/znk-web/juminkanja/S2430/initialize?prefCd=03&kikanCd=03300668&kikanKbn=3", "url2": null, "内容": "なつた歯科医院【3:歯科】岩手県奥州市胆沢南都田字宇南田１６４番地１" }, "geometry": { "type": "Point", "coordinates": [ 141.097887, 39.141824 ] } },
{ "type": "Feature", "properties": { "ID": 3303300669, "正式名称": "松本陽子デンタルクリニック", "機関区分": 3, "都道府県コード": 3, "市区町村コード": 201, "所在地": "岩手県盛岡市本宮二丁目４３ー１１", "緯度": 39.684792, "経度": 141.140008, "url": "https://www.iryou.teikyouseido.mhlw.go.jp/znk-web/juminkanja/S2430/initialize?prefCd=03&kikanCd=03300669&kikanKbn=3", "url2": "http://yoko-dc.com", "内容": "松本陽子デンタルクリニック【3:歯科】岩手県盛岡市本宮二丁目４３ー１１" }, "geometry": { "type": "Point", "coordinates": [ 141.140008, 39.684792 ] } },
{ "type": "Feature", "properties": { "ID": 3303300670, "正式名称": "高野歯科クリニック", "機関区分": 3, "都道府県コード": 3, "市区町村コード": 215, "所在地": "岩手県奥州市水沢谷地明円３７番地７", "緯度": 39.140262, "経度": 141.132653, "url": "https://www.iryou.teikyouseido.mhlw.go.jp/znk-web/juminkanja/S2430/initialize?prefCd=03&kikanCd=03300670&kikanKbn=3", "url2": null, "内容": "高野歯科クリニック【3:歯科】岩手県奥州市水沢谷地明円３７番地７" }, "geometry": { "type": "Point", "coordinates": [ 141.132653, 39.140262 ] } },
{ "type": "Feature", "properties": { "ID": 3303300671, "正式名称": "清水町デンタルクリニック", "機関区分": 3, "都道府県コード": 3, "市区町村コード": 201, "所在地": "岩手県盛岡市清水町４ー３０", "緯度": 39.695587, "経度": 141.151411, "url": "https://www.iryou.teikyouseido.mhlw.go.jp/znk-web/juminkanja/S2430/initialize?prefCd=03&kikanCd=03300671&kikanKbn=3", "url2": "http://www.shimizucho-dc.com/", "内容": "清水町デンタルクリニック【3:歯科】岩手県盛岡市清水町４ー３０" }, "geometry": { "type": "Point", "coordinates": [ 141.151411, 39.695587 ] } },
{ "type": "Feature", "properties": { "ID": 3303300672, "正式名称": "小豆嶋歯科クリニック", "機関区分": 3, "都道府県コード": 3, "市区町村コード": 216, "所在地": "岩手県滝沢市留が森", "緯度": 39.838021, "経度": 141.119408, "url": "https://www.iryou.teikyouseido.mhlw.go.jp/znk-web/juminkanja/S2430/initialize?prefCd=03&kikanCd=03300672&kikanKbn=3", "url2": "www.shozushima-dc.com", "内容": "小豆嶋歯科クリニック【3:歯科】岩手県滝沢市留が森" }, "geometry": { "type": "Point", "coordinates": [ 141.119408, 39.838021 ] } },
{ "type": "Feature", "properties": { "ID": 3303300673, "正式名称": "うじょう歯科クリニック", "機関区分": 3, "都道府県コード": 3, "市区町村コード": 207, "所在地": "岩手県久慈市湊町第１５地割３２番地１５", "緯度": 40.197533, "経度": 141.786333, "url": "https://www.iryou.teikyouseido.mhlw.go.jp/znk-web/juminkanja/S2430/initialize?prefCd=03&kikanCd=03300673&kikanKbn=3", "url2": null, "内容": "うじょう歯科クリニック【3:歯科】岩手県久慈市湊町第１５地割３２番地１５" }, "geometry": { "type": "Point", "coordinates": [ 141.786333, 40.197533 ] } },
{ "type": "Feature", "properties": { "ID": 3303300674, "正式名称": "紫波中央歯科", "機関区分": 3, "都道府県コード": 3, "市区町村コード": 321, "所在地": "岩手県紫波郡紫波町紫波中央駅前２ー２ー３オガールプラザ東棟１階", "緯度": 39.555151, "経度": 141.154653, "url": "https://www.iryou.teikyouseido.mhlw.go.jp/znk-web/juminkanja/S2430/initialize?prefCd=03&kikanCd=03300674&kikanKbn=3", "url2": null, "内容": "紫波中央歯科【3:歯科】岩手県紫波郡紫波町紫波中央駅前２ー２ー３オガールプラザ東棟１階" }, "geometry": { "type": "Point", "coordinates": [ 141.154653, 39.555151 ] } },
{ "type": "Feature", "properties": { "ID": 3303300675, "正式名称": "あだち歯科クリニック", "機関区分": 3, "都道府県コード": 3, "市区町村コード": 206, "所在地": "岩手県北上市村崎野１７ー４３ー１", "緯度": 39.328184, "経度": 141.108929, "url": "https://www.iryou.teikyouseido.mhlw.go.jp/znk-web/juminkanja/S2430/initialize?prefCd=03&kikanCd=03300675&kikanKbn=3", "url2": "https://www.kitakami-adachi-shika.com/", "内容": "あだち歯科クリニック【3:歯科】岩手県北上市村崎野１７ー４３ー１" }, "geometry": { "type": "Point", "coordinates": [ 141.108929, 39.328184 ] } },
{ "type": "Feature", "properties": { "ID": 3303300677, "正式名称": "いとう歯科", "機関区分": 3, "都道府県コード": 3, "市区町村コード": 205, "所在地": "岩手県花巻市四日町３－８－４", "緯度": 39.402136, "経度": 141.117853, "url": "https://www.iryou.teikyouseido.mhlw.go.jp/znk-web/juminkanja/S2430/initialize?prefCd=03&kikanCd=03300677&kikanKbn=3", "url2": "http://www.idc-hanamaki.jp/", "内容": "いとう歯科【3:歯科】岩手県花巻市四日町３－８－４" }, "geometry": { "type": "Point", "coordinates": [ 141.117853, 39.402136 ] } },
{ "type": "Feature", "properties": { "ID": 3303300678, "正式名称": "小野寺歯科医院", "機関区分": 3, "都道府県コード": 3, "市区町村コード": 209, "所在地": "岩手県一関市地主町２番２０号", "緯度": 38.931491, "経度": 141.134909, "url": "https://www.iryou.teikyouseido.mhlw.go.jp/znk-web/juminkanja/S2430/initialize?prefCd=03&kikanCd=03300678&kikanKbn=3", "url2": "http://www.onodera-shika.jp", "内容": "小野寺歯科医院【3:歯科】岩手県一関市地主町２番２０号" }, "geometry": { "type": "Point", "coordinates": [ 141.134909, 38.931491 ] } },
{ "type": "Feature", "properties": { "ID": 3303300679, "正式名称": "あらきだ歯科クリニック", "機関区分": 3, "都道府県コード": 3, "市区町村コード": 215, "所在地": "岩手県奥州市水沢中町２３番地９３", "緯度": 39.138817, "経度": 141.143823, "url": "https://www.iryou.teikyouseido.mhlw.go.jp/znk-web/juminkanja/S2430/initialize?prefCd=03&kikanCd=03300679&kikanKbn=3", "url2": "http://arakida-dental.com", "内容": "あらきだ歯科クリニック【3:歯科】岩手県奥州市水沢中町２３番地９３" }, "geometry": { "type": "Point", "coordinates": [ 141.143823, 39.138817 ] } },
{ "type": "Feature", "properties": { "ID": 3303300680, "正式名称": "石川歯科医院", "機関区分": 3, "都道府県コード": 3, "市区町村コード": 215, "所在地": "岩手県奥州市水沢大畑小路１２番地イ号", "緯度": 39.139951, "経度": 141.139144, "url": "https://www.iryou.teikyouseido.mhlw.go.jp/znk-web/juminkanja/S2430/initialize?prefCd=03&kikanCd=03300680&kikanKbn=3", "url2": "http://www.isikawa-dc.com/index.html", "内容": "石川歯科医院【3:歯科】岩手県奥州市水沢大畑小路１２番地イ号" }, "geometry": { "type": "Point", "coordinates": [ 141.139144, 39.139951 ] } },
{ "type": "Feature", "properties": { "ID": 3303300682, "正式名称": "ＭＡＭＯ　ＩＭＰＬＡＮＴ　ＣＬＩＮＩＣ　ＭＡＬＩＯＳ", "機関区分": 3, "都道府県コード": 3, "市区町村コード": 201, "所在地": "岩手県盛岡市盛岡駅西通２丁目９ー１　マリオスビル１５Ｆ", "緯度": 39.70109, "経度": 141.1335, "url": "https://www.iryou.teikyouseido.mhlw.go.jp/znk-web/juminkanja/S2430/initialize?prefCd=03&kikanCd=03300682&kikanKbn=3", "url2": "https://mamosan-dental.com/", "内容": "ＭＡＭＯ　ＩＭＰＬＡＮＴ　ＣＬＩＮＩＣ　ＭＡＬＩＯＳ【3:歯科】岩手県盛岡市盛岡駅西通２丁目９ー１　マリオスビル１５Ｆ" }, "geometry": { "type": "Point", "coordinates": [ 141.1335, 39.70109 ] } },
{ "type": "Feature", "properties": { "ID": 3303300683, "正式名称": "大久保歯科医院", "機関区分": 3, "都道府県コード": 3, "市区町村コード": 201, "所在地": "岩手県盛岡市中ノ橋通２ー１０ー９", "緯度": 39.696938, "経度": 141.161577, "url": "https://www.iryou.teikyouseido.mhlw.go.jp/znk-web/juminkanja/S2430/initialize?prefCd=03&kikanCd=03300683&kikanKbn=3", "url2": "https://www.ohkubo-shikaiin.com/", "内容": "大久保歯科医院【3:歯科】岩手県盛岡市中ノ橋通２ー１０ー９" }, "geometry": { "type": "Point", "coordinates": [ 141.161577, 39.696938 ] } },
{ "type": "Feature", "properties": { "ID": 3303300684, "正式名称": "沼崎歯科医院", "機関区分": 3, "都道府県コード": 3, "市区町村コード": 208, "所在地": "岩手県遠野市松崎町白岩２３地割７１番地５", "緯度": 39.342036, "経度": 141.541499, "url": "https://www.iryou.teikyouseido.mhlw.go.jp/znk-web/juminkanja/S2430/initialize?prefCd=03&kikanCd=03300684&kikanKbn=3", "url2": null, "内容": "沼崎歯科医院【3:歯科】岩手県遠野市松崎町白岩２３地割７１番地５" }, "geometry": { "type": "Point", "coordinates": [ 141.541499, 39.342036 ] } },
{ "type": "Feature", "properties": { "ID": 3303300686, "正式名称": "神の前キッズデンタルパーク", "機関区分": 3, "都道府県コード": 3, "市区町村コード": 322, "所在地": "岩手県紫波郡矢巾町南矢幅１３－３０－６", "緯度": 39.607709, "経度": 141.144272, "url": "https://www.iryou.teikyouseido.mhlw.go.jp/znk-web/juminkanja/S2430/initialize?prefCd=03&kikanCd=03300686&kikanKbn=3", "url2": "http://www.kaminomae-kids.com/", "内容": "神の前キッズデンタルパーク【3:歯科】岩手県紫波郡矢巾町南矢幅１３－３０－６" }, "geometry": { "type": "Point", "coordinates": [ 141.144272, 39.607709 ] } },
{ "type": "Feature", "properties": { "ID": 3303300688, "正式名称": "たかさき歯科", "機関区分": 3, "都道府県コード": 3, "市区町村コード": 215, "所在地": "岩手県奥州市前沢竹沢１８８番地１", "緯度": 39.053399, "経度": 141.136903, "url": "https://www.iryou.teikyouseido.mhlw.go.jp/znk-web/juminkanja/S2430/initialize?prefCd=03&kikanCd=03300688&kikanKbn=3", "url2": null, "内容": "たかさき歯科【3:歯科】岩手県奥州市前沢竹沢１８８番地１" }, "geometry": { "type": "Point", "coordinates": [ 141.136903, 39.053399 ] } },
{ "type": "Feature", "properties": { "ID": 3303300692, "正式名称": "いいだ歯科クリニック", "機関区分": 3, "都道府県コード": 3, "市区町村コード": 203, "所在地": "岩手県大船渡市大船渡町字富沢３１－１", "緯度": 39.06018, "経度": 141.72069, "url": "https://www.iryou.teikyouseido.mhlw.go.jp/znk-web/juminkanja/S2430/initialize?prefCd=03&kikanCd=03300692&kikanKbn=3", "url2": null, "内容": "いいだ歯科クリニック【3:歯科】岩手県大船渡市大船渡町字富沢３１－１" }, "geometry": { "type": "Point", "coordinates": [ 141.72069, 39.06018 ] } },
{ "type": "Feature", "properties": { "ID": 3303300693, "正式名称": "むらかみ歯科医院", "機関区分": 3, "都道府県コード": 3, "市区町村コード": 210, "所在地": "岩手県陸前高田市竹駒町字相川４９－８", "緯度": 39.032635, "経度": 141.625689, "url": "https://www.iryou.teikyouseido.mhlw.go.jp/znk-web/juminkanja/S2430/initialize?prefCd=03&kikanCd=03300693&kikanKbn=3", "url2": null, "内容": "むらかみ歯科医院【3:歯科】岩手県陸前高田市竹駒町字相川４９－８" }, "geometry": { "type": "Point", "coordinates": [ 141.625689, 39.032635 ] } },
{ "type": "Feature", "properties": { "ID": 3303300697, "正式名称": "まさデンタルクリニック", "機関区分": 3, "都道府県コード": 3, "市区町村コード": 201, "所在地": "岩手県盛岡市永井１２地割１１７番地１", "緯度": 39.657103, "経度": 141.138269, "url": "https://www.iryou.teikyouseido.mhlw.go.jp/znk-web/juminkanja/S2430/initialize?prefCd=03&kikanCd=03300697&kikanKbn=3", "url2": "https://www.masa-dental.jp/", "内容": "まさデンタルクリニック【3:歯科】岩手県盛岡市永井１２地割１１７番地１" }, "geometry": { "type": "Point", "coordinates": [ 141.138269, 39.657103 ] } },
{ "type": "Feature", "properties": { "ID": 3303300698, "正式名称": "北天昌寺歯科医院", "機関区分": 3, "都道府県コード": 3, "市区町村コード": 201, "所在地": "岩手県盛岡市北天昌寺町５番５１号", "緯度": 39.713974, "経度": 141.117775, "url": "https://www.iryou.teikyouseido.mhlw.go.jp/znk-web/juminkanja/S2430/initialize?prefCd=03&kikanCd=03300698&kikanKbn=3", "url2": null, "内容": "北天昌寺歯科医院【3:歯科】岩手県盛岡市北天昌寺町５番５１号" }, "geometry": { "type": "Point", "coordinates": [ 141.117775, 39.713974 ] } },
{ "type": "Feature", "properties": { "ID": 3303300699, "正式名称": "ホンダ歯科クリニック", "機関区分": 3, "都道府県コード": 3, "市区町村コード": 209, "所在地": "岩手県一関市山目字才天１３６番地５", "緯度": 38.932261, "経度": 141.114944, "url": "https://www.iryou.teikyouseido.mhlw.go.jp/znk-web/juminkanja/S2430/initialize?prefCd=03&kikanCd=03300699&kikanKbn=3", "url2": "https://48-4280.com/", "内容": "ホンダ歯科クリニック【3:歯科】岩手県一関市山目字才天１３６番地５" }, "geometry": { "type": "Point", "coordinates": [ 141.114944, 38.932261 ] } },
{ "type": "Feature", "properties": { "ID": 3303300700, "正式名称": "一関市国民健康保険猿沢診療所", "機関区分": 3, "都道府県コード": 3, "市区町村コード": 209, "所在地": "岩手県一関市大東町猿沢字板倉６０番地１", "緯度": 39.033609, "経度": 141.294764, "url": "https://www.iryou.teikyouseido.mhlw.go.jp/znk-web/juminkanja/S2430/initialize?prefCd=03&kikanCd=03300700&kikanKbn=3", "url2": null, "内容": "一関市国民健康保険猿沢診療所【3:歯科】岩手県一関市大東町猿沢字板倉６０番地１" }, "geometry": { "type": "Point", "coordinates": [ 141.294764, 39.033609 ] } },
{ "type": "Feature", "properties": { "ID": 3303300701, "正式名称": "社団医療法人恭生会　鳥谷医院", "機関区分": 3, "都道府県コード": 3, "市区町村コード": 207, "所在地": "岩手県久慈市十八日町一丁目３０番地３", "緯度": 40.190914, "経度": 141.76587, "url": "https://www.iryou.teikyouseido.mhlw.go.jp/znk-web/juminkanja/S2430/initialize?prefCd=03&kikanCd=03300701&kikanKbn=3", "url2": "http://www4.ocn.ne.jp/~toyaiin/index.htm", "内容": "社団医療法人恭生会　鳥谷医院【3:歯科】岩手県久慈市十八日町一丁目３０番地３" }, "geometry": { "type": "Point", "coordinates": [ 141.76587, 40.190914 ] } },
{ "type": "Feature", "properties": { "ID": 3303300702, "正式名称": "医療法人社団エストエストデンタルケア", "機関区分": 3, "都道府県コード": 3, "市区町村コード": 322, "所在地": "岩手県紫波郡矢巾町南矢幅８－１００－１０", "緯度": 39.607966, "経度": 141.15243, "url": "https://www.iryou.teikyouseido.mhlw.go.jp/znk-web/juminkanja/S2430/initialize?prefCd=03&kikanCd=03300702&kikanKbn=3", "url2": "http://www.estest-dc.com/", "内容": "医療法人社団エストエストデンタルケア【3:歯科】岩手県紫波郡矢巾町南矢幅８－１００－１０" }, "geometry": { "type": "Point", "coordinates": [ 141.15243, 39.607966 ] } },
{ "type": "Feature", "properties": { "ID": 3303300705, "正式名称": "みちえ・やなぎさわ歯科", "機関区分": 3, "都道府県コード": 3, "市区町村コード": 201, "所在地": "岩手県盛岡市本宮字石仏２２ー１６", "緯度": 39.680518, "経度": 141.109405, "url": "https://www.iryou.teikyouseido.mhlw.go.jp/znk-web/juminkanja/S2430/initialize?prefCd=03&kikanCd=03300705&kikanKbn=3", "url2": "www.michie-yanagisawa-shika.com", "内容": "みちえ・やなぎさわ歯科【3:歯科】岩手県盛岡市本宮字石仏２２ー１６" }, "geometry": { "type": "Point", "coordinates": [ 141.109405, 39.680518 ] } },
{ "type": "Feature", "properties": { "ID": 3303300706, "正式名称": "気仙訪問歯科診療所", "機関区分": 3, "都道府県コード": 3, "市区町村コード": 203, "所在地": "岩手県大船渡市大船渡町字笹崎５９ー２", "緯度": 39.057228, "経度": 141.7205, "url": "https://www.iryou.teikyouseido.mhlw.go.jp/znk-web/juminkanja/S2430/initialize?prefCd=03&kikanCd=03300706&kikanKbn=3", "url2": "http://kesen-houmon-sika.net", "内容": "気仙訪問歯科診療所【3:歯科】岩手県大船渡市大船渡町字笹崎５９ー２" }, "geometry": { "type": "Point", "coordinates": [ 141.7205, 39.057228 ] } },
{ "type": "Feature", "properties": { "ID": 3303300707, "正式名称": "岡田歯科医院", "機関区分": 3, "都道府県コード": 3, "市区町村コード": 201, "所在地": "岩手県盛岡市中ノ橋通二丁目２ー２２", "緯度": 39.698727, "経度": 141.159203, "url": "https://www.iryou.teikyouseido.mhlw.go.jp/znk-web/juminkanja/S2430/initialize?prefCd=03&kikanCd=03300707&kikanKbn=3", "url2": null, "内容": "岡田歯科医院【3:歯科】岩手県盛岡市中ノ橋通二丁目２ー２２" }, "geometry": { "type": "Point", "coordinates": [ 141.159203, 39.698727 ] } },
{ "type": "Feature", "properties": { "ID": 3303300708, "正式名称": "はなえ歯科医院", "機関区分": 3, "都道府県コード": 3, "市区町村コード": 206, "所在地": "岩手県北上市上江釣子１７地割９３番地", "緯度": 39.2988544, "経度": 141.0728979, "url": "https://www.iryou.teikyouseido.mhlw.go.jp/znk-web/juminkanja/S2430/initialize?prefCd=03&kikanCd=03300708&kikanKbn=3", "url2": "http://www.hanae-dc.com/", "内容": "はなえ歯科医院【3:歯科】岩手県北上市上江釣子１７地割９３番地" }, "geometry": { "type": "Point", "coordinates": [ 141.072897899999987, 39.2988544 ] } },
{ "type": "Feature", "properties": { "ID": 3303300709, "正式名称": "たかしま歯科医院", "機関区分": 3, "都道府県コード": 3, "市区町村コード": 214, "所在地": "岩手県八幡平市大更１８－８８－９６", "緯度": 39.908722, "経度": 141.134427, "url": "https://www.iryou.teikyouseido.mhlw.go.jp/znk-web/juminkanja/S2430/initialize?prefCd=03&kikanCd=03300709&kikanKbn=3", "url2": null, "内容": "たかしま歯科医院【3:歯科】岩手県八幡平市大更１８－８８－９６" }, "geometry": { "type": "Point", "coordinates": [ 141.134427, 39.908722 ] } },
{ "type": "Feature", "properties": { "ID": 3303300710, "正式名称": "ＡＢＣデンタル", "機関区分": 3, "都道府県コード": 3, "市区町村コード": 201, "所在地": "岩手県盛岡市向中野五丁目２１－２３", "緯度": 39.677463, "経度": 141.139784, "url": "https://www.iryou.teikyouseido.mhlw.go.jp/znk-web/juminkanja/S2430/initialize?prefCd=03&kikanCd=03300710&kikanKbn=3", "url2": "http://www.abcdental-morioka.com", "内容": "ＡＢＣデンタル【3:歯科】岩手県盛岡市向中野五丁目２１－２３" }, "geometry": { "type": "Point", "coordinates": [ 141.139784, 39.677463 ] } },
{ "type": "Feature", "properties": { "ID": 3303300711, "正式名称": "きたがわ歯科クリニック", "機関区分": 3, "都道府県コード": 3, "市区町村コード": 201, "所在地": "岩手県盛岡市長田町１ー５　１階", "緯度": 39.705702, "経度": 141.139661, "url": "https://www.iryou.teikyouseido.mhlw.go.jp/znk-web/juminkanja/S2430/initialize?prefCd=03&kikanCd=03300711&kikanKbn=3", "url2": "http://www.u-kuukan.net/kitagawa.dc", "内容": "きたがわ歯科クリニック【3:歯科】岩手県盛岡市長田町１ー５　１階" }, "geometry": { "type": "Point", "coordinates": [ 141.139661, 39.705702 ] } },
{ "type": "Feature", "properties": { "ID": 3303300712, "正式名称": "おおひら歯科医院", "機関区分": 3, "都道府県コード": 3, "市区町村コード": 205, "所在地": "岩手県花巻市桜木町２丁目１２５ー１", "緯度": 39.38229, "経度": 141.11041, "url": "https://www.iryou.teikyouseido.mhlw.go.jp/znk-web/juminkanja/S2430/initialize?prefCd=03&kikanCd=03300712&kikanKbn=3", "url2": "http://ohira-cd.com/index.html", "内容": "おおひら歯科医院【3:歯科】岩手県花巻市桜木町２丁目１２５ー１" }, "geometry": { "type": "Point", "coordinates": [ 141.11041, 39.38229 ] } },
{ "type": "Feature", "properties": { "ID": 3303300713, "正式名称": "えんどう歯科クリニック", "機関区分": 3, "都道府県コード": 3, "市区町村コード": 209, "所在地": "岩手県一関市千厩町千厩字町浦１５番地３", "緯度": 38.918565, "経度": 141.335414, "url": "https://www.iryou.teikyouseido.mhlw.go.jp/znk-web/juminkanja/S2430/initialize?prefCd=03&kikanCd=03300713&kikanKbn=3", "url2": "https://endodc.jp/", "内容": "えんどう歯科クリニック【3:歯科】岩手県一関市千厩町千厩字町浦１５番地３" }, "geometry": { "type": "Point", "coordinates": [ 141.335414, 38.918565 ] } },
{ "type": "Feature", "properties": { "ID": 3303300715, "正式名称": "不動大橋歯科クリニック", "機関区分": 3, "都道府県コード": 3, "市区町村コード": 205, "所在地": "岩手県花巻市不動町二丁目１番地２", "緯度": 39.377511, "経度": 141.111321, "url": "https://www.iryou.teikyouseido.mhlw.go.jp/znk-web/juminkanja/S2430/initialize?prefCd=03&kikanCd=03300715&kikanKbn=3", "url2": null, "内容": "不動大橋歯科クリニック【3:歯科】岩手県花巻市不動町二丁目１番地２" }, "geometry": { "type": "Point", "coordinates": [ 141.111321, 39.377511 ] } },
{ "type": "Feature", "properties": { "ID": 3303300716, "正式名称": "じゅん歯科クリニック", "機関区分": 3, "都道府県コード": 3, "市区町村コード": 215, "所在地": "岩手県奥州市水沢桜屋敷西２０２番地１", "緯度": 39.124844, "経度": 141.13316, "url": "https://www.iryou.teikyouseido.mhlw.go.jp/znk-web/juminkanja/S2430/initialize?prefCd=03&kikanCd=03300716&kikanKbn=3", "url2": "https://www.jundc.jp/s/", "内容": "じゅん歯科クリニック【3:歯科】岩手県奥州市水沢桜屋敷西２０２番地１" }, "geometry": { "type": "Point", "coordinates": [ 141.13316, 39.124844 ] } },
{ "type": "Feature", "properties": { "ID": 3303300718, "正式名称": "ゆう歯科医院", "機関区分": 3, "都道府県コード": 3, "市区町村コード": 201, "所在地": "岩手県盛岡市永井１７ー７９ー２", "緯度": 39.653577, "経度": 141.145646, "url": "https://www.iryou.teikyouseido.mhlw.go.jp/znk-web/juminkanja/S2430/initialize?prefCd=03&kikanCd=03300718&kikanKbn=3", "url2": null, "内容": "ゆう歯科医院【3:歯科】岩手県盛岡市永井１７ー７９ー２" }, "geometry": { "type": "Point", "coordinates": [ 141.145646, 39.653577 ] } },
{ "type": "Feature", "properties": { "ID": 3303300719, "正式名称": "奥中山高原歯科クリニック", "機関区分": 3, "都道府県コード": 3, "市区町村コード": 524, "所在地": "岩手県二戸郡一戸町奥中山字西田子１３１１", "緯度": 40.063178, "経度": 141.226238, "url": "https://www.iryou.teikyouseido.mhlw.go.jp/znk-web/juminkanja/S2430/initialize?prefCd=03&kikanCd=03300719&kikanKbn=3", "url2": "https://okunakayamakougen-dc.studio.site/", "内容": "奥中山高原歯科クリニック【3:歯科】岩手県二戸郡一戸町奥中山字西田子１３１１" }, "geometry": { "type": "Point", "coordinates": [ 141.226238, 40.063178 ] } },
{ "type": "Feature", "properties": { "ID": 3303300721, "正式名称": "ちば歯科医院", "機関区分": 3, "都道府県コード": 3, "市区町村コード": 203, "所在地": "岩手県大船渡市猪川町", "緯度": 39.094696, "経度": 141.70407, "url": "https://www.iryou.teikyouseido.mhlw.go.jp/znk-web/juminkanja/S2430/initialize?prefCd=03&kikanCd=03300721&kikanKbn=3", "url2": null, "内容": "ちば歯科医院【3:歯科】岩手県大船渡市猪川町" }, "geometry": { "type": "Point", "coordinates": [ 141.70407, 39.094696 ] } },
{ "type": "Feature", "properties": { "ID": 3303300722, "正式名称": "おおつちじょうない歯科医院", "機関区分": 3, "都道府県コード": 3, "市区町村コード": 461, "所在地": "岩手県上閉伊郡大槌町大ケ口２－１００－１０", "緯度": 39.3733615, "経度": 141.886284, "url": "https://www.iryou.teikyouseido.mhlw.go.jp/znk-web/juminkanja/S2430/initialize?prefCd=03&kikanCd=03300722&kikanKbn=3", "url2": null, "内容": "おおつちじょうない歯科医院【3:歯科】岩手県上閉伊郡大槌町大ケ口２－１００－１０" }, "geometry": { "type": "Point", "coordinates": [ 141.886284, 39.3733615 ] } },
{ "type": "Feature", "properties": { "ID": 3303300724, "正式名称": "むらやま歯科医院", "機関区分": 3, "都道府県コード": 3, "市区町村コード": 322, "所在地": "岩手県紫波郡矢巾町医大通２ー４ー７４", "緯度": 39.613186, "経度": 141.16521, "url": "https://www.iryou.teikyouseido.mhlw.go.jp/znk-web/juminkanja/S2430/initialize?prefCd=03&kikanCd=03300724&kikanKbn=3", "url2": "http://www.murayamadc.jp/", "内容": "むらやま歯科医院【3:歯科】岩手県紫波郡矢巾町医大通２ー４ー７４" }, "geometry": { "type": "Point", "coordinates": [ 141.16521, 39.613186 ] } },
{ "type": "Feature", "properties": { "ID": 3303300725, "正式名称": "じろう歯科クリニック", "機関区分": 3, "都道府県コード": 3, "市区町村コード": 201, "所在地": "岩手県盛岡市開運橋通１番２１号", "緯度": 39.702917, "経度": 141.143423, "url": "https://www.iryou.teikyouseido.mhlw.go.jp/znk-web/juminkanja/S2430/initialize?prefCd=03&kikanCd=03300725&kikanKbn=3", "url2": "http://www.Jiro-dc.com", "内容": "じろう歯科クリニック【3:歯科】岩手県盛岡市開運橋通１番２１号" }, "geometry": { "type": "Point", "coordinates": [ 141.143423, 39.702917 ] } },
{ "type": "Feature", "properties": { "ID": 3303300726, "正式名称": "リーフ歯科クリニック", "機関区分": 3, "都道府県コード": 3, "市区町村コード": 201, "所在地": "岩手県盛岡市本町通１ー１４ー８　グラーベ．Ⅰ", "緯度": 39.707706, "経度": 141.152457, "url": "https://www.iryou.teikyouseido.mhlw.go.jp/znk-web/juminkanja/S2430/initialize?prefCd=03&kikanCd=03300726&kikanKbn=3", "url2": null, "内容": "リーフ歯科クリニック【3:歯科】岩手県盛岡市本町通１ー１４ー８　グラーベ．Ⅰ" }, "geometry": { "type": "Point", "coordinates": [ 141.152457, 39.707706 ] } },
{ "type": "Feature", "properties": { "ID": 3303300728, "正式名称": "堀米歯科医院", "機関区分": 3, "都道府県コード": 3, "市区町村コード": 501, "所在地": "岩手県九戸郡軽米町軽米大字軽米７ー３４ー２", "緯度": 40.324882, "経度": 141.443336, "url": "https://www.iryou.teikyouseido.mhlw.go.jp/znk-web/juminkanja/S2430/initialize?prefCd=03&kikanCd=03300728&kikanKbn=3", "url2": null, "内容": "堀米歯科医院【3:歯科】岩手県九戸郡軽米町軽米大字軽米７ー３４ー２" }, "geometry": { "type": "Point", "coordinates": [ 141.443336, 40.324882 ] } },
{ "type": "Feature", "properties": { "ID": 3303300732, "正式名称": "吉田歯科医院", "機関区分": 3, "都道府県コード": 3, "市区町村コード": 207, "所在地": "岩手県久慈市本町２－４０", "緯度": 40.187408, "経度": 141.769937, "url": "https://www.iryou.teikyouseido.mhlw.go.jp/znk-web/juminkanja/S2430/initialize?prefCd=03&kikanCd=03300732&kikanKbn=3", "url2": null, "内容": "吉田歯科医院【3:歯科】岩手県久慈市本町２－４０" }, "geometry": { "type": "Point", "coordinates": [ 141.769937, 40.187408 ] } },
{ "type": "Feature", "properties": { "ID": 3303300733, "正式名称": "ゆうデンタルケア", "機関区分": 3, "都道府県コード": 3, "市区町村コード": 201, "所在地": "岩手県盛岡市夕顔瀬町１－１", "緯度": 39.707655, "経度": 141.13411, "url": "https://www.iryou.teikyouseido.mhlw.go.jp/znk-web/juminkanja/S2430/initialize?prefCd=03&kikanCd=03300733&kikanKbn=3", "url2": "https://r.goope.jp/youdentalcare/", "内容": "ゆうデンタルケア【3:歯科】岩手県盛岡市夕顔瀬町１－１" }, "geometry": { "type": "Point", "coordinates": [ 141.13411, 39.707655 ] } },
{ "type": "Feature", "properties": { "ID": 3303300734, "正式名称": "デンタル　オフィス　Ｋ", "機関区分": 3, "都道府県コード": 3, "市区町村コード": 201, "所在地": "岩手県盛岡市大通一丁目１ー１６　岩手教育会館１Ｆ", "緯度": 39.701696, "経度": 141.149773, "url": "https://www.iryou.teikyouseido.mhlw.go.jp/znk-web/juminkanja/S2430/initialize?prefCd=03&kikanCd=03300734&kikanKbn=3", "url2": "https://www.do-k.jp", "内容": "デンタル　オフィス　Ｋ【3:歯科】岩手県盛岡市大通一丁目１ー１６　岩手教育会館１Ｆ" }, "geometry": { "type": "Point", "coordinates": [ 141.149773, 39.701696 ] } },
{ "type": "Feature", "properties": { "ID": 3303300735, "正式名称": "はだ歯科医院", "機関区分": 3, "都道府県コード": 3, "市区町村コード": 201, "所在地": "岩手県盛岡市みたけ４丁目３６番３６号", "緯度": 39.747317, "経度": 141.125984, "url": "https://www.iryou.teikyouseido.mhlw.go.jp/znk-web/juminkanja/S2430/initialize?prefCd=03&kikanCd=03300735&kikanKbn=3", "url2": "https://hadadental.com/", "内容": "はだ歯科医院【3:歯科】岩手県盛岡市みたけ４丁目３６番３６号" }, "geometry": { "type": "Point", "coordinates": [ 141.125984, 39.747317 ] } },
{ "type": "Feature", "properties": { "ID": 3303300736, "正式名称": "まさひとデンタルクリニック", "機関区分": 3, "都道府県コード": 3, "市区町村コード": 321, "所在地": "岩手県紫波郡紫波町高水寺字田中５２ー３", "緯度": 39.570911, "経度": 141.166092, "url": "https://www.iryou.teikyouseido.mhlw.go.jp/znk-web/juminkanja/S2430/initialize?prefCd=03&kikanCd=03300736&kikanKbn=3", "url2": null, "内容": "まさひとデンタルクリニック【3:歯科】岩手県紫波郡紫波町高水寺字田中５２ー３" }, "geometry": { "type": "Point", "coordinates": [ 141.166092, 39.570911 ] } },
{ "type": "Feature", "properties": { "ID": 3303300739, "正式名称": "釜石ひまわり歯科クリニック", "機関区分": 3, "都道府県コード": 3, "市区町村コード": 211, "所在地": "岩手県釜石市大町１ー４ー２２フェアリーコート釜石中央１Ｆ", "緯度": 39.273048, "経度": 141.880967, "url": "https://www.iryou.teikyouseido.mhlw.go.jp/znk-web/juminkanja/S2430/initialize?prefCd=03&kikanCd=03300739&kikanKbn=3", "url2": "https://kamaishi-dc.com/", "内容": "釜石ひまわり歯科クリニック【3:歯科】岩手県釜石市大町１ー４ー２２フェアリーコート釜石中央１Ｆ" }, "geometry": { "type": "Point", "coordinates": [ 141.880967, 39.273048 ] } },
{ "type": "Feature", "properties": { "ID": 3303300741, "正式名称": "ただしデンタルオフィス", "機関区分": 3, "都道府県コード": 3, "市区町村コード": 201, "所在地": "岩手県盛岡市みたけ二丁目９ー６０", "緯度": 39.744396, "経度": 141.124344, "url": "https://www.iryou.teikyouseido.mhlw.go.jp/znk-web/juminkanja/S2430/initialize?prefCd=03&kikanCd=03300741&kikanKbn=3", "url2": null, "内容": "ただしデンタルオフィス【3:歯科】岩手県盛岡市みたけ二丁目９ー６０" }, "geometry": { "type": "Point", "coordinates": [ 141.124344, 39.744396 ] } },
{ "type": "Feature", "properties": { "ID": 3303300742, "正式名称": "こだま歯科医院", "機関区分": 3, "都道府県コード": 3, "市区町村コード": 216, "所在地": "岩手県滝沢市室小路６６３ー１５", "緯度": 39.735525, "経度": 141.099403, "url": "https://www.iryou.teikyouseido.mhlw.go.jp/znk-web/juminkanja/S2430/initialize?prefCd=03&kikanCd=03300742&kikanKbn=3", "url2": "https://www.kodamadc-takizawa.jp", "内容": "こだま歯科医院【3:歯科】岩手県滝沢市室小路６６３ー１５" }, "geometry": { "type": "Point", "coordinates": [ 141.099403, 39.735525 ] } },
{ "type": "Feature", "properties": { "ID": 3303300743, "正式名称": "デンタルオフィス　サンサ", "機関区分": 3, "都道府県コード": 3, "市区町村コード": 201, "所在地": "岩手県盛岡市津志田西二丁目１７番５０号", "緯度": 39.661955, "経度": 141.148188, "url": "https://www.iryou.teikyouseido.mhlw.go.jp/znk-web/juminkanja/S2430/initialize?prefCd=03&kikanCd=03300743&kikanKbn=3", "url2": "https://haisha-yoyaku.jp/bun2sdental/detail/index/id/0196561780/", "内容": "デンタルオフィス　サンサ【3:歯科】岩手県盛岡市津志田西二丁目１７番５０号" }, "geometry": { "type": "Point", "coordinates": [ 141.148188, 39.661955 ] } },
{ "type": "Feature", "properties": { "ID": 3303300744, "正式名称": "国分通り歯科", "機関区分": 3, "都道府県コード": 3, "市区町村コード": 201, "所在地": "岩手県盛岡市月が丘三丁目３０番２０号", "緯度": 39.737641, "経度": 141.11001, "url": "https://www.iryou.teikyouseido.mhlw.go.jp/znk-web/juminkanja/S2430/initialize?prefCd=03&kikanCd=03300744&kikanKbn=3", "url2": "https://kokubundori-dental.com", "内容": "国分通り歯科【3:歯科】岩手県盛岡市月が丘三丁目３０番２０号" }, "geometry": { "type": "Point", "coordinates": [ 141.11001, 39.737641 ] } },
{ "type": "Feature", "properties": { "ID": 3303300745, "正式名称": "ほそい歯科クリニック", "機関区分": 3, "都道府県コード": 3, "市区町村コード": 209, "所在地": "岩手県一関市字新大町１３２番地", "緯度": 38.925502, "経度": 141.134507, "url": "https://www.iryou.teikyouseido.mhlw.go.jp/znk-web/juminkanja/S2430/initialize?prefCd=03&kikanCd=03300745&kikanKbn=3", "url2": "https://hosoi-dental.net/", "内容": "ほそい歯科クリニック【3:歯科】岩手県一関市字新大町１３２番地" }, "geometry": { "type": "Point", "coordinates": [ 141.134507, 38.925502 ] } },
{ "type": "Feature", "properties": { "ID": 3303300746, "正式名称": "ながの歯科クリニック", "機関区分": 3, "都道府県コード": 3, "市区町村コード": 201, "所在地": "岩手県盛岡市津志田１４地割１７３番地", "緯度": 39.656784, "経度": 141.159557, "url": "https://www.iryou.teikyouseido.mhlw.go.jp/znk-web/juminkanja/S2430/initialize?prefCd=03&kikanCd=03300746&kikanKbn=3", "url2": "https://www.nagano-clinic.jp/", "内容": "ながの歯科クリニック【3:歯科】岩手県盛岡市津志田１４地割１７３番地" }, "geometry": { "type": "Point", "coordinates": [ 141.159557, 39.656784 ] } },
{ "type": "Feature", "properties": { "ID": 3303300747, "正式名称": "かなざわ歯科クリニック", "機関区分": 3, "都道府県コード": 3, "市区町村コード": 201, "所在地": "岩手県盛岡市本町通二丁目１４番３８号", "緯度": 39.708103, "経度": 141.148893, "url": "https://www.iryou.teikyouseido.mhlw.go.jp/znk-web/juminkanja/S2430/initialize?prefCd=03&kikanCd=03300747&kikanKbn=3", "url2": null, "内容": "かなざわ歯科クリニック【3:歯科】岩手県盛岡市本町通二丁目１４番３８号" }, "geometry": { "type": "Point", "coordinates": [ 141.148893, 39.708103 ] } },
{ "type": "Feature", "properties": { "ID": 3303300748, "正式名称": "ちば歯科クリニック", "機関区分": 3, "都道府県コード": 3, "市区町村コード": 209, "所在地": "岩手県一関市末広二丁目２番１０号", "緯度": 38.927438, "経度": 141.120555, "url": "https://www.iryou.teikyouseido.mhlw.go.jp/znk-web/juminkanja/S2430/initialize?prefCd=03&kikanCd=03300748&kikanKbn=3", "url2": "https://www.dent-chiba.com", "内容": "ちば歯科クリニック【3:歯科】岩手県一関市末広二丁目２番１０号" }, "geometry": { "type": "Point", "coordinates": [ 141.120555, 38.927438 ] } },
{ "type": "Feature", "properties": { "ID": 3303300749, "正式名称": "フォレスト歯科クリニック", "機関区分": 3, "都道府県コード": 3, "市区町村コード": 215, "所在地": "岩手県奥州市水沢花園町１丁目２ー１６", "緯度": 39.141941, "経度": 141.148808, "url": "https://www.iryou.teikyouseido.mhlw.go.jp/znk-web/juminkanja/S2430/initialize?prefCd=03&kikanCd=03300749&kikanKbn=3", "url2": "https://www.forest-oralcare.com", "内容": "フォレスト歯科クリニック【3:歯科】岩手県奥州市水沢花園町１丁目２ー１６" }, "geometry": { "type": "Point", "coordinates": [ 141.148808, 39.141941 ] } },
{ "type": "Feature", "properties": { "ID": 3303300750, "正式名称": "花巻みなみデンタルクリニック", "機関区分": 3, "都道府県コード": 3, "市区町村コード": 205, "所在地": "岩手県花巻市山の神３９８ー１", "緯度": 39.360774, "経度": 141.11, "url": "https://www.iryou.teikyouseido.mhlw.go.jp/znk-web/juminkanja/S2430/initialize?prefCd=03&kikanCd=03300750&kikanKbn=3", "url2": null, "内容": "花巻みなみデンタルクリニック【3:歯科】岩手県花巻市山の神３９８ー１" }, "geometry": { "type": "Point", "coordinates": [ 141.11, 39.360774 ] } },
{ "type": "Feature", "properties": { "ID": 3303300751, "正式名称": "みさわ歯科医院", "機関区分": 3, "都道府県コード": 3, "市区町村コード": 213, "所在地": "岩手県二戸市石切所字前小路１番地５", "緯度": 40.26613, "経度": 141.290495, "url": "https://www.iryou.teikyouseido.mhlw.go.jp/znk-web/juminkanja/S2430/initialize?prefCd=03&kikanCd=03300751&kikanKbn=3", "url2": null, "内容": "みさわ歯科医院【3:歯科】岩手県二戸市石切所字前小路１番地５" }, "geometry": { "type": "Point", "coordinates": [ 141.290495, 40.26613 ] } },
{ "type": "Feature", "properties": { "ID": 3303300752, "正式名称": "盛岡ＫＴ歯科・矯正歯科", "機関区分": 3, "都道府県コード": 3, "市区町村コード": 201, "所在地": "岩手県盛岡市大通一丁目７ー６　ＰＲＥＮＤＲＥ　ＴＨＲＥＥ　２０１", "緯度": 39.702866, "経度": 141.148684, "url": "https://www.iryou.teikyouseido.mhlw.go.jp/znk-web/juminkanja/S2430/initialize?prefCd=03&kikanCd=03300752&kikanKbn=3", "url2": "https://www.morioka-kt-shika.com/", "内容": "盛岡ＫＴ歯科・矯正歯科【3:歯科】岩手県盛岡市大通一丁目７ー６　ＰＲＥＮＤＲＥ　ＴＨＲＥＥ　２０１" }, "geometry": { "type": "Point", "coordinates": [ 141.148684, 39.702866 ] } },
{ "type": "Feature", "properties": { "ID": 3303300753, "正式名称": "木のまち歯科矯正歯科医院", "機関区分": 3, "都道府県コード": 3, "市区町村コード": 201, "所在地": "岩手県盛岡市大通３丁目１０−２９", "緯度": 39.705079, "経度": 141.139295, "url": "https://www.iryou.teikyouseido.mhlw.go.jp/znk-web/juminkanja/S2430/initialize?prefCd=03&kikanCd=03300753&kikanKbn=3", "url2": "www.kinomachi.com", "内容": "木のまち歯科矯正歯科医院【3:歯科】岩手県盛岡市大通３丁目１０−２９" }, "geometry": { "type": "Point", "coordinates": [ 141.139295, 39.705079 ] } },
{ "type": "Feature", "properties": { "ID": 3303300754, "正式名称": "本宮みずかわ矯正歯科クリニック", "機関区分": 3, "都道府県コード": 3, "市区町村コード": 201, "所在地": "岩手県盛岡市本宮６丁目２４ー３０", "緯度": 39.686869, "経度": 141.119303, "url": "https://www.iryou.teikyouseido.mhlw.go.jp/znk-web/juminkanja/S2430/initialize?prefCd=03&kikanCd=03300754&kikanKbn=3", "url2": "https://www.motomiya-mizukawa-ortho.com", "内容": "本宮みずかわ矯正歯科クリニック【3:歯科】岩手県盛岡市本宮６丁目２４ー３０" }, "geometry": { "type": "Point", "coordinates": [ 141.119303, 39.686869 ] } },
{ "type": "Feature", "properties": { "ID": 3303300755, "正式名称": "ゆうがおせ歯科医院", "機関区分": 3, "都道府県コード": 3, "市区町村コード": 201, "所在地": "岩手県盛岡市材木町８番２１号　グリーンキャピタル材木町第３　１Ｆ", "緯度": 39.70801, "経度": 141.135904, "url": "https://www.iryou.teikyouseido.mhlw.go.jp/znk-web/juminkanja/S2430/initialize?prefCd=03&kikanCd=03300755&kikanKbn=3", "url2": "https://haisha-yoyaku.jp/bun2sdental/detail/index/id/0330130600/", "内容": "ゆうがおせ歯科医院【3:歯科】岩手県盛岡市材木町８番２１号　グリーンキャピタル材木町第３　１Ｆ" }, "geometry": { "type": "Point", "coordinates": [ 141.135904, 39.70801 ] } },
{ "type": "Feature", "properties": { "ID": 3303300756, "正式名称": "あき矯正歯科医院", "機関区分": 3, "都道府県コード": 3, "市区町村コード": 207, "所在地": "岩手県久慈市長内町３２－１－３", "緯度": 40.167759, "経度": 141.794779, "url": "https://www.iryou.teikyouseido.mhlw.go.jp/znk-web/juminkanja/S2430/initialize?prefCd=03&kikanCd=03300756&kikanKbn=3", "url2": "https://www.aki-kyoseishika.com", "内容": "あき矯正歯科医院【3:歯科】岩手県久慈市長内町３２－１－３" }, "geometry": { "type": "Point", "coordinates": [ 141.794779, 40.167759 ] } },
{ "type": "Feature", "properties": { "ID": 3303300757, "正式名称": "サイトウデンタルケア", "機関区分": 3, "都道府県コード": 3, "市区町村コード": 209, "所在地": "岩手県一関市宮下町１２番１４号", "緯度": 38.939939, "経度": 141.126842, "url": "https://www.iryou.teikyouseido.mhlw.go.jp/znk-web/juminkanja/S2430/initialize?prefCd=03&kikanCd=03300757&kikanKbn=3", "url2": "https://www.saitodentalcare.com/", "内容": "サイトウデンタルケア【3:歯科】岩手県一関市宮下町１２番１４号" }, "geometry": { "type": "Point", "coordinates": [ 141.126842, 38.939939 ] } },
{ "type": "Feature", "properties": { "ID": 3303300758, "正式名称": "牧野林デンタルクリニック", "機関区分": 3, "都道府県コード": 3, "市区町村コード": 216, "所在地": "岩手県滝沢市牧野林８２４ー１８", "緯度": 39.752603, "経度": 141.10784, "url": "https://www.iryou.teikyouseido.mhlw.go.jp/znk-web/juminkanja/S2430/initialize?prefCd=03&kikanCd=03300758&kikanKbn=3", "url2": null, "内容": "牧野林デンタルクリニック【3:歯科】岩手県滝沢市牧野林８２４ー１８" }, "geometry": { "type": "Point", "coordinates": [ 141.10784, 39.752603 ] } },
{ "type": "Feature", "properties": { "ID": 3303300760, "正式名称": "あおぞら歯科", "機関区分": 3, "都道府県コード": 3, "市区町村コード": 209, "所在地": "岩手県一関市狐禅寺字石ノ瀬１１番地１", "緯度": 38.939781, "経度": 141.153693, "url": "https://www.iryou.teikyouseido.mhlw.go.jp/znk-web/juminkanja/S2430/initialize?prefCd=03&kikanCd=03300760&kikanKbn=3", "url2": "https://aozora-shika.info/", "内容": "あおぞら歯科【3:歯科】岩手県一関市狐禅寺字石ノ瀬１１番地１" }, "geometry": { "type": "Point", "coordinates": [ 141.153693, 38.939781 ] } },
{ "type": "Feature", "properties": { "ID": 3303300761, "正式名称": "ささきデンタルクリニック", "機関区分": 3, "都道府県コード": 3, "市区町村コード": 201, "所在地": "岩手県盛岡市愛宕町３－２５", "緯度": 39.708239, "経度": 141.159409, "url": "https://www.iryou.teikyouseido.mhlw.go.jp/znk-web/juminkanja/S2430/initialize?prefCd=03&kikanCd=03300761&kikanKbn=3", "url2": "https://dent-sasaki.jp", "内容": "ささきデンタルクリニック【3:歯科】岩手県盛岡市愛宕町３－２５" }, "geometry": { "type": "Point", "coordinates": [ 141.159409, 39.708239 ] } },
{ "type": "Feature", "properties": { "ID": 3303300762, "正式名称": "ししど歯科医院", "機関区分": 3, "都道府県コード": 3, "市区町村コード": 201, "所在地": "岩手県盛岡市黒川２２地割３９番地１", "緯度": 39.619958, "経度": 141.18667, "url": "https://www.iryou.teikyouseido.mhlw.go.jp/znk-web/juminkanja/S2430/initialize?prefCd=03&kikanCd=03300762&kikanKbn=3", "url2": "http://www.shishido-dental.net", "内容": "ししど歯科医院【3:歯科】岩手県盛岡市黒川２２地割３９番地１" }, "geometry": { "type": "Point", "coordinates": [ 141.18667, 39.619958 ] } },
{ "type": "Feature", "properties": { "ID": 3303300763, "正式名称": "ハルデンタルクリニック", "機関区分": 3, "都道府県コード": 3, "市区町村コード": 215, "所在地": "岩手県奥州市水沢日高西６０番地１", "緯度": 39.142771, "経度": 141.128834, "url": "https://www.iryou.teikyouseido.mhlw.go.jp/znk-web/juminkanja/S2430/initialize?prefCd=03&kikanCd=03300763&kikanKbn=3", "url2": null, "内容": "ハルデンタルクリニック【3:歯科】岩手県奥州市水沢日高西６０番地１" }, "geometry": { "type": "Point", "coordinates": [ 141.128834, 39.142771 ] } },
{ "type": "Feature", "properties": { "ID": 3303300764, "正式名称": "宮古うみねこ歯科クリニック", "機関区分": 3, "都道府県コード": 3, "市区町村コード": 202, "所在地": "岩手県宮古市向町４ー４", "緯度": 39.640681, "経度": 141.95449, "url": "https://www.iryou.teikyouseido.mhlw.go.jp/znk-web/juminkanja/S2430/initialize?prefCd=03&kikanCd=03300764&kikanKbn=3", "url2": "https://mu-dental.net", "内容": "宮古うみねこ歯科クリニック【3:歯科】岩手県宮古市向町４ー４" }, "geometry": { "type": "Point", "coordinates": [ 141.95449, 39.640681 ] } },
{ "type": "Feature", "properties": { "ID": 3303310001, "正式名称": "デンタルスクエアもりおか青山", "機関区分": 3, "都道府県コード": 3, "市区町村コード": 201, "所在地": "岩手県盛岡市青山２－６－２０", "緯度": 39.72644, "経度": 141.113837, "url": "https://www.iryou.teikyouseido.mhlw.go.jp/znk-web/juminkanja/S2430/initialize?prefCd=03&kikanCd=03310001&kikanKbn=3", "url2": "https://ds-morioka.com/", "内容": "デンタルスクエアもりおか青山【3:歯科】岩手県盛岡市青山２－６－２０" }, "geometry": { "type": "Point", "coordinates": [ 141.113837, 39.72644 ] } },
{ "type": "Feature", "properties": { "ID": 3303310002, "正式名称": "天日歯科医院", "機関区分": 3, "都道府県コード": 3, "市区町村コード": 201, "所在地": "岩手県盛岡市大通１－３－４宏陽ビル４階", "緯度": 39.702507, "経度": 141.149917, "url": "https://www.iryou.teikyouseido.mhlw.go.jp/znk-web/juminkanja/S2430/initialize?prefCd=03&kikanCd=03310002&kikanKbn=3", "url2": null, "内容": "天日歯科医院【3:歯科】岩手県盛岡市大通１－３－４宏陽ビル４階" }, "geometry": { "type": "Point", "coordinates": [ 141.149917, 39.702507 ] } },
{ "type": "Feature", "properties": { "ID": 3303310003, "正式名称": "医療法人ａ－ｌｉｖｅ　盛岡ＬＡＲＡ矯正歯科・こども歯科", "機関区分": 3, "都道府県コード": 3, "市区町村コード": 201, "所在地": "岩手県盛岡市中ノ橋通１ー６ー８ｍｏｎａｋａ３階", "緯度": 39.6994, "経度": 141.15589, "url": "https://www.iryou.teikyouseido.mhlw.go.jp/znk-web/juminkanja/S2430/initialize?prefCd=03&kikanCd=03310003&kikanKbn=3", "url2": "https://morioka-lara-dental.com/", "内容": "医療法人ａ－ｌｉｖｅ　盛岡ＬＡＲＡ矯正歯科・こども歯科【3:歯科】岩手県盛岡市中ノ橋通１ー６ー８ｍｏｎａｋａ３階" }, "geometry": { "type": "Point", "coordinates": [ 141.15589, 39.6994 ] } },
{ "type": "Feature", "properties": { "ID": 3303310004, "正式名称": "医療法人社団マリナ会　盛岡デンタルケアクリニック", "機関区分": 3, "都道府県コード": 3, "市区町村コード": 201, "所在地": "岩手県盛岡市菜園１－６－１３公園通りプラザビル地下１Ｆ", "緯度": 39.701348, "経度": 141.148027, "url": "https://www.iryou.teikyouseido.mhlw.go.jp/znk-web/juminkanja/S2430/initialize?prefCd=03&kikanCd=03310004&kikanKbn=3", "url2": null, "内容": "医療法人社団マリナ会　盛岡デンタルケアクリニック【3:歯科】岩手県盛岡市菜園１－６－１３公園通りプラザビル地下１Ｆ" }, "geometry": { "type": "Point", "coordinates": [ 141.148027, 39.701348 ] } },
{ "type": "Feature", "properties": { "ID": 333300001, "正式名称": "まきなえ歯科小児歯科", "機関区分": 3, "都道府県コード": 3, "市区町村コード": 201, "所在地": "岩手県盛岡市西見前１５地割１３６", "緯度": 39.646499, "経度": 141.165124, "url": "https://www.iryou.teikyouseido.mhlw.go.jp/znk-web/juminkanja/S2430/initialize?prefCd=03&kikanCd=3300001&kikanKbn=3", "url2": "https://www.makinae-dc.com/", "内容": "まきなえ歯科小児歯科【3:歯科】岩手県盛岡市西見前１５地割１３６" }, "geometry": { "type": "Point", "coordinates": [ 141.165124, 39.646499 ] } },
{ "type": "Feature", "properties": { "ID": 333300002, "正式名称": "塚谷デンタルクリニック", "機関区分": 3, "都道府県コード": 3, "市区町村コード": 201, "所在地": "岩手県盛岡市本宮小板小瀬１３－２", "緯度": 39.694475, "経度": 141.120406, "url": "https://www.iryou.teikyouseido.mhlw.go.jp/znk-web/juminkanja/S2430/initialize?prefCd=03&kikanCd=3300002&kikanKbn=3", "url2": "https://tsukatani-dc.com", "内容": "塚谷デンタルクリニック【3:歯科】岩手県盛岡市本宮小板小瀬１３－２" }, "geometry": { "type": "Point", "coordinates": [ 141.120406, 39.694475 ] } },
{ "type": "Feature", "properties": { "ID": 333300004, "正式名称": "ＮＡＯ　ＤＥＮＴＡＬ　ＣＬＩＮＩＣ", "機関区分": 3, "都道府県コード": 3, "市区町村コード": 201, "所在地": "岩手県盛岡市上田四丁目２０－３", "緯度": 39.720523, "経度": 141.137443, "url": "https://www.iryou.teikyouseido.mhlw.go.jp/znk-web/juminkanja/S2430/initialize?prefCd=03&kikanCd=3300004&kikanKbn=3", "url2": null, "内容": "ＮＡＯ　ＤＥＮＴＡＬ　ＣＬＩＮＩＣ【3:歯科】岩手県盛岡市上田四丁目２０－３" }, "geometry": { "type": "Point", "coordinates": [ 141.137443, 39.720523 ] } },
{ "type": "Feature", "properties": { "ID": 333300005, "正式名称": "ヴェルデ歯科医院", "機関区分": 3, "都道府県コード": 3, "市区町村コード": 201, "所在地": "岩手県盛岡市松園２－１－１９", "緯度": 39.748064, "経度": 141.166807, "url": "https://www.iryou.teikyouseido.mhlw.go.jp/znk-web/juminkanja/S2430/initialize?prefCd=03&kikanCd=3300005&kikanKbn=3", "url2": null, "内容": "ヴェルデ歯科医院【3:歯科】岩手県盛岡市松園２－１－１９" }, "geometry": { "type": "Point", "coordinates": [ 141.166807, 39.748064 ] } },
{ "type": "Feature", "properties": { "ID": 333300090, "正式名称": "八重樫歯科医院", "機関区分": 3, "都道府県コード": 3, "市区町村コード": 207, "所在地": "岩手県久慈市栄町第３７地割１２８－１０", "緯度": 40.196026, "経度": 141.75978, "url": "https://www.iryou.teikyouseido.mhlw.go.jp/znk-web/juminkanja/S2430/initialize?prefCd=03&kikanCd=3300090&kikanKbn=3", "url2": null, "内容": "八重樫歯科医院【3:歯科】岩手県久慈市栄町第３７地割１２８－１０" }, "geometry": { "type": "Point", "coordinates": [ 141.75978, 40.196026 ] } },
{ "type": "Feature", "properties": { "ID": 333300094, "正式名称": "青木歯科医院", "機関区分": 3, "都道府県コード": 3, "市区町村コード": 507, "所在地": "岩手県九戸郡洋野町種市２３ー２９ー９", "緯度": 40.408367, "経度": 141.71758, "url": "https://www.iryou.teikyouseido.mhlw.go.jp/znk-web/juminkanja/S2430/initialize?prefCd=03&kikanCd=3300094&kikanKbn=3", "url2": null, "内容": "青木歯科医院【3:歯科】岩手県九戸郡洋野町種市２３ー２９ー９" }, "geometry": { "type": "Point", "coordinates": [ 141.71758, 40.408367 ] } },
{ "type": "Feature", "properties": { "ID": 333300097, "正式名称": "中野歯科", "機関区分": 3, "都道府県コード": 3, "市区町村コード": 507, "所在地": "岩手県九戸郡洋野町中野第１２地割１９", "緯度": 40.299264, "経度": 141.77691, "url": "https://www.iryou.teikyouseido.mhlw.go.jp/znk-web/juminkanja/S2430/initialize?prefCd=03&kikanCd=3300097&kikanKbn=3", "url2": null, "内容": "中野歯科【3:歯科】岩手県九戸郡洋野町中野第１２地割１９" }, "geometry": { "type": "Point", "coordinates": [ 141.77691, 40.299264 ] } },
{ "type": "Feature", "properties": { "ID": 333300102, "正式名称": "三浦歯科医院", "機関区分": 3, "都道府県コード": 3, "市区町村コード": 215, "所在地": "岩手県奥州市水沢秋葉町１４０番地", "緯度": 39.148533, "経度": 141.14525, "url": "https://www.iryou.teikyouseido.mhlw.go.jp/znk-web/juminkanja/S2430/initialize?prefCd=03&kikanCd=3300102&kikanKbn=3", "url2": "http://www.dentalmiura.com/", "内容": "三浦歯科医院【3:歯科】岩手県奥州市水沢秋葉町１４０番地" }, "geometry": { "type": "Point", "coordinates": [ 141.14525, 39.148533 ] } },
{ "type": "Feature", "properties": { "ID": 333300174, "正式名称": "医療法人ささき歯科クリニック", "機関区分": 3, "都道府県コード": 3, "市区町村コード": 321, "所在地": "岩手県紫波郡紫波町日詰下丸森９－１", "緯度": 39.55554, "経度": 141.16992, "url": "https://www.iryou.teikyouseido.mhlw.go.jp/znk-web/juminkanja/S2430/initialize?prefCd=03&kikanCd=3300174&kikanKbn=3", "url2": null, "内容": "医療法人ささき歯科クリニック【3:歯科】岩手県紫波郡紫波町日詰下丸森９－１" }, "geometry": { "type": "Point", "coordinates": [ 141.16992, 39.55554 ] } },
{ "type": "Feature", "properties": { "ID": 333300280, "正式名称": "上ノ橋歯科クリニック", "機関区分": 3, "都道府県コード": 3, "市区町村コード": 201, "所在地": "岩手県盛岡市上ノ橋町１番４５号", "緯度": 39.704804, "経度": 141.158092, "url": "https://www.iryou.teikyouseido.mhlw.go.jp/znk-web/juminkanja/S2430/initialize?prefCd=03&kikanCd=3300280&kikanKbn=3", "url2": null, "内容": "上ノ橋歯科クリニック【3:歯科】岩手県盛岡市上ノ橋町１番４５号" }, "geometry": { "type": "Point", "coordinates": [ 141.158092, 39.704804 ] } },
{ "type": "Feature", "properties": { "ID": 333300483, "正式名称": "山内歯科医院", "機関区分": 3, "都道府県コード": 3, "市区町村コード": 205, "所在地": "岩手県花巻市大迫町大迫３－２０２", "緯度": 39.466408, "経度": 141.28429, "url": "https://www.iryou.teikyouseido.mhlw.go.jp/znk-web/juminkanja/S2430/initialize?prefCd=03&kikanCd=3300483&kikanKbn=3", "url2": null, "内容": "山内歯科医院【3:歯科】岩手県花巻市大迫町大迫３－２０２" }, "geometry": { "type": "Point", "coordinates": [ 141.28429, 39.466408 ] } },
{ "type": "Feature", "properties": { "ID": 333300652, "正式名称": "かわさき歯科診療所", "機関区分": 3, "都道府県コード": 3, "市区町村コード": 209, "所在地": "岩手県一関市川崎町薄衣字町裏５番地１", "緯度": 38.900029, "経度": 141.269474, "url": "https://www.iryou.teikyouseido.mhlw.go.jp/znk-web/juminkanja/S2430/initialize?prefCd=03&kikanCd=3300652&kikanKbn=3", "url2": "https://www.kawasaki-dent.com/", "内容": "かわさき歯科診療所【3:歯科】岩手県一関市川崎町薄衣字町裏５番地１" }, "geometry": { "type": "Point", "coordinates": [ 141.269474, 38.900029 ] } },
{ "type": "Feature", "properties": { "ID": 333300670, "正式名称": "高野歯科クリニック", "機関区分": 3, "都道府県コード": 3, "市区町村コード": 215, "所在地": "岩手県奥州市水沢字谷地明円３７番地７", "緯度": 39.140262, "経度": 141.132653, "url": "https://www.iryou.teikyouseido.mhlw.go.jp/znk-web/juminkanja/S2430/initialize?prefCd=03&kikanCd=3300670&kikanKbn=3", "url2": null, "内容": "高野歯科クリニック【3:歯科】岩手県奥州市水沢字谷地明円３７番地７" }, "geometry": { "type": "Point", "coordinates": [ 141.132653, 39.140262 ] } },
{ "type": "Feature", "properties": { "ID": 333340001, "正式名称": "ななデンタルクリニック", "機関区分": 3, "都道府県コード": 3, "市区町村コード": 209, "所在地": "岩手県一関市大東町摺沢字沼田１７番地１２", "緯度": 38.994041, "経度": 141.320696, "url": "https://www.iryou.teikyouseido.mhlw.go.jp/znk-web/juminkanja/S2430/initialize?prefCd=03&kikanCd=3340001&kikanKbn=3", "url2": "https://www.nanadental-ichinoseki.com/", "内容": "ななデンタルクリニック【3:歯科】岩手県一関市大東町摺沢字沼田１７番地１２" }, "geometry": { "type": "Point", "coordinates": [ 141.320696, 38.994041 ] } },
{ "type": "Feature", "properties": { "ID": 333340003, "正式名称": "久保田歯科医院", "機関区分": 3, "都道府県コード": 3, "市区町村コード": 209, "所在地": "岩手県一関市上大槻街３番３５号", "緯度": 38.928865, "経度": 141.138016, "url": "https://www.iryou.teikyouseido.mhlw.go.jp/znk-web/juminkanja/S2430/initialize?prefCd=03&kikanCd=3340003&kikanKbn=3", "url2": null, "内容": "久保田歯科医院【3:歯科】岩手県一関市上大槻街３番３５号" }, "geometry": { "type": "Point", "coordinates": [ 141.138016, 38.928865 ] } },
{ "type": "Feature", "properties": { "ID": 333370001, "正式名称": "木澤歯科医院", "機関区分": 3, "都道府県コード": 3, "市区町村コード": 482, "所在地": "岩手県下閉伊郡山田町長崎４－１４－６", "緯度": 39.4617146, "経度": 141.9442741, "url": "https://www.iryou.teikyouseido.mhlw.go.jp/znk-web/juminkanja/S2430/initialize?prefCd=03&kikanCd=3370001&kikanKbn=3", "url2": "https://www.kizawa-dental.com/", "内容": "木澤歯科医院【3:歯科】岩手県下閉伊郡山田町長崎４－１４－６" }, "geometry": { "type": "Point", "coordinates": [ 141.9442741, 39.4617146 ] } }
]
}
