{
"type": "FeatureCollection",
"name": "geo_03_居宅介護支援",
"crs": { "type": "name", "properties": { "name": "urn:ogc:def:crs:OGC:1.3:CRS84" } },
"features": [
{ "type": "Feature", "properties": { "内容": "居宅介護支援事業所はるかぜの家【居宅介護支援】岩手県盛岡市上堂4丁目3-62", "url2": "https://www.kaigokensaku.mhlw.go.jp/03/index.php?action_kouhyou_detail_004_kani=true&JigyosyoCd=0370101586-00&ServiceCd=430&Type=search" }, "geometry": { "type": "Point", "coordinates": [ 141.125382800000011, 39.7313077 ] } },
{ "type": "Feature", "properties": { "内容": "あったかいごセンター指定居宅介護支援事業所【居宅介護支援】岩手県盛岡市肴町2番31号", "url2": "https://www.kaigokensaku.mhlw.go.jp/03/index.php?action_kouhyou_detail_004_kani=true&JigyosyoCd=0370101578-00&ServiceCd=430&Type=search" }, "geometry": { "type": "Point", "coordinates": [ 141.152553600000033, 39.6978673 ] } },
{ "type": "Feature", "properties": { "内容": "コープ介護・福祉センター【居宅介護支援】岩手県盛岡市長橋町17-35", "url2": "https://www.kaigokensaku.mhlw.go.jp/03/index.php?action_kouhyou_detail_004_kani=true&JigyosyoCd=0370102063-00&ServiceCd=430&Type=search" }, "geometry": { "type": "Point", "coordinates": [ 141.102786237903274, 39.717003704480085 ] } },
{ "type": "Feature", "properties": { "内容": "あったかいごセンタ－モーモー指定居宅介護支援事業所【居宅介護支援】岩手県盛岡市向中野五丁目3番37号306号", "url2": "https://www.kaigokensaku.mhlw.go.jp/03/index.php?action_kouhyou_detail_004_kani=true&JigyosyoCd=0370103061-00&ServiceCd=430&Type=search" }, "geometry": { "type": "Point", "coordinates": [ 141.141782899999953, 39.6792137 ] } },
{ "type": "Feature", "properties": { "内容": "居宅介護支援事業ブライトステージ【居宅介護支援】岩手県盛岡市肴町3-18", "url2": "https://www.kaigokensaku.mhlw.go.jp/03/index.php?action_kouhyou_detail_004_kani=true&JigyosyoCd=0370103244-00&ServiceCd=430&Type=search" }, "geometry": { "type": "Point", "coordinates": [ 141.154003399999965, 39.6993922 ] } },
{ "type": "Feature", "properties": { "内容": "ケアサポートみずほ【居宅介護支援】岩手県盛岡市茶畑一丁目1番5号グリーンビレッジ盛岡Ａ棟101号", "url2": "https://www.kaigokensaku.mhlw.go.jp/03/index.php?action_kouhyou_detail_004_kani=true&JigyosyoCd=0370104226-00&ServiceCd=430&Type=search" }, "geometry": { "type": "Point", "coordinates": [ 141.161303099999941, 39.6939126 ] } },
{ "type": "Feature", "properties": { "内容": "にこにこ介護相談室【居宅介護支援】岩手県盛岡市玉山馬場字滝の沢28にこにこホーム", "url2": "https://www.kaigokensaku.mhlw.go.jp/03/index.php?action_kouhyou_detail_004_kani=true&JigyosyoCd=0370104788-00&ServiceCd=430&Type=search" }, "geometry": { "type": "Point", "coordinates": [ 141.203890199999933, 39.8791425 ] } },
{ "type": "Feature", "properties": { "内容": "メディコート指定居宅介護支援事業所【居宅介護支援】岩手県盛岡市上堂三丁目１６－３２2階", "url2": "https://www.kaigokensaku.mhlw.go.jp/03/index.php?action_kouhyou_detail_004_kani=true&JigyosyoCd=0370105272-00&ServiceCd=430&Type=search" }, "geometry": { "type": "Point", "coordinates": [ 141.128789216008045, 39.72874276152951 ] } },
{ "type": "Feature", "properties": { "内容": "ケアプランセンター松福【居宅介護支援】岩手県盛岡市好摩字野中69-47松福の郷・好摩", "url2": "https://www.kaigokensaku.mhlw.go.jp/03/index.php?action_kouhyou_detail_004_kani=true&JigyosyoCd=0370105843-00&ServiceCd=430&Type=search" }, "geometry": { "type": "Point", "coordinates": [ 141.16651909999996, 39.8773527 ] } },
{ "type": "Feature", "properties": { "内容": "医心館居宅介護支援事業所盛岡【居宅介護支援】岩手県盛岡市本宮６丁目1-25", "url2": "https://www.kaigokensaku.mhlw.go.jp/03/index.php?action_kouhyou_detail_004_kani=true&JigyosyoCd=0370106692-00&ServiceCd=430&Type=search" }, "geometry": { "type": "Point", "coordinates": [ 141.12528240000006, 39.6873091 ] } },
{ "type": "Feature", "properties": { "内容": "居宅介護支援事業所シャンジェ【居宅介護支援】岩手県盛岡市厨川4丁目9-18", "url2": "https://www.kaigokensaku.mhlw.go.jp/03/index.php?action_kouhyou_detail_004_kani=true&JigyosyoCd=0370107658-00&ServiceCd=430&Type=search" }, "geometry": { "type": "Point", "coordinates": [ 141.129978599999987, 39.7507353 ] } },
{ "type": "Feature", "properties": { "内容": "株式会社プレーゴ介護支援サービスセンター【居宅介護支援】岩手県盛岡市本宮三丁目9番2号", "url2": "https://www.kaigokensaku.mhlw.go.jp/03/index.php?action_kouhyou_detail_004_kani=true&JigyosyoCd=0372200469-00&ServiceCd=430&Type=search" }, "geometry": { "type": "Point", "coordinates": [ 141.133532899475085, 39.693138641404815 ] } },
{ "type": "Feature", "properties": { "内容": "青山和敬荘在宅介護支援センター【居宅介護支援】岩手県盛岡市南青山町１３番３０号", "url2": "https://www.kaigokensaku.mhlw.go.jp/03/index.php?action_kouhyou_detail_004_kani=true&JigyosyoCd=0370100059-00&ServiceCd=430&Type=search" }, "geometry": { "type": "Point", "coordinates": [ 141.112401, 39.7192946 ] } },
{ "type": "Feature", "properties": { "内容": "浅岸和敬荘在宅介護支援センター【居宅介護支援】岩手県盛岡市浅岸三丁目２３番５０号", "url2": "https://www.kaigokensaku.mhlw.go.jp/03/index.php?action_kouhyou_detail_004_kani=true&JigyosyoCd=0370100067-00&ServiceCd=430&Type=search" }, "geometry": { "type": "Point", "coordinates": [ 141.181171433718987, 39.711820489154015 ] } },
{ "type": "Feature", "properties": { "内容": "五月園指定居宅介護支援事業所【居宅介護支援】岩手県盛岡市東山二丁目５－１９", "url2": "https://www.kaigokensaku.mhlw.go.jp/03/index.php?action_kouhyou_detail_004_kani=true&JigyosyoCd=0370100117-00&ServiceCd=430&Type=search" }, "geometry": { "type": "Point", "coordinates": [ 141.180212399999959, 39.68873 ] } },
{ "type": "Feature", "properties": { "内容": "ツルハ居宅介護支援事業所津志田【居宅介護支援】岩手県盛岡市津志田中央2丁目17番33号", "url2": "https://www.kaigokensaku.mhlw.go.jp/03/index.php?action_kouhyou_detail_004_kani=true&JigyosyoCd=0370103566-00&ServiceCd=430&Type=search" }, "geometry": { "type": "Point", "coordinates": [ 141.15423809999993, 39.6615465 ] } },
{ "type": "Feature", "properties": { "内容": "ふきのとう居宅介護支援事業所【居宅介護支援】岩手県盛岡市小鳥沢2丁目33-26", "url2": "https://www.kaigokensaku.mhlw.go.jp/03/index.php?action_kouhyou_detail_004_kani=true&JigyosyoCd=0370103582-00&ServiceCd=430&Type=search" }, "geometry": { "type": "Point", "coordinates": [ 141.164528300000029, 39.763144 ] } },
{ "type": "Feature", "properties": { "内容": "かがの介護支援相談室【居宅介護支援】岩手県盛岡市加賀野一丁目２番３５号加賀野の森", "url2": "https://www.kaigokensaku.mhlw.go.jp/03/index.php?action_kouhyou_detail_004_kani=true&JigyosyoCd=0370104127-00&ServiceCd=430&Type=search" }, "geometry": { "type": "Point", "coordinates": [ 141.160958100000016, 39.7073997 ] } },
{ "type": "Feature", "properties": { "内容": "居宅介護支援事業所うえだ【居宅介護支援】岩手県盛岡市上田一丁目1-30", "url2": "https://www.kaigokensaku.mhlw.go.jp/03/index.php?action_kouhyou_detail_004_kani=true&JigyosyoCd=0370105876-00&ServiceCd=430&Type=search" }, "geometry": { "type": "Point", "coordinates": [ 141.147953499999971, 39.713432 ] } },
{ "type": "Feature", "properties": { "内容": "愛ケアセンター盛岡【居宅介護支援】岩手県盛岡市西見前13地割76", "url2": "https://www.kaigokensaku.mhlw.go.jp/03/index.php?action_kouhyou_detail_004_kani=true&JigyosyoCd=0370107138-00&ServiceCd=430&Type=search" }, "geometry": { "type": "Point", "coordinates": [ 141.165336700000012, 39.6395658 ] } },
{ "type": "Feature", "properties": { "内容": "ニチイケアセンター上田【居宅介護支援】岩手県盛岡市上田一丁目3番43号", "url2": "https://www.kaigokensaku.mhlw.go.jp/03/index.php?action_kouhyou_detail_004_kani=true&JigyosyoCd=0370100026-00&ServiceCd=430&Type=search" }, "geometry": { "type": "Point", "coordinates": [ 141.147617399999945, 39.7136931 ] } },
{ "type": "Feature", "properties": { "内容": "指定居宅介護支援事業所ケアプランニングみたけ【居宅介護支援】岩手県盛岡市みたけ3丁目11番36号", "url2": "https://www.kaigokensaku.mhlw.go.jp/03/index.php?action_kouhyou_detail_004_kani=true&JigyosyoCd=0370100091-00&ServiceCd=430&Type=search" }, "geometry": { "type": "Point", "coordinates": [ 141.1137086, 39.7381734 ] } },
{ "type": "Feature", "properties": { "内容": "盛岡市医師会指定居宅介護支援事業所【居宅介護支援】岩手県盛岡市愛宕町18番6号", "url2": "https://www.kaigokensaku.mhlw.go.jp/03/index.php?action_kouhyou_detail_004_kani=true&JigyosyoCd=0370100422-00&ServiceCd=430&Type=search" }, "geometry": { "type": "Point", "coordinates": [ 141.157674899999961, 39.7104743 ] } },
{ "type": "Feature", "properties": { "内容": "希望の里在宅介護支援センター【居宅介護支援】岩手県盛岡市乙部5地割41番地１", "url2": "https://www.kaigokensaku.mhlw.go.jp/03/index.php?action_kouhyou_detail_004_kani=true&JigyosyoCd=0370101024-00&ServiceCd=430&Type=search" }, "geometry": { "type": "Point", "coordinates": [ 141.195050300000048, 39.6113176 ] } },
{ "type": "Feature", "properties": { "内容": "居宅介護支援事業所あおぞら【居宅介護支援】岩手県盛岡市津志田町1丁目15番37号", "url2": "https://www.kaigokensaku.mhlw.go.jp/03/index.php?action_kouhyou_detail_004_kani=true&JigyosyoCd=0370102048-00&ServiceCd=430&Type=search" }, "geometry": { "type": "Point", "coordinates": [ 141.153513730288722, 39.668276845487767 ] } },
{ "type": "Feature", "properties": { "内容": "居宅介護支援事業所ゆうあい【居宅介護支援】岩手県盛岡市北飯岡１丁目2-25", "url2": "https://www.kaigokensaku.mhlw.go.jp/03/index.php?action_kouhyou_detail_004_kani=true&JigyosyoCd=0370102568-00&ServiceCd=430&Type=search" }, "geometry": { "type": "Point", "coordinates": [ 141.133520302485607, 39.679418765716704 ] } },
{ "type": "Feature", "properties": { "内容": "さくらぎの里居宅介護支援事業所【居宅介護支援】岩手県盛岡市上田字松屋敷103番地1", "url2": "https://www.kaigokensaku.mhlw.go.jp/03/index.php?action_kouhyou_detail_004_kani=true&JigyosyoCd=0370103145-00&ServiceCd=430&Type=search" }, "geometry": { "type": "Point", "coordinates": [ 141.152177, 39.7518141 ] } },
{ "type": "Feature", "properties": { "内容": "居宅介護支援事業所愛語【居宅介護支援】岩手県盛岡市山岸1丁目6番20号", "url2": "https://www.kaigokensaku.mhlw.go.jp/03/index.php?action_kouhyou_detail_004_kani=true&JigyosyoCd=0370105405-00&ServiceCd=430&Type=search" }, "geometry": { "type": "Point", "coordinates": [ 141.166923900000029, 39.712713200000032 ] } },
{ "type": "Feature", "properties": { "内容": "ものがたり相談室【居宅介護支援】岩手県盛岡市南青山町4-15サウザ南青山Ａ棟", "url2": "https://www.kaigokensaku.mhlw.go.jp/03/index.php?action_kouhyou_detail_004_kani=true&JigyosyoCd=0370105470-00&ServiceCd=430&Type=search" }, "geometry": { "type": "Point", "coordinates": [ 141.115433678529371, 39.718824286614542 ] } },
{ "type": "Feature", "properties": { "内容": "さんきょう居宅介護支援事業所【居宅介護支援】岩手県盛岡市東安庭一丁目23-36", "url2": "https://www.kaigokensaku.mhlw.go.jp/03/index.php?action_kouhyou_detail_004_kani=true&JigyosyoCd=0370107344-00&ServiceCd=430&Type=search" }, "geometry": { "type": "Point", "coordinates": [ 141.1642833, 39.6796124 ] } },
{ "type": "Feature", "properties": { "内容": "居宅介護支援事業所さつき【居宅介護支援】岩手県盛岡市北飯岡二丁目16番73号", "url2": "https://www.kaigokensaku.mhlw.go.jp/03/index.php?action_kouhyou_detail_004_kani=true&JigyosyoCd=0370107641-00&ServiceCd=430&Type=search" }, "geometry": { "type": "Point", "coordinates": [ 141.1328446, 39.6732213 ] } },
{ "type": "Feature", "properties": { "内容": "結いの手居宅介護支援事業所【居宅介護支援】岩手県盛岡市向中野8丁目27番6号", "url2": "https://www.kaigokensaku.mhlw.go.jp/03/index.php?action_kouhyou_detail_004_kani=true&JigyosyoCd=0370107955-00&ServiceCd=430&Type=search" }, "geometry": { "type": "Point", "coordinates": [ 141.141186374065626, 39.668145700463832 ] } },
{ "type": "Feature", "properties": { "内容": "第二松園ハイツ指定居宅介護支援事業所【居宅介護支援】岩手県盛岡市西松園二丁目５番１号", "url2": "https://www.kaigokensaku.mhlw.go.jp/03/index.php?action_kouhyou_detail_004_kani=true&JigyosyoCd=0370100034-00&ServiceCd=430&Type=search" }, "geometry": { "type": "Point", "coordinates": [ 141.159072015344236, 39.751881154346286 ] } },
{ "type": "Feature", "properties": { "内容": "盛岡市社会福祉協議会盛岡駅西口指定居宅介護支援事業所【居宅介護支援】岩手県盛岡市盛岡駅西通一丁目2番2号", "url2": "https://www.kaigokensaku.mhlw.go.jp/03/index.php?action_kouhyou_detail_004_kani=true&JigyosyoCd=0370100083-00&ServiceCd=430&Type=search" }, "geometry": { "type": "Point", "coordinates": [ 141.131913599999962, 39.704091 ] } },
{ "type": "Feature", "properties": { "内容": "千年苑指定居宅介護支援事業所【居宅介護支援】岩手県盛岡市上太田穴口５３番地", "url2": "https://www.kaigokensaku.mhlw.go.jp/03/index.php?action_kouhyou_detail_004_kani=true&JigyosyoCd=0370100109-00&ServiceCd=430&Type=search" }, "geometry": { "type": "Point", "coordinates": [ 141.058339400000023, 39.6908792 ] } },
{ "type": "Feature", "properties": { "内容": "イーハトーブ在宅介護支援センター【居宅介護支援】岩手県盛岡市本宮一丁目6番48号", "url2": "https://www.kaigokensaku.mhlw.go.jp/03/index.php?action_kouhyou_detail_004_kani=true&JigyosyoCd=0370100414-00&ServiceCd=430&Type=search" }, "geometry": { "type": "Point", "coordinates": [ 141.141283446696434, 39.690564026656496 ] } },
{ "type": "Feature", "properties": { "内容": "盛岡市社会福祉協議会月が丘指定居宅介護支援事業所【居宅介護支援】岩手県盛岡市月が丘三丁目7番5号", "url2": "https://www.kaigokensaku.mhlw.go.jp/03/index.php?action_kouhyou_detail_004_kani=true&JigyosyoCd=0370100786-00&ServiceCd=430&Type=search" }, "geometry": { "type": "Point", "coordinates": [ 141.109248, 39.7340709 ] } },
{ "type": "Feature", "properties": { "内容": "城南指定居宅介護支援事業所【居宅介護支援】岩手県盛岡市神明町8番4号", "url2": "https://www.kaigokensaku.mhlw.go.jp/03/index.php?action_kouhyou_detail_004_kani=true&JigyosyoCd=0370101651-00&ServiceCd=430&Type=search" }, "geometry": { "type": "Point", "coordinates": [ 141.16003610000007, 39.7015504 ] } },
{ "type": "Feature", "properties": { "内容": "居宅介護支援事業所カノン【居宅介護支援】岩手県盛岡市向中野5丁目30-15", "url2": "https://www.kaigokensaku.mhlw.go.jp/03/index.php?action_kouhyou_detail_004_kani=true&JigyosyoCd=0370104994-00&ServiceCd=430&Type=search" }, "geometry": { "type": "Point", "coordinates": [ 141.13804085011509, 39.676924263136762 ] } },
{ "type": "Feature", "properties": { "内容": "盛岡南病院居宅介護支援事業所【居宅介護支援】岩手県盛岡市津志田13地割18番地4", "url2": "https://www.kaigokensaku.mhlw.go.jp/03/index.php?action_kouhyou_detail_004_kani=true&JigyosyoCd=0370105496-00&ServiceCd=430&Type=search" }, "geometry": { "type": "Point", "coordinates": [ 141.156031995770263, 39.656492351713496 ] } },
{ "type": "Feature", "properties": { "内容": "指定居宅介護支援事業所ひなた【居宅介護支援】岩手県盛岡市手代森14地割16番地478", "url2": "https://www.kaigokensaku.mhlw.go.jp/03/index.php?action_kouhyou_detail_004_kani=true&JigyosyoCd=0370106635-00&ServiceCd=430&Type=search" }, "geometry": { "type": "Point", "coordinates": [ 141.181806200000011, 39.657315 ] } },
{ "type": "Feature", "properties": { "内容": "居宅介護支援事業所いと【居宅介護支援】岩手県盛岡市乙部14地割８９番地1", "url2": "https://www.kaigokensaku.mhlw.go.jp/03/index.php?action_kouhyou_detail_004_kani=true&JigyosyoCd=0370106858-00&ServiceCd=430&Type=search" }, "geometry": { "type": "Point", "coordinates": [ 141.20567183442202, 39.608569418944136 ] } },
{ "type": "Feature", "properties": { "内容": "ＳＯＭＰＯケア盛岡本町居宅介護支援【居宅介護支援】岩手県盛岡市長田町14番43号", "url2": "https://www.kaigokensaku.mhlw.go.jp/03/index.php?action_kouhyou_detail_004_kani=true&JigyosyoCd=0370107005-00&ServiceCd=430&Type=search" }, "geometry": { "type": "Point", "coordinates": [ 141.141763410740481, 39.70838550416557 ] } },
{ "type": "Feature", "properties": { "内容": "好摩指定居宅介護支援事業所【居宅介護支援】岩手県盛岡市好摩字夏間木７０－１９０", "url2": "https://www.kaigokensaku.mhlw.go.jp/03/index.php?action_kouhyou_detail_004_kani=true&JigyosyoCd=0372100305-00&ServiceCd=430&Type=search" }, "geometry": { "type": "Point", "coordinates": [ 141.165367714491822, 39.875069604013682 ] } },
{ "type": "Feature", "properties": { "内容": "介護福祉相談センター「ふくろうの家」【居宅介護支援】岩手県盛岡市南青山町19-24", "url2": "https://www.kaigokensaku.mhlw.go.jp/03/index.php?action_kouhyou_detail_004_kani=true&JigyosyoCd=0372200618-00&ServiceCd=430&Type=search" }, "geometry": { "type": "Point", "coordinates": [ 141.109501200000068, 39.719425 ] } },
{ "type": "Feature", "properties": { "内容": "居宅介護支援事業所まつぞの【居宅介護支援】岩手県盛岡市北松園四丁目36番75号", "url2": "https://www.kaigokensaku.mhlw.go.jp/03/index.php?action_kouhyou_detail_004_kani=true&JigyosyoCd=0370101206-00&ServiceCd=430&Type=search" }, "geometry": { "type": "Point", "coordinates": [ 141.177039931506442, 39.762413919035275 ] } },
{ "type": "Feature", "properties": { "内容": "あさひ指定居宅介護支援事業所【居宅介護支援】岩手県盛岡市上厨川字杉原１０１－６", "url2": "https://www.kaigokensaku.mhlw.go.jp/03/index.php?action_kouhyou_detail_004_kani=true&JigyosyoCd=0370101321-00&ServiceCd=430&Type=search" }, "geometry": { "type": "Point", "coordinates": [ 141.1052297, 39.7090369 ] } },
{ "type": "Feature", "properties": { "内容": "居宅介護支援事業所くるみ【居宅介護支援】岩手県盛岡市愛宕町１２番１０号", "url2": "https://www.kaigokensaku.mhlw.go.jp/03/index.php?action_kouhyou_detail_004_kani=true&JigyosyoCd=0370101792-00&ServiceCd=430&Type=search" }, "geometry": { "type": "Point", "coordinates": [ 141.162855101852443, 39.710089903431509 ] } },
{ "type": "Feature", "properties": { "内容": "ゆめさとケアプランサービス【居宅介護支援】岩手県盛岡市西青山二丁目2番1号ゆめさとTown", "url2": "https://www.kaigokensaku.mhlw.go.jp/03/index.php?action_kouhyou_detail_004_kani=true&JigyosyoCd=0370102238-00&ServiceCd=430&Type=search" }, "geometry": { "type": "Point", "coordinates": [ 141.1107733266754, 39.727387425541984 ] } },
{ "type": "Feature", "properties": { "内容": "ひだまりケアプランセンター【居宅介護支援】岩手県盛岡市津志田26地割30番地1", "url2": "https://www.kaigokensaku.mhlw.go.jp/03/index.php?action_kouhyou_detail_004_kani=true&JigyosyoCd=0370102634-00&ServiceCd=430&Type=search" }, "geometry": { "type": "Point", "coordinates": [ 141.156487299999981, 39.6723621 ] } },
{ "type": "Feature", "properties": { "内容": "エスコートケアセンター【居宅介護支援】岩手県盛岡市上堂1丁目19-752F", "url2": "https://www.kaigokensaku.mhlw.go.jp/03/index.php?action_kouhyou_detail_004_kani=true&JigyosyoCd=0370103079-00&ServiceCd=430&Type=search" }, "geometry": { "type": "Point", "coordinates": [ 141.124553403928758, 39.724989937683553 ] } },
{ "type": "Feature", "properties": { "内容": "ケアプランセンター・きらら【居宅介護支援】岩手県盛岡市箱清水一丁目4番15号", "url2": "https://www.kaigokensaku.mhlw.go.jp/03/index.php?action_kouhyou_detail_004_kani=true&JigyosyoCd=0370103236-00&ServiceCd=430&Type=search" }, "geometry": { "type": "Point", "coordinates": [ 141.133315399999987, 39.7321076 ] } },
{ "type": "Feature", "properties": { "内容": "アルテ居宅介護支援事業所【居宅介護支援】岩手県盛岡市黒石野1-11-10アルテプラド黒石野１階", "url2": "https://www.kaigokensaku.mhlw.go.jp/03/index.php?action_kouhyou_detail_004_kani=true&JigyosyoCd=0370104689-00&ServiceCd=430&Type=search" }, "geometry": { "type": "Point", "coordinates": [ 141.148738699999967, 39.7422094 ] } },
{ "type": "Feature", "properties": { "内容": "えがお指定居宅介護支援事業所【居宅介護支援】岩手県盛岡市南仙北二丁目6番16号", "url2": "https://www.kaigokensaku.mhlw.go.jp/03/index.php?action_kouhyou_detail_004_kani=true&JigyosyoCd=0370105611-00&ServiceCd=430&Type=search" }, "geometry": { "type": "Point", "coordinates": [ 141.1525134, 39.6874161 ] } },
{ "type": "Feature", "properties": { "内容": "介護支援相談室まごころ【居宅介護支援】岩手県盛岡市三ツ割４丁目4-43", "url2": "https://www.kaigokensaku.mhlw.go.jp/03/index.php?action_kouhyou_detail_004_kani=true&JigyosyoCd=0370106056-00&ServiceCd=430&Type=search" }, "geometry": { "type": "Point", "coordinates": [ 141.160740912308285, 39.728914129083016 ] } },
{ "type": "Feature", "properties": { "内容": "なごみ指定居宅介護支援事業所【居宅介護支援】岩手県盛岡市箱清水２丁目４－３３", "url2": "https://www.kaigokensaku.mhlw.go.jp/03/index.php?action_kouhyou_detail_004_kani=true&JigyosyoCd=0370106379-00&ServiceCd=430&Type=search" }, "geometry": { "type": "Point", "coordinates": [ 141.131737700000031, 39.7319465 ] } },
{ "type": "Feature", "properties": { "内容": "ケア・テック指定居宅介護支援事業所【居宅介護支援】岩手県盛岡市湯沢16地割15番地８", "url2": "https://www.kaigokensaku.mhlw.go.jp/03/index.php?action_kouhyou_detail_004_kani=true&JigyosyoCd=0370106502-00&ServiceCd=430&Type=search" }, "geometry": { "type": "Point", "coordinates": [ 141.114293174964956, 39.652605029696325 ] } },
{ "type": "Feature", "properties": { "内容": "こころ指定居宅介護支援事業所【居宅介護支援】岩手県盛岡市三本柳3地割11-9", "url2": "https://www.kaigokensaku.mhlw.go.jp/03/index.php?action_kouhyou_detail_004_kani=true&JigyosyoCd=0370107096-00&ServiceCd=430&Type=search" }, "geometry": { "type": "Point", "coordinates": [ 141.160741652778654, 39.664711011529455 ] } },
{ "type": "Feature", "properties": { "内容": "一般財団法人岩手済生医会居宅介護支援事業所なかつがわ【居宅介護支援】岩手県盛岡市下米内2丁目4-12", "url2": "https://www.kaigokensaku.mhlw.go.jp/03/index.php?action_kouhyou_detail_004_kani=true&JigyosyoCd=0370107310-00&ServiceCd=430&Type=search" }, "geometry": { "type": "Point", "coordinates": [ 141.176052, 39.7180462 ] } },
{ "type": "Feature", "properties": { "内容": "ツクイ盛岡【居宅介護支援】岩手県盛岡市東黒石野2-1-5", "url2": "https://www.kaigokensaku.mhlw.go.jp/03/index.php?action_kouhyou_detail_004_kani=true&JigyosyoCd=0370107427-00&ServiceCd=430&Type=search" }, "geometry": { "type": "Point", "coordinates": [ 141.152751918616303, 39.748437990096924 ] } },
{ "type": "Feature", "properties": { "内容": "ケアプランセンター架け橋【居宅介護支援】岩手県盛岡市永井１９地割197-2オフィス永井２階C", "url2": "https://www.kaigokensaku.mhlw.go.jp/03/index.php?action_kouhyou_detail_004_kani=true&JigyosyoCd=0370107443-00&ServiceCd=430&Type=search" }, "geometry": { "type": "Point", "coordinates": [ 141.1437334, 39.6487683 ] } },
{ "type": "Feature", "properties": { "内容": "ケアプラン川崎【居宅介護支援】岩手県盛岡市川崎字上川崎1番地1", "url2": "https://www.kaigokensaku.mhlw.go.jp/03/index.php?action_kouhyou_detail_004_kani=true&JigyosyoCd=0370107591-00&ServiceCd=430&Type=search" }, "geometry": { "type": "Point", "coordinates": [ 141.1660853, 39.8544431 ] } },
{ "type": "Feature", "properties": { "内容": "もみの木居宅介護支援事業所【居宅介護支援】岩手県盛岡市本町通3丁目６－１アメニティハイツ本町210", "url2": "https://www.kaigokensaku.mhlw.go.jp/03/index.php?action_kouhyou_detail_004_kani=true&JigyosyoCd=0370108136-00&ServiceCd=430&Type=search" }, "geometry": { "type": "Point", "coordinates": [ 141.14742, 39.7091651 ] } },
{ "type": "Feature", "properties": { "内容": "居宅介護支援事業所ぐっとなる【居宅介護支援】岩手県盛岡市繋字湯ノ舘81-1", "url2": "https://www.kaigokensaku.mhlw.go.jp/03/index.php?action_kouhyou_detail_004_kani=true&JigyosyoCd=0370108219-00&ServiceCd=430&Type=search" }, "geometry": { "type": "Point", "coordinates": [ 141.023847, 39.6784875 ] } },
{ "type": "Feature", "properties": { "内容": "都南あけぼの荘指定居宅介護支援事業所【居宅介護支援】岩手県盛岡市湯沢４地割２５－１", "url2": "https://www.kaigokensaku.mhlw.go.jp/03/index.php?action_kouhyou_detail_004_kani=true&JigyosyoCd=0370100075-00&ServiceCd=430&Type=search" }, "geometry": { "type": "Point", "coordinates": [ 141.090272499999969, 39.6463688 ] } },
{ "type": "Feature", "properties": { "内容": "ＪＡいわてグループ指定居宅介護支援事業所【居宅介護支援】岩手県盛岡市永井14地割15番地１", "url2": "https://www.kaigokensaku.mhlw.go.jp/03/index.php?action_kouhyou_detail_004_kani=true&JigyosyoCd=0370100471-00&ServiceCd=430&Type=search" }, "geometry": { "type": "Point", "coordinates": [ 141.138817300000028, 39.6599046 ] } },
{ "type": "Feature", "properties": { "内容": "銀楊居宅介護支援事業所【居宅介護支援】岩手県盛岡市本宮2-20-20", "url2": "https://www.kaigokensaku.mhlw.go.jp/03/index.php?action_kouhyou_detail_004_kani=true&JigyosyoCd=0370100869-00&ServiceCd=430&Type=search" }, "geometry": { "type": "Point", "coordinates": [ 141.137483977909824, 39.688737630023681 ] } },
{ "type": "Feature", "properties": { "内容": "とおやま指定居宅介護支援事業所【居宅介護支援】岩手県盛岡市南大通３丁目７－９", "url2": "https://www.kaigokensaku.mhlw.go.jp/03/index.php?action_kouhyou_detail_004_kani=true&JigyosyoCd=0370100919-00&ServiceCd=430&Type=search" }, "geometry": { "type": "Point", "coordinates": [ 141.15246860000002, 39.6934162 ] } },
{ "type": "Feature", "properties": { "内容": "岩手高齢協居宅支援事業所たんぽぽ【居宅介護支援】岩手県盛岡市茶畑２丁目２１ー１５", "url2": "https://www.kaigokensaku.mhlw.go.jp/03/index.php?action_kouhyou_detail_004_kani=true&JigyosyoCd=0370100968-00&ServiceCd=430&Type=search" }, "geometry": { "type": "Point", "coordinates": [ 141.165129623942562, 39.689273343174705 ] } },
{ "type": "Feature", "properties": { "内容": "おでんせ居宅介護支援事業所【居宅介護支援】岩手県盛岡市上厨川字横長根76番地1", "url2": "https://www.kaigokensaku.mhlw.go.jp/03/index.php?action_kouhyou_detail_004_kani=true&JigyosyoCd=0370101131-00&ServiceCd=430&Type=search" }, "geometry": { "type": "Point", "coordinates": [ 141.08466210000006, 39.7072948 ] } },
{ "type": "Feature", "properties": { "内容": "西青山地域支援センター【居宅介護支援】岩手県盛岡市西青山三丁目４０番３９号", "url2": "https://www.kaigokensaku.mhlw.go.jp/03/index.php?action_kouhyou_detail_004_kani=true&JigyosyoCd=0370101628-00&ServiceCd=430&Type=search" }, "geometry": { "type": "Point", "coordinates": [ 141.100357300000042, 39.7282212 ] } },
{ "type": "Feature", "properties": { "内容": "ケアプラン言葉のかけ橋【居宅介護支援】岩手県盛岡市中ノ橋通1丁目13-15", "url2": "https://www.kaigokensaku.mhlw.go.jp/03/index.php?action_kouhyou_detail_004_kani=true&JigyosyoCd=0370102386-00&ServiceCd=430&Type=search" }, "geometry": { "type": "Point", "coordinates": [ 141.1581225, 39.6993367 ] } },
{ "type": "Feature", "properties": { "内容": "指定居宅介護支援事業所盛岡つなぎ温泉病院メディケアプラザ【居宅介護支援】岩手県盛岡市繋字尾入野64－9", "url2": "https://www.kaigokensaku.mhlw.go.jp/03/index.php?action_kouhyou_detail_004_kani=true&JigyosyoCd=0370102832-00&ServiceCd=430&Type=search" }, "geometry": { "type": "Point", "coordinates": [ 141.023567599999978, 39.6895172 ] } },
{ "type": "Feature", "properties": { "内容": "ケアプランセンターよろこび【居宅介護支援】岩手県盛岡市三本柳２地割３２－１ケアヴィレッジよろこび", "url2": "https://www.kaigokensaku.mhlw.go.jp/03/index.php?action_kouhyou_detail_004_kani=true&JigyosyoCd=0370104291-00&ServiceCd=430&Type=search" }, "geometry": { "type": "Point", "coordinates": [ 141.1646174, 39.6661766 ] } },
{ "type": "Feature", "properties": { "内容": "ケアプランセンターハート・ワン【居宅介護支援】岩手県盛岡市本宮四丁目23番16号", "url2": "https://www.kaigokensaku.mhlw.go.jp/03/index.php?action_kouhyou_detail_004_kani=true&JigyosyoCd=0370104671-00&ServiceCd=430&Type=search" }, "geometry": { "type": "Point", "coordinates": [ 141.130469799999986, 39.6870624 ] } },
{ "type": "Feature", "properties": { "内容": "居宅介護支援事業所桜【居宅介護支援】岩手県盛岡市本宮１丁目4-5マンダリン１階", "url2": "https://www.kaigokensaku.mhlw.go.jp/03/index.php?action_kouhyou_detail_004_kani=true&JigyosyoCd=0370105181-00&ServiceCd=430&Type=search" }, "geometry": { "type": "Point", "coordinates": [ 141.1406452, 39.6913814 ] } },
{ "type": "Feature", "properties": { "内容": "メディケアプラザ中央通り居宅介護支援事業所【居宅介護支援】岩手県盛岡市中央通3丁目16－23メディケアプラザ中央通り", "url2": "https://www.kaigokensaku.mhlw.go.jp/03/index.php?action_kouhyou_detail_004_kani=true&JigyosyoCd=0370105389-00&ServiceCd=430&Type=search" }, "geometry": { "type": "Point", "coordinates": [ 141.140879166934155, 39.705706610499774 ] } },
{ "type": "Feature", "properties": { "内容": "おいかわ内科クリニック指定居宅介護支援事業所【居宅介護支援】岩手県盛岡市上田1丁目18-38", "url2": "https://www.kaigokensaku.mhlw.go.jp/03/index.php?action_kouhyou_detail_004_kani=true&JigyosyoCd=0370105652-00&ServiceCd=430&Type=search" }, "geometry": { "type": "Point", "coordinates": [ 141.140051500000027, 39.7112543 ] } },
{ "type": "Feature", "properties": { "内容": "居宅介護支援事業所ケアコートもりおか【居宅介護支援】岩手県盛岡市青山1丁目2-13", "url2": "https://www.kaigokensaku.mhlw.go.jp/03/index.php?action_kouhyou_detail_004_kani=true&JigyosyoCd=0370106387-00&ServiceCd=430&Type=search" }, "geometry": { "type": "Point", "coordinates": [ 141.116537432239198, 39.720661727876255 ] } },
{ "type": "Feature", "properties": { "内容": "七星会居宅介護支援事業所【居宅介護支援】岩手県盛岡市北飯岡三丁目１０番４３号", "url2": "https://www.kaigokensaku.mhlw.go.jp/03/index.php?action_kouhyou_detail_004_kani=true&JigyosyoCd=0370106676-00&ServiceCd=430&Type=search" }, "geometry": { "type": "Point", "coordinates": [ 141.137575199999986, 39.6708867 ] } },
{ "type": "Feature", "properties": { "内容": "高松介護センター【居宅介護支援】岩手県盛岡市高松二丁目3番18号", "url2": "https://www.kaigokensaku.mhlw.go.jp/03/index.php?action_kouhyou_detail_004_kani=true&JigyosyoCd=0370107369-00&ServiceCd=430&Type=search" }, "geometry": { "type": "Point", "coordinates": [ 141.13704580000001, 39.722346600000016 ] } },
{ "type": "Feature", "properties": { "内容": "おはな居宅介護支援事業所【居宅介護支援】岩手県盛岡市黒石野1-32-2", "url2": "https://www.kaigokensaku.mhlw.go.jp/03/index.php?action_kouhyou_detail_004_kani=true&JigyosyoCd=0370107450-00&ServiceCd=430&Type=search" }, "geometry": { "type": "Point", "coordinates": [ 141.151966300000026, 39.741285700000049 ] } },
{ "type": "Feature", "properties": { "内容": "ヴィラ加賀野指定居宅介護支援事業所【居宅介護支援】岩手県盛岡市加賀野三丁目1番6号", "url2": "https://www.kaigokensaku.mhlw.go.jp/03/index.php?action_kouhyou_detail_004_kani=true&JigyosyoCd=0370107609-00&ServiceCd=430&Type=search" }, "geometry": { "type": "Point", "coordinates": [ 141.1666186, 39.7051417 ] } },
{ "type": "Feature", "properties": { "内容": "介護支援相談室ながい【居宅介護支援】岩手県盛岡市永井18地割145番地7", "url2": "https://www.kaigokensaku.mhlw.go.jp/03/index.php?action_kouhyou_detail_004_kani=true&JigyosyoCd=0370107633-00&ServiceCd=430&Type=search" }, "geometry": { "type": "Point", "coordinates": [ 141.143109399999986, 39.6512013 ] } },
{ "type": "Feature", "properties": { "内容": "指定居宅介護支援事業所ゆずのは【居宅介護支援】岩手県盛岡市三ツ割4丁目1番48号", "url2": "https://www.kaigokensaku.mhlw.go.jp/03/index.php?action_kouhyou_detail_004_kani=true&JigyosyoCd=0370107674-00&ServiceCd=430&Type=search" }, "geometry": { "type": "Point", "coordinates": [ 141.157805288690184, 39.726463273301363 ] } },
{ "type": "Feature", "properties": { "内容": "居宅介護支援事業所あお【居宅介護支援】岩手県盛岡市西青山二丁目31-15", "url2": "https://www.kaigokensaku.mhlw.go.jp/03/index.php?action_kouhyou_detail_004_kani=true&JigyosyoCd=0370108029-00&ServiceCd=430&Type=search" }, "geometry": { "type": "Point", "coordinates": [ 141.1039254, 39.7298247 ] } },
{ "type": "Feature", "properties": { "内容": "居宅介護支援事業所なでしこいろプラン【居宅介護支援】岩手県盛岡市仙北二丁目1番20号", "url2": "https://www.kaigokensaku.mhlw.go.jp/03/index.php?action_kouhyou_detail_004_kani=true&JigyosyoCd=0370108235-00&ServiceCd=430&Type=search" }, "geometry": { "type": "Point", "coordinates": [ 141.1492082, 39.6869158 ] } },
{ "type": "Feature", "properties": { "内容": "うさぎ居宅【居宅介護支援】岩手県盛岡市東新庄二丁目２４番１４号", "url2": "https://www.kaigokensaku.mhlw.go.jp/03/index.php?action_kouhyou_detail_004_kani=true&JigyosyoCd=0370108268-00&ServiceCd=430&Type=search" }, "geometry": { "type": "Point", "coordinates": [ 141.173260233291188, 39.704914468623272 ] } },
{ "type": "Feature", "properties": { "内容": "やさしい手盛岡居宅介護支援事業所【居宅介護支援】岩手県盛岡市向中野8丁目28番7号", "url2": "https://www.kaigokensaku.mhlw.go.jp/03/index.php?action_kouhyou_detail_004_kani=true&JigyosyoCd=0370108284-00&ServiceCd=430&Type=search" }, "geometry": { "type": "Point", "coordinates": [ 141.1416822, 39.6679094 ] } },
{ "type": "Feature", "properties": { "内容": "医療法人千藤了会居宅介護支援事業所【居宅介護支援】岩手県盛岡市大館町２６番１０号", "url2": "https://www.kaigokensaku.mhlw.go.jp/03/index.php?action_kouhyou_detail_004_kani=true&JigyosyoCd=0370102345-00&ServiceCd=430&Type=search" }, "geometry": { "type": "Point", "coordinates": [ 141.109724200000016, 39.7120027 ] } },
{ "type": "Feature", "properties": { "内容": "あじさい指定居宅介護支援事業所【居宅介護支援】岩手県盛岡市紺屋町7番6号", "url2": "https://www.kaigokensaku.mhlw.go.jp/03/index.php?action_kouhyou_detail_004_kani=true&JigyosyoCd=0370102477-00&ServiceCd=430&Type=search" }, "geometry": { "type": "Point", "coordinates": [ 141.157353303041106, 39.704522245779827 ] } },
{ "type": "Feature", "properties": { "内容": "孝仁介護支援センター【居宅介護支援】岩手県盛岡市中太田泉田２８番地", "url2": "https://www.kaigokensaku.mhlw.go.jp/03/index.php?action_kouhyou_detail_004_kani=true&JigyosyoCd=0370102964-00&ServiceCd=430&Type=search" }, "geometry": { "type": "Point", "coordinates": [ 141.110321200000044, 39.7004824 ] } },
{ "type": "Feature", "properties": { "内容": "ひかり居宅介護支援事業所【居宅介護支援】岩手県盛岡市高松2丁目2-50アビタシオン高松1Ｆ", "url2": "https://www.kaigokensaku.mhlw.go.jp/03/index.php?action_kouhyou_detail_004_kani=true&JigyosyoCd=0370105454-00&ServiceCd=430&Type=search" }, "geometry": { "type": "Point", "coordinates": [ 141.139061770467379, 39.721327598070488 ] } },
{ "type": "Feature", "properties": { "内容": "ケアプラン・介護相談室サキアイ【居宅介護支援】岩手県盛岡市本町通3丁目3-21", "url2": "https://www.kaigokensaku.mhlw.go.jp/03/index.php?action_kouhyou_detail_004_kani=true&JigyosyoCd=0370107583-00&ServiceCd=430&Type=search" }, "geometry": { "type": "Point", "coordinates": [ 141.145612407934578, 39.70749461176375 ] } },
{ "type": "Feature", "properties": { "内容": "ぶんぶく指定居宅介護支援事業所【居宅介護支援】岩手県盛岡市本町通２－３－３０サニーフラット３階（伊藤ビル３階）", "url2": "https://www.kaigokensaku.mhlw.go.jp/03/index.php?action_kouhyou_detail_004_kani=true&JigyosyoCd=0370107807-00&ServiceCd=430&Type=search" }, "geometry": { "type": "Point", "coordinates": [ 141.1517522, 39.7071193 ] } },
{ "type": "Feature", "properties": { "内容": "指定居宅介護支援事業所ぶるーべりー【居宅介護支援】岩手県盛岡市中太田法丁22番地", "url2": "https://www.kaigokensaku.mhlw.go.jp/03/index.php?action_kouhyou_detail_004_kani=true&JigyosyoCd=0370107906-00&ServiceCd=430&Type=search" }, "geometry": { "type": "Point", "coordinates": [ 141.0961039, 39.6868565 ] } },
{ "type": "Feature", "properties": { "内容": "あおい介護福祉総合相談所【居宅介護支援】岩手県盛岡市高松二丁目4番25号", "url2": "https://www.kaigokensaku.mhlw.go.jp/03/index.php?action_kouhyou_detail_004_kani=true&JigyosyoCd=0370108045-00&ServiceCd=430&Type=search" }, "geometry": { "type": "Point", "coordinates": [ 141.13670110000001, 39.7237647 ] } },
{ "type": "Feature", "properties": { "内容": "秀峰苑指定居宅介護支援事業所【居宅介護支援】岩手県盛岡市下田字石羽根９９－９０１", "url2": "https://www.kaigokensaku.mhlw.go.jp/03/index.php?action_kouhyou_detail_004_kani=true&JigyosyoCd=0372100032-00&ServiceCd=430&Type=search" }, "geometry": { "type": "Point", "coordinates": [ 141.12908746685946, 39.847072078303718 ] } },
{ "type": "Feature", "properties": { "内容": "よりそい居宅介護支援事業所【居宅介護支援】岩手県盛岡市三ツ割字鉢ノ皮74-18", "url2": "https://www.kaigokensaku.mhlw.go.jp/03/index.php?action_kouhyou_detail_004_kani=true&JigyosyoCd=0370105710-00&ServiceCd=430&Type=search" }, "geometry": { "type": "Point", "coordinates": [ 141.160578006124894, 39.73774231530696 ] } },
{ "type": "Feature", "properties": { "内容": "シルバー俱楽部【居宅介護支援】岩手県盛岡市大新町２０番５４号", "url2": "https://www.kaigokensaku.mhlw.go.jp/03/index.php?action_kouhyou_detail_004_kani=true&JigyosyoCd=0370107526-00&ServiceCd=430&Type=search" }, "geometry": { "type": "Point", "coordinates": [ 141.115521398811325, 39.716587398513205 ] } },
{ "type": "Feature", "properties": { "内容": "アイリーケアプランサービス【居宅介護支援】岩手県盛岡市みたけ一丁目7-40", "url2": "https://www.kaigokensaku.mhlw.go.jp/03/index.php?action_kouhyou_detail_004_kani=true&JigyosyoCd=0370106395-00&ServiceCd=430&Type=search" }, "geometry": { "type": "Point", "coordinates": [ 141.122438007717818, 39.738135681453791 ] } },
{ "type": "Feature", "properties": { "内容": "ケアプランセンターほっとはーと【居宅介護支援】岩手県宮古市田の神1-2-31", "url2": "https://www.kaigokensaku.mhlw.go.jp/03/index.php?action_kouhyou_detail_004_kani=true&JigyosyoCd=0370201006-00&ServiceCd=430&Type=search" }, "geometry": { "type": "Point", "coordinates": [ 141.939613300000019, 39.6469607 ] } },
{ "type": "Feature", "properties": { "内容": "福寿草指定居宅介護支援事業所【居宅介護支援】岩手県宮古市松山第8地割71-5", "url2": "https://www.kaigokensaku.mhlw.go.jp/03/index.php?action_kouhyou_detail_004_kani=true&JigyosyoCd=0370200800-00&ServiceCd=430&Type=search" }, "geometry": { "type": "Point", "coordinates": [ 141.916004971163943, 39.622124496104426 ] } },
{ "type": "Feature", "properties": { "内容": "宮古市社会福祉協議会宮古居宅介護支援事業所【居宅介護支援】岩手県宮古市小山田二丁目9番20号", "url2": "https://www.kaigokensaku.mhlw.go.jp/03/index.php?action_kouhyou_detail_004_kani=true&JigyosyoCd=0370200024-00&ServiceCd=430&Type=search" }, "geometry": { "type": "Point", "coordinates": [ 141.9399439, 39.6349594 ] } },
{ "type": "Feature", "properties": { "内容": "かがやきケアセンター【居宅介護支援】岩手県宮古市磯鶏西６番1４号", "url2": "https://www.kaigokensaku.mhlw.go.jp/03/index.php?action_kouhyou_detail_004_kani=true&JigyosyoCd=0370200552-00&ServiceCd=430&Type=search" }, "geometry": { "type": "Point", "coordinates": [ 141.960297800000035, 39.6300994 ] } },
{ "type": "Feature", "properties": { "内容": "宮古市社会福祉協議会かわい居宅介護支援事業所【居宅介護支援】岩手県宮古市川井第2地割165番地宮古市高齢者生活福祉センター「むつわ荘」内", "url2": "https://www.kaigokensaku.mhlw.go.jp/03/index.php?action_kouhyou_detail_004_kani=true&JigyosyoCd=0370200644-00&ServiceCd=430&Type=search" }, "geometry": { "type": "Point", "coordinates": [ 141.678573077246028, 39.599603502126953 ] } },
{ "type": "Feature", "properties": { "内容": "居宅介護支援事業所ファミリー【居宅介護支援】岩手県宮古市黒森町6番30号", "url2": "https://www.kaigokensaku.mhlw.go.jp/03/index.php?action_kouhyou_detail_004_kani=true&JigyosyoCd=0370200941-00&ServiceCd=430&Type=search" }, "geometry": { "type": "Point", "coordinates": [ 141.937716598672523, 39.650035880831837 ] } },
{ "type": "Feature", "properties": { "内容": "JAライフサポート介護支援センターみやこ【居宅介護支援】岩手県宮古市千徳町5番37号", "url2": "https://www.kaigokensaku.mhlw.go.jp/03/index.php?action_kouhyou_detail_004_kani=true&JigyosyoCd=0370200966-00&ServiceCd=430&Type=search" }, "geometry": { "type": "Point", "coordinates": [ 141.919679099999939, 39.63367 ] } },
{ "type": "Feature", "properties": { "内容": "宮古市社会福祉協議会新里居宅介護支援事業所【居宅介護支援】岩手県宮古市茂市第1地割115番地4", "url2": "https://www.kaigokensaku.mhlw.go.jp/03/index.php?action_kouhyou_detail_004_kani=true&JigyosyoCd=0373000637-00&ServiceCd=430&Type=search" }, "geometry": { "type": "Point", "coordinates": [ 141.786702500000047, 39.629112 ] } },
{ "type": "Feature", "properties": { "内容": "指定居宅介護支援事業所サンホームみやこ【居宅介護支援】岩手県宮古市崎鍬ヶ崎第4地割1番地43", "url2": "https://www.kaigokensaku.mhlw.go.jp/03/index.php?action_kouhyou_detail_004_kani=true&JigyosyoCd=0370200016-00&ServiceCd=430&Type=search" }, "geometry": { "type": "Point", "coordinates": [ 141.95173449999993, 39.6591929 ] } },
{ "type": "Feature", "properties": { "内容": "ニチイケアセンター宮古【居宅介護支援】岩手県宮古市太田一丁目2番3号", "url2": "https://www.kaigokensaku.mhlw.go.jp/03/index.php?action_kouhyou_detail_004_kani=true&JigyosyoCd=0370200057-00&ServiceCd=430&Type=search" }, "geometry": { "type": "Point", "coordinates": [ 141.928632586508229, 39.638540996317921 ] } },
{ "type": "Feature", "properties": { "内容": "心生会指定居宅介護支援事業所【居宅介護支援】岩手県宮古市川井2-24-3", "url2": "https://www.kaigokensaku.mhlw.go.jp/03/index.php?action_kouhyou_detail_004_kani=true&JigyosyoCd=0373000124-00&ServiceCd=430&Type=search" }, "geometry": { "type": "Point", "coordinates": [ 141.674633500000027, 39.5955829 ] } },
{ "type": "Feature", "properties": { "内容": "ふれあい荘在宅介護支援センター【居宅介護支援】岩手県宮古市田老字養呂地６番地2", "url2": "https://www.kaigokensaku.mhlw.go.jp/03/index.php?action_kouhyou_detail_004_kani=true&JigyosyoCd=0373000488-00&ServiceCd=430&Type=search" }, "geometry": { "type": "Point", "coordinates": [ 141.93906990000005, 39.7308173 ] } },
{ "type": "Feature", "properties": { "内容": "居宅介護支援事業所メディケア【居宅介護支援】岩手県宮古市崎鍬ヶ崎第1地割11番地26", "url2": "https://www.kaigokensaku.mhlw.go.jp/03/index.php?action_kouhyou_detail_004_kani=true&JigyosyoCd=0370200537-00&ServiceCd=430&Type=search" }, "geometry": { "type": "Point", "coordinates": [ 141.9487514, 39.6590067 ] } },
{ "type": "Feature", "properties": { "内容": "ゆうゆう居宅介護支援事業所【居宅介護支援】岩手県宮古市八木沢第5地割85番地1", "url2": "https://www.kaigokensaku.mhlw.go.jp/03/index.php?action_kouhyou_detail_004_kani=true&JigyosyoCd=0370200719-00&ServiceCd=430&Type=search" }, "geometry": { "type": "Point", "coordinates": [ 141.940785424236992, 39.616562054292039 ] } },
{ "type": "Feature", "properties": { "内容": "指定居宅介護支援事業所ほほえみ【居宅介護支援】岩手県宮古市崎鍬ヶ崎第９地割３９番地２７介護老人保健施設ほほえみの里内", "url2": "https://www.kaigokensaku.mhlw.go.jp/03/index.php?action_kouhyou_detail_004_kani=true&JigyosyoCd=0370200586-00&ServiceCd=430&Type=search" }, "geometry": { "type": "Point", "coordinates": [ 141.957528300000035, 39.6683752 ] } },
{ "type": "Feature", "properties": { "内容": "指定居宅介護支援事業所ケアセンターみやこ【居宅介護支援】岩手県宮古市栄町5-31", "url2": "https://www.kaigokensaku.mhlw.go.jp/03/index.php?action_kouhyou_detail_004_kani=true&JigyosyoCd=0370200768-00&ServiceCd=430&Type=search" }, "geometry": { "type": "Point", "coordinates": [ 141.9445608692306, 39.641118094301255 ] } },
{ "type": "Feature", "properties": { "内容": "新里紫桐会居宅介護支援事業所【居宅介護支援】岩手県宮古市茂市第1地割124番地2地域密着型特別養護老人ホーム桐の花", "url2": "https://www.kaigokensaku.mhlw.go.jp/03/index.php?action_kouhyou_detail_004_kani=true&JigyosyoCd=0373000652-00&ServiceCd=430&Type=search" }, "geometry": { "type": "Point", "coordinates": [ 141.7869303, 39.6282649 ] } },
{ "type": "Feature", "properties": { "内容": "新和会指定居宅介護支援センター【居宅介護支援】岩手県宮古市山口五丁目３番２０号宮古山口病院北棟B1F", "url2": "https://www.kaigokensaku.mhlw.go.jp/03/index.php?action_kouhyou_detail_004_kani=true&JigyosyoCd=0370200206-00&ServiceCd=430&Type=search" }, "geometry": { "type": "Point", "coordinates": [ 141.9322168, 39.6557372 ] } },
{ "type": "Feature", "properties": { "内容": "居宅支援センターあすも【居宅介護支援】岩手県宮古市大通三丁目6番51号", "url2": "https://www.kaigokensaku.mhlw.go.jp/03/index.php?action_kouhyou_detail_004_kani=true&JigyosyoCd=0370200917-00&ServiceCd=430&Type=search" }, "geometry": { "type": "Point", "coordinates": [ 141.949574994924319, 39.640461928957585 ] } },
{ "type": "Feature", "properties": { "内容": "あお空居宅介護支援センター【居宅介護支援】岩手県宮古市向町2番34号", "url2": "https://www.kaigokensaku.mhlw.go.jp/03/index.php?action_kouhyou_detail_004_kani=true&JigyosyoCd=0370200479-00&ServiceCd=430&Type=search" }, "geometry": { "type": "Point", "coordinates": [ 141.954270400000041, 39.6416673 ] } },
{ "type": "Feature", "properties": { "内容": "ハートランド宮古居宅介護支援事業所【居宅介護支援】岩手県宮古市実田2-5-12", "url2": "https://www.kaigokensaku.mhlw.go.jp/03/index.php?action_kouhyou_detail_004_kani=true&JigyosyoCd=0370200891-00&ServiceCd=430&Type=search" }, "geometry": { "type": "Point", "coordinates": [ 141.952932, 39.6232973 ] } },
{ "type": "Feature", "properties": { "内容": "大船渡市福祉の里指定居宅介護支援事業所【居宅介護支援】岩手県大船渡市盛町字町６番地１", "url2": "https://www.kaigokensaku.mhlw.go.jp/03/index.php?action_kouhyou_detail_004_kani=true&JigyosyoCd=0370300022-00&ServiceCd=430&Type=search" }, "geometry": { "type": "Point", "coordinates": [ 141.7083854, 39.0868089 ] } },
{ "type": "Feature", "properties": { "内容": "気仙指定居宅介護支援事業所【居宅介護支援】岩手県大船渡市大船渡町字山馬越188", "url2": "https://www.kaigokensaku.mhlw.go.jp/03/index.php?action_kouhyou_detail_004_kani=true&JigyosyoCd=0370300154-00&ServiceCd=430&Type=search" }, "geometry": { "type": "Point", "coordinates": [ 141.71006639999996, 39.0710219 ] } },
{ "type": "Feature", "properties": { "内容": "大船渡市農業協同組合指定居宅介護支援事業所（JAおおふなとケアセンター）【居宅介護支援】岩手県大船渡市立根町字関谷４５－１", "url2": "https://www.kaigokensaku.mhlw.go.jp/03/index.php?action_kouhyou_detail_004_kani=true&JigyosyoCd=0370300238-00&ServiceCd=430&Type=search" }, "geometry": { "type": "Point", "coordinates": [ 141.719971661376917, 39.114839957959425 ] } },
{ "type": "Feature", "properties": { "内容": "ＳＯＭＰＯケア大船渡居宅介護支援【居宅介護支援】岩手県大船渡市盛町字みどり町8-13", "url2": "https://www.kaigokensaku.mhlw.go.jp/03/index.php?action_kouhyou_detail_004_kani=true&JigyosyoCd=0370300626-00&ServiceCd=430&Type=search" }, "geometry": { "type": "Point", "coordinates": [ 141.712174, 39.0845009 ] } },
{ "type": "Feature", "properties": { "内容": "大船渡市社会福祉協議会指定居宅介護支援事業所【居宅介護支援】岩手県大船渡市盛町字下舘下１４－１大船渡市総合福祉センター", "url2": "https://www.kaigokensaku.mhlw.go.jp/03/index.php?action_kouhyou_detail_004_kani=true&JigyosyoCd=0370300014-00&ServiceCd=430&Type=search" }, "geometry": { "type": "Point", "coordinates": [ 141.712077, 39.0791932 ] } },
{ "type": "Feature", "properties": { "内容": "気仙介護センターほほえみ【居宅介護支援】岩手県大船渡市盛町字中道下21-11", "url2": "https://www.kaigokensaku.mhlw.go.jp/03/index.php?action_kouhyou_detail_004_kani=true&JigyosyoCd=0370300188-00&ServiceCd=430&Type=search" }, "geometry": { "type": "Point", "coordinates": [ 141.7158849, 39.0792794 ] } },
{ "type": "Feature", "properties": { "内容": "うえのケアサービスセンター【居宅介護支援】岩手県大船渡市立根町字桑原23-4", "url2": "https://www.kaigokensaku.mhlw.go.jp/03/index.php?action_kouhyou_detail_004_kani=true&JigyosyoCd=0370300345-00&ServiceCd=430&Type=search" }, "geometry": { "type": "Point", "coordinates": [ 141.711781500000029, 39.1067289 ] } },
{ "type": "Feature", "properties": { "内容": "ケアプラン大船渡【居宅介護支援】岩手県大船渡市立根町字中野18番地20", "url2": "https://www.kaigokensaku.mhlw.go.jp/03/index.php?action_kouhyou_detail_004_kani=true&JigyosyoCd=0370300642-00&ServiceCd=430&Type=search" }, "geometry": { "type": "Point", "coordinates": [ 141.716746410935201, 39.109767545535789 ] } },
{ "type": "Feature", "properties": { "内容": "三陸福祉会指定居宅介護支援事業所【居宅介護支援】岩手県大船渡市三陸町越喜来字所通９１番地", "url2": "https://www.kaigokensaku.mhlw.go.jp/03/index.php?action_kouhyou_detail_004_kani=true&JigyosyoCd=0372800037-00&ServiceCd=430&Type=search" }, "geometry": { "type": "Point", "coordinates": [ 141.805769019929471, 39.125232144809907 ] } },
{ "type": "Feature", "properties": { "内容": "ひまわり居宅介護支援事業所【居宅介護支援】岩手県大船渡市大船渡町字山馬越197", "url2": "https://www.kaigokensaku.mhlw.go.jp/03/index.php?action_kouhyou_detail_004_kani=true&JigyosyoCd=0370300030-00&ServiceCd=430&Type=search" }, "geometry": { "type": "Point", "coordinates": [ 141.710846899999979, 39.0704581 ] } },
{ "type": "Feature", "properties": { "内容": "もとだてケアセンター【居宅介護支援】岩手県花巻市東宮野目１３－９５－１", "url2": "https://www.kaigokensaku.mhlw.go.jp/03/index.php?action_kouhyou_detail_004_kani=true&JigyosyoCd=0370500357-00&ServiceCd=430&Type=search" }, "geometry": { "type": "Point", "coordinates": [ 141.123056899999938, 39.4081435 ] } },
{ "type": "Feature", "properties": { "内容": "花巻市華の苑指定居宅介護支援センター【居宅介護支援】岩手県花巻市東和町安俵６区７５番地１", "url2": "https://www.kaigokensaku.mhlw.go.jp/03/index.php?action_kouhyou_detail_004_kani=true&JigyosyoCd=0370501363-00&ServiceCd=430&Type=search" }, "geometry": { "type": "Point", "coordinates": [ 141.224241799999959, 39.3844338 ] } },
{ "type": "Feature", "properties": { "内容": "ゆうゆうの里指定居宅介護支援事業所【居宅介護支援】岩手県花巻市石鳥谷町松林寺3-82-1", "url2": "https://www.kaigokensaku.mhlw.go.jp/03/index.php?action_kouhyou_detail_004_kani=true&JigyosyoCd=0372300228-00&ServiceCd=430&Type=search" }, "geometry": { "type": "Point", "coordinates": [ 141.0956698, 39.4749144 ] } },
{ "type": "Feature", "properties": { "内容": "花巻市社会福祉協議会指定居宅介護支援事業所【居宅介護支援】岩手県花巻市石神町364番地", "url2": "https://www.kaigokensaku.mhlw.go.jp/03/index.php?action_kouhyou_detail_004_kani=true&JigyosyoCd=0370500019-00&ServiceCd=430&Type=search" }, "geometry": { "type": "Point", "coordinates": [ 141.103141400000027, 39.3841065 ] } },
{ "type": "Feature", "properties": { "内容": "花巻あすかの里指定居宅介護支援事業所【居宅介護支援】岩手県花巻市西宮野目第14地割56番地2", "url2": "https://www.kaigokensaku.mhlw.go.jp/03/index.php?action_kouhyou_detail_004_kani=true&JigyosyoCd=0370500464-00&ServiceCd=430&Type=search" }, "geometry": { "type": "Point", "coordinates": [ 141.11072820000004, 39.414675 ] } },
{ "type": "Feature", "properties": { "内容": "愛ケアセンター花巻【居宅介護支援】岩手県花巻市若葉町３－５－５", "url2": "https://www.kaigokensaku.mhlw.go.jp/03/index.php?action_kouhyou_detail_004_kani=true&JigyosyoCd=0370500969-00&ServiceCd=430&Type=search" }, "geometry": { "type": "Point", "coordinates": [ 141.106216099999983, 39.3854981 ] } },
{ "type": "Feature", "properties": { "内容": "総合花巻病院居宅介護支援事業所【居宅介護支援】岩手県花巻市御田屋町4番56号", "url2": "https://www.kaigokensaku.mhlw.go.jp/03/index.php?action_kouhyou_detail_004_kani=true&JigyosyoCd=0370502023-00&ServiceCd=430&Type=search" }, "geometry": { "type": "Point", "coordinates": [ 141.1233569, 39.3867913 ] } },
{ "type": "Feature", "properties": { "内容": "ニチイケアセンター花巻【居宅介護支援】岩手県花巻市四日町三丁目21番40号", "url2": "https://www.kaigokensaku.mhlw.go.jp/03/index.php?action_kouhyou_detail_004_kani=true&JigyosyoCd=0370501207-00&ServiceCd=430&Type=search" }, "geometry": { "type": "Point", "coordinates": [ 141.122443577771037, 39.400927746303459 ] } },
{ "type": "Feature", "properties": { "内容": "ケアアシストくくる花巻【居宅介護支援】岩手県花巻市野田351番地1", "url2": "https://www.kaigokensaku.mhlw.go.jp/03/index.php?action_kouhyou_detail_004_kani=true&JigyosyoCd=0370501512-00&ServiceCd=430&Type=search" }, "geometry": { "type": "Point", "coordinates": [ 141.098636504693559, 39.399288679207281 ] } },
{ "type": "Feature", "properties": { "内容": "居宅介護支援事業所福老【居宅介護支援】岩手県花巻市桜台二丁目２４番３０号", "url2": "https://www.kaigokensaku.mhlw.go.jp/03/index.php?action_kouhyou_detail_004_kani=true&JigyosyoCd=0370501520-00&ServiceCd=430&Type=search" }, "geometry": { "type": "Point", "coordinates": [ 141.10590979814765, 39.398712506897922 ] } },
{ "type": "Feature", "properties": { "内容": "感謝の心指定居宅介護支援事業所【居宅介護支援】岩手県花巻市高木第19地割101-17特別養護老人ホーム花ごよみ", "url2": "https://www.kaigokensaku.mhlw.go.jp/03/index.php?action_kouhyou_detail_004_kani=true&JigyosyoCd=0370501835-00&ServiceCd=430&Type=search" }, "geometry": { "type": "Point", "coordinates": [ 141.143123659291064, 39.386252896193042 ] } },
{ "type": "Feature", "properties": { "内容": "東和荘指定居宅介護支援事業所【居宅介護支援】岩手県花巻市東和町東晴山7区16番地", "url2": "https://www.kaigokensaku.mhlw.go.jp/03/index.php?action_kouhyou_detail_004_kani=true&JigyosyoCd=0372400028-00&ServiceCd=430&Type=search" }, "geometry": { "type": "Point", "coordinates": [ 141.252253600000017, 39.3724806 ] } },
{ "type": "Feature", "properties": { "内容": "アイリス花巻指定居宅介護支援事業所【居宅介護支援】岩手県花巻市南万丁目970番地2", "url2": "https://www.kaigokensaku.mhlw.go.jp/03/index.php?action_kouhyou_detail_004_kani=true&JigyosyoCd=0370500027-00&ServiceCd=430&Type=search" }, "geometry": { "type": "Point", "coordinates": [ 141.098831681614683, 39.391350978293275 ] } },
{ "type": "Feature", "properties": { "内容": "大谷荘指定居宅介護支援事業所【居宅介護支援】岩手県花巻市湯口字松原53番地1", "url2": "https://www.kaigokensaku.mhlw.go.jp/03/index.php?action_kouhyou_detail_004_kani=true&JigyosyoCd=0370500035-00&ServiceCd=430&Type=search" }, "geometry": { "type": "Point", "coordinates": [ 141.019934599999942, 39.4063854 ] } },
{ "type": "Feature", "properties": { "内容": "いしどりや荘指定居宅介護支援事業所【居宅介護支援】岩手県花巻市石鳥谷町好地第１４地割１０番地", "url2": "https://www.kaigokensaku.mhlw.go.jp/03/index.php?action_kouhyou_detail_004_kani=true&JigyosyoCd=0372300020-00&ServiceCd=430&Type=search" }, "geometry": { "type": "Point", "coordinates": [ 141.161151300000029, 39.5032076 ] } },
{ "type": "Feature", "properties": { "内容": "桐の里指定居宅介護支援事業所【居宅介護支援】岩手県花巻市大迫町大迫第１１地割１番地１", "url2": "https://www.kaigokensaku.mhlw.go.jp/03/index.php?action_kouhyou_detail_004_kani=true&JigyosyoCd=0372300038-00&ServiceCd=430&Type=search" }, "geometry": { "type": "Point", "coordinates": [ 141.283334, 39.4695421 ] } },
{ "type": "Feature", "properties": { "内容": "宝寿会指定居宅介護支援事業所【居宅介護支援】岩手県花巻市石鳥谷町上口一丁目3番地3", "url2": "https://www.kaigokensaku.mhlw.go.jp/03/index.php?action_kouhyou_detail_004_kani=true&JigyosyoCd=0372300053-00&ServiceCd=430&Type=search" }, "geometry": { "type": "Point", "coordinates": [ 141.157915499999945, 39.5016688 ] } },
{ "type": "Feature", "properties": { "内容": "JAいわて花巻指定居宅介護支援事業所【居宅介護支援】岩手県花巻市椚ノ目第４地割９９番地１", "url2": "https://www.kaigokensaku.mhlw.go.jp/03/index.php?action_kouhyou_detail_004_kani=true&JigyosyoCd=0370500043-00&ServiceCd=430&Type=search" }, "geometry": { "type": "Point", "coordinates": [ 141.087220314262368, 39.42120878898924 ] } },
{ "type": "Feature", "properties": { "内容": "湯本指定居宅介護支援事業所【居宅介護支援】岩手県花巻市金矢５－４３５－１", "url2": "https://www.kaigokensaku.mhlw.go.jp/03/index.php?action_kouhyou_detail_004_kani=true&JigyosyoCd=0370500118-00&ServiceCd=430&Type=search" }, "geometry": { "type": "Point", "coordinates": [ 141.06144865581976, 39.43286297325109 ] } },
{ "type": "Feature", "properties": { "内容": "居宅介護支援事業所銀河の里【居宅介護支援】岩手県花巻市幸田4-116-1", "url2": "https://www.kaigokensaku.mhlw.go.jp/03/index.php?action_kouhyou_detail_004_kani=true&JigyosyoCd=0370500423-00&ServiceCd=430&Type=search" }, "geometry": { "type": "Point", "coordinates": [ 141.197002707409638, 39.397912593621562 ] } },
{ "type": "Feature", "properties": { "内容": "あっとほーむ賛幸指定居宅介護支援事業所【居宅介護支援】岩手県花巻市西宮野目11-115-2", "url2": "https://www.kaigokensaku.mhlw.go.jp/03/index.php?action_kouhyou_detail_004_kani=true&JigyosyoCd=0370501124-00&ServiceCd=430&Type=search" }, "geometry": { "type": "Point", "coordinates": [ 141.126663587046949, 39.415042298292157 ] } },
{ "type": "Feature", "properties": { "内容": "イケダ介護サービス指定居宅介護支援事業所【居宅介護支援】岩手県花巻市大迫町大迫第4地割13番5", "url2": "https://www.kaigokensaku.mhlw.go.jp/03/index.php?action_kouhyou_detail_004_kani=true&JigyosyoCd=0370501058-00&ServiceCd=430&Type=search" }, "geometry": { "type": "Point", "coordinates": [ 141.2887584, 39.4703477 ] } },
{ "type": "Feature", "properties": { "内容": "くまがい介護保険・社会福祉士事務所【居宅介護支援】岩手県花巻市上町9-18", "url2": "https://www.kaigokensaku.mhlw.go.jp/03/index.php?action_kouhyou_detail_004_kani=true&JigyosyoCd=0370501314-00&ServiceCd=430&Type=search" }, "geometry": { "type": "Point", "coordinates": [ 141.119616109495581, 39.386536714073287 ] } },
{ "type": "Feature", "properties": { "内容": "かんな居宅介護支援事業所【居宅介護支援】岩手県花巻市上町１番３号盛岡屋　205号", "url2": "https://www.kaigokensaku.mhlw.go.jp/03/index.php?action_kouhyou_detail_004_kani=true&JigyosyoCd=0370501876-00&ServiceCd=430&Type=search" }, "geometry": { "type": "Point", "coordinates": [ 141.115731439991578, 39.385971564121512 ] } },
{ "type": "Feature", "properties": { "内容": "在宅総合ケアセンター宝陽【居宅介護支援】岩手県花巻市石鳥谷町新堀第１５地割２３番地", "url2": "https://www.kaigokensaku.mhlw.go.jp/03/index.php?action_kouhyou_detail_004_kani=true&JigyosyoCd=0372300202-00&ServiceCd=430&Type=search" }, "geometry": { "type": "Point", "coordinates": [ 141.168998407327763, 39.49673396315864 ] } },
{ "type": "Feature", "properties": { "内容": "北上市社会福祉協議会指定居宅介護支援事業所【居宅介護支援】岩手県北上市常盤台二丁目１番63号北上市総合福祉センター", "url2": "https://www.kaigokensaku.mhlw.go.jp/03/index.php?action_kouhyou_detail_004_kani=true&JigyosyoCd=0370600033-00&ServiceCd=430&Type=search" }, "geometry": { "type": "Point", "coordinates": [ 141.116504099999929, 39.300538 ] } },
{ "type": "Feature", "properties": { "内容": "SOMPOケア北上居宅介護支援【居宅介護支援】岩手県北上市さくら通り四丁目14-17", "url2": "https://www.kaigokensaku.mhlw.go.jp/03/index.php?action_kouhyou_detail_004_kani=true&JigyosyoCd=0370601635-00&ServiceCd=430&Type=search" }, "geometry": { "type": "Point", "coordinates": [ 141.114186258225203, 39.299319534080752 ] } },
{ "type": "Feature", "properties": { "内容": "居宅介護支援事業所きたかみ【居宅介護支援】岩手県北上市二子町宿西２２番地１ショートステイ北上", "url2": "https://www.kaigokensaku.mhlw.go.jp/03/index.php?action_kouhyou_detail_004_kani=true&JigyosyoCd=0370601775-00&ServiceCd=430&Type=search" }, "geometry": { "type": "Point", "coordinates": [ 141.139358229169773, 39.327291779117026 ] } },
{ "type": "Feature", "properties": { "内容": "ほっと水神居宅介護支援事業所【居宅介護支援】岩手県北上市和賀町岩崎1地割１１４番地", "url2": "https://www.kaigokensaku.mhlw.go.jp/03/index.php?action_kouhyou_detail_004_kani=true&JigyosyoCd=0370600918-00&ServiceCd=430&Type=search" }, "geometry": { "type": "Point", "coordinates": [ 140.985361473680058, 39.240814109420207 ] } },
{ "type": "Feature", "properties": { "内容": "わがの里在宅介護支援センター【居宅介護支援】岩手県北上市下江釣子１０地割７４番地３", "url2": "https://www.kaigokensaku.mhlw.go.jp/03/index.php?action_kouhyou_detail_004_kani=true&JigyosyoCd=0370600041-00&ServiceCd=430&Type=search" }, "geometry": { "type": "Point", "coordinates": [ 141.038326899999987, 39.2953481 ] } },
{ "type": "Feature", "properties": { "内容": "敬愛園老人介護支援センター【居宅介護支援】岩手県北上市相去町高前檀6-14", "url2": "https://www.kaigokensaku.mhlw.go.jp/03/index.php?action_kouhyou_detail_004_kani=true&JigyosyoCd=0370600090-00&ServiceCd=430&Type=search" }, "geometry": { "type": "Point", "coordinates": [ 141.085341800000037, 39.2575977 ] } },
{ "type": "Feature", "properties": { "内容": "いいとよ介護保険相談室【居宅介護支援】岩手県北上市村崎野12地割74番地28", "url2": "https://www.kaigokensaku.mhlw.go.jp/03/index.php?action_kouhyou_detail_004_kani=true&JigyosyoCd=0370600322-00&ServiceCd=430&Type=search" }, "geometry": { "type": "Point", "coordinates": [ 141.098407769311478, 39.332743416948105 ] } },
{ "type": "Feature", "properties": { "内容": "常盤台居宅介護支援事業所【居宅介護支援】岩手県北上市常盤台四丁目７番２８号", "url2": "https://www.kaigokensaku.mhlw.go.jp/03/index.php?action_kouhyou_detail_004_kani=true&JigyosyoCd=0370600488-00&ServiceCd=430&Type=search" }, "geometry": { "type": "Point", "coordinates": [ 141.110796, 39.3070373 ] } },
{ "type": "Feature", "properties": { "内容": "ニチイケアセンター北上【居宅介護支援】岩手県北上市青柳町一丁目2番40号", "url2": "https://www.kaigokensaku.mhlw.go.jp/03/index.php?action_kouhyou_detail_004_kani=true&JigyosyoCd=0370600553-00&ServiceCd=430&Type=search" }, "geometry": { "type": "Point", "coordinates": [ 141.121681800000033, 39.2846288 ] } },
{ "type": "Feature", "properties": { "内容": "ケアプランセンターコスモス【居宅介護支援】岩手県北上市大通り四丁目１－１０", "url2": "https://www.kaigokensaku.mhlw.go.jp/03/index.php?action_kouhyou_detail_004_kani=true&JigyosyoCd=0370601205-00&ServiceCd=430&Type=search" }, "geometry": { "type": "Point", "coordinates": [ 141.108755200000019, 39.2853647 ] } },
{ "type": "Feature", "properties": { "内容": "さくら爽居宅介護支援事業所【居宅介護支援】岩手県北上市さくら通り三丁目7番7号", "url2": "https://www.kaigokensaku.mhlw.go.jp/03/index.php?action_kouhyou_detail_004_kani=true&JigyosyoCd=0370600900-00&ServiceCd=430&Type=search" }, "geometry": { "type": "Point", "coordinates": [ 141.1179151, 39.2968162 ] } },
{ "type": "Feature", "properties": { "内容": "ケアプランセンターあゆみ【居宅介護支援】岩手県北上市さくら通り四丁目1番35", "url2": "https://www.kaigokensaku.mhlw.go.jp/03/index.php?action_kouhyou_detail_004_kani=true&JigyosyoCd=0370601627-00&ServiceCd=430&Type=search" }, "geometry": { "type": "Point", "coordinates": [ 141.112376700000027, 39.2993687 ] } },
{ "type": "Feature", "properties": { "内容": "エスカール在宅介護支援センター【居宅介護支援】岩手県北上市立花10-38", "url2": "https://www.kaigokensaku.mhlw.go.jp/03/index.php?action_kouhyou_detail_004_kani=true&JigyosyoCd=0370600017-00&ServiceCd=430&Type=search" }, "geometry": { "type": "Point", "coordinates": [ 141.132772599999953, 39.2818017 ] } },
{ "type": "Feature", "properties": { "内容": "ＪＡいわて花巻指定居宅介護支援きたかみ事業所【居宅介護支援】岩手県北上市和賀町藤根１８－３９－３", "url2": "https://www.kaigokensaku.mhlw.go.jp/03/index.php?action_kouhyou_detail_004_kani=true&JigyosyoCd=0370601056-00&ServiceCd=430&Type=search" }, "geometry": { "type": "Point", "coordinates": [ 141.033593800000062, 39.3022806 ] } },
{ "type": "Feature", "properties": { "内容": "居宅介護支援事業所やすらぎ【居宅介護支援】岩手県北上市柳原町四丁目6番6号", "url2": "https://www.kaigokensaku.mhlw.go.jp/03/index.php?action_kouhyou_detail_004_kani=true&JigyosyoCd=0370601742-00&ServiceCd=430&Type=search" }, "geometry": { "type": "Point", "coordinates": [ 141.112999, 39.2951994 ] } },
{ "type": "Feature", "properties": { "内容": "日高見介護保険相談室【居宅介護支援】岩手県北上市北鬼柳22地割46番地", "url2": "https://www.kaigokensaku.mhlw.go.jp/03/index.php?action_kouhyou_detail_004_kani=true&JigyosyoCd=0370600363-00&ServiceCd=430&Type=search" }, "geometry": { "type": "Point", "coordinates": [ 141.095856199999957, 39.2913 ] } },
{ "type": "Feature", "properties": { "内容": "ほほえみ相談室【居宅介護支援】岩手県北上市口内町松坂２２８番地イ号", "url2": "https://www.kaigokensaku.mhlw.go.jp/03/index.php?action_kouhyou_detail_004_kani=true&JigyosyoCd=0370601817-00&ServiceCd=430&Type=search" }, "geometry": { "type": "Point", "coordinates": [ 141.2053869, 39.2978597 ] } },
{ "type": "Feature", "properties": { "内容": "山形福祉会居宅介護支援事業所【居宅介護支援】岩手県久慈市山形町川井１２－５５－１", "url2": "https://www.kaigokensaku.mhlw.go.jp/03/index.php?action_kouhyou_detail_004_kani=true&JigyosyoCd=0373100031-00&ServiceCd=430&Type=search" }, "geometry": { "type": "Point", "coordinates": [ 141.569896, 40.1456594 ] } },
{ "type": "Feature", "properties": { "内容": "元気の泉居宅介護支援事業所【居宅介護支援】岩手県久慈市旭町第8地割100番地1", "url2": "https://www.kaigokensaku.mhlw.go.jp/03/index.php?action_kouhyou_detail_004_kani=true&JigyosyoCd=0370700627-00&ServiceCd=430&Type=search" }, "geometry": { "type": "Point", "coordinates": [ 141.774583799999988, 40.199669800000017 ] } },
{ "type": "Feature", "properties": { "内容": "けやきの里【居宅介護支援】岩手県久慈市小久慈町１６－１２－１", "url2": "https://www.kaigokensaku.mhlw.go.jp/03/index.php?action_kouhyou_detail_004_kani=true&JigyosyoCd=0350780011-00&ServiceCd=430&Type=search" }, "geometry": { "type": "Point", "coordinates": [ 141.7454242, 40.1656381 ] } },
{ "type": "Feature", "properties": { "内容": "社会福祉法人久慈市社会福祉協議会指定居宅介護支援事業所【居宅介護支援】岩手県久慈市旭町第7地割127番地3", "url2": "https://www.kaigokensaku.mhlw.go.jp/03/index.php?action_kouhyou_detail_004_kani=true&JigyosyoCd=0370700015-00&ServiceCd=430&Type=search" }, "geometry": { "type": "Point", "coordinates": [ 141.779131056513961, 40.203197342892913 ] } },
{ "type": "Feature", "properties": { "内容": "居宅介護支援事業所あさひ【居宅介護支援】岩手県久慈市旭町第10地割66番地1", "url2": "https://www.kaigokensaku.mhlw.go.jp/03/index.php?action_kouhyou_detail_004_kani=true&JigyosyoCd=0370700668-00&ServiceCd=430&Type=search" }, "geometry": { "type": "Point", "coordinates": [ 141.7789957, 40.1987205 ] } },
{ "type": "Feature", "properties": { "内容": "優介護指定居宅介護支援事業所【居宅介護支援】岩手県久慈市湊町21地割48番地", "url2": "https://www.kaigokensaku.mhlw.go.jp/03/index.php?action_kouhyou_detail_004_kani=true&JigyosyoCd=0370700254-00&ServiceCd=430&Type=search" }, "geometry": { "type": "Point", "coordinates": [ 141.7943722, 40.2047339 ] } },
{ "type": "Feature", "properties": { "内容": "ケアプランセンター縁【居宅介護支援】岩手県久慈市門前第３７地割５６番地1パレス銀杏1階", "url2": "https://www.kaigokensaku.mhlw.go.jp/03/index.php?action_kouhyou_detail_004_kani=true&JigyosyoCd=0370700676-00&ServiceCd=430&Type=search" }, "geometry": { "type": "Point", "coordinates": [ 141.766301100000021, 40.195733599999983 ] } },
{ "type": "Feature", "properties": { "内容": "居宅介護支援事業所まごころの家【居宅介護支援】岩手県久慈市巽町2丁目49番地", "url2": "https://www.kaigokensaku.mhlw.go.jp/03/index.php?action_kouhyou_detail_004_kani=true&JigyosyoCd=0370700643-00&ServiceCd=430&Type=search" }, "geometry": { "type": "Point", "coordinates": [ 141.768003007404332, 40.187340731871139 ] } },
{ "type": "Feature", "properties": { "内容": "かなえケアマネステーション【居宅介護支援】岩手県遠野市穀町13-1", "url2": "https://www.kaigokensaku.mhlw.go.jp/03/index.php?action_kouhyou_detail_004_kani=true&JigyosyoCd=0370800393-00&ServiceCd=430&Type=search" }, "geometry": { "type": "Point", "coordinates": [ 141.534581019821417, 39.329275421876737 ] } },
{ "type": "Feature", "properties": { "内容": "指定居宅介護支援事業所とおの【居宅介護支援】岩手県遠野市松崎町白岩字薬研淵１－３", "url2": "https://www.kaigokensaku.mhlw.go.jp/03/index.php?action_kouhyou_detail_004_kani=true&JigyosyoCd=0370800013-00&ServiceCd=430&Type=search" }, "geometry": { "type": "Point", "coordinates": [ 141.536671500000011, 39.3434499 ] } },
{ "type": "Feature", "properties": { "内容": "指定居宅介護支援事業所上郷【居宅介護支援】岩手県遠野市上郷町細越7地割5番地", "url2": "https://www.kaigokensaku.mhlw.go.jp/03/index.php?action_kouhyou_detail_004_kani=true&JigyosyoCd=0370800138-00&ServiceCd=430&Type=search" }, "geometry": { "type": "Point", "coordinates": [ 141.592424700000038, 39.2845188 ] } },
{ "type": "Feature", "properties": { "内容": "居宅介護サポートセンター長寿園【居宅介護支援】岩手県遠野市松崎町白岩１８－７", "url2": "https://www.kaigokensaku.mhlw.go.jp/03/index.php?action_kouhyou_detail_004_kani=true&JigyosyoCd=0370800187-00&ServiceCd=430&Type=search" }, "geometry": { "type": "Point", "coordinates": [ 141.548664962565709, 39.332994758319501 ] } },
{ "type": "Feature", "properties": { "内容": "指定居宅介護支援事業所宮守【居宅介護支援】岩手県遠野市宮守町下宮守29-73-1健康管理センター内", "url2": "https://www.kaigokensaku.mhlw.go.jp/03/index.php?action_kouhyou_detail_004_kani=true&JigyosyoCd=0372900068-00&ServiceCd=430&Type=search" }, "geometry": { "type": "Point", "coordinates": [ 141.356756899999937, 39.3446083 ] } },
{ "type": "Feature", "properties": { "内容": "指定居宅介護支援事業所あったかいごひといち【居宅介護支援】岩手県遠野市中央通り5-25", "url2": "https://www.kaigokensaku.mhlw.go.jp/03/index.php?action_kouhyou_detail_004_kani=true&JigyosyoCd=0370800518-00&ServiceCd=430&Type=search" }, "geometry": { "type": "Point", "coordinates": [ 141.5311017, 39.3294561 ] } },
{ "type": "Feature", "properties": { "内容": "指定居宅介護支援事業所まごころ【居宅介護支援】岩手県遠野市穀町１２－２５サンコーポ宮田２０３", "url2": "https://www.kaigokensaku.mhlw.go.jp/03/index.php?action_kouhyou_detail_004_kani=true&JigyosyoCd=0370800369-00&ServiceCd=430&Type=search" }, "geometry": { "type": "Point", "coordinates": [ 141.536358299999961, 39.3290711 ] } },
{ "type": "Feature", "properties": { "内容": "とおぬっぷ介護保険相談室【居宅介護支援】岩手県遠野市松崎町白岩13-30-2", "url2": "https://www.kaigokensaku.mhlw.go.jp/03/index.php?action_kouhyou_detail_004_kani=true&JigyosyoCd=0370800526-00&ServiceCd=430&Type=search" }, "geometry": { "type": "Point", "coordinates": [ 141.5410386, 39.3437294 ] } },
{ "type": "Feature", "properties": { "内容": "フォレスト居宅介護支援センター【居宅介護支援】岩手県一関市千厩町千厩字町98番地", "url2": "https://www.kaigokensaku.mhlw.go.jp/03/index.php?action_kouhyou_detail_004_kani=true&JigyosyoCd=0370901886-00&ServiceCd=430&Type=search" }, "geometry": { "type": "Point", "coordinates": [ 141.3317265674591, 38.917510528293377 ] } },
{ "type": "Feature", "properties": { "内容": "ケアプランさくら【居宅介護支援】岩手県一関市東山町長坂字町325番地", "url2": "https://www.kaigokensaku.mhlw.go.jp/03/index.php?action_kouhyou_detail_004_kani=true&JigyosyoCd=0370902215-00&ServiceCd=430&Type=search" }, "geometry": { "type": "Point", "coordinates": [ 141.251623200000012, 38.991732 ] } },
{ "type": "Feature", "properties": { "内容": "公益社団法人岩手県看護協会指定居宅介護支援事業所東山【居宅介護支援】岩手県一関市東山町長坂字西本町58-5", "url2": "https://www.kaigokensaku.mhlw.go.jp/03/index.php?action_kouhyou_detail_004_kani=true&JigyosyoCd=0372700575-00&ServiceCd=430&Type=search" }, "geometry": { "type": "Point", "coordinates": [ 141.256611712303169, 38.998562537139918 ] } },
{ "type": "Feature", "properties": { "内容": "ケアプランサービスやまぶき【居宅介護支援】岩手県一関市大東町大原字有南田２番地１", "url2": "https://www.kaigokensaku.mhlw.go.jp/03/index.php?action_kouhyou_detail_004_kani=true&JigyosyoCd=0372700732-00&ServiceCd=430&Type=search" }, "geometry": { "type": "Point", "coordinates": [ 141.3802849, 39.0140999 ] } },
{ "type": "Feature", "properties": { "内容": "ケアセンターいこい指定居宅介護支援事業所【居宅介護支援】岩手県一関市地主町2番26号", "url2": "https://www.kaigokensaku.mhlw.go.jp/03/index.php?action_kouhyou_detail_004_kani=true&JigyosyoCd=0370900359-00&ServiceCd=430&Type=search" }, "geometry": { "type": "Point", "coordinates": [ 141.1350674, 38.9317718 ] } },
{ "type": "Feature", "properties": { "内容": "ラポール・テトラ居宅介護支援事業所【居宅介護支援】岩手県一関市萩荘字境ノ神１１２番地２", "url2": "https://www.kaigokensaku.mhlw.go.jp/03/index.php?action_kouhyou_detail_004_kani=true&JigyosyoCd=0370901647-00&ServiceCd=430&Type=search" }, "geometry": { "type": "Point", "coordinates": [ 141.09187959999997, 38.917941200000016 ] } },
{ "type": "Feature", "properties": { "内容": "花泉町在宅介護支援センター華松苑【居宅介護支援】岩手県一関市花泉町涌津字悪法師38-31", "url2": "https://www.kaigokensaku.mhlw.go.jp/03/index.php?action_kouhyou_detail_004_kani=true&JigyosyoCd=0372600155-00&ServiceCd=430&Type=search" }, "geometry": { "type": "Point", "coordinates": [ 141.190889511639398, 38.800540264646557 ] } },
{ "type": "Feature", "properties": { "内容": "居宅介護支援事業所街なか【居宅介護支援】岩手県一関市大町3-47", "url2": "https://www.kaigokensaku.mhlw.go.jp/03/index.php?action_kouhyou_detail_004_kani=true&JigyosyoCd=0370900631-00&ServiceCd=430&Type=search" }, "geometry": { "type": "Point", "coordinates": [ 141.136373283467037, 38.929002377408153 ] } },
{ "type": "Feature", "properties": { "内容": "ＪＡいわて平泉居宅介護支援センターもちっこ【居宅介護支援】岩手県一関市真柴字原下4番1号", "url2": "https://www.kaigokensaku.mhlw.go.jp/03/index.php?action_kouhyou_detail_004_kani=true&JigyosyoCd=0370901472-00&ServiceCd=430&Type=search" }, "geometry": { "type": "Point", "coordinates": [ 141.130358431491118, 38.907362569997609 ] } },
{ "type": "Feature", "properties": { "内容": "ＪＡいわて平泉居宅介護支援センターいわいの丘【居宅介護支援】岩手県一関市千厩町千厩字境田１５３番地１２", "url2": "https://www.kaigokensaku.mhlw.go.jp/03/index.php?action_kouhyou_detail_004_kani=true&JigyosyoCd=0370901480-00&ServiceCd=430&Type=search" }, "geometry": { "type": "Point", "coordinates": [ 141.327417800000035, 38.9297088 ] } },
{ "type": "Feature", "properties": { "内容": "居宅介護支援事業所さくら【居宅介護支援】岩手県一関市室根町津谷川字中磯157番地9", "url2": "https://www.kaigokensaku.mhlw.go.jp/03/index.php?action_kouhyou_detail_004_kani=true&JigyosyoCd=0370901787-00&ServiceCd=430&Type=search" }, "geometry": { "type": "Point", "coordinates": [ 141.427996399999984, 38.8480597 ] } },
{ "type": "Feature", "properties": { "内容": "居宅介護支援事業所つれづれ【居宅介護支援】岩手県一関市千厩町千厩字古ケ口90番地7", "url2": "https://www.kaigokensaku.mhlw.go.jp/03/index.php?action_kouhyou_detail_004_kani=true&JigyosyoCd=0370902033-00&ServiceCd=430&Type=search" }, "geometry": { "type": "Point", "coordinates": [ 141.3289038, 38.9139956 ] } },
{ "type": "Feature", "properties": { "内容": "寿松苑指定居宅介護支援事業所【居宅介護支援】岩手県一関市川崎町薄衣字久伝26番地", "url2": "https://www.kaigokensaku.mhlw.go.jp/03/index.php?action_kouhyou_detail_004_kani=true&JigyosyoCd=0372700062-00&ServiceCd=430&Type=search" }, "geometry": { "type": "Point", "coordinates": [ 141.274171499999966, 38.9003654 ] } },
{ "type": "Feature", "properties": { "内容": "孝養ハイツ居宅介護支援事業所【居宅介護支援】岩手県一関市室根町折壁字向山67-3", "url2": "https://www.kaigokensaku.mhlw.go.jp/03/index.php?action_kouhyou_detail_004_kani=true&JigyosyoCd=0372700104-00&ServiceCd=430&Type=search" }, "geometry": { "type": "Point", "coordinates": [ 141.440141700000027, 38.9354945 ] } },
{ "type": "Feature", "properties": { "内容": "千厩寿慶会指定居宅介護支援事業所【居宅介護支援】岩手県一関市千厩町千厩字脇谷28番地5", "url2": "https://www.kaigokensaku.mhlw.go.jp/03/index.php?action_kouhyou_detail_004_kani=true&JigyosyoCd=0372700583-00&ServiceCd=430&Type=search" }, "geometry": { "type": "Point", "coordinates": [ 141.326024299999972, 38.917277 ] } },
{ "type": "Feature", "properties": { "内容": "関生園居宅介護支援事業所【居宅介護支援】岩手県一関市真柴字枛木立43-124", "url2": "https://www.kaigokensaku.mhlw.go.jp/03/index.php?action_kouhyou_detail_004_kani=true&JigyosyoCd=0370900011-00&ServiceCd=430&Type=search" }, "geometry": { "type": "Point", "coordinates": [ 141.142575699999952, 38.8776864 ] } },
{ "type": "Feature", "properties": { "内容": "明生園居宅介護支援事業所【居宅介護支援】岩手県一関市滝沢字寺下２番地１", "url2": "https://www.kaigokensaku.mhlw.go.jp/03/index.php?action_kouhyou_detail_004_kani=true&JigyosyoCd=0370900029-00&ServiceCd=430&Type=search" }, "geometry": { "type": "Point", "coordinates": [ 141.1798576, 38.906087 ] } },
{ "type": "Feature", "properties": { "内容": "仁愛会居宅介護支援事業所【居宅介護支援】岩手県一関市真柴字吉ヶ沢２０－１３５", "url2": "https://www.kaigokensaku.mhlw.go.jp/03/index.php?action_kouhyou_detail_004_kani=true&JigyosyoCd=0370900045-00&ServiceCd=430&Type=search" }, "geometry": { "type": "Point", "coordinates": [ 141.138260513491787, 38.881717665155982 ] } },
{ "type": "Feature", "properties": { "内容": "ニチイケアセンター一関【居宅介護支援】岩手県一関市青葉二丁目7-26", "url2": "https://www.kaigokensaku.mhlw.go.jp/03/index.php?action_kouhyou_detail_004_kani=true&JigyosyoCd=0370900375-00&ServiceCd=430&Type=search" }, "geometry": { "type": "Point", "coordinates": [ 141.128053200000068, 38.9324044 ] } },
{ "type": "Feature", "properties": { "内容": "ツクイ一関【居宅介護支援】岩手県一関市東五代6番30号", "url2": "https://www.kaigokensaku.mhlw.go.jp/03/index.php?action_kouhyou_detail_004_kani=true&JigyosyoCd=0370901993-00&ServiceCd=430&Type=search" }, "geometry": { "type": "Point", "coordinates": [ 141.130752, 38.9407697 ] } },
{ "type": "Feature", "properties": { "内容": "ケアプランセンターきたかた【居宅介護支援】岩手県一関市千厩町千厩字北方37番地2", "url2": "https://www.kaigokensaku.mhlw.go.jp/03/index.php?action_kouhyou_detail_004_kani=true&JigyosyoCd=0370902017-00&ServiceCd=430&Type=search" }, "geometry": { "type": "Point", "coordinates": [ 141.329797199999973, 38.918007700000018 ] } },
{ "type": "Feature", "properties": { "内容": "ソエル花泉介護相談センター【居宅介護支援】岩手県一関市花泉町涌津字一ノ町７６番地", "url2": "https://www.kaigokensaku.mhlw.go.jp/03/index.php?action_kouhyou_detail_004_kani=true&JigyosyoCd=0372600049-00&ServiceCd=430&Type=search" }, "geometry": { "type": "Point", "coordinates": [ 141.1853271, 38.8308767 ] } },
{ "type": "Feature", "properties": { "内容": "福光園居宅介護支援事業所【居宅介護支援】岩手県一関市萩荘字高梨南方21番地1", "url2": "https://www.kaigokensaku.mhlw.go.jp/03/index.php?action_kouhyou_detail_004_kani=true&JigyosyoCd=0370900037-00&ServiceCd=430&Type=search" }, "geometry": { "type": "Point", "coordinates": [ 141.1113263, 38.9235818 ] } },
{ "type": "Feature", "properties": { "内容": "にこにこプラザいわい居宅介護支援事業所【居宅介護支援】岩手県一関市大東町猿沢字板倉60-1", "url2": "https://www.kaigokensaku.mhlw.go.jp/03/index.php?action_kouhyou_detail_004_kani=true&JigyosyoCd=0370901100-00&ServiceCd=430&Type=search" }, "geometry": { "type": "Point", "coordinates": [ 141.294791744180287, 39.033737177216395 ] } },
{ "type": "Feature", "properties": { "内容": "にこにこプラザひがしやま居宅介護支援事業所【居宅介護支援】岩手県一関市東山町長坂字北磐井里187番地3", "url2": "https://www.kaigokensaku.mhlw.go.jp/03/index.php?action_kouhyou_detail_004_kani=true&JigyosyoCd=0370902041-00&ServiceCd=430&Type=search" }, "geometry": { "type": "Point", "coordinates": [ 141.2614513, 39.0107596 ] } },
{ "type": "Feature", "properties": { "内容": "ケアプランセンター花泉【居宅介護支援】岩手県一関市花泉町涌津字一ノ町76番地", "url2": "https://www.kaigokensaku.mhlw.go.jp/03/index.php?action_kouhyou_detail_004_kani=true&JigyosyoCd=0372600015-00&ServiceCd=430&Type=search" }, "geometry": { "type": "Point", "coordinates": [ 141.1853271, 38.8308767 ] } },
{ "type": "Feature", "properties": { "内容": "ケアプランセンター大東【居宅介護支援】岩手県一関市大東町渋民字大洞地55番地8", "url2": "https://www.kaigokensaku.mhlw.go.jp/03/index.php?action_kouhyou_detail_004_kani=true&JigyosyoCd=0372700054-00&ServiceCd=430&Type=search" }, "geometry": { "type": "Point", "coordinates": [ 141.339165900000012, 39.0202125 ] } },
{ "type": "Feature", "properties": { "内容": "ケアプランセンター興田【居宅介護支援】岩手県一関市大東町鳥海字細田34-1", "url2": "https://www.kaigokensaku.mhlw.go.jp/03/index.php?action_kouhyou_detail_004_kani=true&JigyosyoCd=0372700120-00&ServiceCd=430&Type=search" }, "geometry": { "type": "Point", "coordinates": [ 141.368284282872736, 39.05072692739828 ] } },
{ "type": "Feature", "properties": { "内容": "なのはな居宅介護支援事業所【居宅介護支援】岩手県一関市中央町二丁目５番１３号", "url2": "https://www.kaigokensaku.mhlw.go.jp/03/index.php?action_kouhyou_detail_004_kani=true&JigyosyoCd=0310910864-00&ServiceCd=430&Type=search" }, "geometry": { "type": "Point", "coordinates": [ 141.128628, 38.9370622 ] } },
{ "type": "Feature", "properties": { "内容": "やまゆり居宅介護支援事業所【居宅介護支援】岩手県一関市千厩町千厩字宮敷４５番地１", "url2": "https://www.kaigokensaku.mhlw.go.jp/03/index.php?action_kouhyou_detail_004_kani=true&JigyosyoCd=0370900482-00&ServiceCd=430&Type=search" }, "geometry": { "type": "Point", "coordinates": [ 141.339411599999949, 38.9230737 ] } },
{ "type": "Feature", "properties": { "内容": "ふじさわ居宅介護支援事業所【居宅介護支援】岩手県一関市藤沢町藤沢字町裏52番地2", "url2": "https://www.kaigokensaku.mhlw.go.jp/03/index.php?action_kouhyou_detail_004_kani=true&JigyosyoCd=0370901241-00&ServiceCd=430&Type=search" }, "geometry": { "type": "Point", "coordinates": [ 141.349916900000039, 38.8586455 ] } },
{ "type": "Feature", "properties": { "内容": "介護相談センターぺルシモン【居宅介護支援】岩手県一関市東五代11-2", "url2": "https://www.kaigokensaku.mhlw.go.jp/03/index.php?action_kouhyou_detail_004_kani=true&JigyosyoCd=0370901530-00&ServiceCd=430&Type=search" }, "geometry": { "type": "Point", "coordinates": [ 141.1318082, 38.9418238 ] } },
{ "type": "Feature", "properties": { "内容": "介護支援相談室あゆみ【居宅介護支援】岩手県一関市滝沢字宮田118番122", "url2": "https://www.kaigokensaku.mhlw.go.jp/03/index.php?action_kouhyou_detail_004_kani=true&JigyosyoCd=0370901704-00&ServiceCd=430&Type=search" }, "geometry": { "type": "Point", "coordinates": [ 141.150904123001027, 38.93743272512377 ] } },
{ "type": "Feature", "properties": { "内容": "ケアプラン白藤【居宅介護支援】岩手県一関市藤沢町藤沢字八沢262番地1", "url2": "https://www.kaigokensaku.mhlw.go.jp/03/index.php?action_kouhyou_detail_004_kani=true&JigyosyoCd=0370901845-00&ServiceCd=430&Type=search" }, "geometry": { "type": "Point", "coordinates": [ 141.349064399999946, 38.8501602 ] } },
{ "type": "Feature", "properties": { "内容": "ふるさと居宅介護支援事業所【居宅介護支援】岩手県一関市花泉町金沢字運南田170－1", "url2": "https://www.kaigokensaku.mhlw.go.jp/03/index.php?action_kouhyou_detail_004_kani=true&JigyosyoCd=0370902165-00&ServiceCd=430&Type=search" }, "geometry": { "type": "Point", "coordinates": [ 141.160925, 38.860258 ] } },
{ "type": "Feature", "properties": { "内容": "ケアワークひらか指定居宅介護支援事業所【居宅介護支援】岩手県一関市萩荘字大袋314-1", "url2": "https://www.kaigokensaku.mhlw.go.jp/03/index.php?action_kouhyou_detail_004_kani=true&JigyosyoCd=0370900219-00&ServiceCd=430&Type=search" }, "geometry": { "type": "Point", "coordinates": [ 141.078854699999965, 38.9369996 ] } },
{ "type": "Feature", "properties": { "内容": "シルバーヘルス居宅介護支援事業所【居宅介護支援】岩手県一関市字沢２９８番地2", "url2": "https://www.kaigokensaku.mhlw.go.jp/03/index.php?action_kouhyou_detail_004_kani=true&JigyosyoCd=0370900227-00&ServiceCd=430&Type=search" }, "geometry": { "type": "Point", "coordinates": [ 141.1517103, 38.9022282 ] } },
{ "type": "Feature", "properties": { "内容": "さくら居宅介護支援事業所【居宅介護支援】岩手県一関市竹山町５番３４号", "url2": "https://www.kaigokensaku.mhlw.go.jp/03/index.php?action_kouhyou_detail_004_kani=true&JigyosyoCd=0370901209-00&ServiceCd=430&Type=search" }, "geometry": { "type": "Point", "coordinates": [ 141.126006100000041, 38.9349568 ] } },
{ "type": "Feature", "properties": { "内容": "指定居宅介護支援事業所こころ【居宅介護支援】岩手県一関市大東町摺沢字百目木9番地4", "url2": "https://www.kaigokensaku.mhlw.go.jp/03/index.php?action_kouhyou_detail_004_kani=true&JigyosyoCd=0370901746-00&ServiceCd=430&Type=search" }, "geometry": { "type": "Point", "coordinates": [ 141.342274800000041, 38.9992597 ] } },
{ "type": "Feature", "properties": { "内容": "一関病院医療と介護の連携センター【居宅介護支援】岩手県一関市大手町3番36号", "url2": "https://www.kaigokensaku.mhlw.go.jp/03/index.php?action_kouhyou_detail_004_kani=true&JigyosyoCd=0370901753-00&ServiceCd=430&Type=search" }, "geometry": { "type": "Point", "coordinates": [ 141.134611, 38.9296466 ] } },
{ "type": "Feature", "properties": { "内容": "松原指定居宅介護支援事業所【居宅介護支援】岩手県陸前高田市高田町字中田69-2", "url2": "https://www.kaigokensaku.mhlw.go.jp/03/index.php?action_kouhyou_detail_004_kani=true&JigyosyoCd=0371000126-00&ServiceCd=430&Type=search" }, "geometry": { "type": "Point", "coordinates": [ 141.648759499999983, 39.0147213 ] } },
{ "type": "Feature", "properties": { "内容": "高寿園指定居宅介護支援事業所【居宅介護支援】岩手県陸前高田市高田町字東和野６７番地", "url2": "https://www.kaigokensaku.mhlw.go.jp/03/index.php?action_kouhyou_detail_004_kani=true&JigyosyoCd=0371000027-00&ServiceCd=430&Type=search" }, "geometry": { "type": "Point", "coordinates": [ 141.639076899999964, 39.0221729 ] } },
{ "type": "Feature", "properties": { "内容": "リボーン居宅介護支援事業所【居宅介護支援】岩手県陸前高田市高田町字館の沖303番地1アバッセタカタ専門店街", "url2": "https://www.kaigokensaku.mhlw.go.jp/03/index.php?action_kouhyou_detail_004_kani=true&JigyosyoCd=0371000407-00&ServiceCd=430&Type=search" }, "geometry": { "type": "Point", "coordinates": [ 141.629231, 39.0168146 ] } },
{ "type": "Feature", "properties": { "内容": "陸前高田市社会福祉協議会指定居宅介護支援事業所【居宅介護支援】岩手県陸前高田市高田町字太田511番地", "url2": "https://www.kaigokensaku.mhlw.go.jp/03/index.php?action_kouhyou_detail_004_kani=true&JigyosyoCd=0371000019-00&ServiceCd=430&Type=search" }, "geometry": { "type": "Point", "coordinates": [ 141.641055476111291, 39.025436769809886 ] } },
{ "type": "Feature", "properties": { "内容": "絆指定居宅介護支援事業所【居宅介護支援】岩手県陸前高田市広田町字久保13番地4", "url2": "https://www.kaigokensaku.mhlw.go.jp/03/index.php?action_kouhyou_detail_004_kani=true&JigyosyoCd=0371000266-00&ServiceCd=430&Type=search" }, "geometry": { "type": "Point", "coordinates": [ 141.691619, 38.9488066 ] } },
{ "type": "Feature", "properties": { "内容": "縁指定居宅介護支援事業所【居宅介護支援】岩手県陸前高田市小友町字獺沢５３番地", "url2": "https://www.kaigokensaku.mhlw.go.jp/03/index.php?action_kouhyou_detail_004_kani=true&JigyosyoCd=0371000365-00&ServiceCd=430&Type=search" }, "geometry": { "type": "Point", "coordinates": [ 141.6717923, 38.9846203 ] } },
{ "type": "Feature", "properties": { "内容": "あゆみ居宅介護支援事業所【居宅介護支援】岩手県釜石市大町二丁目2番24号", "url2": "https://www.kaigokensaku.mhlw.go.jp/03/index.php?action_kouhyou_detail_004_kani=true&JigyosyoCd=0371100538-00&ServiceCd=430&Type=search" }, "geometry": { "type": "Point", "coordinates": [ 141.880909475793459, 39.273846538699523 ] } },
{ "type": "Feature", "properties": { "内容": "いきいき指定居宅介護支援センター【居宅介護支援】岩手県釜石市鵜住居町2-20-1", "url2": "https://www.kaigokensaku.mhlw.go.jp/03/index.php?action_kouhyou_detail_004_kani=true&JigyosyoCd=0371100330-00&ServiceCd=430&Type=search" }, "geometry": { "type": "Point", "coordinates": [ 141.847851600000013, 39.34460989999998 ] } },
{ "type": "Feature", "properties": { "内容": "指定居宅介護支援事業所やまざき【居宅介護支援】岩手県釜石市鵜住居町第２５地割１０番地９", "url2": "https://www.kaigokensaku.mhlw.go.jp/03/index.php?action_kouhyou_detail_004_kani=true&JigyosyoCd=0371100462-00&ServiceCd=430&Type=search" }, "geometry": { "type": "Point", "coordinates": [ 141.885293100000013, 39.3205435 ] } },
{ "type": "Feature", "properties": { "内容": "いきいき指定唐丹居宅介護支援センター【居宅介護支援】岩手県釜石市唐丹町字小白浜50番地　小白浜復興住宅併設店舗2", "url2": "https://www.kaigokensaku.mhlw.go.jp/03/index.php?action_kouhyou_detail_004_kani=true&JigyosyoCd=0371100579-00&ServiceCd=430&Type=search" }, "geometry": { "type": "Point", "coordinates": [ 141.865625362179571, 39.207124197483168 ] } },
{ "type": "Feature", "properties": { "内容": "あいぜんの里指定居宅介護支援事業所【居宅介護支援】岩手県釜石市大字平田第2地割51番地7", "url2": "https://www.kaigokensaku.mhlw.go.jp/03/index.php?action_kouhyou_detail_004_kani=true&JigyosyoCd=0371100033-00&ServiceCd=430&Type=search" }, "geometry": { "type": "Point", "coordinates": [ 141.871835799999985, 39.2429889 ] } },
{ "type": "Feature", "properties": { "内容": "ニチイケアセンター釜石【居宅介護支援】岩手県釜石市中妻町1-12-2", "url2": "https://www.kaigokensaku.mhlw.go.jp/03/index.php?action_kouhyou_detail_004_kani=true&JigyosyoCd=0371100108-00&ServiceCd=430&Type=search" }, "geometry": { "type": "Point", "coordinates": [ 141.860040799999979, 39.2718438 ] } },
{ "type": "Feature", "properties": { "内容": "仙人の里指定居宅介護支援事業所【居宅介護支援】岩手県釜石市甲子町7-144-4特別養護老人ホーム仙人の里", "url2": "https://www.kaigokensaku.mhlw.go.jp/03/index.php?action_kouhyou_detail_004_kani=true&JigyosyoCd=0371100017-00&ServiceCd=430&Type=search" }, "geometry": { "type": "Point", "coordinates": [ 141.782594199999949, 39.2547298 ] } },
{ "type": "Feature", "properties": { "内容": "指定居宅介護支援事業所さくら【居宅介護支援】岩手県釜石市野田町2丁目14-17", "url2": "https://www.kaigokensaku.mhlw.go.jp/03/index.php?action_kouhyou_detail_004_kani=true&JigyosyoCd=0371100546-00&ServiceCd=430&Type=search" }, "geometry": { "type": "Point", "coordinates": [ 141.821830537529223, 39.256940077700605 ] } },
{ "type": "Feature", "properties": { "内容": "釜石市社会福祉協議会指定居宅介護支援事業所【居宅介護支援】岩手県釜石市大渡町三丁目１５番２６号釜石市保健福祉センター８階", "url2": "https://www.kaigokensaku.mhlw.go.jp/03/index.php?action_kouhyou_detail_004_kani=true&JigyosyoCd=0371100090-00&ServiceCd=430&Type=search" }, "geometry": { "type": "Point", "coordinates": [ 141.878444599999966, 39.2737686 ] } },
{ "type": "Feature", "properties": { "内容": "はまゆり在宅介護支援センター【居宅介護支援】岩手県釜石市小佐野町3丁目9番1号介護老人保健施設フレールはまゆり", "url2": "https://www.kaigokensaku.mhlw.go.jp/03/index.php?action_kouhyou_detail_004_kani=true&JigyosyoCd=0371100207-00&ServiceCd=430&Type=search" }, "geometry": { "type": "Point", "coordinates": [ 141.837871100000029, 39.2621334 ] } },
{ "type": "Feature", "properties": { "内容": "居宅介護支援センター善【居宅介護支援】岩手県釜石市大只越町1-2-15山長アパート1号室", "url2": "https://www.kaigokensaku.mhlw.go.jp/03/index.php?action_kouhyou_detail_004_kani=true&JigyosyoCd=0371100843-00&ServiceCd=430&Type=search" }, "geometry": { "type": "Point", "coordinates": [ 141.881795368092327, 39.275788753973274 ] } },
{ "type": "Feature", "properties": { "内容": "二戸市社会福祉協議会居宅介護支援事業所【居宅介護支援】岩手県二戸市仁左平字横手２番地３", "url2": "https://www.kaigokensaku.mhlw.go.jp/03/index.php?action_kouhyou_detail_004_kani=true&JigyosyoCd=0371300013-00&ServiceCd=430&Type=search" }, "geometry": { "type": "Point", "coordinates": [ 141.30874289999997, 40.3035225 ] } },
{ "type": "Feature", "properties": { "内容": "サントピア指定居宅介護支援事業所【居宅介護支援】岩手県二戸市似鳥字上平15－1", "url2": "https://www.kaigokensaku.mhlw.go.jp/03/index.php?action_kouhyou_detail_004_kani=true&JigyosyoCd=0371300021-00&ServiceCd=430&Type=search" }, "geometry": { "type": "Point", "coordinates": [ 141.2431679, 40.2401287 ] } },
{ "type": "Feature", "properties": { "内容": "湯の里にのへ【居宅介護支援】岩手県二戸市金田一字湯田２４番地", "url2": "https://www.kaigokensaku.mhlw.go.jp/03/index.php?action_kouhyou_detail_004_kani=true&JigyosyoCd=0371300153-00&ServiceCd=430&Type=search" }, "geometry": { "type": "Point", "coordinates": [ 141.320321, 40.3205541 ] } },
{ "type": "Feature", "properties": { "内容": "いつつ星会居宅介護支援事業所【居宅介護支援】岩手県二戸市仁左平字横手6-1", "url2": "https://www.kaigokensaku.mhlw.go.jp/03/index.php?action_kouhyou_detail_004_kani=true&JigyosyoCd=0371300294-00&ServiceCd=430&Type=search" }, "geometry": { "type": "Point", "coordinates": [ 141.30874289999997, 40.3032087 ] } },
{ "type": "Feature", "properties": { "内容": "居宅介護支援事業所いずみ【居宅介護支援】岩手県二戸市金田一字荒田110-1", "url2": "https://www.kaigokensaku.mhlw.go.jp/03/index.php?action_kouhyou_detail_004_kani=true&JigyosyoCd=0371300526-00&ServiceCd=430&Type=search" }, "geometry": { "type": "Point", "coordinates": [ 141.306023500000038, 40.3091579 ] } },
{ "type": "Feature", "properties": { "内容": "浄法寺居宅介護支援事業所【居宅介護支援】岩手県二戸市浄法寺町小池３", "url2": "https://www.kaigokensaku.mhlw.go.jp/03/index.php?action_kouhyou_detail_004_kani=true&JigyosyoCd=0373200047-00&ServiceCd=430&Type=search" }, "geometry": { "type": "Point", "coordinates": [ 141.1574534, 40.1844415 ] } },
{ "type": "Feature", "properties": { "内容": "指定居宅介護支援事業所里・つむぎ【居宅介護支援】岩手県八幡平市田頭１２－１８－１", "url2": "https://www.kaigokensaku.mhlw.go.jp/03/index.php?action_kouhyou_detail_004_kani=true&JigyosyoCd=0371400250-00&ServiceCd=430&Type=search" }, "geometry": { "type": "Point", "coordinates": [ 141.061795709461848, 39.928239208366399 ] } },
{ "type": "Feature", "properties": { "内容": "安代会居宅介護支援事業所【居宅介護支援】岩手県八幡平市丑山口27番地5", "url2": "https://www.kaigokensaku.mhlw.go.jp/03/index.php?action_kouhyou_detail_004_kani=true&JigyosyoCd=0373200021-00&ServiceCd=430&Type=search" }, "geometry": { "type": "Point", "coordinates": [ 140.954487, 40.135683 ] } },
{ "type": "Feature", "properties": { "内容": "西根会北部指定居宅介護支援事業所【居宅介護支援】岩手県八幡平市堀切第14地割16番地1", "url2": "https://www.kaigokensaku.mhlw.go.jp/03/index.php?action_kouhyou_detail_004_kani=true&JigyosyoCd=0371400326-00&ServiceCd=430&Type=search" }, "geometry": { "type": "Point", "coordinates": [ 141.0982344, 39.9539202 ] } },
{ "type": "Feature", "properties": { "内容": "西根会指定居宅介護支援事業所【居宅介護支援】岩手県八幡平市田頭第２４地割３６番地", "url2": "https://www.kaigokensaku.mhlw.go.jp/03/index.php?action_kouhyou_detail_004_kani=true&JigyosyoCd=0372100024-00&ServiceCd=430&Type=search" }, "geometry": { "type": "Point", "coordinates": [ 141.085791873090557, 39.918616598124665 ] } },
{ "type": "Feature", "properties": { "内容": "富士見荘指定居宅介護支援事業所【居宅介護支援】岩手県八幡平市柏台２丁目５番１５号", "url2": "https://www.kaigokensaku.mhlw.go.jp/03/index.php?action_kouhyou_detail_004_kani=true&JigyosyoCd=0372100131-00&ServiceCd=430&Type=search" }, "geometry": { "type": "Point", "coordinates": [ 140.977855800000043, 39.9143903 ] } },
{ "type": "Feature", "properties": { "内容": "指定居宅介護支援事業所のぞみ【居宅介護支援】岩手県八幡平市柏台二丁目8番2号", "url2": "https://www.kaigokensaku.mhlw.go.jp/03/index.php?action_kouhyou_detail_004_kani=true&JigyosyoCd=0371400334-00&ServiceCd=430&Type=search" }, "geometry": { "type": "Point", "coordinates": [ 140.9820391, 39.9160237 ] } },
{ "type": "Feature", "properties": { "内容": "JAライフサポート西根指定居宅介護支援事業所【居宅介護支援】岩手県八幡平市田頭39-72-2", "url2": "https://www.kaigokensaku.mhlw.go.jp/03/index.php?action_kouhyou_detail_004_kani=true&JigyosyoCd=0371400268-00&ServiceCd=430&Type=search" }, "geometry": { "type": "Point", "coordinates": [ 141.093101544088995, 39.925958373753758 ] } },
{ "type": "Feature", "properties": { "内容": "麗峰苑指定居宅介護支援事業所【居宅介護支援】岩手県八幡平市平舘第13地割1番地1特別養護老人ホーム麗峰苑内", "url2": "https://www.kaigokensaku.mhlw.go.jp/03/index.php?action_kouhyou_detail_004_kani=true&JigyosyoCd=0371400169-00&ServiceCd=430&Type=search" }, "geometry": { "type": "Point", "coordinates": [ 141.085279499999984, 39.9558602 ] } },
{ "type": "Feature", "properties": { "内容": "居宅介護支援事業所ふぁみりあ安比高原【居宅介護支援】岩手県八幡平市安比高原605番地329", "url2": "https://www.kaigokensaku.mhlw.go.jp/03/index.php?action_kouhyou_detail_004_kani=true&JigyosyoCd=0371400292-00&ServiceCd=430&Type=search" }, "geometry": { "type": "Point", "coordinates": [ 140.978365111452433, 39.998688575972302 ] } },
{ "type": "Feature", "properties": { "内容": "居宅介護支援事業所ライラック安比高原【居宅介護支援】岩手県八幡平市安比高原605-382", "url2": "https://www.kaigokensaku.mhlw.go.jp/03/index.php?action_kouhyou_detail_004_kani=true&JigyosyoCd=0371400300-00&ServiceCd=430&Type=search" }, "geometry": { "type": "Point", "coordinates": [ 140.9792378, 40.002058 ] } },
{ "type": "Feature", "properties": { "内容": "医療法人社団松誠会岩鷲苑指定居宅介護支援事業所【居宅介護支援】岩手県八幡平市大更18地割88番地102", "url2": "https://www.kaigokensaku.mhlw.go.jp/03/index.php?action_kouhyou_detail_004_kani=true&JigyosyoCd=0372100693-00&ServiceCd=430&Type=search" }, "geometry": { "type": "Point", "coordinates": [ 141.092642699999942, 39.8981091 ] } },
{ "type": "Feature", "properties": { "内容": "松誠会あしろ苑指定居宅介護支援事業所【居宅介護支援】岩手県八幡平市川原１２９番", "url2": "https://www.kaigokensaku.mhlw.go.jp/03/index.php?action_kouhyou_detail_004_kani=true&JigyosyoCd=0373200229-00&ServiceCd=430&Type=search" }, "geometry": { "type": "Point", "coordinates": [ 141.058045, 40.1136471 ] } },
{ "type": "Feature", "properties": { "内容": "前沢居宅介護支援事業所【居宅介護支援】岩手県奥州市前沢字立石１８０番地１", "url2": "https://www.kaigokensaku.mhlw.go.jp/03/index.php?action_kouhyou_detail_004_kani=true&JigyosyoCd=0371500703-00&ServiceCd=430&Type=search" }, "geometry": { "type": "Point", "coordinates": [ 141.1366971, 39.0557437 ] } },
{ "type": "Feature", "properties": { "内容": "居宅介護支援事業所ゆたかな家っこ【居宅介護支援】岩手県奥州市胆沢若柳字下松原80番地", "url2": "https://www.kaigokensaku.mhlw.go.jp/03/index.php?action_kouhyou_detail_004_kani=true&JigyosyoCd=0371500794-00&ServiceCd=430&Type=search" }, "geometry": { "type": "Point", "coordinates": [ 141.066578400000026, 39.133736 ] } },
{ "type": "Feature", "properties": { "内容": "ケアネット・アテルイ水沢指定居宅介護支援事業所【居宅介護支援】岩手県奥州市水沢宮下町８４番地", "url2": "https://www.kaigokensaku.mhlw.go.jp/03/index.php?action_kouhyou_detail_004_kani=true&JigyosyoCd=0371501099-00&ServiceCd=430&Type=search" }, "geometry": { "type": "Point", "coordinates": [ 141.137965597485163, 39.137665881083024 ] } },
{ "type": "Feature", "properties": { "内容": "まえさわ苑指定居宅介護支援事業所【居宅介護支援】岩手県奥州市前沢字塔ケ崎7番地", "url2": "https://www.kaigokensaku.mhlw.go.jp/03/index.php?action_kouhyou_detail_004_kani=true&JigyosyoCd=0372500058-00&ServiceCd=430&Type=search" }, "geometry": { "type": "Point", "coordinates": [ 141.12068, 39.0402645 ] } },
{ "type": "Feature", "properties": { "内容": "羽衣荘指定居宅介護支援事業所【居宅介護支援】岩手県奥州市衣川古戸45番地", "url2": "https://www.kaigokensaku.mhlw.go.jp/03/index.php?action_kouhyou_detail_004_kani=true&JigyosyoCd=0372500074-00&ServiceCd=430&Type=search" }, "geometry": { "type": "Point", "coordinates": [ 141.06454640000004, 39.038138 ] } },
{ "type": "Feature", "properties": { "内容": "やまゆり荘居宅介護支援事業所【居宅介護支援】岩手県奥州市胆沢南都田字加賀谷地４１６", "url2": "https://www.kaigokensaku.mhlw.go.jp/03/index.php?action_kouhyou_detail_004_kani=true&JigyosyoCd=0372500108-00&ServiceCd=430&Type=search" }, "geometry": { "type": "Point", "coordinates": [ 141.072278399999959, 39.1169715 ] } },
{ "type": "Feature", "properties": { "内容": "桜つつみ指定居宅介護支援事業所【居宅介護支援】岩手県奥州市江刺岩谷堂字反町361番地1", "url2": "https://www.kaigokensaku.mhlw.go.jp/03/index.php?action_kouhyou_detail_004_kani=true&JigyosyoCd=0371200023-00&ServiceCd=430&Type=search" }, "geometry": { "type": "Point", "coordinates": [ 141.18469129999994, 39.1825226 ] } },
{ "type": "Feature", "properties": { "内容": "サポートセンターＮＰＯえさし指定居宅介護支援事業所【居宅介護支援】岩手県奥州市江刺八日町一丁目８番８号", "url2": "https://www.kaigokensaku.mhlw.go.jp/03/index.php?action_kouhyou_detail_004_kani=true&JigyosyoCd=0371200247-00&ServiceCd=430&Type=search" }, "geometry": { "type": "Point", "coordinates": [ 141.17238704854887, 39.186538269908162 ] } },
{ "type": "Feature", "properties": { "内容": "あっぷるホーム指定居宅介護支援事業所【居宅介護支援】岩手県奥州市江刺玉里字青篠２番地１", "url2": "https://www.kaigokensaku.mhlw.go.jp/03/index.php?action_kouhyou_detail_004_kani=true&JigyosyoCd=0371200270-00&ServiceCd=430&Type=search" }, "geometry": { "type": "Point", "coordinates": [ 141.251902400000063, 39.228494 ] } },
{ "type": "Feature", "properties": { "内容": "スマイル桜木指定居宅介護支援事業所【居宅介護支援】岩手県奥州市江刺愛宕字前中野88番地1", "url2": "https://www.kaigokensaku.mhlw.go.jp/03/index.php?action_kouhyou_detail_004_kani=true&JigyosyoCd=0371200312-00&ServiceCd=430&Type=search" }, "geometry": { "type": "Point", "coordinates": [ 141.16429909814758, 39.167969908270685 ] } },
{ "type": "Feature", "properties": { "内容": "江陽居宅介護支援事業所【居宅介護支援】岩手県奥州市江刺田原字大日195番地1", "url2": "https://www.kaigokensaku.mhlw.go.jp/03/index.php?action_kouhyou_detail_004_kani=true&JigyosyoCd=0371200353-00&ServiceCd=430&Type=search" }, "geometry": { "type": "Point", "coordinates": [ 141.204012400000011, 39.16207 ] } },
{ "type": "Feature", "properties": { "内容": "江寿園指定居宅介護支援事業所【居宅介護支援】岩手県奥州市江刺伊手字新田149番地養護老人ホーム江寿園", "url2": "https://www.kaigokensaku.mhlw.go.jp/03/index.php?action_kouhyou_detail_004_kani=true&JigyosyoCd=0371500489-00&ServiceCd=430&Type=search" }, "geometry": { "type": "Point", "coordinates": [ 141.311799900524875, 39.176063024784767 ] } },
{ "type": "Feature", "properties": { "内容": "あすか指定居宅介護支援事業所【居宅介護支援】岩手県奥州市江刺岩谷堂字下苗代沢44-3", "url2": "https://www.kaigokensaku.mhlw.go.jp/03/index.php?action_kouhyou_detail_004_kani=true&JigyosyoCd=0371500497-00&ServiceCd=430&Type=search" }, "geometry": { "type": "Point", "coordinates": [ 141.17935250000005, 39.1902244 ] } },
{ "type": "Feature", "properties": { "内容": "指定居宅介護支援事業所はなみずき【居宅介護支援】岩手県奥州市江刺西大通り１－１１複合型介護施設はなみずき", "url2": "https://www.kaigokensaku.mhlw.go.jp/03/index.php?action_kouhyou_detail_004_kani=true&JigyosyoCd=0371500638-00&ServiceCd=430&Type=search" }, "geometry": { "type": "Point", "coordinates": [ 141.174154834427981, 39.189378271212682 ] } },
{ "type": "Feature", "properties": { "内容": "奥州市社会福祉協議会指定居宅介護支援事業所【居宅介護支援】岩手県奥州市水沢南町5-12", "url2": "https://www.kaigokensaku.mhlw.go.jp/03/index.php?action_kouhyou_detail_004_kani=true&JigyosyoCd=0370400012-00&ServiceCd=430&Type=search" }, "geometry": { "type": "Point", "coordinates": [ 141.145946200000026, 39.136538 ] } },
{ "type": "Feature", "properties": { "内容": "福寿荘指定居宅介護支援事業所【居宅介護支援】岩手県奥州市水沢上姉体二丁目1番地22", "url2": "https://www.kaigokensaku.mhlw.go.jp/03/index.php?action_kouhyou_detail_004_kani=true&JigyosyoCd=0370400020-00&ServiceCd=430&Type=search" }, "geometry": { "type": "Point", "coordinates": [ 141.163995200000045, 39.1166269 ] } },
{ "type": "Feature", "properties": { "内容": "ニチイケアセンター水沢【居宅介護支援】岩手県奥州市水沢西町２－１０", "url2": "https://www.kaigokensaku.mhlw.go.jp/03/index.php?action_kouhyou_detail_004_kani=true&JigyosyoCd=0370400137-00&ServiceCd=430&Type=search" }, "geometry": { "type": "Point", "coordinates": [ 141.136383099999989, 39.1377876 ] } },
{ "type": "Feature", "properties": { "内容": "清和会指定居宅介護支援事業所【居宅介護支援】岩手県奥州市水沢東大通り1丁目5番30号", "url2": "https://www.kaigokensaku.mhlw.go.jp/03/index.php?action_kouhyou_detail_004_kani=true&JigyosyoCd=0370400277-00&ServiceCd=430&Type=search" }, "geometry": { "type": "Point", "coordinates": [ 141.147957, 39.1398099 ] } },
{ "type": "Feature", "properties": { "内容": "美楽会居宅介護支援事業所【居宅介護支援】岩手県奥州市水沢羽田町久保54番地シルバーハウスなごみ内", "url2": "https://www.kaigokensaku.mhlw.go.jp/03/index.php?action_kouhyou_detail_004_kani=true&JigyosyoCd=0370400384-00&ServiceCd=430&Type=search" }, "geometry": { "type": "Point", "coordinates": [ 141.18211886718143, 39.14337706977944 ] } },
{ "type": "Feature", "properties": { "内容": "株式会社ケアネット岩手サービスセンター【居宅介護支援】岩手県奥州市水沢花園町一丁目19番16号", "url2": "https://www.kaigokensaku.mhlw.go.jp/03/index.php?action_kouhyou_detail_004_kani=true&JigyosyoCd=0371500349-00&ServiceCd=430&Type=search" }, "geometry": { "type": "Point", "coordinates": [ 141.147945899999968, 39.1414708 ] } },
{ "type": "Feature", "properties": { "内容": "あおぞら居宅介護支援事業所【居宅介護支援】岩手県奥州市水沢南大鐘一丁目60番地", "url2": "https://www.kaigokensaku.mhlw.go.jp/03/index.php?action_kouhyou_detail_004_kani=true&JigyosyoCd=0371501065-00&ServiceCd=430&Type=search" }, "geometry": { "type": "Point", "coordinates": [ 141.13755279999998, 39.1282943 ] } },
{ "type": "Feature", "properties": { "内容": "ぬくもりの家居宅介護支援事業所【居宅介護支援】岩手県奥州市胆沢南都田字大持30番地", "url2": "https://www.kaigokensaku.mhlw.go.jp/03/index.php?action_kouhyou_detail_004_kani=true&JigyosyoCd=0372500504-00&ServiceCd=430&Type=search" }, "geometry": { "type": "Point", "coordinates": [ 141.069256099999961, 39.129175500000017 ] } },
{ "type": "Feature", "properties": { "内容": "ゼットケアサポート【居宅介護支援】岩手県奥州市水沢字吉小路46番地２", "url2": "https://www.kaigokensaku.mhlw.go.jp/03/index.php?action_kouhyou_detail_004_kani=true&JigyosyoCd=0370400194-00&ServiceCd=430&Type=search" }, "geometry": { "type": "Point", "coordinates": [ 141.1400327, 39.1427872 ] } },
{ "type": "Feature", "properties": { "内容": "福伸指定居宅介護支援事業所【居宅介護支援】岩手県奥州市前沢生母字中道３番地２", "url2": "https://www.kaigokensaku.mhlw.go.jp/03/index.php?action_kouhyou_detail_004_kani=true&JigyosyoCd=0371500158-00&ServiceCd=430&Type=search" }, "geometry": { "type": "Point", "coordinates": [ 141.173974499999986, 39.0586583 ] } },
{ "type": "Feature", "properties": { "内容": "寿水会指定居宅介護支援事業所【居宅介護支援】岩手県奥州市水沢字見分森19番地1", "url2": "https://www.kaigokensaku.mhlw.go.jp/03/index.php?action_kouhyou_detail_004_kani=true&JigyosyoCd=0370400210-00&ServiceCd=430&Type=search" }, "geometry": { "type": "Point", "coordinates": [ 141.109268214016765, 39.120726781699233 ] } },
{ "type": "Feature", "properties": { "内容": "在宅総合ケアセンター美希・アザレア【居宅介護支援】岩手県奥州市前沢古城字丑沢上野１００番地", "url2": "https://www.kaigokensaku.mhlw.go.jp/03/index.php?action_kouhyou_detail_004_kani=true&JigyosyoCd=0312310324-00&ServiceCd=430&Type=search" }, "geometry": { "type": "Point", "coordinates": [ 141.12720539999998, 39.0707166 ] } },
{ "type": "Feature", "properties": { "内容": "聖愛園指定居宅介護支援事業所【居宅介護支援】岩手県奥州市江刺愛宕字八日市１－２特別養護老人ホーム聖愛園にっかわ内", "url2": "https://www.kaigokensaku.mhlw.go.jp/03/index.php?action_kouhyou_detail_004_kani=true&JigyosyoCd=0371200031-00&ServiceCd=430&Type=search" }, "geometry": { "type": "Point", "coordinates": [ 141.1601847, 39.1862928 ] } },
{ "type": "Feature", "properties": { "内容": "サンライフえさし指定居宅介護支援事業所【居宅介護支援】岩手県奥州市江刺岩谷堂字下惣田290番地の3", "url2": "https://www.kaigokensaku.mhlw.go.jp/03/index.php?action_kouhyou_detail_004_kani=true&JigyosyoCd=0371200197-00&ServiceCd=430&Type=search" }, "geometry": { "type": "Point", "coordinates": [ 141.182063800000037, 39.1813143 ] } },
{ "type": "Feature", "properties": { "内容": "指定居宅介護支援事業所はる【居宅介護支援】岩手県奥州市前沢字下小路73番地1", "url2": "https://www.kaigokensaku.mhlw.go.jp/03/index.php?action_kouhyou_detail_004_kani=true&JigyosyoCd=0371500505-00&ServiceCd=430&Type=search" }, "geometry": { "type": "Point", "coordinates": [ 141.1204071, 39.0453395 ] } },
{ "type": "Feature", "properties": { "内容": "居宅介護支援事業所そら【居宅介護支援】岩手県奥州市水沢字新小路11-3-1", "url2": "https://www.kaigokensaku.mhlw.go.jp/03/index.php?action_kouhyou_detail_004_kani=true&JigyosyoCd=0371500927-00&ServiceCd=430&Type=search" }, "geometry": { "type": "Point", "coordinates": [ 141.1378335, 39.1426734 ] } },
{ "type": "Feature", "properties": { "内容": "ケアプラン紫【居宅介護支援】岩手県滝沢市巣子1191番地3トータル保険合同会社", "url2": "https://www.kaigokensaku.mhlw.go.jp/03/index.php?action_kouhyou_detail_004_kani=true&JigyosyoCd=0371600628-00&ServiceCd=430&Type=search" }, "geometry": { "type": "Point", "coordinates": [ 141.13479, 39.7768016 ] } },
{ "type": "Feature", "properties": { "内容": "ケアプラン室こもれび【居宅介護支援】岩手県滝沢市巣子1184番地36", "url2": "https://www.kaigokensaku.mhlw.go.jp/03/index.php?action_kouhyou_detail_004_kani=true&JigyosyoCd=0371600370-00&ServiceCd=430&Type=search" }, "geometry": { "type": "Point", "coordinates": [ 141.134950165167282, 39.775433288098156 ] } },
{ "type": "Feature", "properties": { "内容": "りはびり学校いわて介護相談室【居宅介護支援】岩手県滝沢市巣子180番地3", "url2": "https://www.kaigokensaku.mhlw.go.jp/03/index.php?action_kouhyou_detail_004_kani=true&JigyosyoCd=0371600586-00&ServiceCd=430&Type=search" }, "geometry": { "type": "Point", "coordinates": [ 141.1211178, 39.7929502 ] } },
{ "type": "Feature", "properties": { "内容": "居宅介護支援事業所リベラ【居宅介護支援】岩手県滝沢市室小路511", "url2": "https://www.kaigokensaku.mhlw.go.jp/03/index.php?action_kouhyou_detail_004_kani=true&JigyosyoCd=0372101840-00&ServiceCd=430&Type=search" }, "geometry": { "type": "Point", "coordinates": [ 141.099473799999942, 39.7384341 ] } },
{ "type": "Feature", "properties": { "内容": "ケアプランセンターつぼみ【居宅介護支援】岩手県滝沢市大釜竹鼻163番11", "url2": "https://www.kaigokensaku.mhlw.go.jp/03/index.php?action_kouhyou_detail_004_kani=true&JigyosyoCd=0371600578-00&ServiceCd=430&Type=search" }, "geometry": { "type": "Point", "coordinates": [ 141.0720642, 39.7036494 ] } },
{ "type": "Feature", "properties": { "内容": "JAライフサポート滝沢指定居宅介護支援事業所【居宅介護支援】岩手県滝沢市大釜外館114-6", "url2": "https://www.kaigokensaku.mhlw.go.jp/03/index.php?action_kouhyou_detail_004_kani=true&JigyosyoCd=0371600297-00&ServiceCd=430&Type=search" }, "geometry": { "type": "Point", "coordinates": [ 141.072090600000024, 39.7072444 ] } },
{ "type": "Feature", "properties": { "内容": "きらめきケアプランセンター【居宅介護支援】岩手県滝沢市大釜風林471番地27", "url2": "https://www.kaigokensaku.mhlw.go.jp/03/index.php?action_kouhyou_detail_004_kani=true&JigyosyoCd=0371600396-00&ServiceCd=430&Type=search" }, "geometry": { "type": "Point", "coordinates": [ 141.023648163627172, 39.71312805745125 ] } },
{ "type": "Feature", "properties": { "内容": "たきざわ指定居宅介護支援事業所【居宅介護支援】岩手県滝沢市鵜飼笹森42番地2", "url2": "https://www.kaigokensaku.mhlw.go.jp/03/index.php?action_kouhyou_detail_004_kani=true&JigyosyoCd=0371600156-00&ServiceCd=430&Type=search" }, "geometry": { "type": "Point", "coordinates": [ 141.090974700000061, 39.733376 ] } },
{ "type": "Feature", "properties": { "内容": "松実会指定居宅介護支援事業所【居宅介護支援】岩手県滝沢市巣子732番地2", "url2": "https://www.kaigokensaku.mhlw.go.jp/03/index.php?action_kouhyou_detail_004_kani=true&JigyosyoCd=0372100123-00&ServiceCd=430&Type=search" }, "geometry": { "type": "Point", "coordinates": [ 141.138882400000057, 39.7827991 ] } },
{ "type": "Feature", "properties": { "内容": "あるぷすの家居宅介護支援事業所【居宅介護支援】岩手県滝沢市外山170-6", "url2": "https://www.kaigokensaku.mhlw.go.jp/03/index.php?action_kouhyou_detail_004_kani=true&JigyosyoCd=0371600636-00&ServiceCd=430&Type=search" }, "geometry": { "type": "Point", "coordinates": [ 141.0951097, 39.7553563 ] } },
{ "type": "Feature", "properties": { "内容": "虹いろケアプラン【居宅介護支援】岩手県滝沢市鵜飼大緩39番地26", "url2": "https://www.kaigokensaku.mhlw.go.jp/03/index.php?action_kouhyou_detail_004_kani=true&JigyosyoCd=0371600594-00&ServiceCd=430&Type=search" }, "geometry": { "type": "Point", "coordinates": [ 141.0939396, 39.7350084 ] } },
{ "type": "Feature", "properties": { "内容": "居宅介護支援事業所まつなみき【居宅介護支援】岩手県滝沢市巣子871-1", "url2": "https://www.kaigokensaku.mhlw.go.jp/03/index.php?action_kouhyou_detail_004_kani=true&JigyosyoCd=0371600610-00&ServiceCd=430&Type=search" }, "geometry": { "type": "Point", "coordinates": [ 141.145211242991621, 39.785484634401854 ] } },
{ "type": "Feature", "properties": { "内容": "れいたく苑居宅介護支援事業所【居宅介護支援】岩手県滝沢市高屋敷15番地", "url2": "https://www.kaigokensaku.mhlw.go.jp/03/index.php?action_kouhyou_detail_004_kani=true&JigyosyoCd=0372100040-00&ServiceCd=430&Type=search" }, "geometry": { "type": "Point", "coordinates": [ 141.077597730549655, 39.749438630074806 ] } },
{ "type": "Feature", "properties": { "内容": "カルモナケアプラン作成室【居宅介護支援】岩手県滝沢市高屋敷平１１番地３９", "url2": "https://www.kaigokensaku.mhlw.go.jp/03/index.php?action_kouhyou_detail_004_kani=true&JigyosyoCd=0372100354-00&ServiceCd=430&Type=search" }, "geometry": { "type": "Point", "coordinates": [ 141.091895573802333, 39.747986074036895 ] } },
{ "type": "Feature", "properties": { "内容": "みたけの郷指定居宅介護支援事業所【居宅介護支援】岩手県滝沢市穴口203-4", "url2": "https://www.kaigokensaku.mhlw.go.jp/03/index.php?action_kouhyou_detail_004_kani=true&JigyosyoCd=0372101352-00&ServiceCd=430&Type=search" }, "geometry": { "type": "Point", "coordinates": [ 141.114991610928342, 39.747004140154957 ] } },
{ "type": "Feature", "properties": { "内容": "ケアプラン室ありがとう【居宅介護支援】岩手県滝沢市篠木黒畑56番地1丹内ビル3階2号", "url2": "https://www.kaigokensaku.mhlw.go.jp/03/index.php?action_kouhyou_detail_004_kani=true&JigyosyoCd=0371600172-00&ServiceCd=430&Type=search" }, "geometry": { "type": "Point", "coordinates": [ 141.079254100000071, 39.7065225 ] } },
{ "type": "Feature", "properties": { "内容": "日赤鶯鳴荘指定居宅介護支援事業所【居宅介護支援】岩手県岩手郡雫石町南畑第３２地割１５番地３０", "url2": "https://www.kaigokensaku.mhlw.go.jp/03/index.php?action_kouhyou_detail_004_kani=true&JigyosyoCd=0372100073-00&ServiceCd=430&Type=search" }, "geometry": { "type": "Point", "coordinates": [ 140.944422199999963, 39.641209500000016 ] } },
{ "type": "Feature", "properties": { "内容": "はーとぽーと雫石指定居宅介護支援事業所【居宅介護支援】岩手県岩手郡雫石町板橋３－７", "url2": "https://www.kaigokensaku.mhlw.go.jp/03/index.php?action_kouhyou_detail_004_kani=true&JigyosyoCd=0372100339-00&ServiceCd=430&Type=search" }, "geometry": { "type": "Point", "coordinates": [ 141.019636699999978, 39.7018823 ] } },
{ "type": "Feature", "properties": { "内容": "ななかまど居宅介護支援事業所【居宅介護支援】岩手県岩手郡雫石町柿木5-4", "url2": "https://www.kaigokensaku.mhlw.go.jp/03/index.php?action_kouhyou_detail_004_kani=true&JigyosyoCd=0372101436-00&ServiceCd=430&Type=search" }, "geometry": { "type": "Point", "coordinates": [ 140.963659900000039, 39.7056003 ] } },
{ "type": "Feature", "properties": { "内容": "雫石町社会福祉協議会指定居宅介護支援事業所【居宅介護支援】岩手県岩手郡雫石町千刈田82番地２", "url2": "https://www.kaigokensaku.mhlw.go.jp/03/index.php?action_kouhyou_detail_004_kani=true&JigyosyoCd=0372100107-00&ServiceCd=430&Type=search" }, "geometry": { "type": "Point", "coordinates": [ 140.976678200000038, 39.6962236 ] } },
{ "type": "Feature", "properties": { "内容": "松寿荘指定居宅介護支援事業所【居宅介護支援】岩手県岩手郡雫石町七ツ森16-37", "url2": "https://www.kaigokensaku.mhlw.go.jp/03/index.php?action_kouhyou_detail_004_kani=true&JigyosyoCd=0372101634-00&ServiceCd=430&Type=search" }, "geometry": { "type": "Point", "coordinates": [ 141.013658341546005, 39.697041830929123 ] } },
{ "type": "Feature", "properties": { "内容": "居宅介護支援事業所おうしゅく【居宅介護支援】岩手県岩手郡雫石町鴬宿第9地割67番地1", "url2": "https://www.kaigokensaku.mhlw.go.jp/03/index.php?action_kouhyou_detail_004_kani=true&JigyosyoCd=0372102061-00&ServiceCd=430&Type=search" }, "geometry": { "type": "Point", "coordinates": [ 140.930929099999958, 39.640873 ] } },
{ "type": "Feature", "properties": { "内容": "誠心会介護保険事業センター【居宅介護支援】岩手県岩手郡葛巻町葛巻第７地割１０４番地２", "url2": "https://www.kaigokensaku.mhlw.go.jp/03/index.php?action_kouhyou_detail_004_kani=true&JigyosyoCd=0372100016-00&ServiceCd=430&Type=search" }, "geometry": { "type": "Point", "coordinates": [ 141.454500199999984, 40.0403547 ] } },
{ "type": "Feature", "properties": { "内容": "アットホームくずまき指定居宅介護支援事業【居宅介護支援】岩手県岩手郡葛巻町江刈5-155-7", "url2": "https://www.kaigokensaku.mhlw.go.jp/03/index.php?action_kouhyou_detail_004_kani=true&JigyosyoCd=0372100917-00&ServiceCd=430&Type=search" }, "geometry": { "type": "Point", "coordinates": [ 141.461494499999958, 40.0336446 ] } },
{ "type": "Feature", "properties": { "内容": "徳政堂指定居宅介護支援事業所【居宅介護支援】岩手県岩手郡岩手町五日市10-172-6", "url2": "https://www.kaigokensaku.mhlw.go.jp/03/index.php?action_kouhyou_detail_004_kani=true&JigyosyoCd=0372100651-00&ServiceCd=430&Type=search" }, "geometry": { "type": "Point", "coordinates": [ 141.219945700000039, 39.9743927 ] } },
{ "type": "Feature", "properties": { "内容": "北上クリニック介護支援センター【居宅介護支援】岩手県岩手郡岩手町大字五日市11-79-65", "url2": "https://www.kaigokensaku.mhlw.go.jp/03/index.php?action_kouhyou_detail_004_kani=true&JigyosyoCd=0372101923-00&ServiceCd=430&Type=search" }, "geometry": { "type": "Point", "coordinates": [ 141.211662077246075, 39.966312181703771 ] } },
{ "type": "Feature", "properties": { "内容": "川口指定居宅介護支援事業所【居宅介護支援】岩手県岩手郡岩手町大字川口13地割26番地６", "url2": "https://www.kaigokensaku.mhlw.go.jp/03/index.php?action_kouhyou_detail_004_kani=true&JigyosyoCd=0372100313-00&ServiceCd=430&Type=search" }, "geometry": { "type": "Point", "coordinates": [ 141.203514199999972, 39.9135773 ] } },
{ "type": "Feature", "properties": { "内容": "さわやかクリニック【居宅介護支援】岩手県岩手郡岩手町江刈内１０－４７－２", "url2": "https://www.kaigokensaku.mhlw.go.jp/03/index.php?action_kouhyou_detail_004_kani=true&JigyosyoCd=0310310654-00&ServiceCd=430&Type=search" }, "geometry": { "type": "Point", "coordinates": [ 141.2214735, 39.9661354 ] } },
{ "type": "Feature", "properties": { "内容": "にいやま荘居宅介護支援事業所【居宅介護支援】岩手県紫波郡紫波町桜町字三本木46-1", "url2": "https://www.kaigokensaku.mhlw.go.jp/03/index.php?action_kouhyou_detail_004_kani=true&JigyosyoCd=0372200030-00&ServiceCd=430&Type=search" }, "geometry": { "type": "Point", "coordinates": [ 141.171604800000068, 39.5415171 ] } },
{ "type": "Feature", "properties": { "内容": "紫波町社会福祉協議会指定居宅介護支援事業所【居宅介護支援】岩手県紫波郡紫波町二日町字古舘356-1", "url2": "https://www.kaigokensaku.mhlw.go.jp/03/index.php?action_kouhyou_detail_004_kani=true&JigyosyoCd=0372200071-00&ServiceCd=430&Type=search" }, "geometry": { "type": "Point", "coordinates": [ 141.174359500000037, 39.5608645 ] } },
{ "type": "Feature", "properties": { "内容": "百寿の郷介護保険相談所【居宅介護支援】岩手県紫波郡紫波町土舘字関沢２４番地１", "url2": "https://www.kaigokensaku.mhlw.go.jp/03/index.php?action_kouhyou_detail_004_kani=true&JigyosyoCd=0372200279-00&ServiceCd=430&Type=search" }, "geometry": { "type": "Point", "coordinates": [ 141.100695, 39.5477695 ] } },
{ "type": "Feature", "properties": { "内容": "ピースハート居宅介護支援事業所【居宅介護支援】岩手県紫波郡紫波町桜町字三本木２２番地５", "url2": "https://www.kaigokensaku.mhlw.go.jp/03/index.php?action_kouhyou_detail_004_kani=true&JigyosyoCd=0372201137-00&ServiceCd=430&Type=search" }, "geometry": { "type": "Point", "coordinates": [ 141.1743381, 39.5407995 ] } },
{ "type": "Feature", "properties": { "内容": "宅老所えんどり指定居宅介護支援事業所【居宅介護支援】岩手県紫波郡紫波町高水寺字田中９８番地２", "url2": "https://www.kaigokensaku.mhlw.go.jp/03/index.php?action_kouhyou_detail_004_kani=true&JigyosyoCd=0372200394-00&ServiceCd=430&Type=search" }, "geometry": { "type": "Point", "coordinates": [ 141.166018179376266, 39.570682198480817 ] } },
{ "type": "Feature", "properties": { "内容": "ケアプランセンターかなめ【居宅介護支援】岩手県紫波郡紫波町日詰字朝日田120-3", "url2": "https://www.kaigokensaku.mhlw.go.jp/03/index.php?action_kouhyou_detail_004_kani=true&JigyosyoCd=0372201178-00&ServiceCd=430&Type=search" }, "geometry": { "type": "Point", "coordinates": [ 141.1615468, 39.5598815 ] } },
{ "type": "Feature", "properties": { "内容": "しわ訪問看護ステーション虹指定居宅介護支援事業所【居宅介護支援】岩手県紫波郡紫波町北日詰字大日堂2番地1虹のいえ　２階", "url2": "https://www.kaigokensaku.mhlw.go.jp/03/index.php?action_kouhyou_detail_004_kani=true&JigyosyoCd=0372200188-00&ServiceCd=430&Type=search" }, "geometry": { "type": "Point", "coordinates": [ 141.165255399999978, 39.5393033 ] } },
{ "type": "Feature", "properties": { "内容": "ぬくもり指定居宅介護支援事業所【居宅介護支援】岩手県紫波郡紫波町稲藤字牡丹野10-1", "url2": "https://www.kaigokensaku.mhlw.go.jp/03/index.php?action_kouhyou_detail_004_kani=true&JigyosyoCd=0372200725-00&ServiceCd=430&Type=search" }, "geometry": { "type": "Point", "coordinates": [ 141.1151658, 39.5509228 ] } },
{ "type": "Feature", "properties": { "内容": "ニチイケアセンター矢巾【居宅介護支援】岩手県紫波郡矢巾町大字南矢幅第12地割237-1", "url2": "https://www.kaigokensaku.mhlw.go.jp/03/index.php?action_kouhyou_detail_004_kani=true&JigyosyoCd=0372200147-00&ServiceCd=430&Type=search" }, "geometry": { "type": "Point", "coordinates": [ 141.149643512580838, 39.608460201516131 ] } },
{ "type": "Feature", "properties": { "内容": "矢巾町南在宅介護支援センター【居宅介護支援】岩手県紫波郡矢巾町太田第１７地割１３番地1", "url2": "https://www.kaigokensaku.mhlw.go.jp/03/index.php?action_kouhyou_detail_004_kani=true&JigyosyoCd=0372200022-00&ServiceCd=430&Type=search" }, "geometry": { "type": "Point", "coordinates": [ 141.140229200000022, 39.5739536 ] } },
{ "type": "Feature", "properties": { "内容": "社会福祉法人矢巾町社会福祉協議会指定居宅介護支援事業所【居宅介護支援】岩手県紫波郡矢巾町大字南矢幅第13地割123番地矢巾町役場内", "url2": "https://www.kaigokensaku.mhlw.go.jp/03/index.php?action_kouhyou_detail_004_kani=true&JigyosyoCd=0372200048-00&ServiceCd=430&Type=search" }, "geometry": { "type": "Point", "coordinates": [ 141.142954231029222, 39.606015323255832 ] } },
{ "type": "Feature", "properties": { "内容": "こん総合福祉相談所【居宅介護支援】岩手県紫波郡矢巾町大字高田第12地割42番地", "url2": "https://www.kaigokensaku.mhlw.go.jp/03/index.php?action_kouhyou_detail_004_kani=true&JigyosyoCd=0372201020-00&ServiceCd=430&Type=search" }, "geometry": { "type": "Point", "coordinates": [ 141.170424499999967, 39.628486500000037 ] } },
{ "type": "Feature", "properties": { "内容": "居宅介護支援事業所高原の駅【居宅介護支援】岩手県紫波郡矢巾町駅東1-6-27　ウィステリアA", "url2": "https://www.kaigokensaku.mhlw.go.jp/03/index.php?action_kouhyou_detail_004_kani=true&JigyosyoCd=0372201129-00&ServiceCd=430&Type=search" }, "geometry": { "type": "Point", "coordinates": [ 141.1505839098607, 39.610768296370509 ] } },
{ "type": "Feature", "properties": { "内容": "こずかたケアプランセンター【居宅介護支援】岩手県紫波郡矢巾町大字又兵エ新田第5地割335番地医療福祉多機能ビルケアセンター南昌", "url2": "https://www.kaigokensaku.mhlw.go.jp/03/index.php?action_kouhyou_detail_004_kani=true&JigyosyoCd=0372200063-00&ServiceCd=430&Type=search" }, "geometry": { "type": "Point", "coordinates": [ 141.146730173980217, 39.613267032048768 ] } },
{ "type": "Feature", "properties": { "内容": "シェーンハイムやはば居宅介護支援事業所【居宅介護支援】岩手県紫波郡矢巾町土橋第11地割35番1", "url2": "https://www.kaigokensaku.mhlw.go.jp/03/index.php?action_kouhyou_detail_004_kani=true&JigyosyoCd=0372200998-00&ServiceCd=430&Type=search" }, "geometry": { "type": "Point", "coordinates": [ 141.172142300000019, 39.5831119 ] } },
{ "type": "Feature", "properties": { "内容": "西和賀介護相談室【居宅介護支援】岩手県和賀郡西和賀町沢内字太田２地割１３５番地", "url2": "https://www.kaigokensaku.mhlw.go.jp/03/index.php?action_kouhyou_detail_004_kani=true&JigyosyoCd=0372400036-00&ServiceCd=430&Type=search" }, "geometry": { "type": "Point", "coordinates": [ 140.749502099999972, 39.431738 ] } },
{ "type": "Feature", "properties": { "内容": "ケアプランにしわが【居宅介護支援】岩手県和賀郡西和賀町川尻40地割73番地82西和賀町社会福祉協議会　ケアプランにしわが", "url2": "https://www.kaigokensaku.mhlw.go.jp/03/index.php?action_kouhyou_detail_004_kani=true&JigyosyoCd=0372400044-00&ServiceCd=430&Type=search" }, "geometry": { "type": "Point", "coordinates": [ 140.775447, 39.3140542 ] } },
{ "type": "Feature", "properties": { "内容": "友愛園居宅介護支援事業所【居宅介護支援】岩手県胆沢郡金ケ崎町西根揚場後8番地8", "url2": "https://www.kaigokensaku.mhlw.go.jp/03/index.php?action_kouhyou_detail_004_kani=true&JigyosyoCd=0372500017-00&ServiceCd=430&Type=search" }, "geometry": { "type": "Point", "coordinates": [ 141.104545331877148, 39.186536220343051 ] } },
{ "type": "Feature", "properties": { "内容": "金ケ崎町社会福祉協議会指定居宅介護支援事業所【居宅介護支援】岩手県胆沢郡金ケ崎町西根南羽沢43番地", "url2": "https://www.kaigokensaku.mhlw.go.jp/03/index.php?action_kouhyou_detail_004_kani=true&JigyosyoCd=0372500033-00&ServiceCd=430&Type=search" }, "geometry": { "type": "Point", "coordinates": [ 141.109282261840832, 39.200784244440513 ] } },
{ "type": "Feature", "properties": { "内容": "ふるさと福祉会指定居宅介護支援事業所【居宅介護支援】岩手県胆沢郡金ケ崎町西根北荒巻21番地19", "url2": "https://www.kaigokensaku.mhlw.go.jp/03/index.php?action_kouhyou_detail_004_kani=true&JigyosyoCd=0372500637-00&ServiceCd=430&Type=search" }, "geometry": { "type": "Point", "coordinates": [ 141.093092430688444, 39.221153128110259 ] } },
{ "type": "Feature", "properties": { "内容": "快老苑金ヶ崎指定居宅介護支援事業所【居宅介護支援】岩手県胆沢郡金ヶ崎町西根鑓水103-1", "url2": "https://www.kaigokensaku.mhlw.go.jp/03/index.php?action_kouhyou_detail_004_kani=true&JigyosyoCd=0372500363-00&ServiceCd=430&Type=search" }, "geometry": { "type": "Point", "coordinates": [ 141.11116370000002, 39.1947671 ] } },
{ "type": "Feature", "properties": { "内容": "慶泉荘指定居宅介護支援事業所【居宅介護支援】岩手県西磐井郡平泉町平泉字片岡69-7", "url2": "https://www.kaigokensaku.mhlw.go.jp/03/index.php?action_kouhyou_detail_004_kani=true&JigyosyoCd=0372600023-00&ServiceCd=430&Type=search" }, "geometry": { "type": "Point", "coordinates": [ 141.1076816, 38.9716747 ] } },
{ "type": "Feature", "properties": { "内容": "いこい居宅介護支援平泉事業所【居宅介護支援】岩手県西磐井郡平泉町平泉字鈴沢６４－１", "url2": "https://www.kaigokensaku.mhlw.go.jp/03/index.php?action_kouhyou_detail_004_kani=true&JigyosyoCd=0372600254-00&ServiceCd=430&Type=search" }, "geometry": { "type": "Point", "coordinates": [ 141.114613299999974, 38.9903369 ] } },
{ "type": "Feature", "properties": { "内容": "さわなり居宅介護支援事業所【居宅介護支援】岩手県西磐井郡平泉町長島字砂子沢１７２番６", "url2": "https://www.kaigokensaku.mhlw.go.jp/03/index.php?action_kouhyou_detail_004_kani=true&JigyosyoCd=0372600064-00&ServiceCd=430&Type=search" }, "geometry": { "type": "Point", "coordinates": [ 141.14396069999998, 38.9959233 ] } },
{ "type": "Feature", "properties": { "内容": "住田町社会福祉協議会指定居宅介護支援事業所【居宅介護支援】岩手県気仙郡住田町世田米字川向96-5保健福祉センター内", "url2": "https://www.kaigokensaku.mhlw.go.jp/03/index.php?action_kouhyou_detail_004_kani=true&JigyosyoCd=0372800011-00&ServiceCd=430&Type=search" }, "geometry": { "type": "Point", "coordinates": [ 141.5754945, 39.1412382 ] } },
{ "type": "Feature", "properties": { "内容": "すみた荘指定居宅介護支援事業所【居宅介護支援】岩手県気仙郡住田町世田米字川向8番地2", "url2": "https://www.kaigokensaku.mhlw.go.jp/03/index.php?action_kouhyou_detail_004_kani=true&JigyosyoCd=0372800029-00&ServiceCd=430&Type=search" }, "geometry": { "type": "Point", "coordinates": [ 141.569069588916022, 39.146093229081593 ] } },
{ "type": "Feature", "properties": { "内容": "指定居宅介護支援事業所かじや【居宅介護支援】岩手県気仙郡住田町世田米字天風６番地", "url2": "https://www.kaigokensaku.mhlw.go.jp/03/index.php?action_kouhyou_detail_004_kani=true&JigyosyoCd=0372800185-00&ServiceCd=430&Type=search" }, "geometry": { "type": "Point", "coordinates": [ 141.54335279999998, 39.1606451 ] } },
{ "type": "Feature", "properties": { "内容": "大槌町社協指定居宅介護支援事業所【居宅介護支援】岩手県上閉伊郡大槌町大槌第12地割71番地2大槌町社会福祉協議会　介護サービスステーション", "url2": "https://www.kaigokensaku.mhlw.go.jp/03/index.php?action_kouhyou_detail_004_kani=true&JigyosyoCd=0372900027-00&ServiceCd=430&Type=search" }, "geometry": { "type": "Point", "coordinates": [ 141.885647757163923, 39.380855389247905 ] } },
{ "type": "Feature", "properties": { "内容": "あかね会在宅介護支援センター【居宅介護支援】岩手県上閉伊郡大槌町小鎚第14地割字蕨打直82番1", "url2": "https://www.kaigokensaku.mhlw.go.jp/03/index.php?action_kouhyou_detail_004_kani=true&JigyosyoCd=0372900191-00&ServiceCd=430&Type=search" }, "geometry": { "type": "Point", "coordinates": [ 141.890800300000024, 39.3564115 ] } },
{ "type": "Feature", "properties": { "内容": "ゆーらっぷ指定居宅介護支援事業所【居宅介護支援】岩手県上閉伊郡大槌町大ケ口２丁目100-1", "url2": "https://www.kaigokensaku.mhlw.go.jp/03/index.php?action_kouhyou_detail_004_kani=true&JigyosyoCd=0372900019-00&ServiceCd=430&Type=search" }, "geometry": { "type": "Point", "coordinates": [ 141.885903032725253, 39.375348266148833 ] } },
{ "type": "Feature", "properties": { "内容": "あゆみ居宅介護支援山田事業所【居宅介護支援】岩手県下閉伊郡山田町飯岡第６地割９番１", "url2": "https://www.kaigokensaku.mhlw.go.jp/03/index.php?action_kouhyou_detail_004_kani=true&JigyosyoCd=0373000827-00&ServiceCd=430&Type=search" }, "geometry": { "type": "Point", "coordinates": [ 141.943199951623569, 39.460255182627378 ] } },
{ "type": "Feature", "properties": { "内容": "有限会社あすなろ指定居宅介護支援事業所【居宅介護支援】岩手県下閉伊郡山田町長崎４－１４－１", "url2": "https://www.kaigokensaku.mhlw.go.jp/03/index.php?action_kouhyou_detail_004_kani=true&JigyosyoCd=0373000355-00&ServiceCd=430&Type=search" }, "geometry": { "type": "Point", "coordinates": [ 141.944656200000054, 39.4620654 ] } },
{ "type": "Feature", "properties": { "内容": "平安荘指定居宅介護支援事業所【居宅介護支援】岩手県下閉伊郡山田町山田第16地割9番地10", "url2": "https://www.kaigokensaku.mhlw.go.jp/03/index.php?action_kouhyou_detail_004_kani=true&JigyosyoCd=0373000066-00&ServiceCd=430&Type=search" }, "geometry": { "type": "Point", "coordinates": [ 141.9328787, 39.4736001 ] } },
{ "type": "Feature", "properties": { "内容": "晃生会指定居宅介護支援事業所【居宅介護支援】岩手県下閉伊郡山田町飯岡第9地割23-1", "url2": "https://www.kaigokensaku.mhlw.go.jp/03/index.php?action_kouhyou_detail_004_kani=true&JigyosyoCd=0373000595-00&ServiceCd=430&Type=search" }, "geometry": { "type": "Point", "coordinates": [ 141.945785978820822, 39.466521108633117 ] } },
{ "type": "Feature", "properties": { "内容": "居宅介護支援事業所とよまね【居宅介護支援】岩手県下閉伊郡山田町豊間根第2地割64番地11ホームとよまね内", "url2": "https://www.kaigokensaku.mhlw.go.jp/03/index.php?action_kouhyou_detail_004_kani=true&JigyosyoCd=0373000892-00&ServiceCd=430&Type=search" }, "geometry": { "type": "Point", "coordinates": [ 141.926003101852416, 39.536413314265928 ] } },
{ "type": "Feature", "properties": { "内容": "山田町社協指定居宅介護支援事業所【居宅介護支援】岩手県下閉伊郡山田町山田第１５地割８２番地２山田町社会福祉協議会", "url2": "https://www.kaigokensaku.mhlw.go.jp/03/index.php?action_kouhyou_detail_004_kani=true&JigyosyoCd=0373000058-00&ServiceCd=430&Type=search" }, "geometry": { "type": "Point", "coordinates": [ 141.936423439056398, 39.474793241206122 ] } },
{ "type": "Feature", "properties": { "内容": "有限会社山﨑タクシー指定居宅介護支援事業所【居宅介護支援】岩手県下閉伊郡山田町川向町7番4号", "url2": "https://www.kaigokensaku.mhlw.go.jp/03/index.php?action_kouhyou_detail_004_kani=true&JigyosyoCd=0373000942-00&ServiceCd=430&Type=search" }, "geometry": { "type": "Point", "coordinates": [ 141.95003692862997, 39.464775277878083 ] } },
{ "type": "Feature", "properties": { "内容": "有限会社すずらん介護事業所【居宅介護支援】岩手県下閉伊郡山田町豊間根3-3-8", "url2": "https://www.kaigokensaku.mhlw.go.jp/03/index.php?action_kouhyou_detail_004_kani=true&JigyosyoCd=0373000918-00&ServiceCd=430&Type=search" }, "geometry": { "type": "Point", "coordinates": [ 141.923683399999959, 39.5397924 ] } },
{ "type": "Feature", "properties": { "内容": "岩泉町社協指定居宅介護支援事業所【居宅介護支援】岩手県下閉伊郡岩泉町岩泉字森の越４番地１４", "url2": "https://www.kaigokensaku.mhlw.go.jp/03/index.php?action_kouhyou_detail_004_kani=true&JigyosyoCd=0373000322-00&ServiceCd=430&Type=search" }, "geometry": { "type": "Point", "coordinates": [ 141.8002, 39.8472362 ] } },
{ "type": "Feature", "properties": { "内容": "山栄会居宅介護支援事業所【居宅介護支援】岩手県下閉伊郡田野畑村奥地１３番地", "url2": "https://www.kaigokensaku.mhlw.go.jp/03/index.php?action_kouhyou_detail_004_kani=true&JigyosyoCd=0373000835-00&ServiceCd=430&Type=search" }, "geometry": { "type": "Point", "coordinates": [ 141.827681100000063, 39.9413869 ] } },
{ "type": "Feature", "properties": { "内容": "寿生会居宅介護支援事業所【居宅介護支援】岩手県下閉伊郡田野畑村田野畑１２０番地１８", "url2": "https://www.kaigokensaku.mhlw.go.jp/03/index.php?action_kouhyou_detail_004_kani=true&JigyosyoCd=0373000108-00&ServiceCd=430&Type=search" }, "geometry": { "type": "Point", "coordinates": [ 141.894037541139227, 39.932028967355009 ] } },
{ "type": "Feature", "properties": { "内容": "普代福祉会居宅介護支援事業所【居宅介護支援】岩手県下閉伊郡普代村第24地割字鳥居5番地1", "url2": "https://www.kaigokensaku.mhlw.go.jp/03/index.php?action_kouhyou_detail_004_kani=true&JigyosyoCd=0373000041-00&ServiceCd=430&Type=search" }, "geometry": { "type": "Point", "coordinates": [ 141.8542857, 40.0136984 ] } },
{ "type": "Feature", "properties": { "内容": "くつろぎの家指定居宅介護支援事業所【居宅介護支援】岩手県九戸郡軽米町大字山内第１２地割字太田向９６番地2", "url2": "https://www.kaigokensaku.mhlw.go.jp/03/index.php?action_kouhyou_detail_004_kani=true&JigyosyoCd=0373100064-00&ServiceCd=430&Type=search" }, "geometry": { "type": "Point", "coordinates": [ 141.460632700000019, 40.3267455 ] } },
{ "type": "Feature", "properties": { "内容": "軽米タクシー株式会社居宅介護支援事業所【居宅介護支援】岩手県九戸郡軽米町軽米4-16-12", "url2": "https://www.kaigokensaku.mhlw.go.jp/03/index.php?action_kouhyou_detail_004_kani=true&JigyosyoCd=0373100692-00&ServiceCd=430&Type=search" }, "geometry": { "type": "Point", "coordinates": [ 141.4433364, 40.3248821 ] } },
{ "type": "Feature", "properties": { "内容": "野田白寿会指定居宅介護支援事業所【居宅介護支援】岩手県九戸郡野田村大字野田第22地割38番地7", "url2": "https://www.kaigokensaku.mhlw.go.jp/03/index.php?action_kouhyou_detail_004_kani=true&JigyosyoCd=0373100056-00&ServiceCd=430&Type=search" }, "geometry": { "type": "Point", "coordinates": [ 141.80236825606687, 40.108176193675035 ] } },
{ "type": "Feature", "properties": { "内容": "居宅介護支援センターおりつめ【居宅介護支援】岩手県九戸郡九戸村大字伊保内第9地割73番地", "url2": "https://www.kaigokensaku.mhlw.go.jp/03/index.php?action_kouhyou_detail_004_kani=true&JigyosyoCd=0373100023-00&ServiceCd=430&Type=search" }, "geometry": { "type": "Point", "coordinates": [ 141.421604500000058, 40.2142998 ] } },
{ "type": "Feature", "properties": { "内容": "社会福祉法人九戸村社会福祉協議会指定居宅介護支援事業所【居宅介護支援】岩手県九戸郡九戸村大字伊保内7-39-4", "url2": "https://www.kaigokensaku.mhlw.go.jp/03/index.php?action_kouhyou_detail_004_kani=true&JigyosyoCd=0373100437-00&ServiceCd=430&Type=search" }, "geometry": { "type": "Point", "coordinates": [ 141.420157499999959, 40.2115223 ] } },
{ "type": "Feature", "properties": { "内容": "洋野町社会福祉協議会おおの居宅介護支援事業所【居宅介護支援】岩手県九戸郡洋野町大野第56地割78番地30洋野町大野福祉センター", "url2": "https://www.kaigokensaku.mhlw.go.jp/03/index.php?action_kouhyou_detail_004_kani=true&JigyosyoCd=0373100049-00&ServiceCd=430&Type=search" }, "geometry": { "type": "Point", "coordinates": [ 141.666299, 40.2795202 ] } },
{ "type": "Feature", "properties": { "内容": "大寿会居宅介護支援事業所【居宅介護支援】岩手県九戸郡洋野町大野8-83-2", "url2": "https://www.kaigokensaku.mhlw.go.jp/03/index.php?action_kouhyou_detail_004_kani=true&JigyosyoCd=0373100080-00&ServiceCd=430&Type=search" }, "geometry": { "type": "Point", "coordinates": [ 141.626596799999987, 40.285185 ] } },
{ "type": "Feature", "properties": { "内容": "慈恵会指定居宅介護支援事業所【居宅介護支援】岩手県九戸郡洋野町中野第３地割３８－１８２介護老人保健施設ユートピア白滝内", "url2": "https://www.kaigokensaku.mhlw.go.jp/03/index.php?action_kouhyou_detail_004_kani=true&JigyosyoCd=0353180003-00&ServiceCd=430&Type=search" }, "geometry": { "type": "Point", "coordinates": [ 141.7818264, 40.3065066 ] } },
{ "type": "Feature", "properties": { "内容": "ひろの会指定居宅介護支援事業所【居宅介護支援】岩手県九戸郡洋野町種市第23地割81番地6", "url2": "https://www.kaigokensaku.mhlw.go.jp/03/index.php?action_kouhyou_detail_004_kani=true&JigyosyoCd=0373100734-00&ServiceCd=430&Type=search" }, "geometry": { "type": "Point", "coordinates": [ 141.714673639781154, 40.410408719509931 ] } },
{ "type": "Feature", "properties": { "内容": "Nextケア居宅介護支援事業所【居宅介護支援】岩手県九戸郡洋野町種市37-111-23", "url2": "https://www.kaigokensaku.mhlw.go.jp/03/index.php?action_kouhyou_detail_004_kani=true&JigyosyoCd=0373100767-00&ServiceCd=430&Type=search" }, "geometry": { "type": "Point", "coordinates": [ 141.716906399999971, 40.4105699 ] } },
{ "type": "Feature", "properties": { "内容": "杜の華居宅介護支援事業所【居宅介護支援】岩手県九戸郡洋野町種市19-171-2", "url2": "https://www.kaigokensaku.mhlw.go.jp/03/index.php?action_kouhyou_detail_004_kani=true&JigyosyoCd=0373100825-00&ServiceCd=430&Type=search" }, "geometry": { "type": "Point", "coordinates": [ 141.659814, 40.3757891 ] } },
{ "type": "Feature", "properties": { "内容": "慶寿園指定居宅介護支援事業所【居宅介護支援】岩手県二戸郡一戸町姉帯字下村24番地１", "url2": "https://www.kaigokensaku.mhlw.go.jp/03/index.php?action_kouhyou_detail_004_kani=true&JigyosyoCd=0373200054-00&ServiceCd=430&Type=search" }, "geometry": { "type": "Point", "coordinates": [ 141.336482100000012, 40.1659644 ] } },
{ "type": "Feature", "properties": { "内容": "サンブルク居宅介護支援サービス【居宅介護支援】岩手県二戸郡一戸町小鳥谷字野中21", "url2": "https://www.kaigokensaku.mhlw.go.jp/03/index.php?action_kouhyou_detail_004_kani=true&JigyosyoCd=0373200252-00&ServiceCd=430&Type=search" }, "geometry": { "type": "Point", "coordinates": [ 141.305057300000044, 40.1813898 ] } },
{ "type": "Feature", "properties": { "内容": "居宅介護支援事業所にこトピア一戸【居宅介護支援】岩手県二戸郡一戸町一戸字向町56-1", "url2": "https://www.kaigokensaku.mhlw.go.jp/03/index.php?action_kouhyou_detail_004_kani=true&JigyosyoCd=0373200369-00&ServiceCd=430&Type=search" }, "geometry": { "type": "Point", "coordinates": [ 141.298205843112868, 40.216374714186919 ] } },
{ "type": "Feature", "properties": { "内容": "一戸町社協指定居宅介護支援事業所【居宅介護支援】岩手県二戸郡一戸町一戸字砂森93番地2", "url2": "https://www.kaigokensaku.mhlw.go.jp/03/index.php?action_kouhyou_detail_004_kani=true&JigyosyoCd=0373200013-00&ServiceCd=430&Type=search" }, "geometry": { "type": "Point", "coordinates": [ 141.3064928, 40.2084923 ] } }
]
}
