{
"type": "FeatureCollection",
"name": "geo_0_町丁目境界05",
"crs": { "type": "name", "properties": { "name": "urn:ogc:def:crs:EPSG::4612" } },
"features": [
{ "type": "Feature", "properties": { "CITY_NAME": "大船渡市", "S_NAME": "盛町字沢川", "JINKO": 289, "medical_area": "03_気仙医療圏", "町丁目名": "大船渡市盛町字沢川" }, "geometry": { "type": "Polygon", "coordinates": [ [ [ 141.702976460178661, 39.08518335196932 ], [ 141.705302735930502, 39.084832962833019 ], [ 141.70539971242809, 39.084657352093132 ], [ 141.704560428389101, 39.084162454708363 ], [ 141.704487906586422, 39.083964180331478 ], [ 141.705865761950861, 39.083141125634562 ], [ 141.705060689416399, 39.08214721525124 ], [ 141.705721437796655, 39.081787518853773 ], [ 141.706703214925028, 39.081847119977837 ], [ 141.706786438507208, 39.081466041561235 ], [ 141.70584113001533, 39.081353879428598 ], [ 141.705861993080987, 39.081018518383424 ], [ 141.706333924327907, 39.080840884703825 ], [ 141.705965261964678, 39.08046127944673 ], [ 141.70530142780413, 39.080526189935796 ], [ 141.704353044328741, 39.08012732191338 ], [ 141.703728233565755, 39.080339866759637 ], [ 141.702985603216831, 39.079784344561254 ], [ 141.701251416288301, 39.080050863596263 ], [ 141.701593278002406, 39.077219523048562 ], [ 141.704359870275454, 39.074572851302186 ], [ 141.702767097754361, 39.074332325147324 ], [ 141.70124026698295, 39.073638483444824 ], [ 141.697690739790602, 39.070661982695086 ], [ 141.695916463275694, 39.069529258103245 ], [ 141.692920908759589, 39.068909068513058 ], [ 141.688452307157917, 39.068671072639475 ], [ 141.685266824185533, 39.06769336188929 ], [ 141.683663557666023, 39.066737884745535 ], [ 141.682289217153709, 39.067219031499192 ], [ 141.684393388670912, 39.072129960846446 ], [ 141.685058567680187, 39.074554291188491 ], [ 141.68566580378635, 39.079414315082339 ], [ 141.696825755684642, 39.08106600947383 ], [ 141.698122310718134, 39.081496781719238 ], [ 141.698817842061629, 39.082277960798912 ], [ 141.699280595450404, 39.083815654019077 ], [ 141.701463883701393, 39.083875895874478 ], [ 141.701793865562507, 39.084128281862391 ], [ 141.702163242488496, 39.084089505015108 ], [ 141.702763939569621, 39.084539040921833 ], [ 141.702976460178661, 39.08518335196932 ] ] ] } },
{ "type": "Feature", "properties": { "CITY_NAME": "大船渡市", "S_NAME": "盛町字舘下", "JINKO": 132, "medical_area": "03_気仙医療圏", "町丁目名": "大船渡市盛町字舘下" }, "geometry": { "type": "Polygon", "coordinates": [ [ [ 141.707513744114209, 39.085779136878998 ], [ 141.70771926783226, 39.085043992999815 ], [ 141.708612769407551, 39.085291790095084 ], [ 141.709566590045057, 39.083314233631938 ], [ 141.7080409887337, 39.083309966619176 ], [ 141.706633354169071, 39.082928699456325 ], [ 141.705865761950861, 39.083141125634562 ], [ 141.704487906586422, 39.083964180331478 ], [ 141.704560428389101, 39.084162454708363 ], [ 141.70539971242809, 39.084657352093132 ], [ 141.706019699768461, 39.084731197317481 ], [ 141.706203468911866, 39.085440067730865 ], [ 141.70698024234045, 39.085077738748055 ], [ 141.707036422362364, 39.085370788971225 ], [ 141.707513744114209, 39.085779136878998 ] ] ] } },
{ "type": "Feature", "properties": { "CITY_NAME": "大船渡市", "S_NAME": "盛町字内ノ目", "JINKO": 185, "medical_area": "03_気仙医療圏", "町丁目名": "大船渡市盛町字内ノ目" }, "geometry": { "type": "Polygon", "coordinates": [ [ [ 141.711304597860419, 39.085744025926033 ], [ 141.711763899730357, 39.084065397706837 ], [ 141.71363229747584, 39.082580390292328 ], [ 141.712215778512899, 39.082075268103452 ], [ 141.713452556980371, 39.079970775349828 ], [ 141.712365234220755, 39.079946659711126 ], [ 141.711303905600403, 39.081248654650928 ], [ 141.710769200280964, 39.082287701376046 ], [ 141.709566590045057, 39.083314233631938 ], [ 141.708612769407551, 39.085291790095084 ], [ 141.710098356134978, 39.085705724195712 ], [ 141.710162978497408, 39.085586724214927 ], [ 141.711304597860419, 39.085744025926033 ] ] ] } },
{ "type": "Feature", "properties": { "CITY_NAME": "大船渡市", "S_NAME": "盛町字宇津野沢", "JINKO": 190, "medical_area": "03_気仙医療圏", "町丁目名": "大船渡市盛町字宇津野沢" }, "geometry": { "type": "Polygon", "coordinates": [ [ [ 141.709566590045057, 39.083314233631938 ], [ 141.710769200280964, 39.082287701376046 ], [ 141.711454776664908, 39.081045258370132 ], [ 141.710693813806245, 39.080691492431079 ], [ 141.710012754215398, 39.080947145979046 ], [ 141.708202042465587, 39.079244646888704 ], [ 141.704579458538007, 39.077331111710748 ], [ 141.701593278002406, 39.077219523048562 ], [ 141.701251416288301, 39.080050863596263 ], [ 141.702985603216831, 39.079784344561254 ], [ 141.703728233565755, 39.080339866759637 ], [ 141.704353044328741, 39.08012732191338 ], [ 141.70530142780413, 39.080526189935796 ], [ 141.705965261964678, 39.08046127944673 ], [ 141.706333924327907, 39.080840884703825 ], [ 141.705861993080987, 39.081018518383424 ], [ 141.70584113001533, 39.081353879428598 ], [ 141.706786438507208, 39.081466041561235 ], [ 141.706703214925028, 39.081847119977837 ], [ 141.705721437796655, 39.081787518853773 ], [ 141.705060689416399, 39.08214721525124 ], [ 141.705865761950861, 39.083141125634562 ], [ 141.706793525506157, 39.082935385463195 ], [ 141.7080409887337, 39.083309966619176 ], [ 141.709566590045057, 39.083314233631938 ] ] ] } },
{ "type": "Feature", "properties": { "CITY_NAME": "大船渡市", "S_NAME": "盛町字馬場", "JINKO": 74, "medical_area": "03_気仙医療圏", "町丁目名": "大船渡市盛町字馬場" }, "geometry": { "type": "Polygon", "coordinates": [ [ [ 141.71368608540547, 39.081876359613162 ], [ 141.71271060801584, 39.081548013332849 ], [ 141.712375027236732, 39.082130793348 ], [ 141.713399451962971, 39.082488261794978 ], [ 141.71368608540547, 39.081876359613162 ] ] ] } },
{ "type": "Feature", "properties": { "CITY_NAME": "大船渡市", "S_NAME": "盛町字中道下", "JINKO": 102, "medical_area": "03_気仙医療圏", "町丁目名": "大船渡市盛町字中道下" }, "geometry": { "type": "Polygon", "coordinates": [ [ [ 141.715713103935656, 39.08196381325515 ], [ 141.71913219902595, 39.082181081816863 ], [ 141.720539304618171, 39.079794921217584 ], [ 141.717612334773605, 39.079269447114761 ], [ 141.715292275854267, 39.079164742006732 ], [ 141.714441260700113, 39.078981711523625 ], [ 141.713892262652934, 39.079962677038544 ], [ 141.713452556980371, 39.079970775349828 ], [ 141.712215778512899, 39.082075268103452 ], [ 141.712375027236732, 39.082130793348 ], [ 141.71271060801584, 39.081548013332849 ], [ 141.71368608540547, 39.081876359613162 ], [ 141.713399451962971, 39.082488261794978 ], [ 141.71363229747584, 39.082580390292328 ], [ 141.714596377816235, 39.082175492017747 ], [ 141.715713103935656, 39.08196381325515 ] ] ] } },
{ "type": "Feature", "properties": { "CITY_NAME": "大船渡市", "S_NAME": "盛町字下舘下", "JINKO": 417, "medical_area": "03_気仙医療圏", "町丁目名": "大船渡市盛町字下舘下" }, "geometry": { "type": "Polygon", "coordinates": [ [ [ 141.713892262652934, 39.079962677038544 ], [ 141.714441260700113, 39.078981711523625 ], [ 141.715292275854267, 39.079164742006732 ], [ 141.717612334773605, 39.079269447114761 ], [ 141.720539304618171, 39.079794921217584 ], [ 141.720826504318381, 39.07906202300989 ], [ 141.716563985273865, 39.077965350099404 ], [ 141.716675810361636, 39.077724028737499 ], [ 141.715039920936476, 39.077243751426408 ], [ 141.715117529978869, 39.076843921616728 ], [ 141.714849897645593, 39.076755296336536 ], [ 141.714635193497827, 39.077152571585614 ], [ 141.714455720376094, 39.07706764319834 ], [ 141.713793904478649, 39.07664002841458 ], [ 141.713809087052795, 39.076265442052495 ], [ 141.71350643250193, 39.076734458943577 ], [ 141.712931576129051, 39.076705709947078 ], [ 141.712826520349807, 39.076527463005014 ], [ 141.712950309620709, 39.075543653171763 ], [ 141.71259153548877, 39.075385965828687 ], [ 141.712333249236991, 39.074728199185948 ], [ 141.712101429227317, 39.074701650888876 ], [ 141.711965959762779, 39.075169194815622 ], [ 141.711440359636583, 39.074729914169083 ], [ 141.71091496408971, 39.07505435384769 ], [ 141.708592036564625, 39.074167006370637 ], [ 141.708456273012814, 39.07371022143748 ], [ 141.707931471384143, 39.074876487226391 ], [ 141.704359870275454, 39.074572851302186 ], [ 141.703467647475691, 39.075426473060091 ], [ 141.705294050871828, 39.075669964107469 ], [ 141.707335010139587, 39.076527617718831 ], [ 141.707906495535866, 39.077086360795697 ], [ 141.708285122395694, 39.077760131210781 ], [ 141.709024839735491, 39.078159121666609 ], [ 141.710303791096692, 39.077012525226024 ], [ 141.710660056042997, 39.077570330807795 ], [ 141.711479293496637, 39.077929853355343 ], [ 141.710823346276698, 39.079222322791921 ], [ 141.711594783965523, 39.079446798990134 ], [ 141.712365234220755, 39.079946659711126 ], [ 141.713892262652934, 39.079962677038544 ] ] ] } },
{ "type": "Feature", "properties": { "CITY_NAME": "大船渡市", "S_NAME": "盛町字御山下", "JINKO": 317, "medical_area": "03_気仙医療圏", "町丁目名": "大船渡市盛町字御山下" }, "geometry": { "type": "Polygon", "coordinates": [ [ [ 141.711454776664908, 39.081045258370132 ], [ 141.712377963492941, 39.079914758678939 ], [ 141.711594783965523, 39.079446798990134 ], [ 141.710823346276698, 39.079222322791921 ], [ 141.711479293496637, 39.077929853355343 ], [ 141.710660056042997, 39.077570330807795 ], [ 141.710303791096692, 39.077012525226024 ], [ 141.709024839735491, 39.078159121666609 ], [ 141.708285122395694, 39.077760131210781 ], [ 141.707906495535866, 39.077086360795697 ], [ 141.707335010139587, 39.076527617718831 ], [ 141.705294050871828, 39.075669964107469 ], [ 141.703467647475691, 39.075426473060091 ], [ 141.701593278002406, 39.077219523048562 ], [ 141.704579458538007, 39.077331111710748 ], [ 141.708202042465587, 39.079244646888704 ], [ 141.710012754215398, 39.080947145979046 ], [ 141.710693813806245, 39.080691492431079 ], [ 141.711454776664908, 39.081045258370132 ] ] ] } },
{ "type": "Feature", "properties": { "CITY_NAME": "大船渡市", "S_NAME": "盛町字権現堂", "JINKO": 211, "medical_area": "03_気仙医療圏", "町丁目名": "大船渡市盛町字権現堂" }, "geometry": { "type": "Polygon", "coordinates": [ [ [ 141.70506828043122, 39.092371363165263 ], [ 141.708711796587806, 39.091605244319702 ], [ 141.709148521194237, 39.090645199710899 ], [ 141.708333711155603, 39.090806415608164 ], [ 141.708577265475668, 39.090384794095868 ], [ 141.707315585334527, 39.090039466165585 ], [ 141.707173042219807, 39.090466030676808 ], [ 141.705468418541415, 39.089843188732956 ], [ 141.705257992733891, 39.08908187404716 ], [ 141.7047033304992, 39.08829040101979 ], [ 141.704105446891731, 39.087786100628016 ], [ 141.703766987256301, 39.08668736360773 ], [ 141.702801228955735, 39.086181572268224 ], [ 141.701654758583771, 39.086113029581654 ], [ 141.701118746172, 39.083866353279319 ], [ 141.699280595450404, 39.083815654019077 ], [ 141.698817842061629, 39.082277960798912 ], [ 141.698122310718134, 39.081496781719238 ], [ 141.696825755684642, 39.08106600947383 ], [ 141.695046567141446, 39.080764674299942 ], [ 141.68566580378635, 39.079414315082339 ], [ 141.686325865175291, 39.08599192789373 ], [ 141.688797715950443, 39.086239278382145 ], [ 141.691443906845166, 39.086817060350455 ], [ 141.696046817199971, 39.088151772687738 ], [ 141.69803467721465, 39.088833682696304 ], [ 141.700710633594895, 39.090091130482826 ], [ 141.702824366404229, 39.091319970174531 ], [ 141.703797328542379, 39.091576712342722 ], [ 141.704865132505461, 39.091578394938914 ], [ 141.70506828043122, 39.092371363165263 ] ] ] } },
{ "type": "Feature", "properties": { "CITY_NAME": "大船渡市", "S_NAME": "盛町字柿ノ木沢", "JINKO": 139, "medical_area": "03_気仙医療圏", "町丁目名": "大船渡市盛町字柿ノ木沢" }, "geometry": { "type": "Polygon", "coordinates": [ [ [ 141.705814635705281, 39.08916315859242 ], [ 141.706241656831367, 39.088489983639171 ], [ 141.70623466818995, 39.088041947410424 ], [ 141.707033409322236, 39.085331541253275 ], [ 141.70698397241145, 39.085080102588407 ], [ 141.706259819540236, 39.08545520086583 ], [ 141.706019699768461, 39.084731197317481 ], [ 141.70539971242809, 39.084657352093132 ], [ 141.705201136514233, 39.084890443617134 ], [ 141.703027092381546, 39.085206856252739 ], [ 141.702763939569621, 39.084539040921861 ], [ 141.702362724280363, 39.084201258150344 ], [ 141.701118746172, 39.083866353279319 ], [ 141.701654758583771, 39.086113029581654 ], [ 141.702801228955735, 39.086181572268224 ], [ 141.703766987256301, 39.08668736360773 ], [ 141.704105446891731, 39.087786100627987 ], [ 141.704800068653839, 39.088416850288681 ], [ 141.705297558289402, 39.089345985125924 ], [ 141.705814635705281, 39.08916315859242 ] ] ] } },
{ "type": "Feature", "properties": { "CITY_NAME": "大船渡市", "S_NAME": "盛町字木町", "JINKO": 286, "medical_area": "03_気仙医療圏", "町丁目名": "大船渡市盛町字木町" }, "geometry": { "type": "Polygon", "coordinates": [ [ [ 141.709148521194237, 39.090645199710899 ], [ 141.709896354086055, 39.089018955735455 ], [ 141.709243192390346, 39.088844325148038 ], [ 141.709376909108045, 39.088588347380679 ], [ 141.708616055950046, 39.088394884647983 ], [ 141.708818631166281, 39.087838535509128 ], [ 141.706425474843655, 39.087472933230032 ], [ 141.706204850554911, 39.088573372902324 ], [ 141.705814635705366, 39.089163158592399 ], [ 141.705297558289402, 39.089345985125924 ], [ 141.705468418541415, 39.089843188732956 ], [ 141.707173042219807, 39.090466030676808 ], [ 141.707315585334527, 39.090039466165585 ], [ 141.708577265475668, 39.090384794095868 ], [ 141.708333711155603, 39.090806415608164 ], [ 141.709148521194237, 39.090645199710899 ] ] ] } },
{ "type": "Feature", "properties": { "CITY_NAME": "大船渡市", "S_NAME": "盛町字町", "JINKO": 236, "medical_area": "03_気仙医療圏", "町丁目名": "大船渡市盛町字町" }, "geometry": { "type": "Polygon", "coordinates": [ [ [ 141.709802745122033, 39.087452017728033 ], [ 141.709825331437969, 39.08724930413937 ], [ 141.709084029209066, 39.08710960840483 ], [ 141.709490395791846, 39.086427283865156 ], [ 141.70957323779237, 39.085565041932512 ], [ 141.70771926783226, 39.085043992999815 ], [ 141.707513744114209, 39.085779136878998 ], [ 141.707007784286134, 39.085355168190326 ], [ 141.706425474843655, 39.087472933230032 ], [ 141.708818631166281, 39.087838535509128 ], [ 141.708616055950046, 39.088394884647983 ], [ 141.709376909108045, 39.088588347380679 ], [ 141.709243192390346, 39.088844325148038 ], [ 141.709896354086055, 39.089018955735455 ], [ 141.710362593135216, 39.087653525858094 ], [ 141.709802745122033, 39.087452017728033 ] ] ] } },
{ "type": "Feature", "properties": { "CITY_NAME": "大船渡市", "S_NAME": "盛町字東町", "JINKO": 273, "medical_area": "03_気仙医療圏", "町丁目名": "大船渡市盛町字東町" }, "geometry": { "type": "Polygon", "coordinates": [ [ [ 141.71277131831053, 39.08592420195729 ], [ 141.711358138267428, 39.085525525803092 ], [ 141.708711796587806, 39.091605244319702 ], [ 141.70993436326782, 39.09125601350631 ], [ 141.712082594079078, 39.090200191384554 ], [ 141.714668536094337, 39.087046543369134 ], [ 141.712540824082367, 39.086403505001535 ], [ 141.71277131831053, 39.08592420195729 ] ] ] } },
{ "type": "Feature", "properties": { "CITY_NAME": "大船渡市", "S_NAME": "盛町字みどり町", "JINKO": 646, "medical_area": "03_気仙医療圏", "町丁目名": "大船渡市盛町字みどり町" }, "geometry": { "type": "Polygon", "coordinates": [ [ [ 141.716406399660428, 39.08195083247 ], [ 141.714596377816235, 39.082175492017747 ], [ 141.713049282212552, 39.082957989405259 ], [ 141.711763899730357, 39.084065397706837 ], [ 141.711358138267428, 39.085525525803092 ], [ 141.71277131831053, 39.08592420195729 ], [ 141.712540824082367, 39.086403505001535 ], [ 141.714668536094337, 39.087046543369134 ], [ 141.716287931898108, 39.084878611120281 ], [ 141.718605659574933, 39.082890384801772 ], [ 141.718976732451551, 39.08217522266731 ], [ 141.716406399660428, 39.08195083247 ] ] ] } },
{ "type": "Feature", "properties": { "CITY_NAME": "大船渡市", "S_NAME": "盛町字東町裏", "JINKO": 49, "medical_area": "03_気仙医療圏", "町丁目名": "大船渡市盛町字東町裏" }, "geometry": { "type": "Polygon", "coordinates": [ [ [ 141.710362593135187, 39.087653525858094 ], [ 141.711267774411112, 39.085738038692789 ], [ 141.709573237792398, 39.085565041932533 ], [ 141.709490395791846, 39.086427283865156 ], [ 141.709084029209066, 39.08710960840483 ], [ 141.709825331437969, 39.08724930413937 ], [ 141.709802745122033, 39.087452017728033 ], [ 141.710362593135187, 39.087653525858094 ] ] ] } },
{ "type": "Feature", "properties": { "CITY_NAME": "大船渡市", "S_NAME": "大船渡町字下平", "JINKO": 331, "medical_area": "03_気仙医療圏", "町丁目名": "大船渡市大船渡町字下平" }, "geometry": { "type": "Polygon", "coordinates": [ [ [ 141.716722342063633, 39.04611293147785 ], [ 141.718869420324268, 39.046143306052883 ], [ 141.720675922869646, 39.045479140213295 ], [ 141.722194095976761, 39.045540040145148 ], [ 141.723252275941491, 39.045170401707523 ], [ 141.724155414170724, 39.045473470115525 ], [ 141.724811026666231, 39.040771538406716 ], [ 141.723943664947484, 39.039502214825369 ], [ 141.722543408743832, 39.040117469544427 ], [ 141.723168419588802, 39.040783337550153 ], [ 141.722127956139332, 39.041272128968913 ], [ 141.722364583564996, 39.041645437834106 ], [ 141.723021858493155, 39.041719756923825 ], [ 141.723059630507009, 39.042696791023367 ], [ 141.720446367724549, 39.042152062980477 ], [ 141.720040927380239, 39.042196163028379 ], [ 141.718447781582455, 39.041770613575004 ], [ 141.717576860344138, 39.042008027801046 ], [ 141.71405630607714, 39.042285870154586 ], [ 141.714870996221379, 39.046544287050587 ], [ 141.716300746678286, 39.046353985098662 ], [ 141.716722342063633, 39.04611293147785 ] ] ] } },
{ "type": "Feature", "properties": { "CITY_NAME": "大船渡市", "S_NAME": "大船渡町字砂子前", "JINKO": 402, "medical_area": "03_気仙医療圏", "町丁目名": "大船渡市大船渡町字砂子前" }, "geometry": { "type": "Polygon", "coordinates": [ [ [ 141.723059630507009, 39.042696791023367 ], [ 141.723021858493155, 39.041719756923825 ], [ 141.722364583564996, 39.041645437834106 ], [ 141.722127956139332, 39.041272128968913 ], [ 141.723168419588802, 39.040783337550153 ], [ 141.722543408743832, 39.040117469544427 ], [ 141.723943664947484, 39.039502214825369 ], [ 141.723276492062467, 39.038526661725875 ], [ 141.722453794134907, 39.038777967230644 ], [ 141.722467315642518, 39.038476089338225 ], [ 141.72281490738024, 39.038282445409841 ], [ 141.72231858548264, 39.037393559844958 ], [ 141.721989067690572, 39.037495997102688 ], [ 141.722014647621165, 39.037793285056502 ], [ 141.721676326963376, 39.038615884002759 ], [ 141.7202011217814, 39.036763914817385 ], [ 141.720092056728248, 39.036752002064034 ], [ 141.720934011035069, 39.038327409741235 ], [ 141.718014062018199, 39.038992115167552 ], [ 141.716314555082818, 39.039881270196453 ], [ 141.713729144232502, 39.040555660069167 ], [ 141.71405630607714, 39.042285870154586 ], [ 141.717576860344138, 39.042008027801046 ], [ 141.718447781582455, 39.041770613575004 ], [ 141.720040927380239, 39.042196163028379 ], [ 141.720446367724549, 39.042152062980477 ], [ 141.723059630507009, 39.042696791023367 ] ] ] } },
{ "type": "Feature", "properties": { "CITY_NAME": "大船渡市", "S_NAME": "大船渡町字下船渡", "JINKO": 430, "medical_area": "03_気仙医療圏", "町丁目名": "大船渡市大船渡町字下船渡" }, "geometry": { "type": "Polygon", "coordinates": [ [ [ 141.71621962575648, 39.039016213534495 ], [ 141.717785140407187, 39.038517886691665 ], [ 141.718011452320752, 39.03831644832696 ], [ 141.718050081886446, 39.037921061509323 ], [ 141.719241836711006, 39.036728597769404 ], [ 141.720278055460795, 39.036818507432379 ], [ 141.721676326963376, 39.038615884002759 ], [ 141.722014647621165, 39.037793285056502 ], [ 141.721989067690572, 39.037495997102688 ], [ 141.722830084481217, 39.037288752087015 ], [ 141.722624479992135, 39.036648057706138 ], [ 141.722103681540517, 39.036014188971357 ], [ 141.722575946662602, 39.036649270509265 ], [ 141.722774263403664, 39.037263067747908 ], [ 141.722306536136756, 39.037353958386106 ], [ 141.722148128530279, 39.036884976173894 ], [ 141.721281348036229, 39.036113258836451 ], [ 141.721723610703691, 39.035827901444868 ], [ 141.72197701263778, 39.035865599046922 ], [ 141.721710330317052, 39.035783875261387 ], [ 141.721067380949535, 39.036176108721641 ], [ 141.7211227974895, 39.036083776080666 ], [ 141.720763161324527, 39.035778462824574 ], [ 141.720613654294425, 39.035915634188548 ], [ 141.718874835483632, 39.03477208051288 ], [ 141.717242590839533, 39.03401420970625 ], [ 141.716592639650116, 39.033019199838954 ], [ 141.716617067179186, 39.032664104896128 ], [ 141.716417985068546, 39.032264739664541 ], [ 141.716464910820321, 39.031674344904459 ], [ 141.715785766178215, 39.031487620306706 ], [ 141.715390672711862, 39.031914970894796 ], [ 141.7146719371041, 39.031816437840519 ], [ 141.714546412218112, 39.032941513339317 ], [ 141.714807364057009, 39.033173270263795 ], [ 141.714525447430759, 39.033430156311979 ], [ 141.714630164169535, 39.033982740676009 ], [ 141.713572556534842, 39.033932355522218 ], [ 141.71237390950202, 39.034416825752324 ], [ 141.711787065872215, 39.034411518837835 ], [ 141.711372314695495, 39.03419062179843 ], [ 141.710009767985099, 39.034884046314239 ], [ 141.713421511914021, 39.038928543678125 ], [ 141.714873486157273, 39.03897533099753 ], [ 141.715275034674562, 39.03884485612047 ], [ 141.71621962575648, 39.039016213534495 ] ] ] } },
{ "type": "Feature", "properties": { "CITY_NAME": "大船渡市", "S_NAME": "大船渡町字宮ノ前", "JINKO": 162, "medical_area": "03_気仙医療圏", "町丁目名": "大船渡市大船渡町字宮ノ前" }, "geometry": { "type": "Polygon", "coordinates": [ [ [ 141.716314555082818, 39.039881270196453 ], [ 141.718014062018199, 39.038992115167552 ], [ 141.720934011035069, 39.038327409741235 ], [ 141.720092056728248, 39.036752002064034 ], [ 141.719241836711006, 39.036728597769404 ], [ 141.718050081886446, 39.037921061509323 ], [ 141.718011452320752, 39.03831644832696 ], [ 141.717070043454697, 39.038837658314307 ], [ 141.716747956480333, 39.038784842314392 ], [ 141.71621962575648, 39.039016213534495 ], [ 141.715275034674562, 39.03884485612047 ], [ 141.714873486157273, 39.03897533099753 ], [ 141.713421511914021, 39.038928543678125 ], [ 141.713729144232502, 39.040555660069167 ], [ 141.716314555082818, 39.039881270196453 ] ] ] } },
{ "type": "Feature", "properties": { "CITY_NAME": "大船渡市", "S_NAME": "大船渡町字丸森", "JINKO": 90, "medical_area": "03_気仙医療圏", "町丁目名": "大船渡市大船渡町字丸森" }, "geometry": { "type": "Polygon", "coordinates": [ [ [ 141.715785766178215, 39.031487620306706 ], [ 141.715682221300568, 39.03115150592695 ], [ 141.715568000887345, 39.03125321716265 ], [ 141.715153766822368, 39.031095104862622 ], [ 141.71461486179939, 39.030671272539593 ], [ 141.714492260494922, 39.030008260072449 ], [ 141.714586499968249, 39.029787763891662 ], [ 141.714348207312696, 39.02985261589825 ], [ 141.714291782313552, 39.029676464527192 ], [ 141.714556984016866, 39.029461929953172 ], [ 141.714531006259165, 39.028855828487714 ], [ 141.714220144494533, 39.02838347704251 ], [ 141.713753852372378, 39.028310416747658 ], [ 141.713352119828841, 39.028508875601645 ], [ 141.712938288790781, 39.028388616867588 ], [ 141.71265886185023, 39.027461951698427 ], [ 141.712253977120156, 39.027226274446782 ], [ 141.712247427172343, 39.027069592851902 ], [ 141.711779719708034, 39.027164948227281 ], [ 141.711524429313187, 39.027066858280271 ], [ 141.711418528547682, 39.026814577080053 ], [ 141.710226678788729, 39.028701950137233 ], [ 141.709425110193223, 39.029311504552119 ], [ 141.709964522469278, 39.032108945879372 ], [ 141.710009767985099, 39.034884046314239 ], [ 141.711372314695495, 39.03419062179843 ], [ 141.711787065872215, 39.034411518837857 ], [ 141.712373909501963, 39.034416825752317 ], [ 141.713572556534871, 39.033932355522232 ], [ 141.714630164169449, 39.033982740676031 ], [ 141.714525447430759, 39.033430156311979 ], [ 141.714807364057009, 39.033173270263795 ], [ 141.714546412218112, 39.032941513339317 ], [ 141.7146719371041, 39.031816437840519 ], [ 141.715390672711862, 39.031914970894782 ], [ 141.715785766178215, 39.031487620306706 ] ] ] } },
{ "type": "Feature", "properties": { "CITY_NAME": "大船渡市", "S_NAME": "大船渡町字野々田", "JINKO": 254, "medical_area": "03_気仙医療圏", "町丁目名": "大船渡市大船渡町字野々田" }, "geometry": { "type": "Polygon", "coordinates": [ [ [ 141.72016541857792, 39.061420389862867 ], [ 141.721849312157389, 39.061684367236268 ], [ 141.725921379528558, 39.061790944940725 ], [ 141.726088668926451, 39.061678824527185 ], [ 141.725465379543408, 39.061729537780671 ], [ 141.725475097160029, 39.061584418151639 ], [ 141.726182062840309, 39.061113344771613 ], [ 141.726228032594349, 39.061549888354371 ], [ 141.726371796047658, 39.061497415457382 ], [ 141.724592491655415, 39.056204265790548 ], [ 141.724352537990256, 39.056143951755004 ], [ 141.723999666559251, 39.055097186778468 ], [ 141.723443816293241, 39.054994233011875 ], [ 141.723960770812766, 39.055126337706618 ], [ 141.724308529502025, 39.056132604989173 ], [ 141.72249237848294, 39.055679895534411 ], [ 141.722298991712279, 39.056312712137654 ], [ 141.721371851569103, 39.056408947408983 ], [ 141.721357211472423, 39.057066882714679 ], [ 141.721519656294646, 39.057407212764872 ], [ 141.720728594256457, 39.057606608779288 ], [ 141.720690915139357, 39.059396426306058 ], [ 141.719211305779368, 39.059410523039446 ], [ 141.718782062368689, 39.060011339938413 ], [ 141.718294390225481, 39.059690100753571 ], [ 141.718147596205995, 39.059155856080757 ], [ 141.717148373464852, 39.058622492952694 ], [ 141.715806369067053, 39.058508897351388 ], [ 141.715553884102235, 39.059517189241546 ], [ 141.716399207099101, 39.060238367644203 ], [ 141.716586990613223, 39.061696559430786 ], [ 141.717137814203767, 39.061942305705472 ], [ 141.717814355886276, 39.06197055139242 ], [ 141.72016541857792, 39.061420389862867 ] ] ] } },
{ "type": "Feature", "properties": { "CITY_NAME": "大船渡市", "S_NAME": "大船渡町字笹崎", "JINKO": 723, "medical_area": "03_気仙医療圏", "町丁目名": "大船渡市大船渡町字笹崎" }, "geometry": { "type": "Polygon", "coordinates": [ [ [ 141.720690915139357, 39.059396426306058 ], [ 141.720728594256457, 39.057606608779288 ], [ 141.721519656294646, 39.057407212764872 ], [ 141.721357211472423, 39.057066882714679 ], [ 141.721371851569103, 39.056408947408983 ], [ 141.722298991712279, 39.056312712137654 ], [ 141.722434716511401, 39.056153333383875 ], [ 141.722512011145881, 39.055583261412401 ], [ 141.722387450993836, 39.055418471034258 ], [ 141.722696213947785, 39.055353067215897 ], [ 141.722599646944616, 39.05511058042611 ], [ 141.722458961460148, 39.05513417003796 ], [ 141.722303940762316, 39.054565088005944 ], [ 141.723171464152131, 39.054562082412083 ], [ 141.722229595499414, 39.054538628281975 ], [ 141.722084232062031, 39.054012049613014 ], [ 141.721285968082839, 39.054260697033477 ], [ 141.721462138239701, 39.05478275115513 ], [ 141.721447182787244, 39.055501406849089 ], [ 141.720324578243492, 39.055044870670045 ], [ 141.719231103366269, 39.055130986979201 ], [ 141.719064726128011, 39.054503502197775 ], [ 141.718794598695865, 39.054353602470286 ], [ 141.71888580153697, 39.054148539060726 ], [ 141.718524849356953, 39.053881373763801 ], [ 141.718003669875401, 39.053856528833656 ], [ 141.717954281083394, 39.053689265373052 ], [ 141.71687760605144, 39.053818301608764 ], [ 141.716372479421324, 39.053699023901395 ], [ 141.71470722295436, 39.051666843288992 ], [ 141.710053795491291, 39.059275327047317 ], [ 141.710445413080862, 39.059606402919982 ], [ 141.710829560825033, 39.059641314716636 ], [ 141.713436906600521, 39.058554189363988 ], [ 141.715553884102235, 39.059517189241546 ], [ 141.715806369067053, 39.058508897351388 ], [ 141.717148373464852, 39.058622492952694 ], [ 141.718147596205995, 39.059155856080757 ], [ 141.718294390225481, 39.059690100753571 ], [ 141.718782062368689, 39.060011339938413 ], [ 141.719211305779368, 39.059410523039446 ], [ 141.720690915139357, 39.059396426306058 ] ] ] } },
{ "type": "Feature", "properties": { "CITY_NAME": "大船渡市", "S_NAME": "大船渡町字永沢", "JINKO": 518, "medical_area": "03_気仙医療圏", "町丁目名": "大船渡市大船渡町字永沢" }, "geometry": { "type": "Polygon", "coordinates": [ [ [ 141.721447182787244, 39.055501406849089 ], [ 141.721285968082839, 39.054260697033477 ], [ 141.722084232062031, 39.054012049613014 ], [ 141.721745785531851, 39.052817235250018 ], [ 141.722600954900741, 39.048893077473828 ], [ 141.722888650642318, 39.04860452832861 ], [ 141.722741414682446, 39.04842273823229 ], [ 141.722246747876085, 39.048236268959123 ], [ 141.721841187701017, 39.048883506472301 ], [ 141.720537301066173, 39.048758130776307 ], [ 141.720607026244608, 39.048497067110603 ], [ 141.720103974307676, 39.04870482937315 ], [ 141.720202044511353, 39.047927126923206 ], [ 141.719718575266313, 39.047668352131772 ], [ 141.718718421467855, 39.047882263198218 ], [ 141.715250622455471, 39.047883515193114 ], [ 141.715745843185772, 39.049941685996814 ], [ 141.71470722295436, 39.051666843288992 ], [ 141.716372479421324, 39.053699023901395 ], [ 141.71687760605144, 39.053818301608764 ], [ 141.717954281083394, 39.053689265373052 ], [ 141.718003669875401, 39.053856528833656 ], [ 141.718524849356953, 39.053881373763801 ], [ 141.71888580153697, 39.054148539060726 ], [ 141.718794598695865, 39.054353602470286 ], [ 141.719064726128011, 39.054503502197775 ], [ 141.719231103366269, 39.055130986979201 ], [ 141.720324578243492, 39.055044870670045 ], [ 141.721447182787244, 39.055501406849089 ] ] ] } },
{ "type": "Feature", "properties": { "CITY_NAME": "大船渡市", "S_NAME": "大船渡町字猪頭", "JINKO": 0, "medical_area": "03_気仙医療圏", "町丁目名": "大船渡市大船渡町字猪頭" }, "geometry": { "type": "Polygon", "coordinates": [ [ [ 141.710053795491319, 39.059275327047317 ], [ 141.715745843185772, 39.049941685996814 ], [ 141.714870996221379, 39.046544287050587 ], [ 141.713421511914021, 39.038928543678097 ], [ 141.710009767985099, 39.034884046314239 ], [ 141.709964522469278, 39.032108945879372 ], [ 141.709425110193223, 39.029311504552119 ], [ 141.700211196278758, 39.042667690176565 ], [ 141.698007088838807, 39.043452908363378 ], [ 141.695605608470061, 39.044072607867733 ], [ 141.68998901374016, 39.04458893387946 ], [ 141.687355522134652, 39.044506682981037 ], [ 141.682453344606472, 39.043421857623287 ], [ 141.682335629111492, 39.043935756849081 ], [ 141.681686639403182, 39.045097105786127 ], [ 141.681623045857947, 39.045662981123002 ], [ 141.680272099201346, 39.04702330224071 ], [ 141.679387405964064, 39.049202179359369 ], [ 141.679585330593028, 39.049857162118748 ], [ 141.680386784986496, 39.05101605338762 ], [ 141.680126661657255, 39.05197084716049 ], [ 141.680135804562752, 39.052733041841748 ], [ 141.684735975820104, 39.052908743934566 ], [ 141.685628971253863, 39.052100151067776 ], [ 141.686359048430802, 39.05174076439161 ], [ 141.687692059154756, 39.05149619624239 ], [ 141.689083278325683, 39.051594420663363 ], [ 141.691242271495668, 39.052602340214136 ], [ 141.691682507558568, 39.053237365235852 ], [ 141.693006214044317, 39.054130872044865 ], [ 141.694339206772355, 39.054518499032042 ], [ 141.699295489074444, 39.055017797566627 ], [ 141.702059386840546, 39.055581446626839 ], [ 141.70254194172162, 39.055890970554174 ], [ 141.703590937686272, 39.057039331211129 ], [ 141.705780770584227, 39.058010488450627 ], [ 141.706831561499371, 39.058050858900494 ], [ 141.707679095410214, 39.057887942211082 ], [ 141.708082554918462, 39.057421281692399 ], [ 141.708512510554328, 39.057213411667213 ], [ 141.709217022717013, 39.057978841145207 ], [ 141.709366777945036, 39.058844766552404 ], [ 141.710053795491319, 39.059275327047317 ] ] ] } },
{ "type": "Feature", "properties": { "CITY_NAME": "大船渡市", "S_NAME": "大船渡町字上平", "JINKO": 289, "medical_area": "03_気仙医療圏", "町丁目名": "大船渡市大船渡町字上平" }, "geometry": { "type": "Polygon", "coordinates": [ [ [ 141.721841187701017, 39.048883506472301 ], [ 141.722246747876085, 39.048236268959123 ], [ 141.722990146630252, 39.048609034455907 ], [ 141.723379333249483, 39.047688151226488 ], [ 141.723843243461147, 39.0478332576401 ], [ 141.7237440431403, 39.048025015629939 ], [ 141.723821786879029, 39.048049618391069 ], [ 141.724021389475212, 39.047667994315155 ], [ 141.72386245122425, 39.047796163110036 ], [ 141.723399714337432, 39.047651047847452 ], [ 141.723594636912736, 39.047442375840973 ], [ 141.723418952919104, 39.047344621740585 ], [ 141.724137625655942, 39.045615906887335 ], [ 141.724029794318028, 39.045767193849514 ], [ 141.723484176979355, 39.045646989668533 ], [ 141.723622352081833, 39.045246902559214 ], [ 141.722874985401234, 39.045244492176053 ], [ 141.722194095976761, 39.045540040145148 ], [ 141.720675922869646, 39.045479140213295 ], [ 141.718869420324268, 39.046143306052883 ], [ 141.716722342063633, 39.04611293147785 ], [ 141.716300746678286, 39.046353985098662 ], [ 141.714870996221379, 39.046544287050587 ], [ 141.715250622455471, 39.047883515193114 ], [ 141.718718421467855, 39.047882263198218 ], [ 141.719718575266313, 39.047668352131772 ], [ 141.720202044511353, 39.047927126923206 ], [ 141.720103974307676, 39.04870482937315 ], [ 141.720607026244608, 39.048497067110603 ], [ 141.720537301066173, 39.048758130776307 ], [ 141.721841187701017, 39.048883506472301 ] ] ] } },
{ "type": "Feature", "properties": { "CITY_NAME": "大船渡市", "S_NAME": "大船渡町", "JINKO": 0, "medical_area": "03_気仙医療圏", "町丁目名": "大船渡市大船渡町" }, "geometry": { "type": "Polygon", "coordinates": [ [ [ 141.729561926496473, 39.070950435072334 ], [ 141.730998325212113, 39.070224187083802 ], [ 141.731147349399976, 39.069131239088009 ], [ 141.731216392250957, 39.070107165903011 ], [ 141.731964785767332, 39.069709565368527 ], [ 141.732106238729045, 39.069022105913263 ], [ 141.732395863958544, 39.068627110410283 ], [ 141.73165678074696, 39.066128544072882 ], [ 141.732479979980923, 39.068611121393701 ], [ 141.732969114808327, 39.068817288895737 ], [ 141.733093242806802, 39.06921986675367 ], [ 141.732979081420325, 39.068784767895764 ], [ 141.733749352706184, 39.068207738723643 ], [ 141.733501903263317, 39.068009636718109 ], [ 141.7331452984713, 39.068227661325103 ], [ 141.733672995254096, 39.067834491560035 ], [ 141.733579724151525, 39.067953229431502 ], [ 141.733836471656957, 39.068151188707198 ], [ 141.733955451895781, 39.068059275916596 ], [ 141.734540379234005, 39.068526850439319 ], [ 141.734689372172767, 39.068339206275674 ], [ 141.733827699905532, 39.067464882687169 ], [ 141.733960923843398, 39.067216134182004 ], [ 141.733676559279871, 39.067117405524307 ], [ 141.733954651147769, 39.06717740550733 ], [ 141.73412433477219, 39.066532020789928 ], [ 141.734514307460557, 39.06658039119867 ], [ 141.734724735356849, 39.066043702993042 ], [ 141.735714657689812, 39.065202821131422 ], [ 141.736134607177064, 39.06506171404012 ], [ 141.735989352590821, 39.064821447296936 ], [ 141.736144658979157, 39.064767958224486 ], [ 141.736413035014436, 39.065239726013672 ], [ 141.73804975463986, 39.06456230626776 ], [ 141.73821865791794, 39.063676376010733 ], [ 141.738654980814943, 39.063644214471914 ], [ 141.738685411896824, 39.063223272236357 ], [ 141.737894930158774, 39.061860161028214 ], [ 141.737902890764843, 39.061038532584099 ], [ 141.738114490285597, 39.060694586656624 ], [ 141.738237560780249, 39.060739590138176 ], [ 141.738972215174812, 39.060181732488346 ], [ 141.739951898085707, 39.058911876967386 ], [ 141.740106792990446, 39.058435074179528 ], [ 141.740016559811778, 39.057925196752066 ], [ 141.739640976276746, 39.057469610797838 ], [ 141.737379912832409, 39.055672893343427 ], [ 141.736382709037287, 39.055117589153099 ], [ 141.735156606750508, 39.055005439588221 ], [ 141.733479669981676, 39.054059834692929 ], [ 141.733189819553616, 39.053166670495301 ], [ 141.733529848211617, 39.051930844907723 ], [ 141.734204497320093, 39.050932073009193 ], [ 141.735426237015872, 39.051068547485343 ], [ 141.736072364865379, 39.051723907457806 ], [ 141.73645357549475, 39.052624460889788 ], [ 141.737024799475421, 39.053299251655957 ], [ 141.73831501277553, 39.054624307085412 ], [ 141.738764729711846, 39.05473968937185 ], [ 141.739496372307201, 39.05449263189567 ], [ 141.739508257169575, 39.054244816413544 ], [ 141.739898777400299, 39.054339964220354 ], [ 141.739754249920736, 39.05424023596467 ], [ 141.739937049359213, 39.054263098437985 ], [ 141.740088183151386, 39.053613341674172 ], [ 141.739747005030836, 39.053318718896946 ], [ 141.740692358585051, 39.053611399448982 ], [ 141.739748993703557, 39.053199838469666 ], [ 141.7402983954332, 39.052799219259086 ], [ 141.740569342331241, 39.052847506547153 ], [ 141.740832912791916, 39.052413065871249 ], [ 141.740953889203752, 39.052478844659831 ], [ 141.740830520207908, 39.051686163056686 ], [ 141.740982250816273, 39.051623685936299 ], [ 141.740790021828815, 39.050964902362367 ], [ 141.740527802209186, 39.050695775807604 ], [ 141.740126752976607, 39.050594376827696 ], [ 141.74018872546236, 39.050472284952626 ], [ 141.739824076298078, 39.050231890403651 ], [ 141.738000710628683, 39.049300149154767 ], [ 141.737574849943655, 39.049607049287999 ], [ 141.735879303845081, 39.049096754614332 ], [ 141.734997996961766, 39.050646703637874 ], [ 141.736007574715387, 39.048738180197489 ], [ 141.735829518391114, 39.048541373287492 ], [ 141.735881347425249, 39.048352644472708 ], [ 141.736053604613431, 39.048180158626785 ], [ 141.736735777688324, 39.048042513455954 ], [ 141.736740190547266, 39.047759634402347 ], [ 141.736905104172763, 39.047733095102821 ], [ 141.736564458330804, 39.047652892958894 ], [ 141.735853660172893, 39.04708994750046 ], [ 141.735909355205621, 39.046928283849226 ], [ 141.734675709900955, 39.045845972005019 ], [ 141.734003055691886, 39.046006968688737 ], [ 141.733656908957016, 39.045854735210618 ], [ 141.733342845619518, 39.045047325464161 ], [ 141.733500956304454, 39.043773205380894 ], [ 141.734014991907657, 39.042683758838521 ], [ 141.734558673510008, 39.042743542256126 ], [ 141.735267363915227, 39.04332903263245 ], [ 141.735463379497418, 39.043752664892665 ], [ 141.735365544450076, 39.04342011580372 ], [ 141.735521095676518, 39.04338921695463 ], [ 141.735992141973867, 39.042468575067581 ], [ 141.735888250439103, 39.042199130579363 ], [ 141.736209301910066, 39.040658008350505 ], [ 141.737527284294288, 39.039311022287599 ], [ 141.738426722555658, 39.03864913693959 ], [ 141.738260978492463, 39.038510792930353 ], [ 141.738439406495985, 39.038378792537173 ], [ 141.738181467657057, 39.037988932417093 ], [ 141.738629463958119, 39.037612538639515 ], [ 141.738200103682743, 39.037816788250744 ], [ 141.737304637824423, 39.037885858558475 ], [ 141.736671898844435, 39.038268175652284 ], [ 141.736542179304251, 39.038152070676581 ], [ 141.736496755380131, 39.037310153731624 ], [ 141.736772086016686, 39.037522394776872 ], [ 141.737031275601396, 39.037376261249911 ], [ 141.737768004215866, 39.036278814156638 ], [ 141.737784377950987, 39.036112948315726 ], [ 141.737500351153329, 39.036123239499375 ], [ 141.737121001186409, 39.035454136077483 ], [ 141.736455417675273, 39.034981836141839 ], [ 141.736069638780037, 39.03488839679072 ], [ 141.735422182319724, 39.035289757223218 ], [ 141.735536859906631, 39.035585303127405 ], [ 141.735366712949741, 39.035284836832417 ], [ 141.73417072835116, 39.034790431466426 ], [ 141.733089161860846, 39.03511496233601 ], [ 141.732447845919438, 39.035007289768089 ], [ 141.731422781773972, 39.034411607985284 ], [ 141.730672713929835, 39.033378735672514 ], [ 141.730533815385002, 39.032624017018549 ], [ 141.730867342491848, 39.032243108690174 ], [ 141.731451670915931, 39.032419633499806 ], [ 141.731837757962182, 39.03280853004501 ], [ 141.732400165820053, 39.032347529650529 ], [ 141.732678168079019, 39.032319281692281 ], [ 141.733573766105678, 39.032726774461707 ], [ 141.734547894447644, 39.033940744780814 ], [ 141.735029477809633, 39.033662308156273 ], [ 141.734659932640966, 39.03267153851516 ], [ 141.734948289908033, 39.03227925632028 ], [ 141.736954604462881, 39.032469166114687 ], [ 141.737566038499011, 39.032966556316822 ], [ 141.737961354992962, 39.032621702344059 ], [ 141.737314692286816, 39.032088951002159 ], [ 141.736765783964103, 39.031974252711251 ], [ 141.73653039824103, 39.031087835472498 ], [ 141.736809112363659, 39.031933380683071 ], [ 141.737415909833857, 39.032052135582852 ], [ 141.737752541878535, 39.031014490021846 ], [ 141.738389355592773, 39.030778934269186 ], [ 141.737747611522906, 39.029995674013428 ], [ 141.736943894777482, 39.030098231728203 ], [ 141.735817047614916, 39.030672695153967 ], [ 141.734958420383947, 39.03063068385989 ], [ 141.734731280748662, 39.030748627930556 ], [ 141.734245117570083, 39.030126293924333 ], [ 141.733733473328925, 39.029761806038401 ], [ 141.733338882286802, 39.029703544487802 ], [ 141.733037018818521, 39.029940083614932 ], [ 141.732465309545319, 39.029846303163978 ], [ 141.732326902481645, 39.029591545917164 ], [ 141.732483076045526, 39.029243524763757 ], [ 141.732385884506613, 39.028958679333442 ], [ 141.731848099817682, 39.028445748014619 ], [ 141.731289319223833, 39.028189714432337 ], [ 141.729286520491627, 39.028356386589884 ], [ 141.728862142064116, 39.028680346788221 ], [ 141.728338206260901, 39.028432124686944 ], [ 141.727816508631378, 39.028552309867621 ], [ 141.727808562516458, 39.028288455607097 ], [ 141.728236418126244, 39.027783390008985 ], [ 141.728126328633266, 39.027483367533868 ], [ 141.728174271591598, 39.027165879146587 ], [ 141.728487512567028, 39.026822994967404 ], [ 141.728437786592224, 39.026267533077466 ], [ 141.728591197109154, 39.026255592108726 ], [ 141.728894742206563, 39.02551183854078 ], [ 141.72921345164653, 39.025422974307212 ], [ 141.729042004843421, 39.025193660577237 ], [ 141.72910282186001, 39.02480308930695 ], [ 141.729220552220227, 39.024703095192891 ], [ 141.72941835353754, 39.024819604245522 ], [ 141.729710246252495, 39.024615592845123 ], [ 141.729884442887453, 39.023967483599904 ], [ 141.730751892595805, 39.023887848197752 ], [ 141.731298724805185, 39.023391776468991 ], [ 141.732152425168323, 39.02323207460099 ], [ 141.732493956713796, 39.022577255278762 ], [ 141.732947547369008, 39.022645833551302 ], [ 141.733072854999136, 39.022425921657934 ], [ 141.733004077781601, 39.022012979422385 ], [ 141.733123696706002, 39.022061605193706 ], [ 141.733143906837455, 39.021927237839314 ], [ 141.733528564151499, 39.021846790998566 ], [ 141.733689107014698, 39.022303224533282 ], [ 141.733591961001736, 39.022920134542133 ], [ 141.733800242045703, 39.022952734018212 ], [ 141.733990645910495, 39.022672921434939 ], [ 141.734215823719467, 39.023032440462899 ], [ 141.734653328774442, 39.023111905059203 ], [ 141.735081132182899, 39.022877135620426 ], [ 141.735606778614368, 39.021904677647811 ], [ 141.736147136190397, 39.021624835994338 ], [ 141.73609632485514, 39.022166649665039 ], [ 141.735645498263779, 39.022399842320006 ], [ 141.735928065371894, 39.022914731078842 ], [ 141.736300499732721, 39.023140657792403 ], [ 141.736919702054649, 39.023247567246621 ], [ 141.737671976161636, 39.02301569867597 ], [ 141.738104923462174, 39.022281750070825 ], [ 141.738429396515698, 39.02210174255309 ], [ 141.73855778863026, 39.022207933723131 ], [ 141.738540769860862, 39.022681923587619 ], [ 141.739461406139498, 39.023063065047211 ], [ 141.740155256175683, 39.022954085675742 ], [ 141.740444253412306, 39.02234468979001 ], [ 141.74081199575528, 39.022386876657045 ], [ 141.740959220991328, 39.02251902924219 ], [ 141.740765033098455, 39.022867361797147 ], [ 141.740884250464859, 39.022975451428216 ], [ 141.74134301290573, 39.023002502622909 ], [ 141.741327630780233, 39.022704428634022 ], [ 141.741599251087678, 39.022806830090303 ], [ 141.741748823372745, 39.023128211254225 ], [ 141.741658888752056, 39.023767594136004 ], [ 141.742181412276636, 39.024345488847665 ], [ 141.742995685344283, 39.02461925771123 ], [ 141.743986746952714, 39.024545804846937 ], [ 141.74423315942667, 39.024756498065109 ], [ 141.744427536758394, 39.024605427691824 ], [ 141.744425378625039, 39.024885621525272 ], [ 141.744882641115453, 39.024879309400667 ], [ 141.745558527100599, 39.024636227162752 ], [ 141.745871173304266, 39.024344601115295 ], [ 141.74564912309981, 39.024406719566642 ], [ 141.745765267850174, 39.024283284681736 ], [ 141.746224276143749, 39.024140069081845 ], [ 141.746570832410754, 39.023701367266476 ], [ 141.746623062622177, 39.023365817738387 ], [ 141.746834029106793, 39.023339889316873 ], [ 141.746889680324415, 39.022997134288637 ], [ 141.747215487245654, 39.022921603296403 ], [ 141.747327670285671, 39.022666660233057 ], [ 141.747580639893329, 39.022756595338095 ], [ 141.747455436408245, 39.02227745463059 ], [ 141.747646398201965, 39.021773248290515 ], [ 141.74798480126816, 39.021688608559664 ], [ 141.747997845037872, 39.021532688845781 ], [ 141.74823267662947, 39.021656968335044 ], [ 141.748756787281877, 39.021373602172332 ], [ 141.749030407464346, 39.020927371337628 ], [ 141.748807422128777, 39.020206613923207 ], [ 141.74950340496855, 39.01973004635677 ], [ 141.749617404254764, 39.019796715636311 ], [ 141.749625880947377, 39.019650683848596 ], [ 141.749974490207279, 39.019818195251979 ], [ 141.750112288823601, 39.019487389789901 ], [ 141.750716289305927, 39.019584487565858 ], [ 141.750729730742762, 39.019369092261336 ], [ 141.752028239079038, 39.018967861613191 ], [ 141.751190599632281, 39.019288899783341 ], [ 141.751223096617025, 39.020546167937439 ], [ 141.753220750135029, 39.020534959859418 ], [ 141.753821999126671, 39.020150110831977 ], [ 141.753567307955649, 39.019658410972376 ], [ 141.75277208128287, 39.019869192433589 ], [ 141.752579580580999, 39.019808564242489 ], [ 141.753545740893998, 39.019602771798745 ], [ 141.753582669664183, 39.018801638071146 ], [ 141.752489883742214, 39.018594037359016 ], [ 141.752532514868363, 39.018500872053679 ], [ 141.753286108054766, 39.018730991460963 ], [ 141.754122227149765, 39.018730666547413 ], [ 141.754319961831726, 39.018576878586721 ], [ 141.754278088875765, 39.019088019893012 ], [ 141.754530057514984, 39.018838299190442 ], [ 141.754591428539868, 39.019026993916881 ], [ 141.754656116519158, 39.018854406041243 ], [ 141.754661295198645, 39.019071485454482 ], [ 141.754823868493332, 39.018961185001523 ], [ 141.754886858906332, 39.01945348226586 ], [ 141.75513565368405, 39.019582986694374 ], [ 141.755348905574976, 39.019374108032075 ], [ 141.755376197566164, 39.019612618036476 ], [ 141.755764293633746, 39.019790638855241 ], [ 141.75621344985592, 39.019435760498261 ], [ 141.756235067759519, 39.019585144507218 ], [ 141.756470112265418, 39.019635508352806 ], [ 141.756439373586346, 39.019492530764154 ], [ 141.756801596239541, 39.019375302024542 ], [ 141.757297885666219, 39.018913703071213 ], [ 141.757314682242907, 39.019225278254794 ], [ 141.757715068236337, 39.019205009666905 ], [ 141.757878132179883, 39.018953239246152 ], [ 141.757776861009717, 39.018632480133725 ], [ 141.758171827151386, 39.017660938577734 ], [ 141.758251799847528, 39.017946747460321 ], [ 141.758478541939951, 39.017804404486675 ], [ 141.758507515660312, 39.017991595452401 ], [ 141.758618058096033, 39.017615036128824 ], [ 141.758862493322567, 39.017845561631773 ], [ 141.759151889662547, 39.018340493653298 ], [ 141.759033729652259, 39.018754907417545 ], [ 141.759193055547712, 39.018927550660656 ], [ 141.759659491491618, 39.019012102539563 ], [ 141.760461769720649, 39.018812960786214 ], [ 141.761351812047138, 39.019320284359537 ], [ 141.760824161501858, 39.019149729387159 ], [ 141.759877289003839, 39.019591421591691 ], [ 141.759858382559571, 39.019910456935399 ], [ 141.760019829008712, 39.020072242349038 ], [ 141.760929225304892, 39.02038305510851 ], [ 141.761103146965525, 39.02034739751408 ], [ 141.76105743426865, 39.020116285909907 ], [ 141.761340953084243, 39.020079756288531 ], [ 141.761459652124557, 39.020146375323861 ], [ 141.761348947691602, 39.020331014034454 ], [ 141.761152186370481, 39.020385786051911 ], [ 141.761633412612525, 39.020537774822998 ], [ 141.762433557318218, 39.020182748911409 ], [ 141.76313939969279, 39.020730299796874 ], [ 141.744101373844728, 38.991127758100724 ], [ 141.743979354552096, 38.991962005022259 ], [ 141.74417798463773, 38.992064053673744 ], [ 141.744187989032696, 38.992301788914709 ], [ 141.743921721751377, 38.992417388574751 ], [ 141.743613505428044, 38.99286839254767 ], [ 141.743700995765238, 38.992132666166867 ], [ 141.743407811412681, 38.992315124632249 ], [ 141.743424105365676, 38.992593349358629 ], [ 141.743110376679994, 38.992580522514942 ], [ 141.742859262280831, 38.992921145595211 ], [ 141.743069246989393, 38.993001502278048 ], [ 141.742905412788957, 38.993277540926449 ], [ 141.742655115259225, 38.993386678151815 ], [ 141.742535329528664, 38.993223627048643 ], [ 141.742419544941271, 38.993737173811482 ], [ 141.742086899556625, 38.993810918341175 ], [ 141.742042737893883, 38.994058997912362 ], [ 141.742402753393776, 38.994136355800087 ], [ 141.742396547041352, 38.994285045629006 ], [ 141.741713934632145, 38.994523668093734 ], [ 141.742139358129833, 38.995382505555298 ], [ 141.742825238010596, 38.995664522350907 ], [ 141.743359353871625, 38.995547752902759 ], [ 141.743392723993026, 38.995267312563868 ], [ 141.743855115164223, 38.994868243962891 ], [ 141.744159938103849, 38.994874874571913 ], [ 141.743985042778974, 38.995013198155632 ], [ 141.744881347654967, 38.994778243345799 ], [ 141.744500569419813, 38.995064070952054 ], [ 141.744543624078972, 38.99527008826535 ], [ 141.744384486376248, 38.995280338887717 ], [ 141.744365306748165, 38.99558403549527 ], [ 141.744537414345075, 38.995684531470012 ], [ 141.74415123440545, 38.995901920510086 ], [ 141.743755441874129, 38.995827520431341 ], [ 141.744430462600519, 38.996161906552828 ], [ 141.744157200019174, 38.996190148471378 ], [ 141.744285460093408, 38.996555825608162 ], [ 141.744087354535282, 38.996320403349372 ], [ 141.743937389866829, 38.996419751978117 ], [ 141.744291560684815, 38.996854820569567 ], [ 141.743785324477415, 38.996804717863405 ], [ 141.743967055236112, 38.997022251195936 ], [ 141.744351438608021, 38.997106593545631 ], [ 141.743754431282468, 38.997277908928737 ], [ 141.743237395352793, 38.997103598359182 ], [ 141.742957689218599, 38.997262511763886 ], [ 141.742531587103883, 38.996977556444989 ], [ 141.742243384617581, 38.997008656492547 ], [ 141.742038582864069, 38.997241728525715 ], [ 141.742377728319013, 38.997314745861445 ], [ 141.742289416502615, 38.997446973083299 ], [ 141.741447328261387, 38.997412071550499 ], [ 141.741454642787886, 38.997799382783384 ], [ 141.74204346747041, 38.99798764185546 ], [ 141.74232237284744, 38.998398034540998 ], [ 141.742124884578828, 38.998568904567357 ], [ 141.742171917643134, 38.998818103867528 ], [ 141.741878645753303, 38.998813207881803 ], [ 141.741252473635853, 38.999588309778744 ], [ 141.74082287141033, 38.999755562445856 ], [ 141.739574725523482, 38.999742733531299 ], [ 141.739135863104195, 38.99991279641803 ], [ 141.738357325612839, 39.000420636866366 ], [ 141.738638301659677, 39.000902174607013 ], [ 141.738309140434552, 39.000439941722199 ], [ 141.738013081707834, 39.000492626442849 ], [ 141.737819643949706, 39.000353648347712 ], [ 141.737979703092918, 39.000499219129068 ], [ 141.737628674174687, 39.000767689556227 ], [ 141.737353334389582, 39.001355375681172 ], [ 141.737704365026815, 39.001990434711622 ], [ 141.737816031220973, 39.001786033956343 ], [ 141.73840343662485, 39.001677885453596 ], [ 141.739096931322564, 39.001014885747928 ], [ 141.739307821059015, 39.000987983883796 ], [ 141.738490370729693, 39.001705081393126 ], [ 141.737955177323556, 39.001833588920292 ], [ 141.738106679889086, 39.002488208316784 ], [ 141.738491320783112, 39.002590656871732 ], [ 141.738617845480235, 39.003188744247481 ], [ 141.738344127445089, 39.003988120919338 ], [ 141.737918590000731, 39.004567963309441 ], [ 141.738165761436932, 39.004852491795482 ], [ 141.737850642157753, 39.005038691675196 ], [ 141.737351053983616, 39.004969646194169 ], [ 141.737326227455981, 39.004473454503881 ], [ 141.73698127029931, 39.004491393727299 ], [ 141.736494597120867, 39.00480510642862 ], [ 141.735720579000599, 39.006034415107322 ], [ 141.735728733460206, 39.006589292453036 ], [ 141.735423951099705, 39.006681730581171 ], [ 141.735068332901847, 39.007223155771811 ], [ 141.735212001270071, 39.007349080918701 ], [ 141.735689462797097, 39.007308447161208 ], [ 141.735704187956088, 39.007557898265652 ], [ 141.73488412441796, 39.007533611302911 ], [ 141.734745182280193, 39.007686913401194 ], [ 141.734855374489996, 39.007904026349259 ], [ 141.734480536882614, 39.007935772327336 ], [ 141.734311554934038, 39.008450560484818 ], [ 141.733809394837749, 39.00836526165876 ], [ 141.733716565353717, 39.008874958426816 ], [ 141.73327338585247, 39.009249481522971 ], [ 141.733302298312111, 39.009622267974777 ], [ 141.733571193668638, 39.0098850324663 ], [ 141.73341307014789, 39.010615940476832 ], [ 141.732956255760854, 39.010187965682363 ], [ 141.732285121047397, 39.01034895137083 ], [ 141.731943903868427, 39.010663286415436 ], [ 141.731908501192095, 39.011604030867822 ], [ 141.731777260130968, 39.011632981847939 ], [ 141.731700978740577, 39.01126689433476 ], [ 141.731470963939785, 39.011792069755067 ], [ 141.731194437901621, 39.011922988699183 ], [ 141.731282591092878, 39.012868202018204 ], [ 141.731518321902058, 39.012969143480582 ], [ 141.731631836946434, 39.012815970430239 ], [ 141.731759104553561, 39.013020428590558 ], [ 141.731546146589125, 39.013249036594601 ], [ 141.731719261285662, 39.013518875564607 ], [ 141.731789932796516, 39.013267008868397 ], [ 141.731857589353808, 39.013408794485443 ], [ 141.731818868889292, 39.014264898419057 ], [ 141.731454366158658, 39.015110909431591 ], [ 141.731631418447904, 39.01532849677838 ], [ 141.731363942290301, 39.015448506981514 ], [ 141.732233291452502, 39.017977709458997 ], [ 141.732095093838808, 39.018006713124677 ], [ 141.73121875974536, 39.015473973707159 ], [ 141.731444370856394, 39.014693922243133 ], [ 141.731356296229507, 39.014485573709429 ], [ 141.729774941994151, 39.014250898371806 ], [ 141.729376446561929, 39.014332357513723 ], [ 141.728902643259715, 39.013938703141278 ], [ 141.728427082148926, 39.01395402971702 ], [ 141.727511009727976, 39.0144655179637 ], [ 141.727419792399871, 39.015561658080912 ], [ 141.727571791935361, 39.015710964934257 ], [ 141.727392465854365, 39.016046494006538 ], [ 141.726354228560467, 39.015846394386209 ], [ 141.72582352067073, 39.016253084254892 ], [ 141.725939047249057, 39.016714377386485 ], [ 141.725617027020547, 39.016631256376762 ], [ 141.725171924769825, 39.016952622651019 ], [ 141.725188921359745, 39.017205644776062 ], [ 141.724727274565566, 39.017224437252096 ], [ 141.724309250251054, 39.017769044559493 ], [ 141.723215906735049, 39.018516061954223 ], [ 141.723343514440472, 39.018927717936556 ], [ 141.722955186440913, 39.019174744428234 ], [ 141.722554569828446, 39.018997623979018 ], [ 141.722456245903373, 39.019263275689667 ], [ 141.721802551302403, 39.019162818060146 ], [ 141.721352643668865, 39.018645579381761 ], [ 141.720585477250296, 39.018609951410781 ], [ 141.719907406671553, 39.017852969667956 ], [ 141.720451875700007, 39.017906479894116 ], [ 141.721094732869915, 39.01769173334003 ], [ 141.721330081960446, 39.017217005010146 ], [ 141.721738484272862, 39.017003118906878 ], [ 141.721653002756739, 39.016360511057812 ], [ 141.721304391753137, 39.015632633664026 ], [ 141.721042886596791, 39.015590421644816 ], [ 141.721255310226695, 39.014763693767335 ], [ 141.721015789485847, 39.014352884967813 ], [ 141.721225992691757, 39.014268453207364 ], [ 141.718800479397146, 39.012733744634602 ], [ 141.719667017832791, 39.013419066475045 ], [ 141.720750209677931, 39.014625154129256 ], [ 141.720466563983365, 39.015304768933454 ], [ 141.720603840297485, 39.015935230728104 ], [ 141.720305583588328, 39.016371657501807 ], [ 141.719292142763464, 39.016491947268598 ], [ 141.718813294857426, 39.016980269200204 ], [ 141.71823265232689, 39.017272019637531 ], [ 141.718123597518371, 39.018151162904509 ], [ 141.718463986840561, 39.018771923655549 ], [ 141.718502682893444, 39.019282434462916 ], [ 141.718131500824057, 39.019242876299543 ], [ 141.717961609522035, 39.019046892755057 ], [ 141.717429806676563, 39.019731961845814 ], [ 141.717826571889304, 39.019141586935 ], [ 141.717257582571932, 39.018981980497323 ], [ 141.716267967585054, 39.01833451964675 ], [ 141.716121121759301, 39.017946508647512 ], [ 141.716060929523337, 39.016457834990014 ], [ 141.716166397494021, 39.01528953545337 ], [ 141.715651785241647, 39.015226773181489 ], [ 141.714650236767767, 39.017225182040491 ], [ 141.71560511508369, 39.01962230161444 ], [ 141.716182696093057, 39.01945853723565 ], [ 141.716557156958203, 39.01985383526889 ], [ 141.716376258009831, 39.019881382571867 ], [ 141.716430499627393, 39.020525069258035 ], [ 141.714758647600803, 39.021472719090141 ], [ 141.714807669635491, 39.021605644733846 ], [ 141.714710495700274, 39.02149651884011 ], [ 141.714059215158329, 39.021871681271435 ], [ 141.714450799814387, 39.021602056183994 ], [ 141.714135969063392, 39.021265714934124 ], [ 141.713608118544755, 39.021580947856179 ], [ 141.712687510394233, 39.022162133304711 ], [ 141.713083391650599, 39.022608671439379 ], [ 141.713987046094275, 39.022194694108222 ], [ 141.712513430474274, 39.022927347328412 ], [ 141.711921413245591, 39.022246826794714 ], [ 141.711615958409055, 39.022357573975526 ], [ 141.70991195975239, 39.023558328978325 ], [ 141.709651799604245, 39.02404060295175 ], [ 141.709666216949358, 39.024831467122162 ], [ 141.710254281302184, 39.025870191238006 ], [ 141.711455897787147, 39.026380984189558 ], [ 141.711350455751244, 39.026724090754357 ], [ 141.711546665977011, 39.027084707932787 ], [ 141.712247427172343, 39.027069592851902 ], [ 141.712263382886078, 39.027235212074558 ], [ 141.712598896277029, 39.027377737938025 ], [ 141.712975581845626, 39.028412616501157 ], [ 141.713352119828841, 39.028508875601645 ], [ 141.713753852372378, 39.028310416747658 ], [ 141.714220144494533, 39.028383477042539 ], [ 141.714531006259193, 39.028855828487707 ], [ 141.714556984016866, 39.029461929953172 ], [ 141.714291782313552, 39.029676464527192 ], [ 141.714348207312696, 39.029852615898236 ], [ 141.714586499968249, 39.029787763891662 ], [ 141.714492260494922, 39.030008260072449 ], [ 141.71461486179939, 39.030671272539593 ], [ 141.715153766822368, 39.031095104862622 ], [ 141.715568000887345, 39.03125321716265 ], [ 141.715682221300568, 39.03115150592695 ], [ 141.715687899881033, 39.031418050474777 ], [ 141.716040537108881, 39.031636093615994 ], [ 141.716464910820321, 39.031674344904459 ], [ 141.716417985068603, 39.032264739664569 ], [ 141.716617067179186, 39.032664104896128 ], [ 141.716592639650145, 39.033019199838954 ], [ 141.717242590839533, 39.03401420970625 ], [ 141.718874835483632, 39.034772080512887 ], [ 141.720613654294397, 39.035915634188548 ], [ 141.720763161324555, 39.035778462824602 ], [ 141.7211227974895, 39.036083776080673 ], [ 141.721067380949535, 39.036176108721641 ], [ 141.721710330317052, 39.035783875261387 ], [ 141.72197701263778, 39.035865599046893 ], [ 141.721723610703691, 39.035827901444868 ], [ 141.721281348036229, 39.036113258836451 ], [ 141.722148128530279, 39.036884976173894 ], [ 141.722306536136728, 39.037353958386099 ], [ 141.722774263403664, 39.037263067747922 ], [ 141.722575946662573, 39.036649270509287 ], [ 141.722057780473591, 39.036037972640266 ], [ 141.722624479992135, 39.036648057706138 ], [ 141.722830084481217, 39.037288752087015 ], [ 141.72231858548264, 39.037393559844958 ], [ 141.72281490738024, 39.03828244540987 ], [ 141.722373850424532, 39.038664142172962 ], [ 141.722635439676225, 39.038799107440624 ], [ 141.723276492062467, 39.038526661725875 ], [ 141.724811026666231, 39.040771538406716 ], [ 141.724155414170724, 39.045473470115525 ], [ 141.723622352081833, 39.045246902559214 ], [ 141.723484176979355, 39.045646989668533 ], [ 141.724029794318028, 39.045767193849514 ], [ 141.724137625655942, 39.045615906887335 ], [ 141.723418952919104, 39.047344621740585 ], [ 141.723594636912736, 39.047442375840973 ], [ 141.723399714337432, 39.047651047847452 ], [ 141.723862451224221, 39.047796163110043 ], [ 141.723957234467633, 39.047618937347544 ], [ 141.724033759438356, 39.047639961128723 ], [ 141.723821786879029, 39.048049618391069 ], [ 141.723843243461147, 39.0478332576401 ], [ 141.723379333249511, 39.047688151226509 ], [ 141.722990146630252, 39.048609034455914 ], [ 141.722600954900798, 39.048893077473856 ], [ 141.721745785531851, 39.052817235250039 ], [ 141.722229595499442, 39.054538628281989 ], [ 141.722751930913745, 39.054453585408773 ], [ 141.723171464152216, 39.054562082412083 ], [ 141.722303940762259, 39.054565088005944 ], [ 141.722458961460148, 39.05513417003791 ], [ 141.722599646944616, 39.05511058042611 ], [ 141.722696213947785, 39.055353067215897 ], [ 141.722387450993807, 39.055418471034258 ], [ 141.722439983929263, 39.05564778036392 ], [ 141.724308529502025, 39.056132604989173 ], [ 141.723960770812795, 39.055126337706618 ], [ 141.723443816293241, 39.054994233011875 ], [ 141.723999666559166, 39.055097186778468 ], [ 141.724352537990256, 39.056143951755004 ], [ 141.724592491655415, 39.056204265790548 ], [ 141.726371796047687, 39.061497415457417 ], [ 141.726228032594349, 39.061549888354371 ], [ 141.726182062840309, 39.061113344771613 ], [ 141.725475097160029, 39.061584418151639 ], [ 141.725465379543408, 39.061729537780671 ], [ 141.726088668926451, 39.061678824527185 ], [ 141.725921379528558, 39.061790944940725 ], [ 141.724611068659271, 39.061699878292821 ], [ 141.724598031532253, 39.06193242967322 ], [ 141.725458784792664, 39.06202868663803 ], [ 141.725549604039458, 39.062264878705051 ], [ 141.725048120848584, 39.062725445140074 ], [ 141.724830192101763, 39.062666723540083 ], [ 141.722471265511757, 39.064812432996604 ], [ 141.721876493226688, 39.065752884625994 ], [ 141.72270014540976, 39.066375362171776 ], [ 141.725032181214885, 39.064291150535865 ], [ 141.727912237012134, 39.066257266525163 ], [ 141.727819934413276, 39.066353472379006 ], [ 141.728220977973308, 39.066456669729803 ], [ 141.728143866544116, 39.066568947071083 ], [ 141.728341137318893, 39.066726908956447 ], [ 141.725343924466188, 39.06947928115698 ], [ 141.725394018618402, 39.06978517419109 ], [ 141.724774172767695, 39.070849057937679 ], [ 141.724974279607181, 39.070974277958335 ], [ 141.727360471492858, 39.068732665505344 ], [ 141.728353887850545, 39.069728268423077 ], [ 141.728521081043681, 39.069614387282897 ], [ 141.72872638693309, 39.069856946896195 ], [ 141.728552186884798, 39.069966378014662 ], [ 141.728906380547386, 39.070380778244328 ], [ 141.729188541050831, 39.07030563666607 ], [ 141.729170173814936, 39.070494030141028 ], [ 141.729561926496473, 39.070950435072334 ] ] ] } },
{ "type": "Feature", "properties": { "CITY_NAME": "大船渡市", "S_NAME": "大船渡町字富沢", "JINKO": 438, "medical_area": "03_気仙医療圏", "町丁目名": "大船渡市大船渡町字富沢" }, "geometry": { "type": "Polygon", "coordinates": [ [ [ 141.711965959762836, 39.075169194815622 ], [ 141.712101429227317, 39.074701650888876 ], [ 141.71233324923702, 39.074728199185977 ], [ 141.71423959271317, 39.071972821903202 ], [ 141.715212062961172, 39.070287714582399 ], [ 141.713573971824133, 39.069398397040189 ], [ 141.70897208864622, 39.06839510346137 ], [ 141.708999216774998, 39.06984284239303 ], [ 141.710241440728197, 39.070146897623054 ], [ 141.710389303772246, 39.069838040292233 ], [ 141.711172127325426, 39.069999101741949 ], [ 141.711895449551264, 39.071225892593006 ], [ 141.711671141517115, 39.072190452234324 ], [ 141.711043646393961, 39.071892306206308 ], [ 141.71008412381596, 39.071752464631274 ], [ 141.709365308964692, 39.071861658948499 ], [ 141.708456273012814, 39.07371022143748 ], [ 141.708592036564625, 39.074167006370637 ], [ 141.71091496408971, 39.07505435384769 ], [ 141.711440359636583, 39.074729914169083 ], [ 141.711965959762836, 39.075169194815622 ] ] ] } },
{ "type": "Feature", "properties": { "CITY_NAME": "大船渡市", "S_NAME": "大船渡町字地ノ森", "JINKO": 519, "medical_area": "03_気仙医療圏", "町丁目名": "大船渡市大船渡町字地ノ森" }, "geometry": { "type": "Polygon", "coordinates": [ [ [ 141.716675810361636, 39.077724028737499 ], [ 141.719253899631298, 39.072097071137627 ], [ 141.714948380874887, 39.070693594467436 ], [ 141.71423959271317, 39.071972821903202 ], [ 141.712398890138559, 39.0745329742495 ], [ 141.712372051832318, 39.074929536671632 ], [ 141.71259153548877, 39.075385965828687 ], [ 141.712950309620709, 39.075543653171763 ], [ 141.712845838804242, 39.076621552250508 ], [ 141.71350643250193, 39.076734458943577 ], [ 141.713809087052795, 39.076265442052495 ], [ 141.713793904478649, 39.07664002841458 ], [ 141.714635193497827, 39.077152571585614 ], [ 141.714849897645593, 39.076755296336536 ], [ 141.715117529978869, 39.076843921616728 ], [ 141.715039920936476, 39.077243751426408 ], [ 141.716675810361636, 39.077724028737499 ] ] ] } },
{ "type": "Feature", "properties": { "CITY_NAME": "大船渡市", "S_NAME": "大船渡町字赤沢", "JINKO": 699, "medical_area": "03_気仙医療圏", "町丁目名": "大船渡市大船渡町字赤沢" }, "geometry": { "type": "Polygon", "coordinates": [ [ [ 141.716882941830193, 39.068378668237372 ], [ 141.71726918201017, 39.066906080097091 ], [ 141.715811219364554, 39.066297075759842 ], [ 141.71561907179418, 39.064879245659228 ], [ 141.71366669204599, 39.065031615049165 ], [ 141.712663000948908, 39.064694319734954 ], [ 141.710708332940271, 39.06482272492854 ], [ 141.709945741077377, 39.066363777797783 ], [ 141.713133860167972, 39.066786027849609 ], [ 141.713113200504182, 39.067763923282058 ], [ 141.711617882906154, 39.067712739186817 ], [ 141.709512730492264, 39.067267139325729 ], [ 141.70897208864622, 39.06839510346137 ], [ 141.713573971824133, 39.069398397040189 ], [ 141.715212062961172, 39.070287714582399 ], [ 141.715930290956521, 39.06981626218348 ], [ 141.716882941830193, 39.068378668237372 ] ] ] } },
{ "type": "Feature", "properties": { "CITY_NAME": "大船渡市", "S_NAME": "大船渡町字山馬越", "JINKO": 454, "medical_area": "03_気仙医療圏", "町丁目名": "大船渡市大船渡町字山馬越" }, "geometry": { "type": "Polygon", "coordinates": [ [ [ 141.709365308964692, 39.071861658948499 ], [ 141.71008412381596, 39.071752464631274 ], [ 141.711043646393961, 39.071892306206308 ], [ 141.711671141517115, 39.072190452234324 ], [ 141.711895449551264, 39.071225892593006 ], [ 141.711172127325426, 39.069999101741949 ], [ 141.710389303772246, 39.069838040292233 ], [ 141.710241440728197, 39.070146897623054 ], [ 141.708999216774998, 39.06984284239303 ], [ 141.70897208864622, 39.06839510346137 ], [ 141.709512730492293, 39.067267139325729 ], [ 141.711617882906239, 39.067712739186817 ], [ 141.713113200504182, 39.067763923282058 ], [ 141.713157385112879, 39.066847992196607 ], [ 141.709945741077377, 39.066363777797783 ], [ 141.711242597676659, 39.063767150702979 ], [ 141.709519114778232, 39.063551980331411 ], [ 141.708251146577993, 39.059974641677975 ], [ 141.708558147661961, 39.059364147056279 ], [ 141.708097179099582, 39.059081017696414 ], [ 141.708005823048808, 39.058468715574165 ], [ 141.707829834311696, 39.058441387760617 ], [ 141.708512510554328, 39.057213411667213 ], [ 141.708082554918462, 39.057421281692399 ], [ 141.707679095410214, 39.057887942211082 ], [ 141.706831561499342, 39.058050858900501 ], [ 141.705780770584283, 39.058010488450627 ], [ 141.703590937686243, 39.057039331211101 ], [ 141.70254194172162, 39.055890970554174 ], [ 141.702059386840489, 39.055581446626832 ], [ 141.699295489074444, 39.055017797566592 ], [ 141.694339206772355, 39.054518499032028 ], [ 141.693006214044317, 39.054130872044887 ], [ 141.691682507558568, 39.053237365235823 ], [ 141.691242271495668, 39.052602340214136 ], [ 141.689083278325683, 39.051594420663363 ], [ 141.687692059154756, 39.051496196242418 ], [ 141.686359048430802, 39.05174076439161 ], [ 141.685628971253777, 39.052100151067819 ], [ 141.684735975820104, 39.052908743934566 ], [ 141.680135804562752, 39.052733041841776 ], [ 141.680534921865416, 39.053251510558269 ], [ 141.680572045310555, 39.053869006038305 ], [ 141.680355263269206, 39.054373904213151 ], [ 141.67990765311248, 39.05485351578178 ], [ 141.678915191641096, 39.055510745759854 ], [ 141.678775736387735, 39.055743712552726 ], [ 141.678913915102527, 39.05635217535982 ], [ 141.678382996790191, 39.057059980653293 ], [ 141.678367776108388, 39.057371224845497 ], [ 141.67872742301688, 39.058360025015489 ], [ 141.679709210589465, 39.058899198500711 ], [ 141.679956345393038, 39.059897182563283 ], [ 141.680352318235947, 39.060307499579778 ], [ 141.683088328802199, 39.061632151813711 ], [ 141.68443351689686, 39.062761293709869 ], [ 141.684690155282198, 39.06340429157666 ], [ 141.684524855195235, 39.065144780113414 ], [ 141.683960870108848, 39.066576251905232 ], [ 141.683663557666023, 39.066737884745535 ], [ 141.684194352072495, 39.067147142941437 ], [ 141.685266824185533, 39.06769336188929 ], [ 141.688452307157917, 39.068671072639475 ], [ 141.692920908759589, 39.068909068513058 ], [ 141.695916463275694, 39.069529258103245 ], [ 141.697690739790602, 39.070661982695086 ], [ 141.70124026698295, 39.073638483444824 ], [ 141.702767097754332, 39.074332325147346 ], [ 141.703463296800521, 39.074465581309475 ], [ 141.707931471384114, 39.074876487226391 ], [ 141.709365308964692, 39.071861658948499 ] ] ] } },
{ "type": "Feature", "properties": { "CITY_NAME": "大船渡市", "S_NAME": "大船渡町字新田", "JINKO": 346, "medical_area": "03_気仙医療圏", "町丁目名": "大船渡市大船渡町字新田" }, "geometry": { "type": "Polygon", "coordinates": [ [ [ 141.721226661719044, 39.068680048827574 ], [ 141.719445772870642, 39.06774615538162 ], [ 141.719275508625941, 39.068119172139291 ], [ 141.719045963894445, 39.068056517519153 ], [ 141.718512717288831, 39.06830173451727 ], [ 141.718282538982493, 39.068066520083867 ], [ 141.718645866375113, 39.06655441049157 ], [ 141.718111073934125, 39.066467039307007 ], [ 141.717815451121311, 39.067116526763265 ], [ 141.71726918201017, 39.066906080097091 ], [ 141.71680630292488, 39.068530485493035 ], [ 141.715930290956521, 39.06981626218348 ], [ 141.71528718885466, 39.070216420053178 ], [ 141.714948380874887, 39.070693594467436 ], [ 141.719253899631298, 39.072097071137627 ], [ 141.720868388564128, 39.070260672255323 ], [ 141.72113270320142, 39.069634921087157 ], [ 141.721226661719044, 39.068680048827574 ] ] ] } },
{ "type": "Feature", "properties": { "CITY_NAME": "大船渡市", "S_NAME": "大船渡町字砂森", "JINKO": 0, "medical_area": "03_気仙医療圏", "町丁目名": "大船渡市大船渡町字砂森" }, "geometry": { "type": "Polygon", "coordinates": [ [ [ 141.724974279607267, 39.070974277958335 ], [ 141.724774172767724, 39.070849057937693 ], [ 141.725394018618402, 39.06978517419109 ], [ 141.725343924466216, 39.06947928115698 ], [ 141.728341137318893, 39.066726908956447 ], [ 141.728143866544116, 39.066568947071083 ], [ 141.72822097797328, 39.066456669729803 ], [ 141.727819934413276, 39.066353472379006 ], [ 141.727912237012134, 39.066257266525163 ], [ 141.725032181214885, 39.064291150535865 ], [ 141.72270014540976, 39.066375362171776 ], [ 141.721876493226688, 39.065752884625994 ], [ 141.721629623759014, 39.066277936824925 ], [ 141.721966033636932, 39.066331893012148 ], [ 141.722765444200178, 39.066943011343426 ], [ 141.721387908823345, 39.068280284301167 ], [ 141.720953684651818, 39.070101255951663 ], [ 141.719253899631298, 39.072097071137648 ], [ 141.716563985273865, 39.077965350099412 ], [ 141.720826504318381, 39.079062023009911 ], [ 141.722053179893379, 39.075959028467622 ], [ 141.724157574083989, 39.071900389254047 ], [ 141.724974279607267, 39.070974277958335 ] ] ] } },
{ "type": "Feature", "properties": { "CITY_NAME": "大船渡市", "S_NAME": "大船渡町字台", "JINKO": 314, "medical_area": "03_気仙医療圏", "町丁目名": "大船渡市大船渡町字台" }, "geometry": { "type": "Polygon", "coordinates": [ [ [ 141.721749963933348, 39.067825508311039 ], [ 141.722765444200178, 39.066943011343426 ], [ 141.721966033636932, 39.066331893012148 ], [ 141.721629623759014, 39.066277936824925 ], [ 141.722471265511757, 39.064812432996604 ], [ 141.72217050223415, 39.064513649584228 ], [ 141.72167078687491, 39.064490141561485 ], [ 141.721282895072505, 39.065433312440668 ], [ 141.719202627365377, 39.064553481233737 ], [ 141.718550412306399, 39.064006599164991 ], [ 141.717990207070841, 39.063884933957404 ], [ 141.71726918201017, 39.066906080097091 ], [ 141.717815451121311, 39.067116526763265 ], [ 141.718111073934125, 39.066467039307007 ], [ 141.718645866375113, 39.06655441049157 ], [ 141.718282538982493, 39.068066520083867 ], [ 141.718512717288831, 39.06830173451727 ], [ 141.719045963894445, 39.068056517519153 ], [ 141.719275508625941, 39.068119172139291 ], [ 141.719445772870642, 39.06774615538162 ], [ 141.721226661719044, 39.068680048827574 ], [ 141.721749963933348, 39.067825508311039 ] ] ] } },
{ "type": "Feature", "properties": { "CITY_NAME": "大船渡市", "S_NAME": "大船渡町字上山", "JINKO": 523, "medical_area": "03_気仙医療圏", "町丁目名": "大船渡市大船渡町字上山" }, "geometry": { "type": "Polygon", "coordinates": [ [ [ 141.71726918201017, 39.066906080097091 ], [ 141.717990207070841, 39.063884933957404 ], [ 141.717056710719845, 39.063790226562737 ], [ 141.716879066004225, 39.063624917477505 ], [ 141.716242245021959, 39.063980623184634 ], [ 141.715576451301274, 39.063601321122079 ], [ 141.715543411959942, 39.062677528914499 ], [ 141.714814577103937, 39.061738290166055 ], [ 141.712882993461676, 39.062436325271143 ], [ 141.711952309595119, 39.062369281674897 ], [ 141.711147904255654, 39.062773439707229 ], [ 141.710699307346971, 39.063276971504962 ], [ 141.710206736872493, 39.063235694173812 ], [ 141.709519114778232, 39.063551980331411 ], [ 141.711242597676659, 39.063767150702979 ], [ 141.710708332940271, 39.06482272492854 ], [ 141.712663000948908, 39.064694319734954 ], [ 141.71366669204599, 39.065031615049165 ], [ 141.71561907179418, 39.064879245659228 ], [ 141.715811219364554, 39.066297075759842 ], [ 141.71726918201017, 39.066906080097091 ] ] ] } },
{ "type": "Feature", "properties": { "CITY_NAME": "大船渡市", "S_NAME": "大船渡町字茶屋前", "JINKO": 121, "medical_area": "03_気仙医療圏", "町丁目名": "大船渡市大船渡町字茶屋前" }, "geometry": { "type": "Polygon", "coordinates": [ [ [ 141.721282895072505, 39.065433312440668 ], [ 141.72167078687491, 39.064490141561485 ], [ 141.72217050223415, 39.064513649584228 ], [ 141.722471265511757, 39.064812432996604 ], [ 141.724830192101763, 39.062666723540083 ], [ 141.725048120848584, 39.062725445140074 ], [ 141.725549604039458, 39.062264878705051 ], [ 141.725489329663731, 39.062067159829319 ], [ 141.724598031532253, 39.061932429673206 ], [ 141.724603711868724, 39.061824430105148 ], [ 141.721849312157389, 39.061684367236303 ], [ 141.72018254387271, 39.061419663492671 ], [ 141.71937699772343, 39.061505573488951 ], [ 141.718304773884626, 39.061869229949828 ], [ 141.717990207070841, 39.063884933957404 ], [ 141.718550412306399, 39.064006599164991 ], [ 141.719202627365377, 39.064553481233737 ], [ 141.721282895072505, 39.065433312440668 ] ] ] } },
{ "type": "Feature", "properties": { "CITY_NAME": "大船渡市", "S_NAME": "大船渡町字明神前", "JINKO": 1049, "medical_area": "03_気仙医療圏", "町丁目名": "大船渡市大船渡町字明神前" }, "geometry": { "type": "Polygon", "coordinates": [ [ [ 141.716242245021959, 39.063980623184634 ], [ 141.716879066004225, 39.063624917477505 ], [ 141.717056710719845, 39.063790226562737 ], [ 141.717990207070841, 39.063884933957404 ], [ 141.718304773884626, 39.061869229949828 ], [ 141.717137814203767, 39.061942305705472 ], [ 141.716586990613223, 39.061696559430786 ], [ 141.716452109748303, 39.061334576970594 ], [ 141.716468778281325, 39.060438275350492 ], [ 141.716143410702614, 39.059893269858385 ], [ 141.713436906600521, 39.058554189363988 ], [ 141.710937271287889, 39.059614327389397 ], [ 141.710445413080862, 39.059606402919982 ], [ 141.709366777945036, 39.058844766552404 ], [ 141.709217022717013, 39.057978841145207 ], [ 141.708512510554328, 39.057213411667213 ], [ 141.707829834311724, 39.058441387760617 ], [ 141.708005823048865, 39.058468715574165 ], [ 141.708097179099582, 39.059081017696414 ], [ 141.708558147661961, 39.059364147056279 ], [ 141.708251146577993, 39.059974641677975 ], [ 141.709519114778232, 39.063551980331411 ], [ 141.710206736872493, 39.063235694173812 ], [ 141.710699307346971, 39.063276971504962 ], [ 141.711147904255654, 39.062773439707229 ], [ 141.711952309595119, 39.062369281674897 ], [ 141.712882993461676, 39.062436325271143 ], [ 141.714814577103937, 39.061738290166055 ], [ 141.715543411959942, 39.062677528914499 ], [ 141.715576451301274, 39.063601321122079 ], [ 141.716242245021959, 39.063980623184634 ] ] ] } },
{ "type": "Feature", "properties": { "CITY_NAME": "大船渡市", "S_NAME": "末崎町字神坂", "JINKO": 234, "medical_area": "03_気仙医療圏", "町丁目名": "大船渡市末崎町字神坂" }, "geometry": { "type": "Polygon", "coordinates": [ [ [ 141.717433179502052, 39.019727432171088 ], [ 141.717961609522035, 39.019046892755043 ], [ 141.717786342537124, 39.018292077264192 ], [ 141.717845324586705, 39.017361162620738 ], [ 141.719865751868099, 39.015475699989004 ], [ 141.719770302783928, 39.014432644547853 ], [ 141.719180713313335, 39.013720945174541 ], [ 141.718499550963173, 39.013842369755331 ], [ 141.7176810871116, 39.013646509121891 ], [ 141.71663444177824, 39.012457642998662 ], [ 141.71739592660046, 39.011864227655927 ], [ 141.716240801011764, 39.010155801688065 ], [ 141.716390738508409, 39.009218919035227 ], [ 141.715692782685664, 39.008801499145385 ], [ 141.71447955086569, 39.008835077242971 ], [ 141.715967460554936, 39.010565356150082 ], [ 141.716384717102272, 39.011444113204341 ], [ 141.716357368405113, 39.012381124770187 ], [ 141.715990250203191, 39.013227168218144 ], [ 141.716079023538242, 39.013870668943831 ], [ 141.715519481386679, 39.014947807040592 ], [ 141.715740650888165, 39.015083164473467 ], [ 141.715651785241647, 39.015226773181489 ], [ 141.716166397494021, 39.01528953545337 ], [ 141.716060929523394, 39.016457834990014 ], [ 141.716260888687657, 39.018323805273042 ], [ 141.71725758257196, 39.018981980497315 ], [ 141.717826571889304, 39.019141586934971 ], [ 141.717433179502052, 39.019727432171088 ] ] ] } },
{ "type": "Feature", "properties": { "CITY_NAME": "大船渡市", "S_NAME": "末崎町字山岸", "JINKO": 138, "medical_area": "03_気仙医療圏", "町丁目名": "大船渡市末崎町字山岸" }, "geometry": { "type": "Polygon", "coordinates": [ [ [ 141.71823265232689, 39.017272019637531 ], [ 141.718813294857426, 39.016980269200204 ], [ 141.719309371439806, 39.016484638675109 ], [ 141.720334063642753, 39.016340826329518 ], [ 141.720603840297485, 39.015935230728076 ], [ 141.720466563983337, 39.015304768933454 ], [ 141.720750209677931, 39.014625154129256 ], [ 141.719667017832791, 39.013419066475045 ], [ 141.718800479397146, 39.012733744634602 ], [ 141.721225992691842, 39.014268453207364 ], [ 141.721015789485847, 39.014352884967821 ], [ 141.72125531022661, 39.014763693767335 ], [ 141.721042886596848, 39.015590421644816 ], [ 141.721304391753137, 39.015632633664026 ], [ 141.721653002756739, 39.016360511057812 ], [ 141.721738484272862, 39.017003118906878 ], [ 141.721330081960446, 39.017217005010146 ], [ 141.721094732869915, 39.017691733340065 ], [ 141.720451875700007, 39.017906479894094 ], [ 141.719907406671553, 39.017852969667956 ], [ 141.720585477250353, 39.018609951410774 ], [ 141.721352643668837, 39.018645579381761 ], [ 141.721802551302403, 39.019162818060117 ], [ 141.722456245903373, 39.019263275689667 ], [ 141.722554569828446, 39.018997623979018 ], [ 141.722955186440942, 39.019174744428241 ], [ 141.723343514440472, 39.018927717936563 ], [ 141.723215906735049, 39.018516061954223 ], [ 141.724309250251054, 39.017769044559493 ], [ 141.724727274565566, 39.017224437252096 ], [ 141.725188921359745, 39.017205644776062 ], [ 141.725171924769825, 39.016952622651019 ], [ 141.725617027020547, 39.016631256376762 ], [ 141.725939047249057, 39.016714377386485 ], [ 141.72582352067073, 39.016253084254892 ], [ 141.726354228560467, 39.015846394386209 ], [ 141.727392465854393, 39.016046494006517 ], [ 141.727571791935361, 39.015710964934257 ], [ 141.727419792399871, 39.015561658080912 ], [ 141.727511009727976, 39.0144655179637 ], [ 141.728427082148954, 39.01395402971702 ], [ 141.728902643259744, 39.013938703141278 ], [ 141.729376446561929, 39.014332357513709 ], [ 141.729774941994151, 39.014250898371806 ], [ 141.731356296229507, 39.014485573709436 ], [ 141.731444370856394, 39.014693922243133 ], [ 141.73121875974536, 39.015473973707159 ], [ 141.732095093838808, 39.018006713124677 ], [ 141.732233291452445, 39.017977709458982 ], [ 141.731363942290329, 39.0154485069815 ], [ 141.731631418447904, 39.01532849677838 ], [ 141.731454366158658, 39.015110909431591 ], [ 141.73171113955857, 39.014695459648784 ], [ 141.731874939276111, 39.013772660754526 ], [ 141.731837552688035, 39.013287334013214 ], [ 141.731719261285662, 39.013518875564607 ], [ 141.731546146589153, 39.013249036594587 ], [ 141.731747825147636, 39.012949361812872 ], [ 141.7316051020656, 39.012806323517317 ], [ 141.73151832190203, 39.012969143480589 ], [ 141.731282591092906, 39.012868202018225 ], [ 141.73119891403158, 39.011913101814393 ], [ 141.731470963939785, 39.01179206975506 ], [ 141.731700978740605, 39.01126689433476 ], [ 141.731777260130968, 39.011632981847939 ], [ 141.731908501192095, 39.011604030867822 ], [ 141.731943903868455, 39.010663286415436 ], [ 141.732285121047397, 39.010348951370851 ], [ 141.732956255760854, 39.010187965682363 ], [ 141.73341307014789, 39.010615940476832 ], [ 141.73357119366861, 39.0098850324663 ], [ 141.733302298312111, 39.009622267974777 ], [ 141.73327338585247, 39.009249481522986 ], [ 141.733716565353717, 39.008874958426794 ], [ 141.733809394837749, 39.00836526165876 ], [ 141.734311554934038, 39.008450560484818 ], [ 141.734480536882614, 39.007935772327336 ], [ 141.734855374489968, 39.007904026349259 ], [ 141.73474518228025, 39.007686913401216 ], [ 141.73488412441796, 39.007533611302911 ], [ 141.735704187956088, 39.007557898265667 ], [ 141.735689462797097, 39.007308447161201 ], [ 141.735212001270071, 39.007349080918686 ], [ 141.735068332901847, 39.007223155771811 ], [ 141.735423951099705, 39.006681730581171 ], [ 141.735728733460235, 39.006589292453036 ], [ 141.735720579000599, 39.006034415107322 ], [ 141.736494597120867, 39.004805106428613 ], [ 141.736981270299367, 39.004491393727307 ], [ 141.737326227455981, 39.004473454503881 ], [ 141.737351053983616, 39.004969646194169 ], [ 141.737850642157724, 39.005038691675196 ], [ 141.738165761436932, 39.004852491795482 ], [ 141.737918590000731, 39.004567963309441 ], [ 141.73834412744506, 39.003988120919338 ], [ 141.738617845480206, 39.003188744247467 ], [ 141.738491320783112, 39.002590656871732 ], [ 141.738106679889114, 39.002488208316784 ], [ 141.737955177323499, 39.001833588920292 ], [ 141.738490370729693, 39.001705081393119 ], [ 141.739307821059015, 39.000987983883796 ], [ 141.739096931322564, 39.001014885747928 ], [ 141.738403436624822, 39.001677885453596 ], [ 141.737816031220973, 39.001786033956343 ], [ 141.737704365026815, 39.001990434711622 ], [ 141.73735333438961, 39.001355375681172 ], [ 141.737628674174715, 39.00076768955622 ], [ 141.737979703092918, 39.000499219129068 ], [ 141.737866738643561, 39.000425351921145 ], [ 141.737819643949706, 39.000353648347712 ], [ 141.738013081707834, 39.000492626442849 ], [ 141.738309140434552, 39.000439941722199 ], [ 141.738679633964551, 39.000882993127199 ], [ 141.738357325612839, 39.00042063686633 ], [ 141.739446946681539, 38.999772581093715 ], [ 141.74082287141033, 38.999755562445856 ], [ 141.741252473635882, 38.999588309778737 ], [ 141.741878645753303, 38.998813207881803 ], [ 141.742171917643134, 38.998818103867528 ], [ 141.742124884578828, 38.998568904567357 ], [ 141.742322372847383, 38.998398034541019 ], [ 141.742239944063698, 38.998180640773789 ], [ 141.741592358675859, 38.997827167170911 ], [ 141.733352333808739, 38.998274392603371 ], [ 141.73098224107693, 38.999474449338059 ], [ 141.730405107947973, 38.997317904560127 ], [ 141.725088117189273, 38.998614705134138 ], [ 141.725254226525777, 39.003205493212491 ], [ 141.719672283332329, 39.003399660930036 ], [ 141.719473149283345, 39.003926407978049 ], [ 141.717722453231971, 39.003665416044484 ], [ 141.715955948409544, 39.004225411595272 ], [ 141.715526628713292, 39.004045672170172 ], [ 141.715153795462783, 39.004633755083191 ], [ 141.715038426091411, 39.005406816497192 ], [ 141.71553062086798, 39.007075570633368 ], [ 141.715629070605416, 39.008076521646487 ], [ 141.716390738508409, 39.009218919035227 ], [ 141.716240801011764, 39.010155801688065 ], [ 141.71739592660046, 39.011864227655927 ], [ 141.71663444177824, 39.012457642998662 ], [ 141.71783925792252, 39.013743208395077 ], [ 141.718499550963173, 39.013842369755331 ], [ 141.719180713313335, 39.013720945174541 ], [ 141.719770302783928, 39.014432644547853 ], [ 141.719886066916501, 39.014909283074296 ], [ 141.719865751868099, 39.015475699989004 ], [ 141.717845324586705, 39.017361162620738 ], [ 141.717786342537124, 39.018292077264192 ], [ 141.717966862074405, 39.019099143880958 ], [ 141.718399251671116, 39.019321925346233 ], [ 141.718516245855739, 39.01925622263601 ], [ 141.71847356218305, 39.01880162217514 ], [ 141.71812499368977, 39.018075495404815 ], [ 141.71823265232689, 39.017272019637531 ] ] ] } },
{ "type": "Feature", "properties": { "CITY_NAME": "大船渡市", "S_NAME": "末崎町字門之浜", "JINKO": 165, "medical_area": "03_気仙医療圏", "町丁目名": "大船渡市末崎町字門之浜" }, "geometry": { "type": "Polygon", "coordinates": [ [ [ 141.717545670767777, 39.003687023920115 ], [ 141.719473149283345, 39.003926407978049 ], [ 141.719672283332329, 39.003399660930036 ], [ 141.725254226525777, 39.003205493212491 ], [ 141.72511774940196, 38.998904861057596 ], [ 141.723480918484256, 38.99866969390996 ], [ 141.721701839527128, 38.997756857452607 ], [ 141.721011747642791, 38.997162484110177 ], [ 141.719928723835096, 38.997185915665732 ], [ 141.719856473666908, 38.997997855750675 ], [ 141.719628315262923, 38.998013805041239 ], [ 141.719337764604376, 38.998404920321441 ], [ 141.719327180116721, 38.999115257732157 ], [ 141.718635874166552, 38.999460359233957 ], [ 141.718251131049044, 38.999366928271932 ], [ 141.71723691765672, 39.000143212281337 ], [ 141.715858920343095, 39.001987551906076 ], [ 141.715890571948449, 39.003222591560856 ], [ 141.715526628713292, 39.004045672170172 ], [ 141.715955948409544, 39.004225411595272 ], [ 141.717545670767777, 39.003687023920115 ] ] ] } },
{ "type": "Feature", "properties": { "CITY_NAME": "大船渡市", "S_NAME": "末崎町字中森", "JINKO": 220, "medical_area": "03_気仙医療圏", "町丁目名": "大船渡市末崎町字中森" }, "geometry": { "type": "Polygon", "coordinates": [ [ [ 141.741468635090939, 38.997448855559085 ], [ 141.742289416502615, 38.997446973083299 ], [ 141.74237772831907, 38.997314745861445 ], [ 141.742039399460879, 38.997221031172877 ], [ 141.742456500312812, 38.9969736368529 ], [ 141.742957689218599, 38.997262511763893 ], [ 141.743237395352793, 38.997103598359182 ], [ 141.743754431282497, 38.997277908928716 ], [ 141.744352393062258, 38.997096662037038 ], [ 141.743967055236112, 38.997022251195908 ], [ 141.7437854864678, 38.996817313979506 ], [ 141.742828223077481, 38.996640944259845 ], [ 141.741953120470328, 38.996597999182939 ], [ 141.741225925934287, 38.996758914303776 ], [ 141.740538564291171, 38.99644578961064 ], [ 141.73991504678915, 38.996540155447946 ], [ 141.738901893607675, 38.996273469151816 ], [ 141.738155014274042, 38.995296343700133 ], [ 141.737814954088407, 38.995426224592364 ], [ 141.735196222675455, 38.9947601429703 ], [ 141.734204634240626, 38.994327575887489 ], [ 141.733221734890122, 38.994442136304862 ], [ 141.733021885694086, 38.994236342012286 ], [ 141.732972006629637, 38.993824517228575 ], [ 141.731899696346517, 38.992969584397585 ], [ 141.730646007463946, 38.992423734453205 ], [ 141.729700919303582, 38.992411011864135 ], [ 141.729381686439723, 38.991578277609491 ], [ 141.728574691924223, 38.9919016716971 ], [ 141.727535664545599, 38.992011691240407 ], [ 141.727489756716722, 38.992211426647209 ], [ 141.72795018170163, 38.992286509146275 ], [ 141.727774044389804, 38.992535242327136 ], [ 141.727700314635115, 38.993416459591224 ], [ 141.72715706367083, 38.993874144003058 ], [ 141.727122948654994, 38.994072029354101 ], [ 141.729042358449021, 38.994394985092214 ], [ 141.730119911679083, 38.995002873861921 ], [ 141.731011295352147, 38.996026576949198 ], [ 141.731504294159151, 38.99630000420084 ], [ 141.732007794510196, 38.99631315936599 ], [ 141.732620524113202, 38.996064996785819 ], [ 141.732640063500554, 38.996360578684346 ], [ 141.731937010596255, 38.997110042828645 ], [ 141.732220480146111, 38.997366571365326 ], [ 141.73219889071936, 38.997526990540059 ], [ 141.732965922779755, 38.998086363541972 ], [ 141.731549470837649, 38.998616459783285 ], [ 141.73098224107693, 38.999474449338059 ], [ 141.733352333808739, 38.998274392603371 ], [ 141.741592358675859, 38.997827167170911 ], [ 141.741447584782577, 38.997790429115867 ], [ 141.741468635090939, 38.997448855559085 ] ] ] } },
{ "type": "Feature", "properties": { "CITY_NAME": "大船渡市", "S_NAME": "末崎町字山根", "JINKO": 148, "medical_area": "03_気仙医療圏", "町丁目名": "大船渡市末崎町字山根" }, "geometry": { "type": "Polygon", "coordinates": [ [ [ 141.729111740015981, 38.994433090903456 ], [ 141.728291839763443, 38.9942020658141 ], [ 141.726750579824795, 38.994072207995686 ], [ 141.726424875327496, 38.994225594394585 ], [ 141.726196772388164, 38.995252688194711 ], [ 141.726604602517966, 38.996225084068556 ], [ 141.727148155991131, 38.996353725836194 ], [ 141.727743421133482, 38.997126990127008 ], [ 141.727658612443804, 38.997987808478761 ], [ 141.730405107947973, 38.997317904560127 ], [ 141.730982241076958, 38.999474449338116 ], [ 141.731549470837649, 38.998616459783285 ], [ 141.732965922779726, 38.998086363541972 ], [ 141.73219889071936, 38.997526990540059 ], [ 141.732220480146111, 38.997366571365326 ], [ 141.731937010596255, 38.997110042828645 ], [ 141.732640063500554, 38.996360578684346 ], [ 141.732620524113202, 38.996064996785819 ], [ 141.731877761850399, 38.996335696816324 ], [ 141.731282124153836, 38.996218526957364 ], [ 141.730119911679083, 38.995002873861921 ], [ 141.729111740015981, 38.994433090903456 ] ] ] } },
{ "type": "Feature", "properties": { "CITY_NAME": "大船渡市", "S_NAME": "末崎町字小中井", "JINKO": 122, "medical_area": "03_気仙医療圏", "町丁目名": "大船渡市末崎町字小中井" }, "geometry": { "type": "Polygon", "coordinates": [ [ [ 141.727743421133482, 38.997126990127008 ], [ 141.727148155991131, 38.996353725836194 ], [ 141.726516022783443, 38.996102247704172 ], [ 141.726196772388164, 38.995252688194711 ], [ 141.726424303713657, 38.99447305040723 ], [ 141.725596093610477, 38.994676941420856 ], [ 141.72488939293396, 38.99433931881989 ], [ 141.723569919802486, 38.994440253261537 ], [ 141.72233675503233, 38.994153854793119 ], [ 141.722204127068267, 38.994343339909939 ], [ 141.721804451438231, 38.994416621855812 ], [ 141.721945534593857, 38.994713742846052 ], [ 141.721735070213612, 38.99513965624012 ], [ 141.716857616030921, 38.994653269859498 ], [ 141.721496341345158, 38.995160334598395 ], [ 141.721362097065082, 38.996054105895489 ], [ 141.721006122831284, 38.99601718958808 ], [ 141.720692690644796, 38.996704212673244 ], [ 141.719927364712817, 38.996912153825193 ], [ 141.719928723835096, 38.997185915665746 ], [ 141.721011747642791, 38.997162484110177 ], [ 141.722591850409572, 38.99825441047139 ], [ 141.72424825616784, 38.998849144981151 ], [ 141.725117749402017, 38.998904861057603 ], [ 141.725088117189301, 38.998614705134116 ], [ 141.727658612443804, 38.997987808478761 ], [ 141.727743421133482, 38.997126990127008 ] ] ] } },
{ "type": "Feature", "properties": { "CITY_NAME": "大船渡市", "S_NAME": "末崎町字西舘", "JINKO": 61, "medical_area": "03_気仙医療圏", "町丁目名": "大船渡市末崎町字西舘" }, "geometry": { "type": "Polygon", "coordinates": [ [ [ 141.726424303713657, 38.99447305040723 ], [ 141.726424875327496, 38.994225594394585 ], [ 141.727122948654994, 38.994072029354101 ], [ 141.72715706367083, 38.993874144003058 ], [ 141.727700314635115, 38.993416459591224 ], [ 141.727774044389804, 38.992535242327136 ], [ 141.72795018170163, 38.992286509146275 ], [ 141.727489756716722, 38.992211426647209 ], [ 141.727535664545599, 38.992011691240407 ], [ 141.728574691924223, 38.9919016716971 ], [ 141.729212068917207, 38.991586267519359 ], [ 141.72909475806037, 38.991052780587061 ], [ 141.72863737936737, 38.990833049431998 ], [ 141.72878721365322, 38.990950840279567 ], [ 141.728701696985354, 38.991034332735452 ], [ 141.727844830696796, 38.99137154751751 ], [ 141.727324748308575, 38.991142227873112 ], [ 141.72752120216316, 38.990974064768452 ], [ 141.727221739115549, 38.990754737259998 ], [ 141.727584638718071, 38.990513230378966 ], [ 141.727406935204414, 38.990338010704278 ], [ 141.727671307500032, 38.990156729980349 ], [ 141.727063709172342, 38.990487451414381 ], [ 141.727195087880148, 38.990015328102025 ], [ 141.726885760809438, 38.99001410983044 ], [ 141.727416961374132, 38.989210956294798 ], [ 141.726800048844382, 38.989353555624504 ], [ 141.726766622011951, 38.989169981285457 ], [ 141.726478115909543, 38.98917493658054 ], [ 141.725921307337615, 38.98959985253223 ], [ 141.724885227134109, 38.989633957555597 ], [ 141.724171960355676, 38.989092561765077 ], [ 141.724315595297611, 38.988582484288465 ], [ 141.723308680368262, 38.988826222163141 ], [ 141.723240272127327, 38.98861412983976 ], [ 141.722937227018463, 38.988566894514747 ], [ 141.722759640292367, 38.987940327272689 ], [ 141.722416829895536, 38.988029435740017 ], [ 141.722495193688957, 38.989120697686886 ], [ 141.722278412540334, 38.989781729903633 ], [ 141.723376080118868, 38.990149043414377 ], [ 141.723607856887241, 38.990401271222787 ], [ 141.723754351131902, 38.990942493060281 ], [ 141.723693741601721, 38.991723106936931 ], [ 141.723440377770032, 38.991862841699884 ], [ 141.723531942709457, 38.99198734652532 ], [ 141.723154758558735, 38.992464085683103 ], [ 141.723002402202013, 38.992467992445007 ], [ 141.723004323017591, 38.992986810321369 ], [ 141.72233675503233, 38.994153854793119 ], [ 141.723569919802486, 38.994440253261573 ], [ 141.724889392933932, 38.99433931881989 ], [ 141.725596093610477, 38.994676941420863 ], [ 141.726424303713657, 38.99447305040723 ] ] ] } },
{ "type": "Feature", "properties": { "CITY_NAME": "大船渡市", "S_NAME": "末崎町字泊里", "JINKO": 290, "medical_area": "03_気仙医療圏", "町丁目名": "大船渡市末崎町字泊里" }, "geometry": { "type": "Polygon", "coordinates": [ [ [ 141.730340701628791, 38.992420803605498 ], [ 141.732522572890588, 38.99202423974301 ], [ 141.73330330424605, 38.99161551095758 ], [ 141.737241663800546, 38.991379989461606 ], [ 141.73788173715775, 38.991631914140193 ], [ 141.738211866394806, 38.992272198834911 ], [ 141.740678998223643, 38.991942669586493 ], [ 141.74072487076981, 38.99111007643679 ], [ 141.741558265537549, 38.99117608467909 ], [ 141.741471476156505, 38.99171481049256 ], [ 141.744034260852288, 38.991834541876457 ], [ 141.743990470591569, 38.991213290892425 ], [ 141.744203398051496, 38.990982824265593 ], [ 141.744313002700636, 38.990081109276517 ], [ 141.743367224548194, 38.989872283986443 ], [ 141.743411148790756, 38.987991820792658 ], [ 141.743259792392649, 38.987799316935671 ], [ 141.742655279145254, 38.987647296434133 ], [ 141.742683214345902, 38.987484008640585 ], [ 141.742176647976862, 38.987044778038609 ], [ 141.741894006528042, 38.985798383084685 ], [ 141.741478641247312, 38.985536785000868 ], [ 141.74163085396512, 38.98543826521648 ], [ 141.741526521525742, 38.985044535949122 ], [ 141.74110387813306, 38.984664966931412 ], [ 141.740649881897326, 38.98481446480357 ], [ 141.740709781985089, 38.985168002298977 ], [ 141.741272834438547, 38.985513120316533 ], [ 141.74109071165924, 38.985620880918468 ], [ 141.741131560228069, 38.985923260324832 ], [ 141.740590161420556, 38.986282392791473 ], [ 141.740237011823154, 38.986195969170836 ], [ 141.740415947551895, 38.987008021626352 ], [ 141.740634961837515, 38.987076556765118 ], [ 141.740591490672841, 38.987195836180526 ], [ 141.740393498238888, 38.987325326474071 ], [ 141.740262476875273, 38.987100216805693 ], [ 141.740170372811434, 38.987569378331486 ], [ 141.739664940653824, 38.987584073762228 ], [ 141.739818978893396, 38.987803586484503 ], [ 141.739683214986741, 38.988110088526135 ], [ 141.738931807226777, 38.988021334751707 ], [ 141.738982615738877, 38.988468623179308 ], [ 141.738430738504803, 38.988553983422818 ], [ 141.738426706279313, 38.988774724152556 ], [ 141.736989996544366, 38.988986794081242 ], [ 141.736949440561233, 38.988069996882295 ], [ 141.737152979556612, 38.987922524148665 ], [ 141.736779501751897, 38.98805238041227 ], [ 141.736819220375423, 38.988359278549119 ], [ 141.73601609285987, 38.98837992220362 ], [ 141.735464468156806, 38.987841003382606 ], [ 141.735081807513069, 38.98788717393866 ], [ 141.734382838874666, 38.988382624147221 ], [ 141.733922764845062, 38.988418620496681 ], [ 141.733455784224134, 38.988365500064674 ], [ 141.733268132192109, 38.98813181230171 ], [ 141.733305813382145, 38.98791799114192 ], [ 141.733112630065449, 38.987795192725798 ], [ 141.732645089334881, 38.987789789827353 ], [ 141.732740326585088, 38.988017856547074 ], [ 141.732343695188945, 38.988050614100814 ], [ 141.73284608435182, 38.98861969691486 ], [ 141.732557381269714, 38.989063339903915 ], [ 141.732335475404653, 38.989129024314757 ], [ 141.732369784908343, 38.989380998149969 ], [ 141.732197277602268, 38.989430960026731 ], [ 141.732365947844215, 38.989710754332592 ], [ 141.73210605444396, 38.989881172910117 ], [ 141.731788005938881, 38.989832317898298 ], [ 141.731914188835816, 38.990040299987015 ], [ 141.731658832799809, 38.990206249818236 ], [ 141.731283568529818, 38.990282123295756 ], [ 141.730696808482435, 38.990071348909943 ], [ 141.73015929736863, 38.990103352257954 ], [ 141.730015651359594, 38.989698229761387 ], [ 141.730648280531028, 38.989614962192128 ], [ 141.73029127246383, 38.989316838982731 ], [ 141.729478282320599, 38.989378053116589 ], [ 141.729508874547633, 38.989693115837838 ], [ 141.728726001746139, 38.99003962072608 ], [ 141.728036283746945, 38.989808862029108 ], [ 141.728599552925175, 38.990173889024646 ], [ 141.72905275842129, 38.990228121081557 ], [ 141.729105461912553, 38.990473619870713 ], [ 141.72863737936737, 38.990833049431998 ], [ 141.72909475806037, 38.991052780587061 ], [ 141.729212068917207, 38.991586267519359 ], [ 141.729440336759694, 38.991601968141786 ], [ 141.729621293051849, 38.99234729735592 ], [ 141.730340701628791, 38.992420803605498 ] ] ] } },
{ "type": "Feature", "properties": { "CITY_NAME": "大船渡市", "S_NAME": "末崎町字大豆沢", "JINKO": 159, "medical_area": "03_気仙医療圏", "町丁目名": "大船渡市末崎町字大豆沢" }, "geometry": { "type": "Polygon", "coordinates": [ [ [ 141.742591299726598, 38.993270063791059 ], [ 141.742655115259225, 38.993386678151843 ], [ 141.742905412788957, 38.993277540926442 ], [ 141.743069246989393, 38.993001502278062 ], [ 141.742859262280831, 38.992921145595211 ], [ 141.743110376679994, 38.992580522514942 ], [ 141.743424105365676, 38.992593349358657 ], [ 141.743407811412681, 38.992315124632249 ], [ 141.743694014354219, 38.992129975823559 ], [ 141.743538391336187, 38.992770799406259 ], [ 141.743637554131737, 38.992852017671844 ], [ 141.744201504096139, 38.992272898160422 ], [ 141.744034260852288, 38.991834541876457 ], [ 141.741471476156505, 38.99171481049256 ], [ 141.741558265537549, 38.99117608467909 ], [ 141.74072487076981, 38.99111007643679 ], [ 141.740678998223643, 38.991942669586493 ], [ 141.738211866394806, 38.992272198834911 ], [ 141.73788173715775, 38.991631914140193 ], [ 141.737241663800546, 38.991379989461585 ], [ 141.73330330424605, 38.99161551095758 ], [ 141.732522572890588, 38.992024239743003 ], [ 141.730662897177893, 38.99243282307237 ], [ 141.731899696346517, 38.992969584397585 ], [ 141.732972006629694, 38.993824517228575 ], [ 141.733021885694086, 38.994236342012286 ], [ 141.733221734890122, 38.994442136304862 ], [ 141.734204634240626, 38.994327575887489 ], [ 141.735196222675427, 38.994760142970271 ], [ 141.737814954088407, 38.995426224592364 ], [ 141.738155014274042, 38.995296343700133 ], [ 141.738901893607675, 38.996273469151816 ], [ 141.73991504678915, 38.996540155447946 ], [ 141.740538564291171, 38.99644578961064 ], [ 141.741225925934287, 38.996758914303776 ], [ 141.741953120470328, 38.996597999182939 ], [ 141.744269847453779, 38.99687033326591 ], [ 141.743937389866829, 38.99641975197811 ], [ 141.744087354535282, 38.996320403349372 ], [ 141.744285460093465, 38.996555825608162 ], [ 141.744157200019174, 38.996190148471342 ], [ 141.744430462600519, 38.996161906552828 ], [ 141.743755441874129, 38.995827520431341 ], [ 141.744151234405479, 38.995901920510086 ], [ 141.744537414345103, 38.995684531470019 ], [ 141.744365306748165, 38.99558403549527 ], [ 141.744384486376248, 38.995280338887724 ], [ 141.744539081620047, 38.995274628012169 ], [ 141.744500569419813, 38.995064070952054 ], [ 141.744886075793602, 38.994788129393676 ], [ 141.743985042778974, 38.995013198155632 ], [ 141.744159938103849, 38.994874874571913 ], [ 141.743855115164223, 38.994868243962891 ], [ 141.743392723993054, 38.995267312563861 ], [ 141.743359353871654, 38.99554775290278 ], [ 141.742979706788446, 38.995648891613968 ], [ 141.742205995353572, 38.995445046756934 ], [ 141.741818256253964, 38.9949156433306 ], [ 141.74171565587838, 38.994482200654161 ], [ 141.742394154056768, 38.994288372101273 ], [ 141.742402753393776, 38.994136355800087 ], [ 141.742035308535975, 38.994021191042144 ], [ 141.74209255515845, 38.993801865735485 ], [ 141.742419544941299, 38.99373717381151 ], [ 141.742591299726598, 38.993270063791059 ] ] ] } },
{ "type": "Feature", "properties": { "CITY_NAME": "大船渡市", "S_NAME": "末崎町字中野", "JINKO": 447, "medical_area": "03_気仙医療圏", "町丁目名": "大船渡市末崎町字中野" }, "geometry": { "type": "Polygon", "coordinates": [ [ [ 141.709444003257772, 39.012790671390285 ], [ 141.710835249518226, 39.013503367154968 ], [ 141.711886736428511, 39.013601035965166 ], [ 141.711548255434138, 39.013192572151688 ], [ 141.711704947311659, 39.013098495743918 ], [ 141.712818609664737, 39.013661942210263 ], [ 141.713408499665093, 39.013563196825935 ], [ 141.714674366471598, 39.013859661804673 ], [ 141.714826105070472, 39.01434469057611 ], [ 141.715990250203191, 39.013227168218144 ], [ 141.716357368405113, 39.012381124770187 ], [ 141.716384717102272, 39.011444113204341 ], [ 141.715967460554936, 39.010565356150082 ], [ 141.71447955086569, 39.008835077242971 ], [ 141.714225268545533, 39.009196485747609 ], [ 141.712682510656833, 39.009330283111154 ], [ 141.713736135514665, 39.009458953304403 ], [ 141.713561807204826, 39.009714895216149 ], [ 141.712905193437649, 39.009559940770416 ], [ 141.712018599833385, 39.009871558670795 ], [ 141.709483346876993, 39.009868426121933 ], [ 141.709090038162969, 39.010120793453751 ], [ 141.707676295626925, 39.010257765218093 ], [ 141.706856572849347, 39.011208495110061 ], [ 141.702691140726188, 39.011680285878242 ], [ 141.702774909673991, 39.011883127139804 ], [ 141.703362875429832, 39.012104672053816 ], [ 141.704182575256795, 39.012032631161723 ], [ 141.704186521602708, 39.012352750864331 ], [ 141.703839052037466, 39.012557744042418 ], [ 141.703791703054463, 39.012763106281255 ], [ 141.704493025434203, 39.01250572376901 ], [ 141.704847235636549, 39.012555096627487 ], [ 141.705640612222851, 39.013149228311072 ], [ 141.706519787000417, 39.014122615481853 ], [ 141.7079335944332, 39.014887763789865 ], [ 141.708496703366052, 39.014759547641795 ], [ 141.709135546206568, 39.014140578498505 ], [ 141.709444003257772, 39.012790671390285 ] ] ] } },
{ "type": "Feature", "properties": { "CITY_NAME": "大船渡市", "S_NAME": "末崎町字上山", "JINKO": 290, "medical_area": "03_気仙医療圏", "町丁目名": "大船渡市末崎町字上山" }, "geometry": { "type": "Polygon", "coordinates": [ [ [ 141.702691140726188, 39.011680285878242 ], [ 141.706856572849347, 39.011208495110061 ], [ 141.707601721351068, 39.010318213230768 ], [ 141.707929525775427, 39.010166070510323 ], [ 141.709090038162969, 39.010120793453751 ], [ 141.709483346876993, 39.009868426121933 ], [ 141.712103734148627, 39.009863176866148 ], [ 141.712905193437649, 39.009559940770416 ], [ 141.713561807204826, 39.009714895216149 ], [ 141.713736135514665, 39.009458953304403 ], [ 141.712682510656833, 39.009330283111154 ], [ 141.711568836526652, 39.008382785605768 ], [ 141.710070663376229, 39.007456322856058 ], [ 141.70997203405372, 39.00675525347539 ], [ 141.70950009318193, 39.006374742076886 ], [ 141.709374044147353, 39.005876638171635 ], [ 141.710906635829076, 39.005358269818544 ], [ 141.711727632221908, 39.004874440917185 ], [ 141.712231079707607, 39.004371602125588 ], [ 141.712845183432393, 39.004187865914055 ], [ 141.711048532821422, 39.002876165965702 ], [ 141.710310738359965, 39.00196616019074 ], [ 141.709911677848766, 39.002588132507796 ], [ 141.709974897882518, 39.002754876330556 ], [ 141.707788264517006, 39.003433095631145 ], [ 141.707715273492909, 39.003015737035639 ], [ 141.707041687326466, 39.002466333715319 ], [ 141.707500235941751, 39.00189129510381 ], [ 141.707550852306696, 39.001389473083911 ], [ 141.706619189855672, 39.001010833625649 ], [ 141.706025846538779, 39.0001355360872 ], [ 141.706130310402131, 38.999414435963573 ], [ 141.706515294660221, 38.999163830317372 ], [ 141.703069226367802, 38.999158760021501 ], [ 141.702277931205884, 39.000113551575268 ], [ 141.702192362191795, 39.001758710168211 ], [ 141.701397856322501, 39.002881579443894 ], [ 141.701434837920118, 39.003982290589803 ], [ 141.700721808071336, 39.004558623584579 ], [ 141.69998420271807, 39.004816394269234 ], [ 141.699152358820555, 39.006737734417278 ], [ 141.699588038935133, 39.007004125852319 ], [ 141.699749117218033, 39.00778939965366 ], [ 141.700637313537555, 39.008773803758196 ], [ 141.700601364690613, 39.00910772871169 ], [ 141.701060559859826, 39.009847861077475 ], [ 141.702088134698556, 39.009921524003268 ], [ 141.703204240416255, 39.010679291805275 ], [ 141.703140092210276, 39.011065860480208 ], [ 141.702691140726188, 39.011680285878242 ] ] ] } },
{ "type": "Feature", "properties": { "CITY_NAME": "大船渡市", "S_NAME": "末崎町字平林", "JINKO": 449, "medical_area": "03_気仙医療圏", "町丁目名": "大船渡市末崎町字平林" }, "geometry": { "type": "Polygon", "coordinates": [ [ [ 141.712682510656833, 39.009330283111154 ], [ 141.714225268545533, 39.009196485747609 ], [ 141.71447955086569, 39.008835077242971 ], [ 141.715025575721398, 39.00876592793162 ], [ 141.715692782685664, 39.008801499145385 ], [ 141.716390738508409, 39.009218919035227 ], [ 141.715629070605416, 39.008076521646487 ], [ 141.71553062086798, 39.007075570633368 ], [ 141.715063826554598, 39.005563146081386 ], [ 141.715153795462783, 39.004633755083191 ], [ 141.715495611663101, 39.004082503246181 ], [ 141.715191828095669, 39.004016742038054 ], [ 141.714006853429595, 39.004278061701072 ], [ 141.713270574355363, 39.004146656311399 ], [ 141.71256911322385, 39.004232593564296 ], [ 141.710906635829076, 39.005358269818544 ], [ 141.709374044147353, 39.005876638171635 ], [ 141.70950009318193, 39.006374742076886 ], [ 141.70997203405372, 39.00675525347539 ], [ 141.710070663376115, 39.007456322856065 ], [ 141.711568836526652, 39.008382785605768 ], [ 141.712682510656833, 39.009330283111154 ] ] ] } },
{ "type": "Feature", "properties": { "CITY_NAME": "大船渡市", "S_NAME": "末崎町字小田", "JINKO": 71, "medical_area": "03_気仙医療圏", "町丁目名": "大船渡市末崎町字小田" }, "geometry": { "type": "Polygon", "coordinates": [ [ [ 141.710310738359965, 39.001966160190747 ], [ 141.710097845046988, 39.001439359315178 ], [ 141.70992040930588, 38.999102376015209 ], [ 141.708987148784757, 38.999205234870487 ], [ 141.708299114054626, 38.998871023424066 ], [ 141.706515294660221, 38.999163830317372 ], [ 141.706130310402131, 38.999414435963573 ], [ 141.706025846538779, 39.0001355360872 ], [ 141.706619189855672, 39.001010833625649 ], [ 141.707550852306696, 39.001389473083933 ], [ 141.707500235941751, 39.00189129510381 ], [ 141.707041687326466, 39.002466333715319 ], [ 141.707715273492909, 39.003015737035639 ], [ 141.707788264517035, 39.003433095631166 ], [ 141.709974897882518, 39.002754876330556 ], [ 141.709911677848794, 39.002588132507803 ], [ 141.710310738359965, 39.001966160190747 ] ] ] } },
{ "type": "Feature", "properties": { "CITY_NAME": "大船渡市", "S_NAME": "末崎町字大田", "JINKO": 161, "medical_area": "03_気仙医療圏", "町丁目名": "大船渡市末崎町字大田" }, "geometry": { "type": "Polygon", "coordinates": [ [ [ 141.715110047137102, 38.999210104556298 ], [ 141.715924878290849, 38.998456458782854 ], [ 141.71336776884624, 38.99865135592141 ], [ 141.711476877964913, 39.001047404809988 ], [ 141.711556657770757, 39.001335002829762 ], [ 141.71088585316042, 39.002725723364861 ], [ 141.712105309071518, 39.003650750526049 ], [ 141.712644013671763, 39.003409238345441 ], [ 141.712990047429713, 39.002884144100378 ], [ 141.712922965109755, 39.002291220684008 ], [ 141.71359183753961, 39.001081586953944 ], [ 141.714762669544172, 39.001006597326885 ], [ 141.715110047137102, 38.999210104556298 ] ] ] } },
{ "type": "Feature", "properties": { "CITY_NAME": "大船渡市", "S_NAME": "末崎町字鶴巻", "JINKO": 171, "medical_area": "03_気仙医療圏", "町丁目名": "大船渡市末崎町字鶴巻" }, "geometry": { "type": "Polygon", "coordinates": [ [ [ 141.712845183432393, 39.004187865914055 ], [ 141.715495611663101, 39.004082503246181 ], [ 141.715596909371129, 39.003945767478243 ], [ 141.715890571948449, 39.003222591560856 ], [ 141.715858920343095, 39.001987551906076 ], [ 141.71723691765672, 39.000143212281337 ], [ 141.718251131049044, 38.999366928271932 ], [ 141.718635874166552, 38.999460359233957 ], [ 141.719327180116721, 38.999115257732157 ], [ 141.719337764604376, 38.998404920321441 ], [ 141.719931835551506, 38.997815567245134 ], [ 141.719927364712817, 38.996912153825193 ], [ 141.718627982122086, 38.996927997759478 ], [ 141.718605750116325, 38.996441711510762 ], [ 141.716581286133049, 38.996472316474545 ], [ 141.716563283844124, 38.995673448930553 ], [ 141.716910590466767, 38.995478898097943 ], [ 141.716506561862616, 38.995659449398417 ], [ 141.716570544228517, 38.998327006298091 ], [ 141.715924878290849, 38.998456458782854 ], [ 141.715110047137102, 38.999210104556298 ], [ 141.714762669544172, 39.001006597326885 ], [ 141.71359183753961, 39.001081586953944 ], [ 141.712922965109755, 39.002291220684008 ], [ 141.712990047429713, 39.002884144100378 ], [ 141.712644013671763, 39.003409238345441 ], [ 141.712105309071518, 39.003650750526049 ], [ 141.712845183432393, 39.004187865914055 ] ] ] } },
{ "type": "Feature", "properties": { "CITY_NAME": "大船渡市", "S_NAME": "末崎町字高清水", "JINKO": 104, "medical_area": "03_気仙医療圏", "町丁目名": "大船渡市末崎町字高清水" }, "geometry": { "type": "Polygon", "coordinates": [ [ [ 141.711556657770757, 39.001335002829762 ], [ 141.711455982023381, 39.001093659145887 ], [ 141.71187719262474, 39.000419997704654 ], [ 141.712279621804583, 39.000180497867923 ], [ 141.712673765625567, 38.999449186095219 ], [ 141.713367768846268, 38.998651355921432 ], [ 141.716504142075053, 38.998375928891306 ], [ 141.716555246622818, 38.997990432359749 ], [ 141.714706633174501, 38.997958516973434 ], [ 141.71223638726363, 38.997413199468653 ], [ 141.711739856805423, 38.997118742746693 ], [ 141.711924475341789, 38.996929077327735 ], [ 141.711198506360347, 38.99647510927862 ], [ 141.711177855874723, 38.99547635381343 ], [ 141.711927567886903, 38.995415655016203 ], [ 141.710837999830744, 38.995425608323067 ], [ 141.710999803268919, 38.995252388026081 ], [ 141.710921114547943, 38.995146637995859 ], [ 141.708429853250152, 38.99565474516502 ], [ 141.707099461398002, 38.996326110515625 ], [ 141.707573406242261, 38.997553552261451 ], [ 141.708363292640399, 38.998131923645531 ], [ 141.708299114054626, 38.998871023424066 ], [ 141.708987148784757, 38.999205234870487 ], [ 141.70992040930588, 38.999102376015209 ], [ 141.710097845046988, 39.001439359315178 ], [ 141.710419072108579, 39.002178240887709 ], [ 141.710885853160391, 39.002725723364861 ], [ 141.711556657770757, 39.001335002829762 ] ] ] } },
{ "type": "Feature", "properties": { "CITY_NAME": "大船渡市", "S_NAME": "末崎町字作沢", "JINKO": 131, "medical_area": "03_気仙医療圏", "町丁目名": "大船渡市末崎町字作沢" }, "geometry": { "type": "Polygon", "coordinates": [ [ [ 141.706515294660221, 38.999163830317372 ], [ 141.708299114054626, 38.998871023424066 ], [ 141.708363292640399, 38.998131923645531 ], [ 141.707573406242261, 38.997553552261451 ], [ 141.707099461398002, 38.996326110515625 ], [ 141.708429853250152, 38.99565474516502 ], [ 141.710921114547943, 38.995146637995859 ], [ 141.710746286278976, 38.994822733502346 ], [ 141.710782524545436, 38.994392803373657 ], [ 141.710597210197164, 38.994160892242661 ], [ 141.710688639066262, 38.993898047300846 ], [ 141.712414687242017, 38.992813974901992 ], [ 141.712648488204422, 38.992491500630564 ], [ 141.712875636701625, 38.992562770728568 ], [ 141.713181966197453, 38.992227994271161 ], [ 141.713001744569482, 38.992217670036638 ], [ 141.713040986671075, 38.992030027835249 ], [ 141.712566078390381, 38.992079492798695 ], [ 141.712296655847609, 38.99129870561903 ], [ 141.712514934234918, 38.990939469151485 ], [ 141.713396628117607, 38.99083189951471 ], [ 141.71361856077192, 38.990672577882798 ], [ 141.713957774646616, 38.990198905816889 ], [ 141.713628618382529, 38.98943743237124 ], [ 141.71439984102517, 38.989265868733114 ], [ 141.714122495901506, 38.988870677353404 ], [ 141.713890629882314, 38.988883266615225 ], [ 141.713733411964654, 38.988488996448666 ], [ 141.713854290744763, 38.987354780374936 ], [ 141.713116258336839, 38.98720629098186 ], [ 141.712528919318402, 38.987472246424986 ], [ 141.712051586522165, 38.988674244757185 ], [ 141.711029031827366, 38.989992737237479 ], [ 141.71014569247555, 38.990570568593917 ], [ 141.708991349955994, 38.991810922862783 ], [ 141.708393397130521, 38.992140618098794 ], [ 141.708169627943022, 38.992429644843476 ], [ 141.708139299643278, 38.992937368267796 ], [ 141.707776166058807, 38.993304079369807 ], [ 141.70682324409313, 38.993779991681684 ], [ 141.706437627610569, 38.994444777875849 ], [ 141.704883840080726, 38.995956413754605 ], [ 141.705013977288615, 38.997814411947104 ], [ 141.703436365408379, 38.998710395322796 ], [ 141.703069226367802, 38.999158760021473 ], [ 141.706515294660221, 38.999163830317372 ] ] ] } },
{ "type": "Feature", "properties": { "CITY_NAME": "大船渡市", "S_NAME": "末崎町字船河原", "JINKO": 71, "medical_area": "03_気仙医療圏", "町丁目名": "大船渡市末崎町字船河原" }, "geometry": { "type": "Polygon", "coordinates": [ [ [ 141.711148597048549, 39.027280107601243 ], [ 141.710712930203954, 39.026882999671251 ], [ 141.710294463697835, 39.0267367963894 ], [ 141.709721633457917, 39.025959269152992 ], [ 141.708534768786677, 39.026512732497672 ], [ 141.708206454440329, 39.026374715344602 ], [ 141.708087415959369, 39.025774935869151 ], [ 141.706699960759352, 39.025678044446884 ], [ 141.706075729234698, 39.026073436186842 ], [ 141.704900986863692, 39.02625201280491 ], [ 141.704071178595683, 39.026702904123084 ], [ 141.702350692700662, 39.026972148013989 ], [ 141.701943529163202, 39.027295880527298 ], [ 141.701204256685571, 39.027561972561102 ], [ 141.700145111531214, 39.027693967921138 ], [ 141.698520909812032, 39.027606687210422 ], [ 141.696472435892218, 39.028378994365703 ], [ 141.696225181849712, 39.02862628632375 ], [ 141.697268725806452, 39.028618447413692 ], [ 141.698448893401633, 39.028179170126641 ], [ 141.699590533551657, 39.028401486750617 ], [ 141.701579052646053, 39.028170554870499 ], [ 141.703164111017372, 39.028462174729981 ], [ 141.704743364640223, 39.029224353455142 ], [ 141.705223524116491, 39.029178621980151 ], [ 141.706290862166412, 39.028738625622402 ], [ 141.709492545941941, 39.029227039793838 ], [ 141.710226678788729, 39.028701950137233 ], [ 141.711148597048549, 39.027280107601243 ] ] ] } },
{ "type": "Feature", "properties": { "CITY_NAME": "大船渡市", "S_NAME": "末崎町字石浜", "JINKO": 50, "medical_area": "03_気仙医療圏", "町丁目名": "大船渡市末崎町字石浜" }, "geometry": { "type": "Polygon", "coordinates": [ [ [ 141.711148597048549, 39.027280107601243 ], [ 141.71146761332443, 39.026394408683146 ], [ 141.710324360217072, 39.025933638235848 ], [ 141.70966621694933, 39.024831467122155 ], [ 141.709651799604245, 39.02404060295175 ], [ 141.709911959752446, 39.023558328978332 ], [ 141.709415406140067, 39.023188978054733 ], [ 141.703497567741408, 39.021382988281047 ], [ 141.702141152532022, 39.021916464269459 ], [ 141.701994990707959, 39.022788398434855 ], [ 141.702595539966893, 39.02304278587237 ], [ 141.702467341598947, 39.023900442291954 ], [ 141.701628133996081, 39.023864375269248 ], [ 141.701255558689553, 39.025349776898217 ], [ 141.699306867851078, 39.025974596302049 ], [ 141.695105541047553, 39.025483051974142 ], [ 141.694194533706536, 39.024828556522799 ], [ 141.692914567926209, 39.024494373281478 ], [ 141.692127294510243, 39.023432877471919 ], [ 141.691288100351073, 39.022818228183766 ], [ 141.689818930806865, 39.023349699304383 ], [ 141.689259422962095, 39.024207814968939 ], [ 141.688690696807697, 39.024425774860461 ], [ 141.688380968495949, 39.024351113048169 ], [ 141.688303351233202, 39.024818280753493 ], [ 141.68822243976706, 39.025795563044802 ], [ 141.688844843008894, 39.02594148662974 ], [ 141.689244651765222, 39.026666193601194 ], [ 141.690495734899372, 39.026922932748199 ], [ 141.693001843435127, 39.027046733151948 ], [ 141.694053160851979, 39.026553342201517 ], [ 141.695763424534107, 39.028369788111426 ], [ 141.696225181849712, 39.02862628632375 ], [ 141.696472435892218, 39.028378994365703 ], [ 141.698520909812032, 39.027606687210422 ], [ 141.700145111531214, 39.027693967921138 ], [ 141.701204256685571, 39.027561972561102 ], [ 141.701943529163202, 39.027295880527298 ], [ 141.702350692700662, 39.026972148013989 ], [ 141.704071178595683, 39.026702904123084 ], [ 141.704900986863692, 39.02625201280491 ], [ 141.706075729234698, 39.026073436186842 ], [ 141.706699960759352, 39.025678044446884 ], [ 141.708087415959369, 39.025774935869151 ], [ 141.708206454440329, 39.026374715344602 ], [ 141.708534768786677, 39.026512732497672 ], [ 141.709721633457917, 39.025959269152992 ], [ 141.710294463697835, 39.0267367963894 ], [ 141.710712930203954, 39.026882999671251 ], [ 141.711148597048549, 39.027280107601243 ] ] ] } },
{ "type": "Feature", "properties": { "CITY_NAME": "大船渡市", "S_NAME": "末崎町字峰岸", "JINKO": 109, "medical_area": "03_気仙医療圏", "町丁目名": "大船渡市末崎町字峰岸" }, "geometry": { "type": "Polygon", "coordinates": [ [ [ 141.711863081329568, 39.02226471862793 ], [ 141.712513430474331, 39.022927347328412 ], [ 141.713987046094275, 39.022194694108222 ], [ 141.713083391650599, 39.022608671439379 ], [ 141.712687510394233, 39.022162133304704 ], [ 141.714135969063392, 39.021265714934152 ], [ 141.714450799814387, 39.021602056184022 ], [ 141.714059215158329, 39.021871681271435 ], [ 141.714710495700274, 39.02149651884011 ], [ 141.714807669635462, 39.02160564473386 ], [ 141.714758647600803, 39.021472719090141 ], [ 141.716430499627393, 39.020525069258035 ], [ 141.716376258009831, 39.019881382571853 ], [ 141.716557156958203, 39.01985383526889 ], [ 141.716182696093057, 39.01945853723565 ], [ 141.71560511508369, 39.01962230161444 ], [ 141.715242708135435, 39.018717935516392 ], [ 141.714411353736125, 39.018750665267987 ], [ 141.714347345856822, 39.019130062287232 ], [ 141.713887989354362, 39.019044141510115 ], [ 141.713262613026444, 39.019245485289716 ], [ 141.712951851192088, 39.019565931484962 ], [ 141.712289047170003, 39.019819349025525 ], [ 141.708647814146332, 39.018982213594541 ], [ 141.707199259403467, 39.019185453727623 ], [ 141.705632018008117, 39.018997908274997 ], [ 141.70496671409407, 39.019108784785601 ], [ 141.705192009586028, 39.019761407946945 ], [ 141.704087071422776, 39.020193308646107 ], [ 141.703835459172581, 39.020588167949306 ], [ 141.703787247135637, 39.021082857117044 ], [ 141.703497567741408, 39.021382988281047 ], [ 141.709415406140067, 39.023188978054733 ], [ 141.709911959752446, 39.023558328978332 ], [ 141.711863081329568, 39.02226471862793 ] ] ] } },
{ "type": "Feature", "properties": { "CITY_NAME": "大船渡市", "S_NAME": "末崎町字内田", "JINKO": 61, "medical_area": "03_気仙医療圏", "町丁目名": "大船渡市末崎町字内田" }, "geometry": { "type": "Polygon", "coordinates": [ [ [ 141.712463210879235, 39.01976582009474 ], [ 141.713262613026444, 39.019245485289716 ], [ 141.713887989354362, 39.019044141510115 ], [ 141.714347345856822, 39.019130062287232 ], [ 141.714430362869194, 39.018401516800431 ], [ 141.713909150915441, 39.017615732797793 ], [ 141.713113719578587, 39.017395597354103 ], [ 141.713136625726293, 39.017771664684354 ], [ 141.712350308382099, 39.017725570408658 ], [ 141.711851369184785, 39.017980921560046 ], [ 141.711025748784607, 39.018002745931653 ], [ 141.71062898412859, 39.017929294087125 ], [ 141.709832568241524, 39.017352680064931 ], [ 141.706908910748098, 39.017468221418781 ], [ 141.706764813011574, 39.018377522861442 ], [ 141.705803122267042, 39.018681269530518 ], [ 141.705632018008117, 39.018997908274997 ], [ 141.707199259403438, 39.019185453727658 ], [ 141.708599026378096, 39.018976385307759 ], [ 141.70997506668229, 39.019239636394659 ], [ 141.710396880812795, 39.019477376205899 ], [ 141.712463210879235, 39.01976582009474 ] ] ] } },
{ "type": "Feature", "properties": { "CITY_NAME": "大船渡市", "S_NAME": "末崎町字細浦", "JINKO": 136, "medical_area": "03_気仙医療圏", "町丁目名": "大船渡市末崎町字細浦" }, "geometry": { "type": "Polygon", "coordinates": [ [ [ 141.715275002414415, 39.01871044189933 ], [ 141.714677878956707, 39.017033123930865 ], [ 141.715740650888165, 39.015083164473467 ], [ 141.715519481386679, 39.014947807040592 ], [ 141.716079023538242, 39.013870668943831 ], [ 141.715990250203191, 39.013227168218144 ], [ 141.714826105070472, 39.01434469057611 ], [ 141.714674366471598, 39.013859661804673 ], [ 141.713408499665093, 39.013563196825935 ], [ 141.712818609664737, 39.013661942210263 ], [ 141.711704947311659, 39.013098495743918 ], [ 141.711548255434138, 39.013192572151688 ], [ 141.711886736428511, 39.013601035965166 ], [ 141.710835249518226, 39.013503367154968 ], [ 141.709927047539026, 39.013139431428726 ], [ 141.709454163628635, 39.012751886262251 ], [ 141.709135546206568, 39.014140578498505 ], [ 141.708496703366052, 39.014759547641795 ], [ 141.70798527040813, 39.014893782521085 ], [ 141.706519787000417, 39.014122615481853 ], [ 141.705640612222851, 39.013149228311072 ], [ 141.704847235636549, 39.012555096627487 ], [ 141.704493025434203, 39.01250572376901 ], [ 141.703791703054463, 39.012763106281255 ], [ 141.704369243217258, 39.012986834219625 ], [ 141.704605593049024, 39.013316978178381 ], [ 141.705377570115758, 39.013777200713086 ], [ 141.705017854006741, 39.014210593748956 ], [ 141.705224010229102, 39.014783342326297 ], [ 141.70495137637846, 39.015176041311477 ], [ 141.705726581820301, 39.015662137106247 ], [ 141.70629907597197, 39.015606140124753 ], [ 141.706762312025603, 39.015979275938925 ], [ 141.706867251265948, 39.016171397997809 ], [ 141.706441915844948, 39.016419417018852 ], [ 141.706348137541795, 39.016641384875285 ], [ 141.706635419333793, 39.016945174349544 ], [ 141.706611852616533, 39.01723488463454 ], [ 141.706908910748098, 39.017468221418781 ], [ 141.709832568241524, 39.017352680064931 ], [ 141.71062898412859, 39.017929294087125 ], [ 141.711087180216566, 39.01800228473634 ], [ 141.711851369184785, 39.017980921560046 ], [ 141.712350308382099, 39.017725570408658 ], [ 141.713136625726293, 39.017771664684354 ], [ 141.713113719578587, 39.017395597354103 ], [ 141.713909150915441, 39.017615732797793 ], [ 141.714430362869194, 39.018401516800431 ], [ 141.714411353736125, 39.018750665267987 ], [ 141.714595229746323, 39.018795798782648 ], [ 141.715275002414415, 39.01871044189933 ] ] ] } },
{ "type": "Feature", "properties": { "CITY_NAME": "大船渡市", "S_NAME": "末崎町字上山", "JINKO": 0, "medical_area": "03_気仙医療圏", "町丁目名": "大船渡市末崎町字上山" }, "geometry": { "type": "Polygon", "coordinates": [ [ [ 141.700211196278758, 39.042667690176565 ], [ 141.709492545941941, 39.029227039793838 ], [ 141.706290862166412, 39.028738625622402 ], [ 141.705223524116491, 39.029178621980151 ], [ 141.704743364640223, 39.029224353455142 ], [ 141.703164111017372, 39.028462174729981 ], [ 141.701579052646053, 39.028170554870499 ], [ 141.699590533551657, 39.028401486750617 ], [ 141.698448893401633, 39.028179170126641 ], [ 141.697268725806452, 39.028618447413692 ], [ 141.696295638737809, 39.028654761653421 ], [ 141.695763424534107, 39.028369788111426 ], [ 141.694053160851979, 39.026553342201517 ], [ 141.693001843435127, 39.027046733151948 ], [ 141.690495734899372, 39.026922932748199 ], [ 141.689244651765222, 39.026666193601194 ], [ 141.688844843008894, 39.02594148662974 ], [ 141.68822243976706, 39.025795563044802 ], [ 141.688380968495949, 39.024351113048169 ], [ 141.688690696807697, 39.024425774860461 ], [ 141.689232111732196, 39.024224975386069 ], [ 141.689818930806865, 39.023349699304383 ], [ 141.691288100351073, 39.022818228183766 ], [ 141.692127294510243, 39.023432877471919 ], [ 141.692914567926209, 39.024494373281478 ], [ 141.694194533706536, 39.024828556522799 ], [ 141.695105541047553, 39.025483051974142 ], [ 141.699306867851078, 39.025974596302049 ], [ 141.701015567141042, 39.025525952532647 ], [ 141.701255558689553, 39.025349776898217 ], [ 141.701628133996081, 39.023864375269248 ], [ 141.702467341598947, 39.023900442291954 ], [ 141.702595539966893, 39.02304278587237 ], [ 141.701994990707959, 39.022788398434855 ], [ 141.702141152532022, 39.021916464269459 ], [ 141.703597396545888, 39.021343186977496 ], [ 141.704087071422776, 39.020193308646107 ], [ 141.705126838277891, 39.019860704456171 ], [ 141.70496671409407, 39.019108784785601 ], [ 141.705632018008117, 39.018997908274997 ], [ 141.705803122267042, 39.018681269530518 ], [ 141.706764813011574, 39.018377522861442 ], [ 141.706897713654143, 39.017416225968191 ], [ 141.706611852616533, 39.01723488463454 ], [ 141.706635419333793, 39.016945174349544 ], [ 141.706348137541795, 39.016641384875285 ], [ 141.706836102117535, 39.016096326681975 ], [ 141.706299075971998, 39.015606140124753 ], [ 141.705726581820301, 39.015662137106247 ], [ 141.704951376378489, 39.01517604131147 ], [ 141.705224010229102, 39.014783342326297 ], [ 141.705017854006741, 39.014210593748956 ], [ 141.705377570115758, 39.013777200713037 ], [ 141.704605593049052, 39.013316978178381 ], [ 141.704369243217258, 39.012986834219674 ], [ 141.703793523927004, 39.012779280233396 ], [ 141.703839052037466, 39.01255774404239 ], [ 141.704251305985053, 39.012229812156633 ], [ 141.704182575256795, 39.012032631161723 ], [ 141.703362875429775, 39.012104672053802 ], [ 141.702774909673991, 39.011883127139804 ], [ 141.70270185326271, 39.011502783230668 ], [ 141.703083628443068, 39.011161289107939 ], [ 141.703204240416255, 39.010679291805275 ], [ 141.702088134698556, 39.009921524003268 ], [ 141.701060559859826, 39.009847861077475 ], [ 141.700601364690613, 39.009107728711669 ], [ 141.700637313537555, 39.008773803758196 ], [ 141.699749117218033, 39.00778939965366 ], [ 141.699588038935133, 39.007004125852319 ], [ 141.699152358820555, 39.006737734417278 ], [ 141.698782182966312, 39.007333051276127 ], [ 141.697763235979863, 39.007923800488854 ], [ 141.697323316987962, 39.010279619768085 ], [ 141.696743997796432, 39.011079578103264 ], [ 141.696737535221814, 39.011583742446554 ], [ 141.696336451577366, 39.011942533121932 ], [ 141.69581741227185, 39.013013997993198 ], [ 141.694989353940286, 39.013682357138961 ], [ 141.694747419102981, 39.014104224932325 ], [ 141.694582502166242, 39.015123526412999 ], [ 141.693151164160582, 39.01515389888543 ], [ 141.692710260036733, 39.015364680940714 ], [ 141.693048219821804, 39.016064006432671 ], [ 141.692156176199205, 39.016683403376796 ], [ 141.691353649215387, 39.016333459306125 ], [ 141.68942931782243, 39.018032946052259 ], [ 141.689093253139333, 39.018529591840995 ], [ 141.689042606655562, 39.020096699376523 ], [ 141.688643111646968, 39.020593875907949 ], [ 141.688376215659531, 39.021574418551438 ], [ 141.688600371412832, 39.022294289118584 ], [ 141.689120136373361, 39.022839152843488 ], [ 141.68887583315248, 39.023592143255456 ], [ 141.688299442045036, 39.024130161463766 ], [ 141.687449622563207, 39.027729387432366 ], [ 141.687152537651713, 39.028304907523051 ], [ 141.687167201616234, 39.028472786740501 ], [ 141.687961809600722, 39.029208400825212 ], [ 141.688088573937307, 39.029736208261447 ], [ 141.68807039144491, 39.030319543621758 ], [ 141.687382308054765, 39.031056044912802 ], [ 141.687321998303531, 39.031313496783788 ], [ 141.68767199894873, 39.031953333699363 ], [ 141.687123533981122, 39.032708660912064 ], [ 141.68645394516102, 39.032881525661104 ], [ 141.685743138396901, 39.033316764534987 ], [ 141.684161187890822, 39.03560160410423 ], [ 141.684016079997122, 39.036175937350166 ], [ 141.683314467503919, 39.037019851434643 ], [ 141.683030516030016, 39.037666351350261 ], [ 141.682727021336149, 39.0395073548924 ], [ 141.682183758632618, 39.040413593503587 ], [ 141.681940231472765, 39.041188726422376 ], [ 141.681294293003475, 39.041640788964656 ], [ 141.681047738775362, 39.042158153111934 ], [ 141.682546697905622, 39.043102727240658 ], [ 141.682453344606472, 39.043421857623287 ], [ 141.687355522134652, 39.044506682981037 ], [ 141.688947216920724, 39.044589370149673 ], [ 141.695605608470061, 39.044072607867733 ], [ 141.698007088838807, 39.043452908363378 ], [ 141.700211196278758, 39.042667690176565 ] ] ] } },
{ "type": "Feature", "properties": { "CITY_NAME": "大船渡市", "S_NAME": "赤崎町字諏訪前", "JINKO": 430, "medical_area": "03_気仙医療圏", "町丁目名": "大船渡市赤崎町字諏訪前" }, "geometry": { "type": "Polygon", "coordinates": [ [ [ 141.722987223778318, 39.082280134978696 ], [ 141.72320300436229, 39.080668070045448 ], [ 141.723421045088799, 39.080294327791371 ], [ 141.720539304618171, 39.079794921217584 ], [ 141.718605659574933, 39.082890384801772 ], [ 141.716287931898108, 39.084878611120281 ], [ 141.71342380103917, 39.088564670593044 ], [ 141.713825588662843, 39.089680980332837 ], [ 141.714098659643071, 39.089897439570947 ], [ 141.715322064616203, 39.090096658389477 ], [ 141.715901592842982, 39.089695776431135 ], [ 141.715680245457747, 39.089456902726191 ], [ 141.715798131790024, 39.089250652924086 ], [ 141.717525086726567, 39.087837937650647 ], [ 141.720718476960258, 39.084095870538704 ], [ 141.722468339819045, 39.083615395849293 ], [ 141.722987223778318, 39.082280134978696 ] ] ] } },
{ "type": "Feature", "properties": { "CITY_NAME": "大船渡市", "S_NAME": "赤崎町字中井", "JINKO": 558, "medical_area": "03_気仙医療圏", "町丁目名": "大船渡市赤崎町字中井" }, "geometry": { "type": "Polygon", "coordinates": [ [ [ 141.731961408910507, 39.093397876538887 ], [ 141.732634586523574, 39.092619535018841 ], [ 141.733021088781328, 39.092433928514843 ], [ 141.734139383450554, 39.09235731683814 ], [ 141.734927849205803, 39.092024827376868 ], [ 141.735808402547093, 39.091874246345455 ], [ 141.736231253322018, 39.091997303219991 ], [ 141.736479829440299, 39.092325584838484 ], [ 141.737314674024049, 39.092505621038207 ], [ 141.737781728715419, 39.092377720488116 ], [ 141.73824625483806, 39.09263711580784 ], [ 141.734510474560238, 39.087734534621269 ], [ 141.733989701707657, 39.087981488900652 ], [ 141.73394931985203, 39.088383720439872 ], [ 141.733763843946548, 39.088511266063705 ], [ 141.732557381277246, 39.089084214396124 ], [ 141.731391940920389, 39.089106985995187 ], [ 141.730170586603691, 39.090101720390635 ], [ 141.728478385478809, 39.090666045627088 ], [ 141.727843839579322, 39.090583222805932 ], [ 141.725724514541668, 39.090758997401167 ], [ 141.725149563873657, 39.090296587200179 ], [ 141.724527265220843, 39.089266810737108 ], [ 141.72304703453355, 39.088517267302109 ], [ 141.719524253722341, 39.08714603927568 ], [ 141.719451337697876, 39.08613619864667 ], [ 141.71912309512274, 39.085963101259772 ], [ 141.717316815888239, 39.088044170841627 ], [ 141.715798131790024, 39.089250652924086 ], [ 141.715680245457747, 39.089456902726191 ], [ 141.715901592842982, 39.089695776431135 ], [ 141.715322064616203, 39.090096658389477 ], [ 141.716408890429221, 39.09067446687127 ], [ 141.718106572317851, 39.09048285467118 ], [ 141.719877001941882, 39.090720032569259 ], [ 141.720772932254732, 39.091000783744434 ], [ 141.722218531560117, 39.091966957165901 ], [ 141.723436082269131, 39.092054793840553 ], [ 141.724090096062696, 39.092319907560167 ], [ 141.725524421629018, 39.092196204935362 ], [ 141.725900124127918, 39.091940750954635 ], [ 141.726955744607864, 39.092420305874562 ], [ 141.727739928343624, 39.092138421165792 ], [ 141.728414402774405, 39.092249861618996 ], [ 141.729198343271975, 39.092148624953929 ], [ 141.729055767870733, 39.092975374820909 ], [ 141.729495983315275, 39.093207050083656 ], [ 141.729928230188278, 39.093287194973726 ], [ 141.73023028401721, 39.093121741434082 ], [ 141.730706033818507, 39.093285085027993 ], [ 141.73133718863798, 39.093120966723838 ], [ 141.731961408910507, 39.093397876538887 ] ] ] } },
{ "type": "Feature", "properties": { "CITY_NAME": "大船渡市", "S_NAME": "赤崎町字沢田", "JINKO": 327, "medical_area": "03_気仙医療圏", "町丁目名": "大船渡市赤崎町字沢田" }, "geometry": { "type": "Polygon", "coordinates": [ [ [ 141.758540204100512, 39.099420174474879 ], [ 141.760656125848243, 39.099291778442122 ], [ 141.761920056032295, 39.098549769206244 ], [ 141.762879218802851, 39.098244383662184 ], [ 141.765516703826847, 39.098133423441872 ], [ 141.765825591905838, 39.096809735439059 ], [ 141.767021396498393, 39.0954384898534 ], [ 141.767477929558112, 39.093552172790936 ], [ 141.768779507802265, 39.093557374380097 ], [ 141.770606881435384, 39.093896278850956 ], [ 141.773279239934197, 39.093136569766777 ], [ 141.775194065385477, 39.093167729267186 ], [ 141.777867154746389, 39.090978093831382 ], [ 141.778494338144611, 39.09026588793742 ], [ 141.777995786099979, 39.088399705852169 ], [ 141.779045323176319, 39.085050690316756 ], [ 141.778932242360383, 39.084037418980365 ], [ 141.779019706653884, 39.081360027137038 ], [ 141.776517990004862, 39.077878496075996 ], [ 141.776350409248408, 39.076952515927516 ], [ 141.775766752472094, 39.076752578998601 ], [ 141.774532289474479, 39.075190009586002 ], [ 141.773268212662316, 39.074083629343683 ], [ 141.772106091986785, 39.074062021043538 ], [ 141.771118452352965, 39.073399997155995 ], [ 141.765016758472569, 39.070539626712332 ], [ 141.764838370806757, 39.070286787732378 ], [ 141.764889161360458, 39.069312531417744 ], [ 141.764710542633765, 39.068138411475914 ], [ 141.764032902522416, 39.066834914547087 ], [ 141.764421310292477, 39.065811442504113 ], [ 141.764683249231496, 39.064255463866616 ], [ 141.763224132033997, 39.062514769702773 ], [ 141.763359281418218, 39.061905719271181 ], [ 141.76330157994667, 39.061143168243085 ], [ 141.762967999957681, 39.059926621141877 ], [ 141.763313599901238, 39.059404059469365 ], [ 141.765075037801381, 39.057934948157602 ], [ 141.763381871947132, 39.056720042438037 ], [ 141.762560825604396, 39.056395469646148 ], [ 141.758481372059379, 39.056730746814736 ], [ 141.754588815858142, 39.057993098678224 ], [ 141.751844380733672, 39.059371208721217 ], [ 141.74543769627482, 39.059572683117047 ], [ 141.747248637952453, 39.062499475889815 ], [ 141.746871009143092, 39.065377207913677 ], [ 141.746963165333028, 39.065192374695918 ], [ 141.747753649959179, 39.064852518351707 ], [ 141.746638854186187, 39.067123145113129 ], [ 141.759180311340089, 39.079150225867998 ], [ 141.761752786843715, 39.083572640360437 ], [ 141.755953521296561, 39.086385626767409 ], [ 141.745779052132605, 39.080708774898781 ], [ 141.740801341549968, 39.081337742267628 ], [ 141.738751250663881, 39.077434127392841 ], [ 141.733494496723779, 39.079857127386902 ], [ 141.73217512547194, 39.084689345277745 ], [ 141.734078001704546, 39.087159586940089 ], [ 141.733551560477821, 39.087401731465953 ], [ 141.733207582458334, 39.08743556246057 ], [ 141.732572925876724, 39.087164791404668 ], [ 141.731563743541358, 39.087315922858309 ], [ 141.731095201788861, 39.087566620674231 ], [ 141.730835094187057, 39.087918743724167 ], [ 141.73022356327175, 39.088110225464348 ], [ 141.729691097059828, 39.087452920829939 ], [ 141.727174559152587, 39.087608548272343 ], [ 141.727139953117273, 39.086994217123269 ], [ 141.726145010621792, 39.086593862413473 ], [ 141.725413980578566, 39.085833268048944 ], [ 141.724892632132565, 39.08562232491866 ], [ 141.724735394583007, 39.085105908907806 ], [ 141.724188276261771, 39.084877283310682 ], [ 141.724027017948515, 39.084478354858497 ], [ 141.72352992005176, 39.084456039189824 ], [ 141.722633962257731, 39.083287517879278 ], [ 141.722278681101017, 39.083720153628832 ], [ 141.720718476960258, 39.084095870538704 ], [ 141.71912309512274, 39.085963101259772 ], [ 141.719451337697876, 39.08613619864667 ], [ 141.719524253722341, 39.08714603927568 ], [ 141.72304703453355, 39.088517267302109 ], [ 141.724527265220843, 39.089266810737108 ], [ 141.725149563873629, 39.090296587200164 ], [ 141.725724514541639, 39.090758997401181 ], [ 141.727843839579322, 39.090583222805932 ], [ 141.728478385478809, 39.090666045627088 ], [ 141.730170586603691, 39.090101720390635 ], [ 141.731391940920389, 39.089106985995187 ], [ 141.732557381277189, 39.089084214396124 ], [ 141.73376384394652, 39.088511266063705 ], [ 141.73394931985203, 39.088383720439872 ], [ 141.733989701707628, 39.087981488900681 ], [ 141.734510474560238, 39.087734534621269 ], [ 141.738488613705584, 39.092810895300047 ], [ 141.739309706377924, 39.092931554092445 ], [ 141.740026317516907, 39.092835909599245 ], [ 141.740440405445355, 39.092615256925193 ], [ 141.740530996641183, 39.093122928990731 ], [ 141.741855111718223, 39.093337124046869 ], [ 141.746725554838747, 39.093617283860851 ], [ 141.755468746040862, 39.093308388991808 ], [ 141.758540204100512, 39.099420174474879 ] ] ] } },
{ "type": "Feature", "properties": { "CITY_NAME": "大船渡市", "S_NAME": "赤崎町字佐野", "JINKO": 382, "medical_area": "03_気仙医療圏", "町丁目名": "大船渡市赤崎町字佐野" }, "geometry": { "type": "Polygon", "coordinates": [ [ [ 141.731214126561582, 39.087495610072438 ], [ 141.732572925876724, 39.087164791404668 ], [ 141.73339243133654, 39.087449618752132 ], [ 141.734078001704546, 39.087159586940089 ], [ 141.73217512547194, 39.084689345277745 ], [ 141.733494496723779, 39.079857127386902 ], [ 141.730135817699676, 39.078174963742747 ], [ 141.729939438823777, 39.077756048704806 ], [ 141.729242884177154, 39.077765833519713 ], [ 141.728225667751161, 39.077075167359581 ], [ 141.727574325143252, 39.076221792566507 ], [ 141.726511186060065, 39.07545270822105 ], [ 141.724191396891769, 39.079062705412312 ], [ 141.723059829152675, 39.079976167180355 ], [ 141.723024509502352, 39.08022556891212 ], [ 141.723421045088799, 39.080294327791371 ], [ 141.72320300436229, 39.080668070045448 ], [ 141.723118714002567, 39.081766442224648 ], [ 141.722633962257731, 39.083287517879278 ], [ 141.72352992005176, 39.084456039189824 ], [ 141.724027017948515, 39.084478354858497 ], [ 141.724188276261771, 39.084877283310682 ], [ 141.724735394583007, 39.085105908907806 ], [ 141.724892632132565, 39.08562232491866 ], [ 141.725413980578566, 39.085833268048944 ], [ 141.726145010621792, 39.086593862413473 ], [ 141.727139953117273, 39.086994217123269 ], [ 141.727174559152587, 39.087608548272343 ], [ 141.729691097059828, 39.087452920829939 ], [ 141.73022356327175, 39.088110225464348 ], [ 141.730835094187057, 39.087918743724167 ], [ 141.731214126561582, 39.087495610072438 ] ] ] } },
{ "type": "Feature", "properties": { "CITY_NAME": "大船渡市", "S_NAME": "赤崎町字石橋前", "JINKO": 0, "medical_area": "03_気仙医療圏", "町丁目名": "大船渡市赤崎町字石橋前" }, "geometry": { "type": "Polygon", "coordinates": [ [ [ 141.724191396891769, 39.079062705412319 ], [ 141.726277880637809, 39.075979283824616 ], [ 141.726696463829569, 39.07500454599321 ], [ 141.728603068438929, 39.073174819353888 ], [ 141.724974279607267, 39.070974277958335 ], [ 141.724157574083989, 39.071900389254047 ], [ 141.722053179893379, 39.075959028467622 ], [ 141.720539304618171, 39.079794921217584 ], [ 141.723024509502352, 39.080225568912127 ], [ 141.723153325318066, 39.079836320369687 ], [ 141.724191396891769, 39.079062705412319 ] ] ] } },
{ "type": "Feature", "properties": { "CITY_NAME": "大船渡市", "S_NAME": "赤崎町字跡浜", "JINKO": 44, "medical_area": "03_気仙医療圏", "町丁目名": "大船渡市赤崎町字跡浜" }, "geometry": { "type": "Polygon", "coordinates": [ [ [ 141.733494496723779, 39.079857127386902 ], [ 141.736259677340001, 39.075060356607537 ], [ 141.736316322570048, 39.072943679427731 ], [ 141.736802869652792, 39.071579649904592 ], [ 141.737378882180735, 39.071320934364323 ], [ 141.737471078220608, 39.071048363799527 ], [ 141.738190745518125, 39.070369802815144 ], [ 141.738304592628225, 39.070039990145702 ], [ 141.739278481562451, 39.06950308787556 ], [ 141.738794233435669, 39.069123643755432 ], [ 141.7369046597031, 39.068408251986355 ], [ 141.735759373922434, 39.067637332512973 ], [ 141.734096885134704, 39.0668423067359 ], [ 141.733954651147769, 39.06717740550733 ], [ 141.733677688339156, 39.067120986535301 ], [ 141.73396092384337, 39.067216134181997 ], [ 141.733827699905504, 39.06746488268719 ], [ 141.734689372172767, 39.068339206275674 ], [ 141.734540379234005, 39.068526850439305 ], [ 141.733955451895781, 39.068059275916596 ], [ 141.733836471656957, 39.068151188707198 ], [ 141.733579724151525, 39.067953229431502 ], [ 141.733672995254096, 39.067834491560035 ], [ 141.7331452984713, 39.068227661325103 ], [ 141.733501903263289, 39.068009636718109 ], [ 141.733749352706155, 39.06820773872365 ], [ 141.732979081420268, 39.068784767895735 ], [ 141.733110606966022, 39.06894681684075 ], [ 141.73306549472079, 39.069217406660698 ], [ 141.732969114808327, 39.068817288895737 ], [ 141.732479979980923, 39.068611121393701 ], [ 141.731671671796533, 39.06612125185891 ], [ 141.732395863958544, 39.068627110410283 ], [ 141.732106238729045, 39.069022105913263 ], [ 141.731916681841511, 39.069745967221614 ], [ 141.731216392250957, 39.070107165903011 ], [ 141.731120706297474, 39.069944913149058 ], [ 141.731226965526218, 39.069392776423925 ], [ 141.731216756530273, 39.069137040221044 ], [ 141.731147349399976, 39.069131239088009 ], [ 141.730998325212113, 39.070224187083802 ], [ 141.729561926496473, 39.070950435072334 ], [ 141.729170173814907, 39.070494030141028 ], [ 141.729188541050803, 39.070305636666085 ], [ 141.728906380547386, 39.070380778244328 ], [ 141.72855218688477, 39.069966378014662 ], [ 141.72872638693309, 39.069856946896195 ], [ 141.728521081043681, 39.069614387282883 ], [ 141.728353887850545, 39.069728268423077 ], [ 141.727360471492858, 39.068732665505344 ], [ 141.724974279607181, 39.070974277958335 ], [ 141.728603068438929, 39.073174819353888 ], [ 141.726696463829541, 39.07500454599321 ], [ 141.726511186060065, 39.07545270822105 ], [ 141.727574325143252, 39.076221792566507 ], [ 141.728225667751161, 39.077075167359581 ], [ 141.729242884177154, 39.077765833519713 ], [ 141.729939438823777, 39.077756048704806 ], [ 141.730135817699676, 39.078174963742747 ], [ 141.733494496723779, 39.079857127386902 ] ] ] } },
{ "type": "Feature", "properties": { "CITY_NAME": "大船渡市", "S_NAME": "赤崎町字後ノ入", "JINKO": 411, "medical_area": "03_気仙医療圏", "町丁目名": "大船渡市赤崎町字後ノ入" }, "geometry": { "type": "Polygon", "coordinates": [ [ [ 141.761752786843715, 39.083572640360458 ], [ 141.759180311340089, 39.079150225867998 ], [ 141.750017461595945, 39.070399696688369 ], [ 141.748234299500382, 39.071175204117758 ], [ 141.74737430128485, 39.071270504892517 ], [ 141.746419646264371, 39.071687911203867 ], [ 141.743808411463363, 39.071520465383806 ], [ 141.743041945905446, 39.071317443878918 ], [ 141.741619175368129, 39.070491659089214 ], [ 141.740554759364642, 39.07021228531611 ], [ 141.739278481562451, 39.06950308787556 ], [ 141.738304592628225, 39.070039990145716 ], [ 141.738190745518125, 39.070369802815144 ], [ 141.737471078220608, 39.071048363799527 ], [ 141.737378882180735, 39.071320934364344 ], [ 141.736802869652792, 39.071579649904592 ], [ 141.736316322570048, 39.072943679427731 ], [ 141.736259677340001, 39.075060356607537 ], [ 141.733494496723779, 39.079857127386902 ], [ 141.738751250663881, 39.077434127392841 ], [ 141.740801341549997, 39.081337742267628 ], [ 141.745779052132605, 39.080708774898781 ], [ 141.755953521296561, 39.086385626767409 ], [ 141.761752786843715, 39.083572640360458 ] ] ] } },
{ "type": "Feature", "properties": { "CITY_NAME": "大船渡市", "S_NAME": "赤崎町字大洞", "JINKO": 279, "medical_area": "03_気仙医療圏", "町丁目名": "大船渡市赤崎町字大洞" }, "geometry": { "type": "Polygon", "coordinates": [ [ [ 141.746578375325981, 39.071667603281504 ], [ 141.74737430128485, 39.071270504892517 ], [ 141.748234299500382, 39.071175204117758 ], [ 141.750017461595945, 39.070399696688369 ], [ 141.746638854186187, 39.067123145113129 ], [ 141.747753649959179, 39.064852518351707 ], [ 141.746963165333028, 39.065192374695918 ], [ 141.746871009143092, 39.065377207913677 ], [ 141.745865183619088, 39.065691339148941 ], [ 141.74511270870849, 39.065352861636654 ], [ 141.744132457801925, 39.066138154330915 ], [ 141.743097550167079, 39.066271128667779 ], [ 141.741119605705734, 39.067791064551479 ], [ 141.740407891564274, 39.0676596374783 ], [ 141.739920160779718, 39.068279699641224 ], [ 141.738626589092377, 39.069039434285656 ], [ 141.740074625641654, 39.069999464937943 ], [ 141.741619175368129, 39.070491659089214 ], [ 141.743041945905446, 39.071317443878918 ], [ 141.743808411463363, 39.071520465383806 ], [ 141.746578375325981, 39.071667603281504 ] ] ] } },
{ "type": "Feature", "properties": { "CITY_NAME": "大船渡市", "S_NAME": "赤崎町字生形", "JINKO": 1, "medical_area": "03_気仙医療圏", "町丁目名": "大船渡市赤崎町字生形" }, "geometry": { "type": "Polygon", "coordinates": [ [ [ 141.739845220983909, 39.067141742553844 ], [ 141.738466479128334, 39.066321920403958 ], [ 141.737825382982123, 39.067133879542318 ], [ 141.736115133830992, 39.066318070445242 ], [ 141.736234605365041, 39.066116647339534 ], [ 141.735202491896615, 39.065636415332072 ], [ 141.734663304740025, 39.066118000503558 ], [ 141.734514307460557, 39.066580391198656 ], [ 141.734073689128422, 39.066637834109613 ], [ 141.734096885134704, 39.0668423067359 ], [ 141.735759373922434, 39.067637332512973 ], [ 141.7369046597031, 39.068408251986355 ], [ 141.738626589092377, 39.069039434285656 ], [ 141.739920160779718, 39.068279699641224 ], [ 141.740407891564274, 39.0676596374783 ], [ 141.739845220983909, 39.067141742553844 ] ] ] } },
{ "type": "Feature", "properties": { "CITY_NAME": "大船渡市", "S_NAME": "赤崎町字山口", "JINKO": 261, "medical_area": "03_気仙医療圏", "町丁目名": "大船渡市赤崎町字山口" }, "geometry": { "type": "Polygon", "coordinates": [ [ [ 141.742652449435298, 39.066568972920969 ], [ 141.743303146398233, 39.066197322644243 ], [ 141.744132457801925, 39.066138154330915 ], [ 141.74511270870849, 39.065352861636654 ], [ 141.745865183619088, 39.065691339148941 ], [ 141.746871009143121, 39.065377207913677 ], [ 141.747248637952481, 39.062499475889801 ], [ 141.74543769627482, 39.059572683117047 ], [ 141.740106792990417, 39.058435074179549 ], [ 141.739951898085678, 39.05891187696735 ], [ 141.738972215174812, 39.060181732488346 ], [ 141.738237560780249, 39.060739590138176 ], [ 141.738114490285597, 39.060694586656624 ], [ 141.737902890764843, 39.061038532584099 ], [ 141.737894930158774, 39.061860161028214 ], [ 141.738685411896824, 39.063223272236357 ], [ 141.738654980814971, 39.063644214471914 ], [ 141.73821865791794, 39.063676376010733 ], [ 141.73804975463986, 39.06456230626776 ], [ 141.736413035014436, 39.065239726013672 ], [ 141.736144658979157, 39.064767958224486 ], [ 141.735989352590849, 39.064821447296936 ], [ 141.736134607177064, 39.06506171404012 ], [ 141.735714657689812, 39.065202821131422 ], [ 141.735202491896615, 39.065636415332072 ], [ 141.736234605365041, 39.066116647339534 ], [ 141.736115133830992, 39.066318070445242 ], [ 141.737825382982123, 39.067133879542318 ], [ 141.738466479128334, 39.066321920403958 ], [ 141.740020887817309, 39.067260441423969 ], [ 141.740407891564274, 39.0676596374783 ], [ 141.741119605705734, 39.067791064551479 ], [ 141.742160601842414, 39.067106034079124 ], [ 141.742652449435298, 39.066568972920969 ] ] ] } },
{ "type": "Feature", "properties": { "CITY_NAME": "大船渡市", "S_NAME": "赤崎町字大立", "JINKO": 110, "medical_area": "03_気仙医療圏", "町丁目名": "大船渡市赤崎町字大立" }, "geometry": { "type": "Polygon", "coordinates": [ [ [ 141.74543769627482, 39.059572683117047 ], [ 141.751844380733701, 39.059371208721217 ], [ 141.753581715777983, 39.058441943462874 ], [ 141.755845698220213, 39.057546916838241 ], [ 141.758481372059379, 39.056730746814736 ], [ 141.759952646770529, 39.056532216285845 ], [ 141.762560825604396, 39.056395469646148 ], [ 141.763381871947132, 39.056720042438037 ], [ 141.765075037801381, 39.057934948157602 ], [ 141.765650461270297, 39.057073436390084 ], [ 141.76630652321478, 39.057117800579086 ], [ 141.768092899425454, 39.056306678083985 ], [ 141.768116749957386, 39.054916400761542 ], [ 141.768488666584688, 39.054531410039502 ], [ 141.769287533498471, 39.054189792186001 ], [ 141.770675685083091, 39.053112633980582 ], [ 141.772849940429126, 39.052603344441415 ], [ 141.774970370227834, 39.051492740494311 ], [ 141.775990588424406, 39.050058605271502 ], [ 141.775746541290232, 39.049192417729799 ], [ 141.776288218329171, 39.047806058951636 ], [ 141.776145502033643, 39.047147857947266 ], [ 141.776683028878523, 39.046769810059715 ], [ 141.758288366485573, 39.041889617022719 ], [ 141.755839767501755, 39.036832800019837 ], [ 141.753432371367154, 39.028899792237496 ], [ 141.746099118102421, 39.031893088586294 ], [ 141.749217133822015, 39.044079291032062 ], [ 141.75602613765264, 39.050878071637598 ], [ 141.752301427051918, 39.05740552357738 ], [ 141.74814992045512, 39.05639773226207 ], [ 141.747391914538042, 39.056023422764206 ], [ 141.746526536247956, 39.056167282992334 ], [ 141.742441868743441, 39.055879959740068 ], [ 141.74230236480301, 39.055631069136574 ], [ 141.742427328003771, 39.055305312748267 ], [ 141.742052925633033, 39.054752324372423 ], [ 141.741550879968571, 39.054470990963075 ], [ 141.74083129113825, 39.053718559450651 ], [ 141.739878759060474, 39.053324031861479 ], [ 141.73973693599163, 39.053434143161724 ], [ 141.740072716112479, 39.053582847525746 ], [ 141.739971116125986, 39.053852049279762 ], [ 141.74009866486233, 39.053888008132233 ], [ 141.739890907003598, 39.054086038417822 ], [ 141.739937049359213, 39.054263098437985 ], [ 141.739754249920651, 39.05424023596467 ], [ 141.7398611531396, 39.054376288418993 ], [ 141.739508257169575, 39.054244816413558 ], [ 141.739441315400001, 39.054520998927252 ], [ 141.738821373713705, 39.054736576434884 ], [ 141.738384742896017, 39.054656210134418 ], [ 141.736453575494721, 39.052624460889788 ], [ 141.736072364865379, 39.051723907457792 ], [ 141.735468196579745, 39.051096162878444 ], [ 141.735037645513813, 39.050945428789987 ], [ 141.734240213442803, 39.050922789687377 ], [ 141.734082443580462, 39.05105011991585 ], [ 141.733502822751149, 39.051984187840503 ], [ 141.733189819553616, 39.053166670495344 ], [ 141.733438433160813, 39.053997095053617 ], [ 141.733785714772893, 39.054326879325465 ], [ 141.734090707813976, 39.054503779357894 ], [ 141.734235316751239, 39.054427010827752 ], [ 141.735201839541475, 39.055020362412911 ], [ 141.736541674855033, 39.055174914506665 ], [ 141.738275493506166, 39.05631272001272 ], [ 141.739905929511622, 39.057766582820406 ], [ 141.740106792990417, 39.058435074179549 ], [ 141.74543769627482, 39.059572683117047 ] ] ] } },
{ "type": "Feature", "properties": { "CITY_NAME": "大船渡市", "S_NAME": "赤崎町字永浜", "JINKO": 153, "medical_area": "03_気仙医療圏", "町丁目名": "大船渡市赤崎町字永浜" }, "geometry": { "type": "Polygon", "coordinates": [ [ [ 141.752301427051918, 39.05740552357738 ], [ 141.75602613765264, 39.050878071637598 ], [ 141.749217133822015, 39.044079291032062 ], [ 141.749132890673991, 39.044395800977576 ], [ 141.748482533805401, 39.0447552448991 ], [ 141.746103041377097, 39.045005963821531 ], [ 141.744299360152326, 39.045372553741174 ], [ 141.743527868541435, 39.045684632681471 ], [ 141.742211568762883, 39.045866243271171 ], [ 141.741739429498864, 39.045771948643512 ], [ 141.740449656256828, 39.046066004842864 ], [ 141.738866183140203, 39.046014380955363 ], [ 141.735548969444494, 39.04653843187522 ], [ 141.736811675608891, 39.047400159854362 ], [ 141.736526711381288, 39.047594630970316 ], [ 141.736905104172791, 39.047733095102821 ], [ 141.736740190547266, 39.047759634402368 ], [ 141.736735777688324, 39.048042513455975 ], [ 141.736053604613375, 39.048180158626785 ], [ 141.735881347425249, 39.048352644472708 ], [ 141.735829518391114, 39.048541373287492 ], [ 141.736007574715387, 39.048738180197489 ], [ 141.734997996961766, 39.050646703637874 ], [ 141.735879303845081, 39.049096754614325 ], [ 141.737574849943627, 39.049607049287999 ], [ 141.738000710628683, 39.049300149154767 ], [ 141.739824076298078, 39.050231890403651 ], [ 141.74018872546236, 39.050472284952626 ], [ 141.740126752976607, 39.050594376827718 ], [ 141.740527802209215, 39.050695775807604 ], [ 141.740790021828786, 39.050964902362352 ], [ 141.740982250816273, 39.051623685936299 ], [ 141.740830520207851, 39.051686163056686 ], [ 141.740965186070355, 39.052458910146946 ], [ 141.740832912791944, 39.052413065871249 ], [ 141.740569342331241, 39.052847506547153 ], [ 141.740298395433172, 39.052799219259086 ], [ 141.739749062464142, 39.053205185960522 ], [ 141.740692358585051, 39.053611399449018 ], [ 141.741550879968571, 39.054470990963075 ], [ 141.742052925633033, 39.054752324372423 ], [ 141.742427328003771, 39.055305312748267 ], [ 141.742375287734149, 39.055847330367534 ], [ 141.746526536247956, 39.056167282992334 ], [ 141.747391914538042, 39.056023422764206 ], [ 141.74814992045512, 39.05639773226207 ], [ 141.752301427051918, 39.05740552357738 ] ] ] } },
{ "type": "Feature", "properties": { "CITY_NAME": "大船渡市", "S_NAME": "赤崎町字清水", "JINKO": 148, "medical_area": "03_気仙医療圏", "町丁目名": "大船渡市赤崎町字清水" }, "geometry": { "type": "Polygon", "coordinates": [ [ [ 141.736811675608891, 39.047400159854362 ], [ 141.735548969444494, 39.04653843187522 ], [ 141.738866183140203, 39.046014380955363 ], [ 141.740449656256828, 39.046066004842864 ], [ 141.741739429498864, 39.045771948643512 ], [ 141.742211568762883, 39.045866243271171 ], [ 141.743527868541435, 39.045684632681471 ], [ 141.744299360152326, 39.045372553741174 ], [ 141.746103041377097, 39.045005963821531 ], [ 141.748482533805401, 39.0447552448991 ], [ 141.749132890673991, 39.044395800977576 ], [ 141.749217133822015, 39.044079291032062 ], [ 141.747407632815055, 39.036910412052208 ], [ 141.746666288503121, 39.037396176534791 ], [ 141.745371291479273, 39.037314166010439 ], [ 141.74352046813965, 39.036535869609757 ], [ 141.740881985765014, 39.037089838114099 ], [ 141.739922950512465, 39.037077996649067 ], [ 141.738206663219643, 39.037877964585618 ], [ 141.738439406496013, 39.038378792537173 ], [ 141.738260978492519, 39.038510792930353 ], [ 141.738426722555658, 39.038649136939604 ], [ 141.737487333279006, 39.039348280064729 ], [ 141.736127067074904, 39.040825294984096 ], [ 141.735888250439046, 39.042199130579363 ], [ 141.735992141973867, 39.042468575067581 ], [ 141.735521095676518, 39.04338921695463 ], [ 141.735365544450076, 39.04342011580372 ], [ 141.735463379497418, 39.043752664892665 ], [ 141.735267363915227, 39.04332903263245 ], [ 141.734558673510008, 39.042743542256126 ], [ 141.73401499190777, 39.042683758838521 ], [ 141.733537600069411, 39.043653142878789 ], [ 141.73336531647891, 39.044544451143913 ], [ 141.73342374645884, 39.045418714266845 ], [ 141.733686175576594, 39.045885122772702 ], [ 141.734003055691829, 39.046006968688737 ], [ 141.734657073651761, 39.045835277611559 ], [ 141.735909355205621, 39.046928283849226 ], [ 141.735853660172921, 39.04708994750046 ], [ 141.73652299278379, 39.047572139107864 ], [ 141.736811675608891, 39.047400159854362 ] ] ] } },
{ "type": "Feature", "properties": { "CITY_NAME": "大船渡市", "S_NAME": "赤崎町字蛸ノ浦", "JINKO": 136, "medical_area": "03_気仙医療圏", "町丁目名": "大船渡市赤崎町字蛸ノ浦" }, "geometry": { "type": "Polygon", "coordinates": [ [ [ 141.736699700558148, 39.038276054799233 ], [ 141.737356437647833, 39.03787194590987 ], [ 141.738200103682743, 39.037816788250744 ], [ 141.739922950512465, 39.037077996649067 ], [ 141.740881985765014, 39.037089838114099 ], [ 141.74367469397933, 39.03656464854771 ], [ 141.744235771259866, 39.035975374236536 ], [ 141.743672192361004, 39.034424633906447 ], [ 141.741959958488451, 39.035153202052733 ], [ 141.741654946695434, 39.035124184759198 ], [ 141.740827666559312, 39.034879081793996 ], [ 141.7403153447259, 39.034397382226842 ], [ 141.739405286314735, 39.034514510770677 ], [ 141.738856938473106, 39.034376825640933 ], [ 141.738823750976707, 39.034045657784283 ], [ 141.738135511840483, 39.033121794291432 ], [ 141.738286240700688, 39.032998310900858 ], [ 141.737860072590564, 39.032710106622318 ], [ 141.737566038499011, 39.032966556316822 ], [ 141.736954604462881, 39.032469166114687 ], [ 141.734948289908033, 39.03227925632028 ], [ 141.734659932640966, 39.03267153851516 ], [ 141.735029477809633, 39.033662308156259 ], [ 141.734547894447644, 39.033940744780814 ], [ 141.733594849486138, 39.032745472806141 ], [ 141.732770968229261, 39.032350941180574 ], [ 141.732432249081853, 39.032330180735478 ], [ 141.731837757962126, 39.032808530045017 ], [ 141.731451670915931, 39.032419633499806 ], [ 141.730891669569701, 39.032247426162598 ], [ 141.730547568450731, 39.032527493820368 ], [ 141.730657334600807, 39.033347324588483 ], [ 141.731422781773972, 39.034411607985284 ], [ 141.732447845919438, 39.035007289768089 ], [ 141.733089161860818, 39.035114962336046 ], [ 141.73417072835116, 39.034790431466398 ], [ 141.735366712949741, 39.035284836832417 ], [ 141.735536859906603, 39.035585303127434 ], [ 141.735422182319724, 39.035289757223218 ], [ 141.736069638780037, 39.03488839679072 ], [ 141.736455417675273, 39.034981836141839 ], [ 141.737121001186438, 39.035454136077483 ], [ 141.737500351153273, 39.036123239499375 ], [ 141.737784377950987, 39.036112948315726 ], [ 141.737704292892346, 39.036447717272402 ], [ 141.737031275601396, 39.03737626124996 ], [ 141.736772086016714, 39.037522394776872 ], [ 141.736496755380188, 39.037310153731575 ], [ 141.73654217930428, 39.038152070676581 ], [ 141.736699700558148, 39.038276054799233 ] ] ] } },
{ "type": "Feature", "properties": { "CITY_NAME": "大船渡市", "S_NAME": "赤崎町字鳥沢", "JINKO": 343, "medical_area": "03_気仙医療圏", "町丁目名": "大船渡市赤崎町字鳥沢" }, "geometry": { "type": "Polygon", "coordinates": [ [ [ 141.746430176980653, 39.037406608396601 ], [ 141.747407632815055, 39.036910412052208 ], [ 141.746099118102421, 39.031893088586294 ], [ 141.753432371367154, 39.028899792237496 ], [ 141.748566629390183, 39.02365774295825 ], [ 141.749683579380275, 39.019647557509636 ], [ 141.748807422128806, 39.020206613923257 ], [ 141.749030407464289, 39.020927371337628 ], [ 141.748756787281934, 39.021373602172332 ], [ 141.74823267662947, 39.021656968335044 ], [ 141.747997845037844, 39.021532688845788 ], [ 141.74798480126816, 39.021688608559664 ], [ 141.747646398201965, 39.021773248290486 ], [ 141.747455436408245, 39.02227745463059 ], [ 141.747580639893329, 39.022756595338095 ], [ 141.747327670285728, 39.022666660233064 ], [ 141.747215487245654, 39.022921603296389 ], [ 141.746889680324415, 39.022997134288637 ], [ 141.746834029106793, 39.023339889316873 ], [ 141.746623062622206, 39.023365817738366 ], [ 141.746570832410754, 39.023701367266476 ], [ 141.746224276143806, 39.024140069081845 ], [ 141.745765267850231, 39.024283284681729 ], [ 141.74564912309981, 39.024406719566642 ], [ 141.745871173304238, 39.024344601115295 ], [ 141.745558527100599, 39.024636227162752 ], [ 141.744882641115453, 39.024879309400667 ], [ 141.744425378625039, 39.024885621525272 ], [ 141.744427536758423, 39.024605427691824 ], [ 141.74423315942667, 39.024756498065109 ], [ 141.743986746952686, 39.02454580484698 ], [ 141.742995685344312, 39.024619257711251 ], [ 141.742181412276636, 39.024345488847665 ], [ 141.741658888752056, 39.023767594136025 ], [ 141.741748823372717, 39.023128211254225 ], [ 141.741599251087706, 39.022806830090303 ], [ 141.741327630780205, 39.022704428634022 ], [ 141.74134301290573, 39.023002502622909 ], [ 141.740884250464859, 39.022975451428216 ], [ 141.740765033098455, 39.022867361797147 ], [ 141.740959220991328, 39.02251902924219 ], [ 141.740811995755251, 39.022386876657045 ], [ 141.74044425341225, 39.022344689789996 ], [ 141.74015525617574, 39.022954085675735 ], [ 141.739461406139498, 39.023063065047211 ], [ 141.738540769860805, 39.022681923587626 ], [ 141.73855778863026, 39.022207933723131 ], [ 141.738429396515698, 39.02210174255309 ], [ 141.738104923462146, 39.022281750070825 ], [ 141.737671976161636, 39.02301569867597 ], [ 141.736919702054649, 39.023247567246642 ], [ 141.736300499732721, 39.023140657792403 ], [ 141.735928065371894, 39.022914731078842 ], [ 141.73564549826375, 39.022399842320013 ], [ 141.73609632485514, 39.022166649665039 ], [ 141.736147136190397, 39.021624835994366 ], [ 141.735606778614368, 39.021904677647832 ], [ 141.735081132182955, 39.02287713562044 ], [ 141.734653328774442, 39.023111905059203 ], [ 141.734215823719467, 39.023032440462899 ], [ 141.733990645910495, 39.022672921434939 ], [ 141.733800242045703, 39.022952734018212 ], [ 141.733591961001736, 39.022920134542133 ], [ 141.733689107014726, 39.022303224533303 ], [ 141.733528564151527, 39.021846790998566 ], [ 141.733143906837455, 39.021927237839314 ], [ 141.733123696706002, 39.022061605193713 ], [ 141.733004077781601, 39.022012979422385 ], [ 141.733072854999136, 39.022425921657934 ], [ 141.732947547369037, 39.022645833551302 ], [ 141.732493956713796, 39.022577255278755 ], [ 141.732152425168323, 39.02323207460099 ], [ 141.731298724805185, 39.023391776468991 ], [ 141.730751892595805, 39.023887848197752 ], [ 141.729884442887453, 39.023967483599904 ], [ 141.729710246252495, 39.024615592845123 ], [ 141.72941835353754, 39.024819604245508 ], [ 141.729220552220227, 39.024703095192891 ], [ 141.729102821860067, 39.02480308930695 ], [ 141.729042004843365, 39.025193660577209 ], [ 141.72921345164653, 39.025422974307212 ], [ 141.728894742206563, 39.02551183854078 ], [ 141.728591197109154, 39.026255592108726 ], [ 141.728437786592224, 39.026267533077466 ], [ 141.728487512567057, 39.026822994967404 ], [ 141.728174271591598, 39.027165879146622 ], [ 141.728126328633266, 39.027483367533868 ], [ 141.728236418126244, 39.027783390008985 ], [ 141.727808562516458, 39.028288455607097 ], [ 141.727816508631406, 39.028552309867621 ], [ 141.728338206260986, 39.028432124686951 ], [ 141.728862142064116, 39.0286803467882 ], [ 141.729286520491627, 39.028356386589884 ], [ 141.731289319223833, 39.028189714432337 ], [ 141.731848099817711, 39.02844574801464 ], [ 141.73238588450667, 39.028958679333442 ], [ 141.732483076045526, 39.029243524763757 ], [ 141.732326902481645, 39.029591545917164 ], [ 141.732465309545319, 39.029846303163964 ], [ 141.733037018818521, 39.029940083614932 ], [ 141.733338882286802, 39.029703544487802 ], [ 141.733733473328925, 39.029761806038401 ], [ 141.734752090656769, 39.030752971760222 ], [ 141.734958420383975, 39.03063068385989 ], [ 141.735817047614944, 39.030672695153967 ], [ 141.736943894777454, 39.030098231728203 ], [ 141.737747611522906, 39.029995674013428 ], [ 141.738389355592773, 39.030778934269186 ], [ 141.737752541878564, 39.03101449002186 ], [ 141.737415909833857, 39.032052135582852 ], [ 141.736809112363659, 39.031933380683085 ], [ 141.73653039824103, 39.031087835472498 ], [ 141.736765783964103, 39.031974252711251 ], [ 141.737314692286816, 39.032088951002159 ], [ 141.738286240700745, 39.032998310900858 ], [ 141.738135511840483, 39.033121794291432 ], [ 141.738823750976707, 39.034045657784283 ], [ 141.738856938473106, 39.034376825640933 ], [ 141.739405286314735, 39.034514510770677 ], [ 141.7403153447259, 39.034397382226842 ], [ 141.741071047541482, 39.034999436584421 ], [ 141.741959958488451, 39.035153202052733 ], [ 141.743672192361004, 39.034424633906447 ], [ 141.744235771259866, 39.035975374236536 ], [ 141.74367469397933, 39.03656464854771 ], [ 141.745371291479273, 39.037314166010439 ], [ 141.746430176980653, 39.037406608396601 ] ] ] } },
{ "type": "Feature", "properties": { "CITY_NAME": "大船渡市", "S_NAME": "赤崎町字長崎", "JINKO": 170, "medical_area": "03_気仙医療圏", "町丁目名": "大船渡市赤崎町字長崎" }, "geometry": { "type": "Polygon", "coordinates": [ [ [ 141.755468613443043, 39.024282140341697 ], [ 141.756167443310545, 39.024375575246957 ], [ 141.756776477750805, 39.024074047860843 ], [ 141.75623408845388, 39.023614538739103 ], [ 141.756106053591566, 39.023116775941176 ], [ 141.756639606095916, 39.021688309448862 ], [ 141.756388602312285, 39.020880235674362 ], [ 141.756707360768928, 39.020205881907643 ], [ 141.756538361213046, 39.019811479142717 ], [ 141.758112470207664, 39.019321929802636 ], [ 141.758488952953854, 39.017807067915101 ], [ 141.7582517998475, 39.017946747460321 ], [ 141.758136333471356, 39.017685499243456 ], [ 141.75776252454375, 39.018681224380934 ], [ 141.757868694339095, 39.019031716151957 ], [ 141.757715068236422, 39.019205009666912 ], [ 141.757314682242907, 39.019225278254794 ], [ 141.757297885666219, 39.018913703071213 ], [ 141.756801596239541, 39.019375302024542 ], [ 141.756439373586346, 39.019492530764154 ], [ 141.756470112265418, 39.019635508352806 ], [ 141.756235067759519, 39.019585144507218 ], [ 141.75621344985592, 39.019435760498261 ], [ 141.755764293633746, 39.019790638855241 ], [ 141.755376197566164, 39.019612618036476 ], [ 141.755348905574976, 39.019374108032075 ], [ 141.75513565368405, 39.019582986694374 ], [ 141.754886858906332, 39.01945348226586 ], [ 141.754823868493332, 39.018961185001565 ], [ 141.754661295198702, 39.019071485454482 ], [ 141.754656116519158, 39.018854406041243 ], [ 141.754591428539868, 39.019026993916881 ], [ 141.754530057514984, 39.018838299190449 ], [ 141.754278088875679, 39.019088019893012 ], [ 141.754319961831726, 39.018576878586721 ], [ 141.754122227149736, 39.018730666547413 ], [ 141.753286108054738, 39.018730991460934 ], [ 141.752532514868363, 39.018500872053693 ], [ 141.752489883742214, 39.018594037359016 ], [ 141.753582669664183, 39.018801638071146 ], [ 141.753545740893998, 39.019602771798745 ], [ 141.752579580580999, 39.019808564242489 ], [ 141.753567307955649, 39.019658410972376 ], [ 141.753821999126671, 39.020150110831977 ], [ 141.753220750135085, 39.020534959859397 ], [ 141.751223096617053, 39.020546167937439 ], [ 141.751190599632281, 39.019288899783341 ], [ 141.752028239079038, 39.018967861613191 ], [ 141.750729730742762, 39.019369092261336 ], [ 141.750716289305927, 39.019584487565858 ], [ 141.750203185794135, 39.019463311151064 ], [ 141.749974490207308, 39.019818195251943 ], [ 141.749733892906619, 39.019693964518247 ], [ 141.748566629390183, 39.02365774295825 ], [ 141.753432371367154, 39.028899792237496 ], [ 141.754182469730409, 39.026963490859501 ], [ 141.754738538206936, 39.026645784889148 ], [ 141.755204162852124, 39.02588371645539 ], [ 141.755184235790182, 39.025166577801883 ], [ 141.755264547299589, 39.024836150413023 ], [ 141.755505325317301, 39.024661119972173 ], [ 141.755468613443043, 39.024282140341697 ] ] ] } },
{ "type": "Feature", "properties": { "CITY_NAME": "大船渡市", "S_NAME": "赤崎町字外口", "JINKO": 154, "medical_area": "03_気仙医療圏", "町丁目名": "大船渡市赤崎町字外口" }, "geometry": { "type": "Polygon", "coordinates": [ [ [ 141.761888907876397, 39.024337307508389 ], [ 141.762062078583455, 39.023545015342826 ], [ 141.762730122137981, 39.023494650604988 ], [ 141.762489489635414, 39.023376713723508 ], [ 141.762588077064407, 39.023148957525599 ], [ 141.763419270821004, 39.023128818208328 ], [ 141.763396237188118, 39.023304666513162 ], [ 141.763587094171811, 39.023417509046503 ], [ 141.76415312334754, 39.023081510356306 ], [ 141.763957528781702, 39.022869542809083 ], [ 141.764032032467583, 39.022477995548137 ], [ 141.763657747852903, 39.022295394654769 ], [ 141.763764090440361, 39.021951310069262 ], [ 141.76343376463754, 39.021859356357503 ], [ 141.763410582912599, 39.02167486816208 ], [ 141.763014036204709, 39.02137716248685 ], [ 141.763400847218549, 39.021113747939914 ], [ 141.763045094386996, 39.02110490207577 ], [ 141.763298171985781, 39.020948826477955 ], [ 141.762433557318218, 39.020182748911409 ], [ 141.761633412612525, 39.020537774822998 ], [ 141.761152186370509, 39.020385786051911 ], [ 141.761348947691602, 39.020331014034483 ], [ 141.761459652124586, 39.020146375323861 ], [ 141.761340953084243, 39.020079756288531 ], [ 141.761057434268679, 39.020116285909907 ], [ 141.761103146965553, 39.02034739751408 ], [ 141.760929225304949, 39.020383055108468 ], [ 141.759973194326051, 39.020038409349844 ], [ 141.759877289003839, 39.019591421591706 ], [ 141.760824161501858, 39.019149729387159 ], [ 141.761351812047138, 39.019320284359516 ], [ 141.760527692965468, 39.018825035234521 ], [ 141.760137149735073, 39.018803857831628 ], [ 141.759659491491647, 39.019012102539563 ], [ 141.759136058391618, 39.018894642808895 ], [ 141.759033729652259, 39.018754907417545 ], [ 141.759133992103045, 39.018296507494391 ], [ 141.75859509550412, 39.017625140905281 ], [ 141.758112470207664, 39.019321929802636 ], [ 141.756538361213046, 39.019811479142717 ], [ 141.756707360768928, 39.020205881907643 ], [ 141.756388602312285, 39.020880235674362 ], [ 141.756639606095916, 39.021688309448862 ], [ 141.756106053591566, 39.023116775941176 ], [ 141.75623408845388, 39.023614538739103 ], [ 141.756776477750805, 39.024074047860843 ], [ 141.756167443310545, 39.024375575246957 ], [ 141.755468613443043, 39.024282140341697 ], [ 141.755505325317301, 39.024661119972173 ], [ 141.755264547299589, 39.024836150413023 ], [ 141.755184235790182, 39.025166577801883 ], [ 141.755204162852124, 39.02588371645539 ], [ 141.754738538206936, 39.026645784889148 ], [ 141.754182469730409, 39.026963490859501 ], [ 141.753432371367154, 39.028899792237496 ], [ 141.753815593164887, 39.030162721942503 ], [ 141.757214583073278, 39.029118950507915 ], [ 141.757697466001929, 39.027949546185859 ], [ 141.758384826911254, 39.027268544967754 ], [ 141.762337444691127, 39.024807594127985 ], [ 141.761888907876397, 39.024337307508389 ] ] ] } },
{ "type": "Feature", "properties": { "CITY_NAME": "大船渡市", "S_NAME": "赤崎町字合足", "JINKO": 60, "medical_area": "03_気仙医療圏", "町丁目名": "大船渡市赤崎町字合足" }, "geometry": { "type": "Polygon", "coordinates": [ [ [ 141.776683028878523, 39.046769810059715 ], [ 141.777215495882558, 39.04654029376762 ], [ 141.776374408022008, 39.045027680497356 ], [ 141.777393522128051, 39.044038655448887 ], [ 141.776617685327096, 39.042929463728797 ], [ 141.776625718638655, 39.04221232610039 ], [ 141.776266723016448, 39.041704154782629 ], [ 141.776749945834808, 39.040958467015805 ], [ 141.776751008884048, 39.040246875595308 ], [ 141.775291109439138, 39.039082761112965 ], [ 141.771662204964798, 39.038257612453556 ], [ 141.771258030988122, 39.037530002228877 ], [ 141.771356132037852, 39.036163757941182 ], [ 141.770941775723884, 39.035205459081119 ], [ 141.77097899006327, 39.034820478716391 ], [ 141.770350609073944, 39.034467030392157 ], [ 141.769840369565458, 39.034836881174876 ], [ 141.76876827042517, 39.034643717240641 ], [ 141.768288777652259, 39.035067291994203 ], [ 141.768705558893942, 39.034616281290653 ], [ 141.768215926812786, 39.034095899262454 ], [ 141.768579415253356, 39.033634476558802 ], [ 141.769470570473885, 39.03368404764138 ], [ 141.768465136486128, 39.033556149291883 ], [ 141.768356670502044, 39.033384947934422 ], [ 141.768021067638983, 39.033601091791937 ], [ 141.768114308143623, 39.033139164066831 ], [ 141.767771083201353, 39.032949152182056 ], [ 141.767876212639862, 39.032772648027787 ], [ 141.767610493529702, 39.03268469514348 ], [ 141.767806293257792, 39.032029111231935 ], [ 141.767698640983184, 39.031837210502218 ], [ 141.767996527000832, 39.031826658182666 ], [ 141.76780558903377, 39.031716500898078 ], [ 141.767829781288924, 39.031362310284699 ], [ 141.768298723108018, 39.030927066995979 ], [ 141.768326935433549, 39.030699803336411 ], [ 141.767588855801534, 39.030521051201923 ], [ 141.767460867072458, 39.03062025362253 ], [ 141.767534436065887, 39.030772804834619 ], [ 141.767354835435043, 39.030728287152257 ], [ 141.76700798042134, 39.031048185381586 ], [ 141.767009413822905, 39.031594090791877 ], [ 141.766529862539556, 39.031663662443663 ], [ 141.766227472083131, 39.031503933758493 ], [ 141.766436394208085, 39.031144675196572 ], [ 141.766205297680017, 39.031047433712395 ], [ 141.766406650970197, 39.030989942171971 ], [ 141.766284490077226, 39.030833275029302 ], [ 141.766000792105984, 39.030776991368249 ], [ 141.766186637375341, 39.03059716907719 ], [ 141.765751342013033, 39.030601495650963 ], [ 141.76538617827876, 39.030148653821477 ], [ 141.765799702283743, 39.029807536215252 ], [ 141.765787192780209, 39.029378828587859 ], [ 141.766132117907375, 39.028741899474205 ], [ 141.764773823796133, 39.028813988374303 ], [ 141.764553075647484, 39.028624748328276 ], [ 141.764466777040923, 39.028210212769181 ], [ 141.764646993701604, 39.027692552851121 ], [ 141.76497373784261, 39.027422434328493 ], [ 141.765183964031991, 39.027511682091301 ], [ 141.765103151541297, 39.027342998106164 ], [ 141.765344041844429, 39.027219458873525 ], [ 141.765204456171006, 39.026965665478969 ], [ 141.764944693239016, 39.027060499606613 ], [ 141.764812460083732, 39.026926430092466 ], [ 141.765059801227864, 39.026854216580283 ], [ 141.764793363622971, 39.026703202737444 ], [ 141.765208085040399, 39.026714244960814 ], [ 141.765193760063255, 39.02659274591943 ], [ 141.764703514204541, 39.02645794867972 ], [ 141.764554643885845, 39.026731220752104 ], [ 141.764146465869203, 39.026607446721535 ], [ 141.764030902603395, 39.026334528650473 ], [ 141.764162539473602, 39.026156897526299 ], [ 141.764377911425782, 39.026205640037283 ], [ 141.764302029384197, 39.025965692591491 ], [ 141.764007124506975, 39.025933843859661 ], [ 141.763970982228273, 39.025204450402271 ], [ 141.763481884740145, 39.024895732255793 ], [ 141.762924654270591, 39.025030798692278 ], [ 141.762337444691155, 39.024807594127985 ], [ 141.758384826911254, 39.027268544967754 ], [ 141.757697466001929, 39.027949546185859 ], [ 141.757214583073278, 39.0291189505079 ], [ 141.753815593164887, 39.030162721942517 ], [ 141.755839767501755, 39.036832800019809 ], [ 141.758288366485573, 39.041889617022719 ], [ 141.776683028878523, 39.046769810059715 ] ] ] } },
{ "type": "Feature", "properties": { "CITY_NAME": "大船渡市", "S_NAME": "赤崎町字宮野", "JINKO": 30, "medical_area": "03_気仙医療圏", "町丁目名": "大船渡市赤崎町字宮野" }, "geometry": { "type": "Polygon", "coordinates": [ [ [ 141.726955744607864, 39.092420305874533 ], [ 141.727590872806729, 39.092768798866473 ], [ 141.728259289073179, 39.092629676636719 ], [ 141.729055767870733, 39.092975374820909 ], [ 141.729198343271975, 39.092148624953929 ], [ 141.728414402774405, 39.092249861618996 ], [ 141.72773992834351, 39.092138421165792 ], [ 141.726955744607864, 39.092420305874533 ] ] ] } },
{ "type": "Feature", "properties": { "CITY_NAME": "大船渡市", "S_NAME": "猪川町字久名畑", "JINKO": 362, "medical_area": "03_気仙医療圏", "町丁目名": "大船渡市猪川町字久名畑" }, "geometry": { "type": "Polygon", "coordinates": [ [ [ 141.685725692120542, 39.1023249860812 ], [ 141.68349407603236, 39.100527704144156 ], [ 141.681514639473249, 39.099187680798799 ], [ 141.678517453079962, 39.096591088206317 ], [ 141.673851281042545, 39.093858429667122 ], [ 141.669931302192111, 39.092016702508317 ], [ 141.667469138768013, 39.090274154472709 ], [ 141.667051698862707, 39.089780827718386 ], [ 141.666373905622038, 39.088392884943993 ], [ 141.665095176761213, 39.084768090693444 ], [ 141.664909729366684, 39.083054149744221 ], [ 141.665199749510833, 39.08257076759525 ], [ 141.66619263016392, 39.082302594844961 ], [ 141.666941535585096, 39.082378686339041 ], [ 141.6677221306295, 39.082691228542281 ], [ 141.673158038234476, 39.086221746036465 ], [ 141.676306688186855, 39.087615340297098 ], [ 141.676707496711941, 39.088344235766009 ], [ 141.67691476834986, 39.090038207945 ], [ 141.677202467356807, 39.091048865503808 ], [ 141.677845521568543, 39.092133596384954 ], [ 141.678958657791696, 39.093015470290887 ], [ 141.685703717572608, 39.096411087038092 ], [ 141.686969486530785, 39.096877456103975 ], [ 141.687955579982685, 39.097008471131389 ], [ 141.690612827180786, 39.096648668863864 ], [ 141.688767819236432, 39.098368190770557 ], [ 141.686966449418179, 39.101573517352875 ], [ 141.685725692120542, 39.1023249860812 ], [ 141.686331566068247, 39.102638875919354 ], [ 141.686942935529117, 39.103861988681857 ], [ 141.688121936952768, 39.1043778104899 ], [ 141.690319113760012, 39.104748358159775 ], [ 141.692437682781417, 39.104002635591598 ], [ 141.691709992240646, 39.103389588354716 ], [ 141.691627620020569, 39.102580511951381 ], [ 141.692308742172145, 39.101291908341935 ], [ 141.692912619481547, 39.100603266111008 ], [ 141.694920933111092, 39.09883729753534 ], [ 141.700148635094479, 39.095976054315578 ], [ 141.700887618349356, 39.0949227375297 ], [ 141.699789010952429, 39.094777750015083 ], [ 141.700183861975859, 39.093962743594197 ], [ 141.701393823941345, 39.09313302656134 ], [ 141.702554990834415, 39.092786586628911 ], [ 141.70506828043122, 39.092371363165263 ], [ 141.704865132505461, 39.091578394938914 ], [ 141.703797328542379, 39.091576712342722 ], [ 141.702824366404229, 39.091319970174531 ], [ 141.700710633594895, 39.090091130482826 ], [ 141.69803467721465, 39.088833682696304 ], [ 141.694123737443419, 39.087535496763813 ], [ 141.688797715950443, 39.086239278382145 ], [ 141.686325865175291, 39.08599192789373 ], [ 141.685058567680187, 39.074554291188491 ], [ 141.684393388670912, 39.072129960846446 ], [ 141.682289217153709, 39.067219031499192 ], [ 141.677034800039223, 39.067530642681639 ], [ 141.673619496624013, 39.068170515751852 ], [ 141.671728301788477, 39.068188441981434 ], [ 141.671011044868806, 39.068158040709967 ], [ 141.667869369285143, 39.06689146962168 ], [ 141.665248773014639, 39.065232809458877 ], [ 141.662120657870275, 39.062560821220856 ], [ 141.66139952526666, 39.061778242166355 ], [ 141.660828107426909, 39.060468045396796 ], [ 141.660730433125877, 39.059036211762972 ], [ 141.659075046866178, 39.057091647240412 ], [ 141.656757941148868, 39.055739922195308 ], [ 141.655571578373952, 39.05536256517702 ], [ 141.654555768488791, 39.055166832491913 ], [ 141.653749061171368, 39.055208756941028 ], [ 141.652784346253867, 39.055494727778964 ], [ 141.649586091240479, 39.05787590612853 ], [ 141.644609514420239, 39.064104513100219 ], [ 141.643600393504784, 39.066633318848687 ], [ 141.642915853894493, 39.068958080716293 ], [ 141.641937116585922, 39.07064907459911 ], [ 141.641966377945892, 39.071641961454276 ], [ 141.641718568362222, 39.071958334876058 ], [ 141.638156203028558, 39.074487243209397 ], [ 141.637796938637194, 39.07538729985334 ], [ 141.637592663775905, 39.076491222360829 ], [ 141.635020663062647, 39.077722885738964 ], [ 141.633208387251528, 39.07882272858668 ], [ 141.63282090009352, 39.079630937615349 ], [ 141.632833448702712, 39.08143091463986 ], [ 141.631820996673042, 39.081855759844068 ], [ 141.629533723070921, 39.083238843079165 ], [ 141.628796369436714, 39.084272093504126 ], [ 141.628858863693324, 39.084696960294956 ], [ 141.62938379616827, 39.085355281804389 ], [ 141.629258778017629, 39.086255209589936 ], [ 141.629996212058927, 39.086721850234184 ], [ 141.630058704730885, 39.086921859653017 ], [ 141.629121264299073, 39.089488037243349 ], [ 141.630246201594616, 39.091021353177602 ], [ 141.630383670030312, 39.091837922528001 ], [ 141.630320231877931, 39.093966015710983 ], [ 141.63072985164078, 39.093587682251602 ], [ 141.631705921711045, 39.093307661792409 ], [ 141.63259696865677, 39.093256028731631 ], [ 141.634927378023065, 39.09383221455856 ], [ 141.638895619516148, 39.094476969718286 ], [ 141.639496339699207, 39.09524171042569 ], [ 141.640039161646285, 39.095420176051839 ], [ 141.644988062286615, 39.095539691066044 ], [ 141.646418281081225, 39.09534754136412 ], [ 141.646998614718257, 39.094979012486071 ], [ 141.649669745398938, 39.095431915209147 ], [ 141.651684200443526, 39.095560974777833 ], [ 141.65371012402278, 39.096356890824254 ], [ 141.654451031244776, 39.096889795698289 ], [ 141.655323481946795, 39.097046797360719 ], [ 141.65577699692011, 39.097507396987659 ], [ 141.656715354913246, 39.09732899540974 ], [ 141.657584166113963, 39.096864850889865 ], [ 141.658628346738851, 39.096631427913685 ], [ 141.659577692478223, 39.097391833580538 ], [ 141.660772819425603, 39.098130432083821 ], [ 141.661288869799677, 39.098275694730738 ], [ 141.66181395100773, 39.098881651919484 ], [ 141.663965859154473, 39.099444590938489 ], [ 141.664210769635019, 39.099648984557007 ], [ 141.665902668526542, 39.099571979343935 ], [ 141.666793510684272, 39.100148983423239 ], [ 141.668029552774158, 39.100168308152305 ], [ 141.667806666112455, 39.099628629944952 ], [ 141.669164201867289, 39.099246418239233 ], [ 141.670808157164771, 39.099438456056703 ], [ 141.671348413919191, 39.099733331943334 ], [ 141.672700492112227, 39.099653319965 ], [ 141.673027922833938, 39.099875892788617 ], [ 141.673195150312267, 39.100289421765488 ], [ 141.673466393065866, 39.100336665805834 ], [ 141.673961538865314, 39.100255759711786 ], [ 141.674557244197132, 39.099534542909694 ], [ 141.6769055812712, 39.099408669149291 ], [ 141.67761328034598, 39.100131046372788 ], [ 141.679262250951183, 39.100737664222947 ], [ 141.681506978943247, 39.100623006325272 ], [ 141.683189272988017, 39.101668550795857 ], [ 141.684024175991794, 39.10240938759155 ], [ 141.685725692120542, 39.1023249860812 ] ] ] } },
{ "type": "Feature", "properties": { "CITY_NAME": "大船渡市", "S_NAME": "猪川町字大野", "JINKO": 59, "medical_area": "03_気仙医療圏", "町丁目名": "大船渡市猪川町字大野" }, "geometry": { "type": "Polygon", "coordinates": [ [ [ 141.690612827180786, 39.096648668863864 ], [ 141.687955579982713, 39.097008471131389 ], [ 141.68696948653087, 39.096877456103975 ], [ 141.685703717572608, 39.096411087038128 ], [ 141.678958657791696, 39.093015470290858 ], [ 141.677845521568543, 39.092133596384954 ], [ 141.677202467356807, 39.091048865503808 ], [ 141.676914768349917, 39.090038207945021 ], [ 141.676707496711941, 39.088344235766009 ], [ 141.676306688186855, 39.087615340297098 ], [ 141.673158038234448, 39.086221746036465 ], [ 141.6677221306295, 39.082691228542281 ], [ 141.666941535585096, 39.082378686339041 ], [ 141.66619263016392, 39.082302594844961 ], [ 141.665199749510833, 39.08257076759525 ], [ 141.664985374365926, 39.082829948593329 ], [ 141.665095176761213, 39.084768090693416 ], [ 141.666373905622038, 39.088392884943993 ], [ 141.667051698862707, 39.089780827718386 ], [ 141.667469138768013, 39.090274154472709 ], [ 141.669931302192111, 39.092016702508317 ], [ 141.673851281042545, 39.093858429667122 ], [ 141.678517453079905, 39.096591088206303 ], [ 141.681514639473221, 39.099187680798799 ], [ 141.68349407603236, 39.100527704144156 ], [ 141.685725692120542, 39.1023249860812 ], [ 141.686966449418179, 39.101573517352875 ], [ 141.688767819236432, 39.098368190770557 ], [ 141.690612827180786, 39.096648668863864 ] ] ] } },
{ "type": "Feature", "properties": { "CITY_NAME": "大船渡市", "S_NAME": "猪川町字千刈", "JINKO": 32, "medical_area": "03_気仙医療圏", "町丁目名": "大船渡市猪川町字千刈" }, "geometry": { "type": "Polygon", "coordinates": [ [ [ 141.698687850971055, 39.112584778141617 ], [ 141.69978786279512, 39.112241419849866 ], [ 141.700054323520476, 39.111526530769396 ], [ 141.70082807740485, 39.111319157613636 ], [ 141.701060709101114, 39.111108481818896 ], [ 141.700684787836451, 39.110193076469777 ], [ 141.701072915524549, 39.109618387081952 ], [ 141.700701323543115, 39.10904744028884 ], [ 141.700876383100791, 39.108364404392155 ], [ 141.699847782304403, 39.108273020373517 ], [ 141.700820836254991, 39.103222701419085 ], [ 141.704044700840939, 39.100123214166615 ], [ 141.70186214354834, 39.097993826363641 ], [ 141.701034221381491, 39.09480031970493 ], [ 141.700529318080044, 39.095301417150807 ], [ 141.700148635094479, 39.095976054315578 ], [ 141.694920933111092, 39.09883729753534 ], [ 141.692912619481547, 39.100603266111008 ], [ 141.692308742172145, 39.101291908341935 ], [ 141.691627620020569, 39.102580511951381 ], [ 141.691709992240646, 39.103389588354716 ], [ 141.692437682781417, 39.104002635591598 ], [ 141.690319113760012, 39.104748358159775 ], [ 141.691104234926598, 39.105285407212243 ], [ 141.69208432619007, 39.106479039672529 ], [ 141.692945997926643, 39.108780977133236 ], [ 141.694196673203606, 39.10954273714011 ], [ 141.694746016471441, 39.110323664374228 ], [ 141.696308127500231, 39.110555140406653 ], [ 141.69639406825479, 39.110713344710014 ], [ 141.696189405042588, 39.111630665660066 ], [ 141.696714985697469, 39.112430479126431 ], [ 141.698687850971055, 39.112584778141617 ] ] ] } },
{ "type": "Feature", "properties": { "CITY_NAME": "大船渡市", "S_NAME": "猪川町字前田", "JINKO": 620, "medical_area": "03_気仙医療圏", "町丁目名": "大船渡市猪川町字前田" }, "geometry": { "type": "Polygon", "coordinates": [ [ [ 141.704479919693966, 39.100941048783348 ], [ 141.704893177661631, 39.101047402392041 ], [ 141.705136649452555, 39.100950296310508 ], [ 141.705694890418613, 39.100255176977598 ], [ 141.706211667447775, 39.099056330819707 ], [ 141.707357938861435, 39.098749014105074 ], [ 141.707375271731337, 39.098624318491808 ], [ 141.708103452338719, 39.098549126472626 ], [ 141.707982298975708, 39.097883007259618 ], [ 141.70813907844385, 39.095733809035004 ], [ 141.708546407855039, 39.094629229626079 ], [ 141.709403607333371, 39.093492906613974 ], [ 141.706618512443242, 39.094378263215823 ], [ 141.706387858906481, 39.093604787480388 ], [ 141.70471083307217, 39.093883822168479 ], [ 141.705529614352741, 39.096896087121074 ], [ 141.704232851655206, 39.097119209438681 ], [ 141.704146325679886, 39.097440489122974 ], [ 141.701797285318918, 39.097743487979848 ], [ 141.70186214354834, 39.097993826363641 ], [ 141.704044700840939, 39.100123214166615 ], [ 141.700820836254991, 39.103222701419085 ], [ 141.699847782304403, 39.108273020373517 ], [ 141.700876383100791, 39.108364404392155 ], [ 141.701021372376687, 39.108101246674018 ], [ 141.70165731200089, 39.107788554203097 ], [ 141.702324703708882, 39.106392533905606 ], [ 141.702586054923472, 39.1052671022765 ], [ 141.703248285844609, 39.104415476279151 ], [ 141.703026341920094, 39.10413541249077 ], [ 141.703723488443444, 39.101949826212532 ], [ 141.704479919693966, 39.100941048783348 ] ] ] } },
{ "type": "Feature", "properties": { "CITY_NAME": "大船渡市", "S_NAME": "猪川町字下権現堂", "JINKO": 459, "medical_area": "03_気仙医療圏", "町丁目名": "大船渡市猪川町字下権現堂" }, "geometry": { "type": "Polygon", "coordinates": [ [ [ 141.705529614352741, 39.096896087121074 ], [ 141.70471083307217, 39.093883822168479 ], [ 141.706387858906481, 39.093604787480388 ], [ 141.706618512443242, 39.094378263215823 ], [ 141.709403607333371, 39.093492906613974 ], [ 141.710961403334466, 39.091574212281742 ], [ 141.710438347063786, 39.091008091602689 ], [ 141.708087524986496, 39.091766507197569 ], [ 141.702554990834415, 39.092786586628911 ], [ 141.701393823941345, 39.09313302656134 ], [ 141.700183861975859, 39.093962743594197 ], [ 141.699789010952429, 39.094777750015083 ], [ 141.700887618349384, 39.0949227375297 ], [ 141.701034221381491, 39.09480031970493 ], [ 141.701797285318918, 39.097743487979848 ], [ 141.704146325679886, 39.097440489122974 ], [ 141.704232851655206, 39.097119209438681 ], [ 141.705529614352741, 39.096896087121074 ] ] ] } },
{ "type": "Feature", "properties": { "CITY_NAME": "大船渡市", "S_NAME": "猪川町字轆轤石", "JINKO": 424, "medical_area": "03_気仙医療圏", "町丁目名": "大船渡市猪川町字轆轤石" }, "geometry": { "type": "Polygon", "coordinates": [ [ [ 141.711995905414483, 39.097017523852863 ], [ 141.712900553840285, 39.097303161265053 ], [ 141.714209832462416, 39.098395895719186 ], [ 141.714846935786824, 39.097926735521412 ], [ 141.715327737928163, 39.097859059727938 ], [ 141.7158500317164, 39.098285320607999 ], [ 141.716548400417196, 39.098318462424018 ], [ 141.717295976729758, 39.097809754347267 ], [ 141.71722571457741, 39.097387902359984 ], [ 141.716109116078002, 39.096977039554815 ], [ 141.715995030452547, 39.096455710097928 ], [ 141.714521480295076, 39.09598505069539 ], [ 141.713316773136455, 39.095221901560478 ], [ 141.713181107164985, 39.094178046386403 ], [ 141.713385522183899, 39.093247958069981 ], [ 141.713286897103302, 39.09220480549746 ], [ 141.712850517785597, 39.091841924532751 ], [ 141.712670180592426, 39.091291813442275 ], [ 141.711522428520823, 39.090475355737588 ], [ 141.710438347063786, 39.091008091602689 ], [ 141.710961403334466, 39.091574212281742 ], [ 141.708417517655278, 39.094861170516751 ], [ 141.708104600489349, 39.095990589256729 ], [ 141.707982298975708, 39.097883007259618 ], [ 141.708103452338719, 39.098549126472626 ], [ 141.710878990621609, 39.098661139802303 ], [ 141.711313652449263, 39.09738241286076 ], [ 141.711995905414483, 39.097017523852863 ] ] ] } },
{ "type": "Feature", "properties": { "CITY_NAME": "大船渡市", "S_NAME": "猪川町字冨岡", "JINKO": 514, "medical_area": "03_気仙医療圏", "町丁目名": "大船渡市猪川町字冨岡" }, "geometry": { "type": "Polygon", "coordinates": [ [ [ 141.729141843226813, 39.102773139048729 ], [ 141.725304383488293, 39.099176728307874 ], [ 141.722335866896685, 39.099206079718037 ], [ 141.722024466537846, 39.098884512659225 ], [ 141.721105758442718, 39.098517248750071 ], [ 141.720826558388922, 39.098076706435172 ], [ 141.719278336322873, 39.096850765456232 ], [ 141.718545080877249, 39.097347046564707 ], [ 141.718739876503889, 39.09749398983751 ], [ 141.71907218240338, 39.098370080881992 ], [ 141.718573781120313, 39.09832083605184 ], [ 141.718169727778729, 39.097996904957519 ], [ 141.718118654559419, 39.098256726654292 ], [ 141.716581502314796, 39.099519393086439 ], [ 141.715995341819877, 39.100320132489941 ], [ 141.716747110927315, 39.101023903258906 ], [ 141.716673374098121, 39.101165495950625 ], [ 141.716887728433363, 39.101628986439934 ], [ 141.716701746612586, 39.101822520836812 ], [ 141.716751362545097, 39.101983798697972 ], [ 141.717637011627886, 39.102003271046812 ], [ 141.717691185673203, 39.10161297680353 ], [ 141.718965197602017, 39.101739703166224 ], [ 141.719231213874224, 39.101554706461698 ], [ 141.720818683703044, 39.101908527521871 ], [ 141.721454319158397, 39.101876947632526 ], [ 141.722444852332899, 39.10290089809714 ], [ 141.723804168586497, 39.103399837969064 ], [ 141.72563664027831, 39.104551044982976 ], [ 141.729141843226813, 39.102773139048729 ] ] ] } },
{ "type": "Feature", "properties": { "CITY_NAME": "大船渡市", "S_NAME": "猪川町字今出", "JINKO": 0, "medical_area": "03_気仙医療圏", "町丁目名": "大船渡市猪川町字今出" }, "geometry": { "type": "Polygon", "coordinates": [ [ [ 141.740530996641183, 39.093122928990731 ], [ 141.740693538715249, 39.094033795066039 ], [ 141.739128186310097, 39.094190298428174 ], [ 141.730235701355525, 39.096970419264693 ], [ 141.725304383488293, 39.099176728307874 ], [ 141.729141843226813, 39.102773139048729 ], [ 141.72563664027831, 39.104551044982976 ], [ 141.726239662652318, 39.104931104021425 ], [ 141.728610760570859, 39.105806059688341 ], [ 141.731249379136102, 39.106503739397745 ], [ 141.738240444609374, 39.107439092025011 ], [ 141.746875721500999, 39.107757039729115 ], [ 141.754435154331475, 39.107443675537461 ], [ 141.754984312656632, 39.107027080139737 ], [ 141.755440390888737, 39.106504105758042 ], [ 141.756128472226834, 39.103901817883624 ], [ 141.757442388682279, 39.102434369004499 ], [ 141.757822845491376, 39.101796574027873 ], [ 141.758540204100512, 39.099420174474879 ], [ 141.75546874604089, 39.093308388991801 ], [ 141.746725554838747, 39.093617283860866 ], [ 141.741855111718223, 39.093337124046869 ], [ 141.740530996641183, 39.093122928990731 ] ] ] } },
{ "type": "Feature", "properties": { "CITY_NAME": "大船渡市", "S_NAME": "猪川町字長谷堂", "JINKO": 360, "medical_area": "03_気仙医療圏", "町丁目名": "大船渡市猪川町字長谷堂" }, "geometry": { "type": "Polygon", "coordinates": [ [ [ 141.730235701355525, 39.096970419264714 ], [ 141.728592666691895, 39.096141769465589 ], [ 141.725100876935045, 39.095946552038946 ], [ 141.724292192634294, 39.09576560204821 ], [ 141.723975594238198, 39.095811300819499 ], [ 141.723002567481615, 39.09651974104559 ], [ 141.722343225499372, 39.096386478316035 ], [ 141.721603148479346, 39.095959303189602 ], [ 141.719885463932968, 39.094173831669551 ], [ 141.719275007125646, 39.093795759718041 ], [ 141.718768162261682, 39.093815018368794 ], [ 141.718717027986401, 39.096050697020416 ], [ 141.718962964975617, 39.096627885217231 ], [ 141.720826558388922, 39.098076706435172 ], [ 141.721105758442718, 39.098517248750071 ], [ 141.722024466537846, 39.098884512659225 ], [ 141.722335866896685, 39.099206079718037 ], [ 141.725304383488265, 39.099176728307853 ], [ 141.730235701355525, 39.096970419264714 ] ] ] } },
{ "type": "Feature", "properties": { "CITY_NAME": "大船渡市", "S_NAME": "猪川町字長洞", "JINKO": 340, "medical_area": "03_気仙医療圏", "町丁目名": "大船渡市猪川町字長洞" }, "geometry": { "type": "Polygon", "coordinates": [ [ [ 141.716373762326555, 39.099759290288524 ], [ 141.718118654559419, 39.098256726654292 ], [ 141.718169727778701, 39.097996904957519 ], [ 141.718573781120313, 39.09832083605184 ], [ 141.71907218240338, 39.098370080881992 ], [ 141.718739876503889, 39.09749398983751 ], [ 141.718545080877249, 39.097347046564735 ], [ 141.719278336322901, 39.096850765456246 ], [ 141.718962964975617, 39.096627885217231 ], [ 141.718717027986401, 39.096050697020416 ], [ 141.718768162261682, 39.093815018368794 ], [ 141.718291593175564, 39.093821447885226 ], [ 141.71735402346826, 39.093362098991498 ], [ 141.713286897103274, 39.09220480549746 ], [ 141.713385522183899, 39.093247958069981 ], [ 141.713181107164985, 39.094178046386403 ], [ 141.713316773136455, 39.095221901560478 ], [ 141.714521480295076, 39.09598505069539 ], [ 141.715995030452547, 39.096455710097928 ], [ 141.716109116078002, 39.096977039554815 ], [ 141.71722571457741, 39.097387902359984 ], [ 141.717295976729758, 39.097809754347267 ], [ 141.716548400417196, 39.098318462424018 ], [ 141.7158500317164, 39.098285320607999 ], [ 141.715327737928163, 39.097859059727938 ], [ 141.714846935786824, 39.097926735521412 ], [ 141.714209832462416, 39.098395895719186 ], [ 141.712900553840285, 39.097303161265053 ], [ 141.711995905414483, 39.097017523852863 ], [ 141.711313652449263, 39.09738241286076 ], [ 141.710878990621609, 39.098661139802303 ], [ 141.713838382387763, 39.098853012072773 ], [ 141.714653307135364, 39.099126916201094 ], [ 141.71495469427586, 39.098922283316398 ], [ 141.716373762326555, 39.099759290288524 ] ] ] } },
{ "type": "Feature", "properties": { "CITY_NAME": "大船渡市", "S_NAME": "猪川町字中井沢", "JINKO": 883, "medical_area": "03_気仙医療圏", "町丁目名": "大船渡市猪川町字中井沢" }, "geometry": { "type": "Polygon", "coordinates": [ [ [ 141.724097046744873, 39.09577405895233 ], [ 141.72841964178113, 39.09622832301477 ], [ 141.728592666691895, 39.096141769465589 ], [ 141.725821992638174, 39.094787787052788 ], [ 141.722758863907586, 39.094114007327398 ], [ 141.72138179365453, 39.093010851754585 ], [ 141.721595447621524, 39.092797498149388 ], [ 141.722573610520897, 39.092567728197494 ], [ 141.722662804879832, 39.092014030970354 ], [ 141.722033072001665, 39.09189067441239 ], [ 141.720772932254732, 39.091000783744434 ], [ 141.718281264675568, 39.090493213489111 ], [ 141.716408890429221, 39.09067446687127 ], [ 141.715444894257757, 39.090133944731484 ], [ 141.713920943079899, 39.089788781738214 ], [ 141.71342380103917, 39.088564670593044 ], [ 141.712082594079078, 39.090200191384554 ], [ 141.711522428520823, 39.090475355737588 ], [ 141.712670180592426, 39.091291813442275 ], [ 141.712850517785597, 39.091841924532751 ], [ 141.713286897103302, 39.09220480549746 ], [ 141.71735402346826, 39.093362098991498 ], [ 141.718291593175564, 39.093821447885226 ], [ 141.71942659152279, 39.093878357453718 ], [ 141.719885463932968, 39.094173831669551 ], [ 141.721603148479346, 39.095959303189602 ], [ 141.722343225499372, 39.096386478316035 ], [ 141.723002567481615, 39.09651974104559 ], [ 141.724097046744873, 39.09577405895233 ] ] ] } },
{ "type": "Feature", "properties": { "CITY_NAME": "大船渡市", "S_NAME": "猪川町字善蔵敷", "JINKO": 146, "medical_area": "03_気仙医療圏", "町丁目名": "大船渡市猪川町字善蔵敷" }, "geometry": { "type": "Polygon", "coordinates": [ [ [ 141.740693538715163, 39.094033795066039 ], [ 141.740440405445355, 39.092615256925193 ], [ 141.739974070050124, 39.092848824121965 ], [ 141.739130461126393, 39.09292576719475 ], [ 141.738460752428409, 39.092800343798892 ], [ 141.737781728715419, 39.092377720488116 ], [ 141.737314674023992, 39.092505621038185 ], [ 141.736479829440299, 39.092325584838484 ], [ 141.736231253322018, 39.091997303219991 ], [ 141.735808402547093, 39.091874246345455 ], [ 141.734927849205803, 39.092024827376868 ], [ 141.734139383450554, 39.09235731683814 ], [ 141.733021088781328, 39.092433928514829 ], [ 141.732634586523602, 39.092619535018791 ], [ 141.73218963300863, 39.093306740971535 ], [ 141.731961408910507, 39.093397876538887 ], [ 141.73133718863798, 39.093120966723838 ], [ 141.730706033818507, 39.093285085027993 ], [ 141.730230284017154, 39.093121741434082 ], [ 141.72981850533418, 39.093280297406473 ], [ 141.728259289073179, 39.092629676636719 ], [ 141.727590872806729, 39.092768798866452 ], [ 141.725900124127918, 39.091940750954635 ], [ 141.725524421629018, 39.092196204935362 ], [ 141.724319452119204, 39.092318156312693 ], [ 141.722662804879832, 39.092014030970354 ], [ 141.722573610520897, 39.092567728197494 ], [ 141.721595447621524, 39.092797498149388 ], [ 141.72138179365453, 39.093010851754585 ], [ 141.722758863907586, 39.094114007327398 ], [ 141.725821992638174, 39.094787787052788 ], [ 141.730235701355525, 39.096970419264714 ], [ 141.739128186310097, 39.094190298428153 ], [ 141.740693538715163, 39.094033795066039 ] ] ] } },
{ "type": "Feature", "properties": { "CITY_NAME": "大船渡市", "S_NAME": "立根町字小林", "JINKO": 11, "medical_area": "03_気仙医療圏", "町丁目名": "大船渡市立根町字小林" }, "geometry": { "type": "Polygon", "coordinates": [ [ [ 141.735902977838748, 39.133476162735818 ], [ 141.729336383406292, 39.131536881019294 ], [ 141.728940752561698, 39.131789118599954 ], [ 141.728231267721497, 39.13186057709725 ], [ 141.727991185326431, 39.131071755230458 ], [ 141.727326155647916, 39.130808725355251 ], [ 141.726984809846385, 39.130910077470872 ], [ 141.726803048722644, 39.131418171386912 ], [ 141.72631665220311, 39.131859489644803 ], [ 141.726101199106324, 39.131877536652205 ], [ 141.725920260741049, 39.131425847006618 ], [ 141.724683514882315, 39.130376230619738 ], [ 141.724262420134693, 39.13041639459162 ], [ 141.723750074181311, 39.13015745616125 ], [ 141.72259873682853, 39.130048503054127 ], [ 141.722745600010825, 39.129108579161333 ], [ 141.722469327322671, 39.128525164433768 ], [ 141.72178375918736, 39.12792755606457 ], [ 141.717854795074999, 39.129419166881831 ], [ 141.716375628049633, 39.129127966662118 ], [ 141.714492688965834, 39.119876717490619 ], [ 141.712830360747972, 39.118788008187124 ], [ 141.71229514523182, 39.115539273172438 ], [ 141.709029470966982, 39.112310976598657 ], [ 141.708610570957774, 39.105130139416502 ], [ 141.705274800378618, 39.103109881025567 ], [ 141.704082334559189, 39.103194146963624 ], [ 141.702586054923472, 39.1052671022765 ], [ 141.702324703708882, 39.106392533905606 ], [ 141.70165731200089, 39.107788554203097 ], [ 141.700952047295232, 39.108200710157426 ], [ 141.700701323543115, 39.10904744028884 ], [ 141.701072915524549, 39.109618387081952 ], [ 141.700684787836451, 39.110193076469777 ], [ 141.701060709101114, 39.111108481818896 ], [ 141.70082807740485, 39.111319157613636 ], [ 141.700054323520476, 39.111526530769396 ], [ 141.69978786279512, 39.112241419849866 ], [ 141.699568189772179, 39.11236036574774 ], [ 141.698687850971055, 39.112584778141617 ], [ 141.698002628383023, 39.11244079784457 ], [ 141.697274120289734, 39.11316592992668 ], [ 141.697181206920902, 39.113419831033561 ], [ 141.697326084104589, 39.113787038501954 ], [ 141.696728769419508, 39.11386619709657 ], [ 141.696282253784091, 39.11419175220697 ], [ 141.696132724602052, 39.114647417062436 ], [ 141.696296693508287, 39.115261225482854 ], [ 141.696163253397515, 39.11572500650928 ], [ 141.695415568736792, 39.116363069952541 ], [ 141.694827805925257, 39.116360650629524 ], [ 141.695742299252771, 39.116996649469563 ], [ 141.696415971946635, 39.117264241461669 ], [ 141.699057873726048, 39.117781360647463 ], [ 141.699490607015832, 39.118024325290911 ], [ 141.69964687444255, 39.118397425568574 ], [ 141.701288370411504, 39.119271472230686 ], [ 141.70216336331066, 39.119501282159469 ], [ 141.704574080106966, 39.1215951547901 ], [ 141.709217168577169, 39.128267029334886 ], [ 141.713151688388848, 39.135179698995394 ], [ 141.714632974414229, 39.13830387181077 ], [ 141.71499736117687, 39.13981030995739 ], [ 141.715610600536593, 39.140788386369778 ], [ 141.717065340827588, 39.141783515353517 ], [ 141.719602288087174, 39.142817125932872 ], [ 141.726327936073744, 39.144801475191777 ], [ 141.727449413239555, 39.14556504806081 ], [ 141.72862622841447, 39.14831699928326 ], [ 141.728822431589208, 39.148018083151499 ], [ 141.730273028613595, 39.146942707592039 ], [ 141.734127628017177, 39.143017172239496 ], [ 141.735522162352879, 39.141391079670115 ], [ 141.736514454582817, 39.139796516018762 ], [ 141.736905515845081, 39.137950156891286 ], [ 141.736637325674963, 39.136481190983851 ], [ 141.735474708637696, 39.134902675351789 ], [ 141.735902977838748, 39.133476162735818 ] ] ] } },
{ "type": "Feature", "properties": { "CITY_NAME": "大船渡市", "S_NAME": "立根町字猫足", "JINKO": 139, "medical_area": "03_気仙医療圏", "町丁目名": "大船渡市立根町字猫足" }, "geometry": { "type": "Polygon", "coordinates": [ [ [ 141.714559106981369, 39.112968128105749 ], [ 141.715033156918224, 39.111817774120674 ], [ 141.715350995730802, 39.111554770976539 ], [ 141.714947621664606, 39.110864546067646 ], [ 141.714219078215109, 39.110385296811657 ], [ 141.712389726517273, 39.110959421527717 ], [ 141.711498721318918, 39.112209315374294 ], [ 141.710342791856505, 39.112874750578285 ], [ 141.709704747922672, 39.113040701179941 ], [ 141.71229514523182, 39.115539273172438 ], [ 141.712684434938893, 39.117902513928527 ], [ 141.714946176582771, 39.116898016744983 ], [ 141.715982898853156, 39.115800766458946 ], [ 141.714073308468812, 39.114517317229968 ], [ 141.715113672374514, 39.113438273947089 ], [ 141.714559106981369, 39.112968128105749 ] ] ] } },
{ "type": "Feature", "properties": { "CITY_NAME": "大船渡市", "S_NAME": "立根町字関谷", "JINKO": 690, "medical_area": "03_気仙医療圏", "町丁目名": "大船渡市立根町字関谷" }, "geometry": { "type": "Polygon", "coordinates": [ [ [ 141.719424552032649, 39.117575336202044 ], [ 141.720230105989941, 39.117215792800074 ], [ 141.720557644543277, 39.117465038178906 ], [ 141.720889360240051, 39.117334925524943 ], [ 141.720734298821128, 39.117087537249617 ], [ 141.721086360897658, 39.116887596540785 ], [ 141.721293240467759, 39.117045635609969 ], [ 141.721670836595166, 39.11664239250581 ], [ 141.720685794596847, 39.115997076964867 ], [ 141.720200135742857, 39.115156326187687 ], [ 141.719591230979034, 39.115419019367458 ], [ 141.719475185463978, 39.114437310421941 ], [ 141.719186152192833, 39.114113704530411 ], [ 141.719796367219828, 39.11390838923915 ], [ 141.71791493188411, 39.111370899292091 ], [ 141.717542379471638, 39.109884283563552 ], [ 141.715181174087263, 39.110810631954543 ], [ 141.714809360051248, 39.110505897352425 ], [ 141.715350995730802, 39.111554770976539 ], [ 141.715033156918224, 39.111817774120674 ], [ 141.714559106981369, 39.112968128105749 ], [ 141.715113672374514, 39.113438273947089 ], [ 141.714073308468812, 39.114517317229968 ], [ 141.715982898853156, 39.115800766458946 ], [ 141.718869526205197, 39.11655557770505 ], [ 141.719424552032649, 39.117575336202044 ] ] ] } },
{ "type": "Feature", "properties": { "CITY_NAME": "大船渡市", "S_NAME": "立根町字田谷", "JINKO": 389, "medical_area": "03_気仙医療圏", "町丁目名": "大船渡市立根町字田谷" }, "geometry": { "type": "Polygon", "coordinates": [ [ [ 141.724219169493125, 39.120444543293367 ], [ 141.724971839410898, 39.119703999818448 ], [ 141.72735294604675, 39.120144507234841 ], [ 141.727637434098, 39.119845129209018 ], [ 141.727255099574165, 39.118754415661265 ], [ 141.727458114046016, 39.118228274493617 ], [ 141.726402950435954, 39.116988662319564 ], [ 141.726710880580555, 39.11635805425172 ], [ 141.727218167385558, 39.116089832624006 ], [ 141.728015355581221, 39.115045806338394 ], [ 141.726570868019763, 39.113598196200009 ], [ 141.725060382890632, 39.1139136477085 ], [ 141.724338693296374, 39.114514971287463 ], [ 141.723986223524946, 39.11508194143218 ], [ 141.723242842864437, 39.114975158175788 ], [ 141.722680600059363, 39.116158458375864 ], [ 141.721942685324677, 39.116399916320731 ], [ 141.721293240467759, 39.117045635609969 ], [ 141.721086360897658, 39.116887596540785 ], [ 141.720734298821128, 39.117087537249617 ], [ 141.720889360240051, 39.117334925524943 ], [ 141.720557644543277, 39.117465038178906 ], [ 141.720230105989941, 39.117215792800074 ], [ 141.719424552032649, 39.117575336202044 ], [ 141.720130038772965, 39.11838915639327 ], [ 141.721673197053036, 39.119102999930497 ], [ 141.721739862370669, 39.120048695730027 ], [ 141.721349888708772, 39.120983510754193 ], [ 141.721773546158005, 39.121996158928788 ], [ 141.723055425456351, 39.123030198958958 ], [ 141.723972464984229, 39.122854496215055 ], [ 141.724219169493125, 39.120444543293367 ] ] ] } },
{ "type": "Feature", "properties": { "CITY_NAME": "大船渡市", "S_NAME": "立根町字上ノ台", "JINKO": 144, "medical_area": "03_気仙医療圏", "町丁目名": "大船渡市立根町字上ノ台" }, "geometry": { "type": "Polygon", "coordinates": [ [ [ 141.722680600059363, 39.116158458375864 ], [ 141.723242842864437, 39.114975158175767 ], [ 141.723986223524946, 39.11508194143218 ], [ 141.724338693296374, 39.114514971287463 ], [ 141.725060382890632, 39.1139136477085 ], [ 141.726570868019792, 39.113598196200009 ], [ 141.725932348754441, 39.113417365884146 ], [ 141.724436679849958, 39.113389822018377 ], [ 141.723601964806221, 39.112408189699686 ], [ 141.722985667698765, 39.112104155620514 ], [ 141.722886142033587, 39.111633395741009 ], [ 141.722515591707406, 39.111389274280626 ], [ 141.720873758800536, 39.111752607076582 ], [ 141.72041774040278, 39.112160244416266 ], [ 141.719154747320175, 39.112092577065894 ], [ 141.71863783518225, 39.112267170424083 ], [ 141.719796367219828, 39.113908389239135 ], [ 141.719186152192833, 39.114113704530411 ], [ 141.719475185464006, 39.114437310421955 ], [ 141.719591230979034, 39.115419019367458 ], [ 141.720200135742857, 39.115156326187687 ], [ 141.720685794596847, 39.115997076964867 ], [ 141.721670836595166, 39.11664239250581 ], [ 141.721942685324677, 39.116399916320731 ], [ 141.722680600059363, 39.116158458375864 ] ] ] } },
{ "type": "Feature", "properties": { "CITY_NAME": "大船渡市", "S_NAME": "立根町字川原", "JINKO": 320, "medical_area": "03_気仙医療圏", "町丁目名": "大船渡市立根町字川原" }, "geometry": { "type": "Polygon", "coordinates": [ [ [ 141.726879829284599, 39.113998309791221 ], [ 141.727792507837535, 39.110479464575107 ], [ 141.725446397112165, 39.108506722429837 ], [ 141.719099898775767, 39.10868677634933 ], [ 141.717264697684726, 39.109220135965025 ], [ 141.717695591803277, 39.110252667030494 ], [ 141.71791493188411, 39.111370899292091 ], [ 141.71863783518225, 39.112267170424083 ], [ 141.719154747320175, 39.112092577065894 ], [ 141.72041774040278, 39.112160244416266 ], [ 141.720873758800508, 39.111752607076582 ], [ 141.722515591707406, 39.111389274280626 ], [ 141.722886142033587, 39.111633395740995 ], [ 141.722985667698708, 39.112104155620514 ], [ 141.723601964806221, 39.112408189699686 ], [ 141.72443667984993, 39.113389822018348 ], [ 141.726001245344946, 39.113429436088659 ], [ 141.726570868019763, 39.113598196200009 ], [ 141.726879829284599, 39.113998309791221 ] ] ] } },
{ "type": "Feature", "properties": { "CITY_NAME": "大船渡市", "S_NAME": "立根町字久保", "JINKO": 137, "medical_area": "03_気仙医療圏", "町丁目名": "大船渡市立根町字久保" }, "geometry": { "type": "Polygon", "coordinates": [ [ [ 141.711498721318918, 39.112209315374315 ], [ 141.712389726517273, 39.110959421527717 ], [ 141.714219078215109, 39.110385296811657 ], [ 141.714947621664692, 39.110864546067653 ], [ 141.714584195639731, 39.109719949105902 ], [ 141.712629982779532, 39.109551500169196 ], [ 141.710718723146869, 39.108674497314198 ], [ 141.710356660139183, 39.108977512766693 ], [ 141.70884834310624, 39.109195317060085 ], [ 141.709029470966982, 39.112310976598657 ], [ 141.709704747922672, 39.113040701179919 ], [ 141.710342791856505, 39.112874750578285 ], [ 141.711498721318918, 39.112209315374315 ] ] ] } },
{ "type": "Feature", "properties": { "CITY_NAME": "大船渡市", "S_NAME": "立根町字桑原", "JINKO": 208, "medical_area": "03_気仙医療圏", "町丁目名": "大船渡市立根町字桑原" }, "geometry": { "type": "Polygon", "coordinates": [ [ [ 141.714159509851783, 39.108753795487715 ], [ 141.712258835734985, 39.106956575400154 ], [ 141.711704906288588, 39.106212717002968 ], [ 141.710777090282534, 39.103663425219729 ], [ 141.709470077278013, 39.101869997097104 ], [ 141.708879040867515, 39.100459591502293 ], [ 141.708692860931194, 39.100602301508147 ], [ 141.708156603612423, 39.100431644308422 ], [ 141.707942014108738, 39.100679848402059 ], [ 141.707789049378619, 39.100573107319875 ], [ 141.707573570061129, 39.100749462362003 ], [ 141.707779492025793, 39.100866082870013 ], [ 141.705274800378618, 39.103109881025567 ], [ 141.708610570957774, 39.105130139416502 ], [ 141.708848343106212, 39.109195317060085 ], [ 141.710356660139183, 39.108977512766693 ], [ 141.710718723146869, 39.108674497314198 ], [ 141.712629982779532, 39.109551500169225 ], [ 141.714584195639731, 39.109719949105894 ], [ 141.714159509851783, 39.108753795487715 ] ] ] } },
{ "type": "Feature", "properties": { "CITY_NAME": "大船渡市", "S_NAME": "立根町字中野", "JINKO": 390, "medical_area": "03_気仙医療圏", "町丁目名": "大船渡市立根町字中野" }, "geometry": { "type": "Polygon", "coordinates": [ [ [ 141.716807481144485, 39.10808983957277 ], [ 141.714171020316371, 39.104979720710951 ], [ 141.712921997707781, 39.105926833588427 ], [ 141.71192962008945, 39.106138960880173 ], [ 141.711806589401533, 39.106356012750432 ], [ 141.714159509851783, 39.108753795487715 ], [ 141.714809360051248, 39.110505897352425 ], [ 141.715181174087263, 39.110810631954543 ], [ 141.717542379471638, 39.109884283563552 ], [ 141.716807481144485, 39.10808983957277 ] ] ] } },
{ "type": "Feature", "properties": { "CITY_NAME": "大船渡市", "S_NAME": "立根町字堀之内", "JINKO": 175, "medical_area": "03_気仙医療圏", "町丁目名": "大船渡市立根町字堀之内" }, "geometry": { "type": "Polygon", "coordinates": [ [ [ 141.71192962008945, 39.106138960880173 ], [ 141.712752959035782, 39.106017484643921 ], [ 141.714171020316371, 39.104979720710951 ], [ 141.71256284493677, 39.102800478847058 ], [ 141.710598749525644, 39.101560662794547 ], [ 141.709098642220795, 39.099974954288989 ], [ 141.708690305321397, 39.100127000859032 ], [ 141.709470077278013, 39.101869997097104 ], [ 141.710777090282534, 39.103663425219729 ], [ 141.711806589401533, 39.106356012750432 ], [ 141.71192962008945, 39.106138960880173 ] ] ] } },
{ "type": "Feature", "properties": { "CITY_NAME": "大船渡市", "S_NAME": "立根町字堰口", "JINKO": 148, "medical_area": "03_気仙医療圏", "町丁目名": "大船渡市立根町字堰口" }, "geometry": { "type": "Polygon", "coordinates": [ [ [ 141.705274800378618, 39.103109881025567 ], [ 141.707779492025793, 39.100866082870013 ], [ 141.707573570061129, 39.100749462362003 ], [ 141.707789049378619, 39.100573107319875 ], [ 141.707942014108738, 39.100679848402059 ], [ 141.708156603612423, 39.100431644308422 ], [ 141.708692860931194, 39.100602301508147 ], [ 141.708879040867515, 39.100459591502293 ], [ 141.708690305321397, 39.100127000859032 ], [ 141.709098642220795, 39.099974954288989 ], [ 141.708374886280325, 39.099127135137842 ], [ 141.708103452338719, 39.098549126472626 ], [ 141.707375271731337, 39.098624318491808 ], [ 141.707357938861435, 39.098749014105074 ], [ 141.706211667447775, 39.099056330819707 ], [ 141.705694890418613, 39.100255176977598 ], [ 141.705136649452555, 39.100950296310508 ], [ 141.704893177661631, 39.101047402392041 ], [ 141.70461369162183, 39.100912252270525 ], [ 141.704285117686823, 39.101095780092628 ], [ 141.703558777409029, 39.102362049429274 ], [ 141.703026341920094, 39.10413541249077 ], [ 141.703109387719536, 39.104350709182569 ], [ 141.703248285844609, 39.104415476279151 ], [ 141.703603283314266, 39.104022455409115 ], [ 141.704082334559189, 39.103194146963624 ], [ 141.705274800378618, 39.103109881025567 ] ] ] } },
{ "type": "Feature", "properties": { "CITY_NAME": "大船渡市", "S_NAME": "立根町字宮田", "JINKO": 236, "medical_area": "03_気仙医療圏", "町丁目名": "大船渡市立根町字宮田" }, "geometry": { "type": "Polygon", "coordinates": [ [ [ 141.714496469168154, 39.102043414524147 ], [ 141.714422016332122, 39.101359284810215 ], [ 141.714968237085799, 39.101822189731394 ], [ 141.71548152124646, 39.10161963969253 ], [ 141.716373762326555, 39.099759290288524 ], [ 141.71495469427586, 39.098922283316398 ], [ 141.714653307135364, 39.099126916201094 ], [ 141.713838382387763, 39.098853012072773 ], [ 141.708103452338662, 39.098549126472683 ], [ 141.708374886280296, 39.099127135137842 ], [ 141.710085086653805, 39.10110144872079 ], [ 141.71256284493677, 39.102800478847058 ], [ 141.71347587013662, 39.104061875027476 ], [ 141.714530518385743, 39.103731997364577 ], [ 141.715041607055582, 39.103275926986072 ], [ 141.715050216178412, 39.102947064569889 ], [ 141.714496469168154, 39.102043414524147 ] ] ] } },
{ "type": "Feature", "properties": { "CITY_NAME": "大船渡市", "S_NAME": "立根町字下欠", "JINKO": 88, "medical_area": "03_気仙医療圏", "町丁目名": "大船渡市立根町字下欠" }, "geometry": { "type": "Polygon", "coordinates": [ [ [ 141.71787758407109, 39.10551645190138 ], [ 141.72083670801527, 39.105682732978806 ], [ 141.722444852332899, 39.10290089809714 ], [ 141.721454319158397, 39.101876947632526 ], [ 141.720818683703044, 39.101908527521871 ], [ 141.719799433199199, 39.10169297316564 ], [ 141.719551504444269, 39.102297062453694 ], [ 141.719795290078764, 39.102520554244954 ], [ 141.71858405117959, 39.102985152642127 ], [ 141.717611247238295, 39.103961961101454 ], [ 141.716471591314928, 39.104137242827193 ], [ 141.715283133394991, 39.105460716309871 ], [ 141.715978730899309, 39.106154925970763 ], [ 141.71787758407109, 39.10551645190138 ] ] ] } },
{ "type": "Feature", "properties": { "CITY_NAME": "大船渡市", "S_NAME": "立根町字向田", "JINKO": 119, "medical_area": "03_気仙医療圏", "町丁目名": "大船渡市立根町字向田" }, "geometry": { "type": "Polygon", "coordinates": [ [ [ 141.719099898775767, 39.10868677634933 ], [ 141.72083670801527, 39.105682732978806 ], [ 141.71787758407109, 39.10551645190138 ], [ 141.715978730899224, 39.106154925970763 ], [ 141.715283133394991, 39.105460716309871 ], [ 141.714774238385445, 39.105727486496043 ], [ 141.716807481144485, 39.10808983957277 ], [ 141.717264697684726, 39.109220135965025 ], [ 141.719099898775767, 39.10868677634933 ] ] ] } },
{ "type": "Feature", "properties": { "CITY_NAME": "大船渡市", "S_NAME": "立根町字舞良", "JINKO": 63, "medical_area": "03_気仙医療圏", "町丁目名": "大船渡市立根町字舞良" }, "geometry": { "type": "Polygon", "coordinates": [ [ [ 141.72178375918736, 39.12792755606457 ], [ 141.722142223167026, 39.126877423359204 ], [ 141.722082060077526, 39.126577588371148 ], [ 141.721340746496764, 39.12557623008999 ], [ 141.721304811151384, 39.124968669262479 ], [ 141.720876886290824, 39.123747385981218 ], [ 141.721043591025733, 39.123310914925462 ], [ 141.72084827978685, 39.123205217062441 ], [ 141.721804747080881, 39.121855169744492 ], [ 141.7163074797337, 39.122703383047565 ], [ 141.715279724884965, 39.123268811041463 ], [ 141.716375628049605, 39.129127966662118 ], [ 141.717854795074999, 39.129419166881831 ], [ 141.72178375918736, 39.12792755606457 ] ] ] } },
{ "type": "Feature", "properties": { "CITY_NAME": "大船渡市", "S_NAME": "立根町字野尻", "JINKO": 64, "medical_area": "03_気仙医療圏", "町丁目名": "大船渡市立根町字野尻" }, "geometry": { "type": "Polygon", "coordinates": [ [ [ 141.725997781341334, 39.129738149263183 ], [ 141.726595235449167, 39.123422435428708 ], [ 141.725530462658611, 39.123313411783734 ], [ 141.72482839667785, 39.123408299293935 ], [ 141.724169872603056, 39.123202627700245 ], [ 141.723848129772193, 39.122894305774977 ], [ 141.723055425456351, 39.123030198958993 ], [ 141.721773546158005, 39.121996158928788 ], [ 141.721240587307079, 39.122482853292546 ], [ 141.720868698904411, 39.123147846901546 ], [ 141.721043591025733, 39.123310914925462 ], [ 141.720876886290824, 39.123747385981218 ], [ 141.721304811151384, 39.124968669262479 ], [ 141.721340746496764, 39.12557623008999 ], [ 141.722082060077526, 39.126577588371148 ], [ 141.722142223167026, 39.126877423359204 ], [ 141.72178375918736, 39.12792755606457 ], [ 141.722530925909837, 39.128601896346979 ], [ 141.722765324741118, 39.129182181898948 ], [ 141.72259873682853, 39.130048503054148 ], [ 141.723750074181311, 39.130157456161243 ], [ 141.724262420134693, 39.13041639459162 ], [ 141.724683514882344, 39.130376230619738 ], [ 141.725920260740992, 39.131425847006618 ], [ 141.72608397912154, 39.13186654975425 ], [ 141.726154109799751, 39.130322896722653 ], [ 141.725997781341334, 39.129738149263183 ] ] ] } },
{ "type": "Feature", "properties": { "CITY_NAME": "大船渡市", "S_NAME": "立根町字萱中", "JINKO": 383, "medical_area": "03_気仙医療圏", "町丁目名": "大船渡市立根町字萱中" }, "geometry": { "type": "Polygon", "coordinates": [ [ [ 141.736185804636136, 39.132011152336084 ], [ 141.736399303256746, 39.131016504248265 ], [ 141.735412819040846, 39.129729450282639 ], [ 141.735892515464286, 39.129186521484932 ], [ 141.735335010475666, 39.12873438408225 ], [ 141.734799866428006, 39.128701155114818 ], [ 141.735453041811098, 39.128052730568662 ], [ 141.735383132006888, 39.127412642826066 ], [ 141.734892233993151, 39.127080045197729 ], [ 141.734671960403517, 39.126473140009907 ], [ 141.733987672949269, 39.125755038138564 ], [ 141.733849077741752, 39.12510471106436 ], [ 141.733989663759587, 39.123747906253804 ], [ 141.733327677441991, 39.123266580456068 ], [ 141.733165495696028, 39.122897937025193 ], [ 141.733249341612009, 39.122254478062295 ], [ 141.732742909613876, 39.121946972640231 ], [ 141.732642781326604, 39.121237159979451 ], [ 141.732300101958003, 39.121116715733265 ], [ 141.732447788470125, 39.118982480312027 ], [ 141.731356475979453, 39.118013283007507 ], [ 141.730833814312746, 39.118787305105414 ], [ 141.73022295125304, 39.11901272584668 ], [ 141.727403482326167, 39.119043169673105 ], [ 141.727502755190812, 39.119747213737476 ], [ 141.727637434098, 39.119845129209018 ], [ 141.72735294604675, 39.120144507234841 ], [ 141.724971839410898, 39.119703999818448 ], [ 141.724219169493125, 39.120444543293367 ], [ 141.723886548136875, 39.122988807415815 ], [ 141.72482839667785, 39.123408299293935 ], [ 141.725530462658611, 39.123313411783698 ], [ 141.726595235449167, 39.123422435428708 ], [ 141.725997781341334, 39.129738149263183 ], [ 141.726154109799751, 39.130322896722653 ], [ 141.72608397912154, 39.13186654975425 ], [ 141.726463427662566, 39.131748017401179 ], [ 141.726905775686845, 39.131296550136312 ], [ 141.726984809846385, 39.130910077470872 ], [ 141.727326155647916, 39.130808725355251 ], [ 141.727991185326431, 39.131071755230458 ], [ 141.728231267721497, 39.13186057709725 ], [ 141.728940752561698, 39.131789118599954 ], [ 141.729336383406292, 39.131536881019294 ], [ 141.735902977838748, 39.133476162735818 ], [ 141.73587932217896, 39.133230806371053 ], [ 141.736367559004066, 39.132282025219084 ], [ 141.736185804636136, 39.132011152336084 ] ] ] } },
{ "type": "Feature", "properties": { "CITY_NAME": "大船渡市", "S_NAME": "立根町字平田", "JINKO": 197, "medical_area": "03_気仙医療圏", "町丁目名": "大船渡市立根町字平田" }, "geometry": { "type": "Polygon", "coordinates": [ [ [ 141.718869526205197, 39.11655557770505 ], [ 141.715982898853156, 39.115800766458946 ], [ 141.714946176582771, 39.116898016744983 ], [ 141.712684434938893, 39.117902513928527 ], [ 141.712830360747972, 39.118788008187124 ], [ 141.714492688965834, 39.119876717490619 ], [ 141.715279724884965, 39.123268811041477 ], [ 141.7163074797337, 39.122703383047565 ], [ 141.721804747080824, 39.121855169744478 ], [ 141.721349888708772, 39.120983510754193 ], [ 141.721739862370669, 39.120048695730027 ], [ 141.721673197053036, 39.119102999930497 ], [ 141.720645435983727, 39.118712489886462 ], [ 141.719773132409273, 39.118104099132225 ], [ 141.718869526205197, 39.11655557770505 ] ] ] } },
{ "type": "Feature", "properties": { "CITY_NAME": "大船渡市", "S_NAME": "立根町字細野", "JINKO": 197, "medical_area": "03_気仙医療圏", "町丁目名": "大船渡市立根町字細野" }, "geometry": { "type": "Polygon", "coordinates": [ [ [ 141.739591936288036, 39.155074237659981 ], [ 141.740419138992621, 39.155023744752043 ], [ 141.742636483965327, 39.155489875200637 ], [ 141.744165246116353, 39.155276094047608 ], [ 141.745746527026853, 39.154645112363177 ], [ 141.746751877724449, 39.153362369635623 ], [ 141.748624045485116, 39.153704301551471 ], [ 141.750196954659799, 39.153581395764469 ], [ 141.751458523575508, 39.15215975250662 ], [ 141.751767005914616, 39.151586236515492 ], [ 141.753207522863249, 39.15146151844926 ], [ 141.754077373154985, 39.151172315473588 ], [ 141.754345346913851, 39.150661110832431 ], [ 141.75501911660271, 39.150086811653999 ], [ 141.754960605985076, 39.148767536858053 ], [ 141.75536964178724, 39.147305013671158 ], [ 141.755438761641045, 39.146400855070006 ], [ 141.755027879468884, 39.145137006073391 ], [ 141.754000834809602, 39.144057827218084 ], [ 141.753852051702125, 39.143171853671532 ], [ 141.753320759190586, 39.142356739056709 ], [ 141.753468008968156, 39.14195866128339 ], [ 141.754077008327528, 39.141556937891458 ], [ 141.754533616416722, 39.139994451293923 ], [ 141.754544363967369, 39.139317567627806 ], [ 141.755529258608789, 39.137454200136339 ], [ 141.755880596047035, 39.136392626524959 ], [ 141.756199653502875, 39.136005078409731 ], [ 141.755265838455671, 39.134866477468279 ], [ 141.755217648466271, 39.133794763417335 ], [ 141.754748897925424, 39.132810260527364 ], [ 141.755529324830036, 39.132851102518572 ], [ 141.756460527138017, 39.132655550962404 ], [ 141.757836658024559, 39.131833927370216 ], [ 141.75874543831344, 39.131604263170956 ], [ 141.759131277725544, 39.131288947786018 ], [ 141.759901987657486, 39.131004778140863 ], [ 141.760253837020315, 39.13040090807646 ], [ 141.761656590405636, 39.130145906372327 ], [ 141.762901026636314, 39.129342443545696 ], [ 141.764389025122512, 39.12889417839753 ], [ 141.76471822630208, 39.128870156239749 ], [ 141.766212262941337, 39.129493569947414 ], [ 141.767626419403371, 39.129276895885958 ], [ 141.768619670605034, 39.129827228828013 ], [ 141.769034248369024, 39.12961854822796 ], [ 141.769644240665826, 39.129639269793586 ], [ 141.771015232252751, 39.129275323168564 ], [ 141.771938368952476, 39.128480745721127 ], [ 141.773346721089638, 39.128035193025084 ], [ 141.773330358888757, 39.12751968185421 ], [ 141.773990451930871, 39.126787455256064 ], [ 141.773422082048285, 39.125055795874417 ], [ 141.773887044891694, 39.123325385295054 ], [ 141.772917906065686, 39.122512253632934 ], [ 141.771346333889198, 39.120351188488748 ], [ 141.771163614301628, 39.119709070517956 ], [ 141.771255265887589, 39.117941781228652 ], [ 141.771071239224995, 39.116570807569772 ], [ 141.77021272066969, 39.116669611011766 ], [ 141.766502960947093, 39.115983541106239 ], [ 141.765624959766114, 39.116097808301816 ], [ 141.764557533997873, 39.116548499166058 ], [ 141.761725169783205, 39.116341213072857 ], [ 141.76062714270131, 39.114679707469058 ], [ 141.758295500354507, 39.113224952405318 ], [ 141.757063252586704, 39.112886707803717 ], [ 141.756585505597428, 39.112440011770261 ], [ 141.756221676968892, 39.111862144806992 ], [ 141.755352083024974, 39.109240147482552 ], [ 141.754435154331446, 39.107443675537439 ], [ 141.746875721500999, 39.107757039729115 ], [ 141.743750871383924, 39.107711393385927 ], [ 141.738240444609318, 39.107439092025011 ], [ 141.734639129945975, 39.107046707805196 ], [ 141.731249379136102, 39.106503739397716 ], [ 141.728610760570859, 39.105806059688341 ], [ 141.726239662652318, 39.104931104021425 ], [ 141.723804168586497, 39.103399837969064 ], [ 141.722444852332899, 39.10290089809714 ], [ 141.719099898775767, 39.10868677634933 ], [ 141.725446397112165, 39.108506722429837 ], [ 141.727792507837535, 39.110479464575107 ], [ 141.726879829284599, 39.113998309791221 ], [ 141.732447788470097, 39.118982480312027 ], [ 141.732300101958003, 39.121116715733265 ], [ 141.732642781326604, 39.121237159979451 ], [ 141.732742909613876, 39.121946972640231 ], [ 141.733249341612009, 39.122254478062295 ], [ 141.733165495696028, 39.122897937025193 ], [ 141.733327677441991, 39.123266580456068 ], [ 141.733989663759587, 39.123747906253804 ], [ 141.733849077741752, 39.12510471106436 ], [ 141.733987672949269, 39.125755038138564 ], [ 141.734671960403517, 39.126473140009907 ], [ 141.734892233993151, 39.127080045197729 ], [ 141.735383132006888, 39.127412642826066 ], [ 141.735453041811098, 39.128052730568662 ], [ 141.734799866428006, 39.128701155114818 ], [ 141.735335010475666, 39.12873438408225 ], [ 141.735892515464286, 39.129186521484932 ], [ 141.735412819040846, 39.129729450282639 ], [ 141.736399303256746, 39.131016504248265 ], [ 141.736182997195471, 39.131792307711024 ], [ 141.736348398238221, 39.132394281406668 ], [ 141.73587932217896, 39.133230806371053 ], [ 141.735886569213363, 39.133605919791442 ], [ 141.735467135332613, 39.134763039287378 ], [ 141.736637325674963, 39.136481190983851 ], [ 141.736905515845081, 39.137950156891286 ], [ 141.736514454582817, 39.139796516018762 ], [ 141.735522162352879, 39.141391079670115 ], [ 141.734127628017177, 39.143017172239496 ], [ 141.730273028613595, 39.146942707592039 ], [ 141.728822431589208, 39.148018083151499 ], [ 141.72862622841447, 39.148316999283232 ], [ 141.729217193733405, 39.149202708393126 ], [ 141.732168646877227, 39.152192941168487 ], [ 141.734750101871612, 39.154060454097838 ], [ 141.738348681818479, 39.156024689143926 ], [ 141.739591936288036, 39.155074237659981 ] ] ] } },
{ "type": "Feature", "properties": { "CITY_NAME": "大船渡市", "S_NAME": "立根町字沼田", "JINKO": 69, "medical_area": "03_気仙医療圏", "町丁目名": "大船渡市立根町字沼田" }, "geometry": { "type": "Polygon", "coordinates": [ [ [ 141.731356475979482, 39.1180132830075 ], [ 141.728015355581277, 39.115045806338394 ], [ 141.727218167385558, 39.116089832624006 ], [ 141.726710880580612, 39.11635805425172 ], [ 141.726402950435954, 39.116988662319585 ], [ 141.727458114046016, 39.118228274493617 ], [ 141.727255099574165, 39.118754415661265 ], [ 141.727403482326167, 39.119043169673098 ], [ 141.730222951253012, 39.119012725846666 ], [ 141.730833814312746, 39.118787305105414 ], [ 141.731356475979482, 39.1180132830075 ] ] ] } },
{ "type": "Feature", "properties": { "CITY_NAME": "大船渡市", "S_NAME": "立根町字田ノ上", "JINKO": 116, "medical_area": "03_気仙医療圏", "町丁目名": "大船渡市立根町字田ノ上" }, "geometry": { "type": "Polygon", "coordinates": [ [ [ 141.715283133394991, 39.105460716309871 ], [ 141.716471591314956, 39.104137242827164 ], [ 141.717611247238295, 39.103961961101454 ], [ 141.71858405117959, 39.102985152642127 ], [ 141.719795290078793, 39.102520554244954 ], [ 141.719551504444297, 39.102297062453694 ], [ 141.719799433199199, 39.10169297316564 ], [ 141.719231213874224, 39.101554706461698 ], [ 141.718965197602017, 39.101739703166224 ], [ 141.717691185673232, 39.101612976803509 ], [ 141.717637011627886, 39.102003271046812 ], [ 141.716751362545097, 39.101983798697972 ], [ 141.716701746612557, 39.101822520836812 ], [ 141.716887728433335, 39.101628986439934 ], [ 141.716673374098121, 39.101165495950625 ], [ 141.716747110927315, 39.101023903258906 ], [ 141.715995341819877, 39.100320132489941 ], [ 141.71548152124646, 39.101619639692551 ], [ 141.714968237085799, 39.101822189731394 ], [ 141.714422016332122, 39.101359284810215 ], [ 141.714496469168154, 39.102043414524147 ], [ 141.715018026920319, 39.102868936974836 ], [ 141.715041607055582, 39.103275926986072 ], [ 141.714530518385743, 39.103731997364577 ], [ 141.713475870136648, 39.104061875027476 ], [ 141.714774238385445, 39.105727486496043 ], [ 141.715283133394991, 39.105460716309871 ] ] ] } },
{ "type": "Feature", "properties": { "CITY_NAME": "大船渡市", "S_NAME": "日頃市町字長岩", "JINKO": 10, "medical_area": "03_気仙医療圏", "町丁目名": "大船渡市日頃市町字長岩" }, "geometry": { "type": "Polygon", "coordinates": [ [ [ 141.655195813804426, 39.145590844376173 ], [ 141.655837444332832, 39.145695479956849 ], [ 141.655966687618871, 39.14522424850491 ], [ 141.656389522109066, 39.144935403072154 ], [ 141.650258685664966, 39.139885344536289 ], [ 141.631699083248179, 39.131782917736317 ], [ 141.631882629790454, 39.131283555573368 ], [ 141.631740916176938, 39.130209853531682 ], [ 141.632461008881307, 39.12803126899469 ], [ 141.632403627100473, 39.127662323038805 ], [ 141.631732557012441, 39.126813636296511 ], [ 141.637139605345311, 39.120456497748251 ], [ 141.63794672229065, 39.119944674328259 ], [ 141.638832176309052, 39.120102593228175 ], [ 141.635182297016115, 39.108904714413107 ], [ 141.630606806673114, 39.09371210560542 ], [ 141.629170937809221, 39.094894892390677 ], [ 141.627798293024966, 39.095201237048705 ], [ 141.626284452352195, 39.097031495633281 ], [ 141.625583035207768, 39.097277932559756 ], [ 141.624988397828616, 39.097261906742297 ], [ 141.623976735640184, 39.097789763910761 ], [ 141.623386036045304, 39.099268867915676 ], [ 141.622862186495894, 39.100090543392618 ], [ 141.622840982272521, 39.100503519542151 ], [ 141.623180660822385, 39.10112300578961 ], [ 141.623194277027295, 39.101757224341043 ], [ 141.624291635385987, 39.103106610281372 ], [ 141.625011481579094, 39.10333841944815 ], [ 141.625051745407376, 39.104053046931078 ], [ 141.624680859883341, 39.104687409928523 ], [ 141.624683254468408, 39.10547274114284 ], [ 141.625299263622082, 39.105954458181458 ], [ 141.625969520929942, 39.106946747139624 ], [ 141.626457937143471, 39.107285751170586 ], [ 141.626267904767957, 39.107913896250672 ], [ 141.626075121294861, 39.110596105313455 ], [ 141.626559811890957, 39.111171742090029 ], [ 141.625847717535549, 39.111919200477523 ], [ 141.625735790498879, 39.112312666133221 ], [ 141.623646877935101, 39.113608115725881 ], [ 141.620447675870849, 39.113621068657032 ], [ 141.619366800684219, 39.114196579567803 ], [ 141.618567228528889, 39.114196609739899 ], [ 141.616989703, 39.114524893351636 ], [ 141.617613508422721, 39.115411896839447 ], [ 141.617545473480732, 39.118260604647702 ], [ 141.616644021133908, 39.120712479454021 ], [ 141.617480450108218, 39.122385143378288 ], [ 141.618556128624164, 39.123163177465841 ], [ 141.619406791253368, 39.124881543618606 ], [ 141.619482956233099, 39.125415753673906 ], [ 141.619817056276759, 39.125713518583659 ], [ 141.619767593539621, 39.126154974314041 ], [ 141.619307143485202, 39.126922228395465 ], [ 141.61932873980669, 39.127634999398524 ], [ 141.619053153138253, 39.12819332682195 ], [ 141.619107080674866, 39.128783428278069 ], [ 141.621828391595329, 39.131100958198282 ], [ 141.623150734646771, 39.13187187065256 ], [ 141.622829510054402, 39.13362178467343 ], [ 141.625152111539421, 39.136183457479071 ], [ 141.625731282503807, 39.136539009851518 ], [ 141.626279560455202, 39.136662525621546 ], [ 141.629131626232379, 39.136723263970744 ], [ 141.629475003643591, 39.137578249893444 ], [ 141.631197380115111, 39.138216338422779 ], [ 141.631264525801953, 39.139134012418161 ], [ 141.630861555627405, 39.140234642060278 ], [ 141.631563485236398, 39.141385773303512 ], [ 141.631095281075574, 39.142376218495002 ], [ 141.63136520625244, 39.143004944832555 ], [ 141.631162215903743, 39.143578775195003 ], [ 141.63132125330975, 39.145076560493919 ], [ 141.631208152436869, 39.14543955915574 ], [ 141.630315377817396, 39.146258714173975 ], [ 141.630086631235145, 39.147695520415198 ], [ 141.631467709648348, 39.147973702964073 ], [ 141.631875151096153, 39.148197665800303 ], [ 141.631947457831956, 39.150818736612138 ], [ 141.631826770584865, 39.152075065344576 ], [ 141.632876809113526, 39.152905766141153 ], [ 141.633091892899955, 39.154325729336875 ], [ 141.634689786521534, 39.15460513492237 ], [ 141.636531984727128, 39.155427615511307 ], [ 141.638085547548883, 39.156796828695455 ], [ 141.639274058687533, 39.156982229796213 ], [ 141.640502432298547, 39.15848089030424 ], [ 141.641694723905772, 39.15961193683264 ], [ 141.642859997531531, 39.161171808497954 ], [ 141.644642187419151, 39.162315421055489 ], [ 141.650516507940722, 39.159091485861374 ], [ 141.655170037829777, 39.14671872777874 ], [ 141.655619578751242, 39.146285708471503 ], [ 141.655195813804426, 39.145590844376173 ] ] ] } },
{ "type": "Feature", "properties": { "CITY_NAME": "大船渡市", "S_NAME": "日頃市町字田代屋敷", "JINKO": 143, "medical_area": "03_気仙医療圏", "町丁目名": "大船渡市日頃市町字田代屋敷" }, "geometry": { "type": "Polygon", "coordinates": [ [ [ 141.671241862258739, 39.159062816779574 ], [ 141.678946095795283, 39.157915337252689 ], [ 141.677786145239111, 39.144166985771896 ], [ 141.663104446305368, 39.143318395516268 ], [ 141.667817448339804, 39.132522996139102 ], [ 141.659314923633133, 39.131754404410792 ], [ 141.658143602688654, 39.133182317294001 ], [ 141.651466833871183, 39.137334551974234 ], [ 141.650258685664966, 39.139885344536289 ], [ 141.656389522109066, 39.144935403072154 ], [ 141.655966687618871, 39.14522424850491 ], [ 141.655837444332832, 39.145695479956849 ], [ 141.655195813804426, 39.145590844376173 ], [ 141.655619578751242, 39.146285708471503 ], [ 141.655170037829777, 39.14671872777874 ], [ 141.650516507940722, 39.159091485861374 ], [ 141.660454098157658, 39.158616131600141 ], [ 141.670168346987765, 39.16508327137096 ], [ 141.671241862258739, 39.159062816779574 ] ] ] } },
{ "type": "Feature", "properties": { "CITY_NAME": "大船渡市", "S_NAME": "日頃市町字中宿", "JINKO": 201, "medical_area": "03_気仙医療圏", "町丁目名": "大船渡市日頃市町字中宿" }, "geometry": { "type": "Polygon", "coordinates": [ [ [ 141.68997097005365, 39.140980702310152 ], [ 141.688901476170543, 39.140879257471106 ], [ 141.688472655533531, 39.140223611912383 ], [ 141.687736294974997, 39.139759530048757 ], [ 141.687492550800954, 39.139251722545168 ], [ 141.68747119455935, 39.13875101308566 ], [ 141.686714002531374, 39.138161597195293 ], [ 141.686150078351233, 39.137368433223465 ], [ 141.683676099002895, 39.136900761291791 ], [ 141.682610970457432, 39.13499794431425 ], [ 141.681071145251707, 39.133642431971893 ], [ 141.679899246337698, 39.133197433776289 ], [ 141.679006873595142, 39.132371281214866 ], [ 141.678524090632862, 39.131776721557856 ], [ 141.677974742592738, 39.130204619206204 ], [ 141.677080691961123, 39.129655746942468 ], [ 141.676524887958465, 39.128784986074507 ], [ 141.674228636130096, 39.136581236623606 ], [ 141.677792730507605, 39.144181154570127 ], [ 141.678946095795283, 39.157915337252689 ], [ 141.687419355149785, 39.156781707443798 ], [ 141.690121058937791, 39.152256181378348 ], [ 141.694557498550068, 39.145481822340081 ], [ 141.693103863033144, 39.143734623882104 ], [ 141.690803331078001, 39.142141843360456 ], [ 141.69053875515695, 39.141862495456785 ], [ 141.690358170264318, 39.141289413043665 ], [ 141.68997097005365, 39.140980702310152 ] ] ] } },
{ "type": "Feature", "properties": { "CITY_NAME": "大船渡市", "S_NAME": "日頃市町字下甲子", "JINKO": 38, "medical_area": "03_気仙医療圏", "町丁目名": "大船渡市日頃市町字下甲子" }, "geometry": { "type": "Polygon", "coordinates": [ [ [ 141.735681702700816, 39.183635714901868 ], [ 141.737450011202839, 39.18348696501797 ], [ 141.738903486388523, 39.182835064738612 ], [ 141.739619897394761, 39.182028144896186 ], [ 141.740119314289501, 39.180830780189787 ], [ 141.741040439978917, 39.180103677228523 ], [ 141.741332350640505, 39.179049375266523 ], [ 141.742133997766445, 39.17802754871505 ], [ 141.74430902382278, 39.176131397571105 ], [ 141.744743435009298, 39.174816698125667 ], [ 141.746606725823682, 39.174256554400763 ], [ 141.746611494781888, 39.174080577833841 ], [ 141.743882854637462, 39.172565087270257 ], [ 141.74276441585468, 39.171287225330637 ], [ 141.74299006866346, 39.170985804983168 ], [ 141.742258894250597, 39.169611384669928 ], [ 141.740639239822684, 39.167929796922856 ], [ 141.739386307301118, 39.166897640870872 ], [ 141.739299083997849, 39.166520049643601 ], [ 141.738311420695283, 39.165296645627514 ], [ 141.738681407516538, 39.164283882044735 ], [ 141.738560130101121, 39.163823160183526 ], [ 141.739157731297695, 39.162895188924907 ], [ 141.738726323380376, 39.162331102431516 ], [ 141.737911831037167, 39.161760345872942 ], [ 141.737912220691442, 39.161151241455059 ], [ 141.73809753946432, 39.160835644891648 ], [ 141.737366166118449, 39.160315539530693 ], [ 141.736938800770588, 39.158783179883187 ], [ 141.736867466243012, 39.1573955675806 ], [ 141.737108797035717, 39.156951242927342 ], [ 141.738348681818479, 39.156024689143926 ], [ 141.734750101871612, 39.154060454097824 ], [ 141.732168646877227, 39.152192941168487 ], [ 141.729217193733405, 39.149202708393126 ], [ 141.72862622841447, 39.14831699928326 ], [ 141.727449413239555, 39.14556504806081 ], [ 141.726327936073744, 39.144801475191777 ], [ 141.719602288087174, 39.142817125932872 ], [ 141.717065340827588, 39.141783515353517 ], [ 141.715610600536593, 39.140788386369778 ], [ 141.71499736117687, 39.13981030995739 ], [ 141.714632974414229, 39.13830387181077 ], [ 141.713151688388848, 39.135179698995394 ], [ 141.709217168577169, 39.128267029334886 ], [ 141.701266617509191, 39.134440697512403 ], [ 141.694993608285586, 39.132007787091453 ], [ 141.694820955025989, 39.132157133095888 ], [ 141.696413714748957, 39.144598336712178 ], [ 141.694557498550068, 39.145481822340081 ], [ 141.690121058937791, 39.152256181378348 ], [ 141.687419355149785, 39.156781707443798 ], [ 141.683879216328251, 39.157156714652182 ], [ 141.671241862258739, 39.159062816779574 ], [ 141.670168346987765, 39.16508327137096 ], [ 141.660454098157658, 39.158616131600141 ], [ 141.650516507940722, 39.159091485861374 ], [ 141.644642187419151, 39.162315421055489 ], [ 141.643563044753762, 39.16391854814978 ], [ 141.643319065233214, 39.16524485344123 ], [ 141.642515751664718, 39.165825606037593 ], [ 141.642172741680866, 39.166577413578203 ], [ 141.641779364378209, 39.16696727417137 ], [ 141.641390130810407, 39.167097208037873 ], [ 141.640747571748591, 39.166825077840727 ], [ 141.639015143993618, 39.166618601304243 ], [ 141.638691532682543, 39.166897409903513 ], [ 141.638584909307241, 39.168131475492856 ], [ 141.639677666360541, 39.169559171610011 ], [ 141.639704498115037, 39.170618902733295 ], [ 141.639870631095562, 39.171111081303074 ], [ 141.641306139172912, 39.171769291901818 ], [ 141.642284359948093, 39.172770981684479 ], [ 141.645138888311834, 39.172651226761822 ], [ 141.645858504953509, 39.172786754873009 ], [ 141.647268970789611, 39.173351397143755 ], [ 141.64796719187342, 39.174064628694389 ], [ 141.648527527035242, 39.174994304957167 ], [ 141.648535950523438, 39.175718538177584 ], [ 141.648159869279425, 39.176842079731671 ], [ 141.648734257027144, 39.177943300394666 ], [ 141.650667470199124, 39.177230421635699 ], [ 141.652314578331612, 39.177090882943268 ], [ 141.653778602074283, 39.176743453888932 ], [ 141.655976912340094, 39.177093247850024 ], [ 141.657547318228438, 39.17691363995317 ], [ 141.658201191193228, 39.177258718667282 ], [ 141.659710837456174, 39.177032564598562 ], [ 141.660474072497095, 39.177127095059738 ], [ 141.660921478078194, 39.176967834580225 ], [ 141.661380109085457, 39.176396306698066 ], [ 141.662575602376506, 39.175732142655491 ], [ 141.662682625071142, 39.174941494717537 ], [ 141.663641781465515, 39.173966811648249 ], [ 141.664348423479254, 39.174017944335844 ], [ 141.665647503503521, 39.174645657583696 ], [ 141.667513359508064, 39.174697933455207 ], [ 141.668213583469509, 39.174892725683662 ], [ 141.66914235103792, 39.17473618248426 ], [ 141.670823164928692, 39.175420432586463 ], [ 141.67234838302619, 39.175496888062142 ], [ 141.674331509063052, 39.175954059496405 ], [ 141.678930545480085, 39.176461033549835 ], [ 141.679585806360393, 39.176912104315278 ], [ 141.680520001518857, 39.177205056042368 ], [ 141.681448385898449, 39.178341065459371 ], [ 141.682324245790255, 39.178787421699369 ], [ 141.682687335053004, 39.179621541709629 ], [ 141.68303067970956, 39.181139568492917 ], [ 141.683448730387056, 39.181873353058691 ], [ 141.684617680445484, 39.182526426560727 ], [ 141.686269402451018, 39.182968628980049 ], [ 141.689590605690597, 39.184851243203717 ], [ 141.692180144278808, 39.184302979828615 ], [ 141.694035127474308, 39.183571548734605 ], [ 141.69552357063705, 39.183273423545209 ], [ 141.696331857871144, 39.184293793066317 ], [ 141.697041176312297, 39.184890597940004 ], [ 141.699513380447826, 39.185992901789696 ], [ 141.701481693414109, 39.187088149932435 ], [ 141.707410248001452, 39.188702237674477 ], [ 141.708750832408214, 39.189784966738927 ], [ 141.709943879996786, 39.190292414089512 ], [ 141.711042618779999, 39.191406909778742 ], [ 141.711913832350092, 39.192598055036534 ], [ 141.712683152650499, 39.194445642451825 ], [ 141.713822403012898, 39.195493413602073 ], [ 141.715399917887567, 39.197660518441438 ], [ 141.717856017749199, 39.199619509145016 ], [ 141.719000579070695, 39.200199965548428 ], [ 141.722045918878337, 39.201263089272302 ], [ 141.725953453917725, 39.202135213018614 ], [ 141.727761386164076, 39.202894793955714 ], [ 141.727606752850789, 39.202428917070193 ], [ 141.727592948153728, 39.198756531800541 ], [ 141.727996399265038, 39.19800353233304 ], [ 141.729373011665331, 39.196473861054493 ], [ 141.729664441622702, 39.195796665232834 ], [ 141.729394844121686, 39.194733855191188 ], [ 141.72940960512264, 39.194168077338624 ], [ 141.729093032872726, 39.193307026702982 ], [ 141.728774356183436, 39.19293241676661 ], [ 141.728890781221224, 39.191913772900584 ], [ 141.729325816202561, 39.191265445366128 ], [ 141.729559806039845, 39.190183752618573 ], [ 141.730665415094109, 39.189007510427722 ], [ 141.731066274868596, 39.187845214525467 ], [ 141.731664738008448, 39.187279218390302 ], [ 141.734058925954827, 39.186114446396346 ], [ 141.734170292528404, 39.185138627145122 ], [ 141.735320747528874, 39.183827041371536 ], [ 141.735681702700816, 39.183635714901868 ] ] ] } },
{ "type": "Feature", "properties": { "CITY_NAME": "大船渡市", "S_NAME": "日頃市町字大迎", "JINKO": 66, "medical_area": "03_気仙医療圏", "町丁目名": "大船渡市日頃市町字大迎" }, "geometry": { "type": "Polygon", "coordinates": [ [ [ 141.696413714748957, 39.144598336712178 ], [ 141.694820955025989, 39.132157133095888 ], [ 141.69390034944584, 39.133070299701558 ], [ 141.693843168956192, 39.133544703864388 ], [ 141.693479550862577, 39.13396527811318 ], [ 141.692503340758265, 39.133561546208703 ], [ 141.69216083614333, 39.134120954464024 ], [ 141.691341840243069, 39.134190530190089 ], [ 141.691027970030376, 39.134787446570051 ], [ 141.690474521437579, 39.134996449932743 ], [ 141.690312962794223, 39.135449733222032 ], [ 141.690463658224672, 39.13686417029691 ], [ 141.688535262040432, 39.136535593879074 ], [ 141.687500412549639, 39.135798879174182 ], [ 141.686989758121967, 39.135760391999028 ], [ 141.686433084502681, 39.135958703496321 ], [ 141.682799254399669, 39.135040699879262 ], [ 141.682697696711045, 39.135123709654465 ], [ 141.683676099002895, 39.136900761291791 ], [ 141.686150078351261, 39.137368433223479 ], [ 141.686714002531431, 39.138161597195293 ], [ 141.68747119455935, 39.13875101308566 ], [ 141.687492550800954, 39.139251722545168 ], [ 141.687736294974997, 39.139759530048757 ], [ 141.688472655533531, 39.140223611912383 ], [ 141.688991288067513, 39.140952211479672 ], [ 141.68984628777639, 39.140893999664804 ], [ 141.690284879238334, 39.141207752270546 ], [ 141.690803331078001, 39.142141843360456 ], [ 141.693103863033144, 39.143734623882104 ], [ 141.694557498550012, 39.145481822340081 ], [ 141.696413714748957, 39.144598336712178 ] ] ] } },
{ "type": "Feature", "properties": { "CITY_NAME": "大船渡市", "S_NAME": "日頃市町字舟野", "JINKO": 133, "medical_area": "03_気仙医療圏", "町丁目名": "大船渡市日頃市町字舟野" }, "geometry": { "type": "Polygon", "coordinates": [ [ [ 141.690463658224672, 39.13686417029691 ], [ 141.690411951456412, 39.135119294322052 ], [ 141.691027970030376, 39.134787446570051 ], [ 141.691236069662409, 39.134275689038823 ], [ 141.69216083614333, 39.134120954464024 ], [ 141.692503340758265, 39.133561546208703 ], [ 141.693479550862577, 39.13396527811318 ], [ 141.693843168956192, 39.133544703864388 ], [ 141.693900349445869, 39.133070299701608 ], [ 141.694993608285586, 39.132007787091453 ], [ 141.701266617509191, 39.134440697512403 ], [ 141.705295983662666, 39.131241556758461 ], [ 141.692906559440985, 39.125934798341 ], [ 141.693306962327483, 39.127109386268671 ], [ 141.692407270028752, 39.127089549727287 ], [ 141.691020349202432, 39.127465494490529 ], [ 141.690805403632538, 39.125899086848456 ], [ 141.690370998161995, 39.12428678462058 ], [ 141.689903745223546, 39.123760700915525 ], [ 141.688778080325477, 39.123095801487871 ], [ 141.687503956416407, 39.123090489939472 ], [ 141.687230724917583, 39.122006168536856 ], [ 141.682986801735865, 39.124683775903847 ], [ 141.683330456225661, 39.124666493254352 ], [ 141.683589823087601, 39.125016206280577 ], [ 141.684383516126303, 39.125268915341884 ], [ 141.684696629125767, 39.125872083148529 ], [ 141.684731606154401, 39.126134825999685 ], [ 141.684158740962715, 39.126699764927572 ], [ 141.683756205662007, 39.127925989154853 ], [ 141.684407365860665, 39.128956621315524 ], [ 141.685618528139344, 39.129753451891347 ], [ 141.685698084276993, 39.131070880277889 ], [ 141.68560142382691, 39.132065301149503 ], [ 141.685266840754991, 39.132693742325408 ], [ 141.682799254399669, 39.135040699879262 ], [ 141.686433084502625, 39.135958703496328 ], [ 141.686989758121967, 39.135760391999028 ], [ 141.68750041254961, 39.13579887917416 ], [ 141.688535262040432, 39.136535593879074 ], [ 141.689720599769913, 39.136790666503749 ], [ 141.690463658224672, 39.13686417029691 ] ] ] } },
{ "type": "Feature", "properties": { "CITY_NAME": "大船渡市", "S_NAME": "日頃市町字下宿", "JINKO": 114, "medical_area": "03_気仙医療圏", "町丁目名": "大船渡市日頃市町字下宿" }, "geometry": { "type": "Polygon", "coordinates": [ [ [ 141.682697696711045, 39.135123709654472 ], [ 141.685266840754991, 39.132693742325408 ], [ 141.68560142382691, 39.132065301149503 ], [ 141.685698084276993, 39.131070880277889 ], [ 141.685618528139344, 39.129753451891347 ], [ 141.684407365860665, 39.128956621315524 ], [ 141.683756205662007, 39.127925989154853 ], [ 141.684158740962715, 39.126699764927572 ], [ 141.684731606154401, 39.126134825999685 ], [ 141.684696629125852, 39.125872083148529 ], [ 141.684383516126303, 39.125268915341884 ], [ 141.683589823087601, 39.125016206280577 ], [ 141.683299597277852, 39.124662284362898 ], [ 141.682986801735865, 39.124683775903847 ], [ 141.678231483338806, 39.127216896893898 ], [ 141.676524887958465, 39.128784986074507 ], [ 141.677080691961066, 39.129655746942468 ], [ 141.677974742592738, 39.130204619206204 ], [ 141.678524090632862, 39.131776721557856 ], [ 141.679629137244802, 39.133000298218562 ], [ 141.680925964584361, 39.133547070402443 ], [ 141.682697696711045, 39.135123709654472 ] ] ] } },
{ "type": "Feature", "properties": { "CITY_NAME": "大船渡市", "S_NAME": "日頃市町字関谷", "JINKO": 170, "medical_area": "03_気仙医療圏", "町丁目名": "大船渡市日頃市町字関谷" }, "geometry": { "type": "Polygon", "coordinates": [ [ [ 141.678231483338806, 39.127216896893898 ], [ 141.670930040747152, 39.121665744479181 ], [ 141.670336800566673, 39.122560686808747 ], [ 141.664765561834571, 39.119154093018899 ], [ 141.655554669503317, 39.113944499580192 ], [ 141.660009167630989, 39.121405455757582 ], [ 141.660524469385678, 39.122536067877832 ], [ 141.66890456632521, 39.128561260544508 ], [ 141.667745846862175, 39.132809446783156 ], [ 141.663104446305368, 39.143318395516268 ], [ 141.677786145239111, 39.144166985771896 ], [ 141.674228636130096, 39.136581236623606 ], [ 141.676397365715189, 39.129001189558679 ], [ 141.678231483338806, 39.127216896893898 ] ] ] } },
{ "type": "Feature", "properties": { "CITY_NAME": "大船渡市", "S_NAME": "日頃市町字坂本沢", "JINKO": 72, "medical_area": "03_気仙医療圏", "町丁目名": "大船渡市日頃市町字坂本沢" }, "geometry": { "type": "Polygon", "coordinates": [ [ [ 141.654234334673561, 39.124650889250411 ], [ 141.63794672229065, 39.119944674328259 ], [ 141.637139605345283, 39.120456497748251 ], [ 141.631732557012441, 39.126813636296511 ], [ 141.632403627100501, 39.127662323038784 ], [ 141.632461008881307, 39.128031268994683 ], [ 141.631740916176938, 39.130209853531667 ], [ 141.631882629790454, 39.131283555573333 ], [ 141.631699083248179, 39.131782917736331 ], [ 141.650258685664966, 39.139885344536289 ], [ 141.651466833871126, 39.137334551974234 ], [ 141.658143602688654, 39.133182317294001 ], [ 141.659314923633133, 39.131754404410778 ], [ 141.667817448339804, 39.132522996139102 ], [ 141.66890456632521, 39.128561260544508 ], [ 141.660524469385678, 39.122536067877832 ], [ 141.654234334673561, 39.124650889250411 ] ] ] } },
{ "type": "Feature", "properties": { "CITY_NAME": "大船渡市", "S_NAME": "日頃市町字大森", "JINKO": 41, "medical_area": "03_気仙医療圏", "町丁目名": "大船渡市日頃市町字大森" }, "geometry": { "type": "Polygon", "coordinates": [ [ [ 141.638832176309052, 39.120102593228175 ], [ 141.654234334673561, 39.124650889250411 ], [ 141.660524469385678, 39.122536067877832 ], [ 141.660009167630989, 39.121405455757582 ], [ 141.655554669503317, 39.113944499580192 ], [ 141.671196543900663, 39.106293568945482 ], [ 141.666793510684272, 39.100148983423239 ], [ 141.666174403740825, 39.099661392544633 ], [ 141.664210769635019, 39.099648984557007 ], [ 141.663965859154558, 39.099444590938489 ], [ 141.66181395100773, 39.098881651919484 ], [ 141.661288869799677, 39.098275694730717 ], [ 141.660772819425631, 39.098130432083821 ], [ 141.659577692478223, 39.097391833580566 ], [ 141.658628346738851, 39.096631427913685 ], [ 141.657584166113963, 39.096864850889823 ], [ 141.656715354913246, 39.09732899540974 ], [ 141.65577699692011, 39.097507396987659 ], [ 141.655323481946795, 39.097046797360719 ], [ 141.654451031244776, 39.096889795698303 ], [ 141.653710124022808, 39.096356890824239 ], [ 141.651684200443526, 39.095560974777833 ], [ 141.649669745398938, 39.095431915209147 ], [ 141.6469986147182, 39.094979012486057 ], [ 141.646418281081225, 39.09534754136412 ], [ 141.644988062286615, 39.095539691066044 ], [ 141.640039161646285, 39.095420176051839 ], [ 141.639496339699207, 39.09524171042569 ], [ 141.639094170178055, 39.094583771727677 ], [ 141.637928236209092, 39.094233158272182 ], [ 141.634927378023065, 39.09383221455856 ], [ 141.63259696865677, 39.093256028731631 ], [ 141.631705921711045, 39.093307661792437 ], [ 141.630729851640808, 39.093587682251588 ], [ 141.630606806673114, 39.09371210560537 ], [ 141.635182297016115, 39.108904714413107 ], [ 141.638832176309052, 39.120102593228175 ] ] ] } },
{ "type": "Feature", "properties": { "CITY_NAME": "大船渡市", "S_NAME": "日頃市町字川内", "JINKO": 117, "medical_area": "03_気仙医療圏", "町丁目名": "大船渡市日頃市町字川内" }, "geometry": { "type": "Polygon", "coordinates": [ [ [ 141.683572823677508, 39.123374791033854 ], [ 141.684413259578577, 39.118978071814162 ], [ 141.684596205314165, 39.11577075623741 ], [ 141.682603068661734, 39.115648041799403 ], [ 141.678076769997489, 39.114519544998011 ], [ 141.655554669503317, 39.113944499580192 ], [ 141.664765561834571, 39.119154093018899 ], [ 141.670336800566673, 39.122560686808747 ], [ 141.670930040747152, 39.121665744479181 ], [ 141.678231483338806, 39.127216896893898 ], [ 141.682986801735865, 39.124683775903847 ], [ 141.683572823677508, 39.123374791033854 ] ] ] } },
{ "type": "Feature", "properties": { "CITY_NAME": "大船渡市", "S_NAME": "日頃市町字中板用", "JINKO": 124, "medical_area": "03_気仙医療圏", "町丁目名": "大船渡市日頃市町字中板用" }, "geometry": { "type": "Polygon", "coordinates": [ [ [ 141.684596205314136, 39.11577075623741 ], [ 141.684755175318998, 39.114938948306978 ], [ 141.684692577301917, 39.111088278924811 ], [ 141.684432785706065, 39.109434776984379 ], [ 141.683898982650476, 39.107978776447958 ], [ 141.68342711985855, 39.107132767404138 ], [ 141.681458078622455, 39.105965949168812 ], [ 141.680243835178118, 39.105558761083962 ], [ 141.678956104420081, 39.105341334182967 ], [ 141.671196543900663, 39.106293568945482 ], [ 141.655554669503317, 39.113944499580192 ], [ 141.678076769997489, 39.114519544998011 ], [ 141.682603068661734, 39.11564804179941 ], [ 141.684596205314136, 39.11577075623741 ] ] ] } },
{ "type": "Feature", "properties": { "CITY_NAME": "大船渡市", "S_NAME": "日頃市町字沼川", "JINKO": 188, "medical_area": "03_気仙医療圏", "町丁目名": "大船渡市日頃市町字沼川" }, "geometry": { "type": "Polygon", "coordinates": [ [ [ 141.68351759944369, 39.107295031146982 ], [ 141.686029127987638, 39.107124072216358 ], [ 141.6876722194325, 39.106815918346939 ], [ 141.689281013685957, 39.10610916961803 ], [ 141.690815340403361, 39.105066968745319 ], [ 141.690319113760012, 39.104748358159775 ], [ 141.688121936952768, 39.1043778104899 ], [ 141.687220142865556, 39.104018872845735 ], [ 141.686834333036558, 39.103739624066492 ], [ 141.686507759517269, 39.102875955791944 ], [ 141.686033285386031, 39.102426475095335 ], [ 141.685327837343692, 39.102280665180473 ], [ 141.684024175991794, 39.10240938759155 ], [ 141.683189272988017, 39.101668550795857 ], [ 141.681506978943247, 39.100623006325272 ], [ 141.679262250951183, 39.100737664222947 ], [ 141.67761328034598, 39.100131046372788 ], [ 141.6769055812712, 39.099408669149291 ], [ 141.674557244197132, 39.099534542909694 ], [ 141.673961538865314, 39.100255759711786 ], [ 141.673466393065866, 39.100336665805834 ], [ 141.673195150312267, 39.100289421765488 ], [ 141.673027922833938, 39.099875892788617 ], [ 141.672700492112227, 39.099653319965 ], [ 141.671348413919191, 39.099733331943334 ], [ 141.670808157164771, 39.099438456056703 ], [ 141.669164201867289, 39.099246418239233 ], [ 141.667806666112455, 39.099628629944952 ], [ 141.668029552774158, 39.100168308152305 ], [ 141.666793510684272, 39.100148983423239 ], [ 141.671196543900663, 39.10629356894551 ], [ 141.678956104420081, 39.105341334182981 ], [ 141.680243835178118, 39.105558761083955 ], [ 141.681458078622455, 39.105965949168812 ], [ 141.682756000881653, 39.106667955744264 ], [ 141.68351759944369, 39.107295031146982 ] ] ] } },
{ "type": "Feature", "properties": { "CITY_NAME": "大船渡市", "S_NAME": "日頃市町字長安寺", "JINKO": 125, "medical_area": "03_気仙医療圏", "町丁目名": "大船渡市日頃市町字長安寺" }, "geometry": { "type": "Polygon", "coordinates": [ [ [ 141.687230724917583, 39.122006168536849 ], [ 141.687009109582448, 39.121245874488515 ], [ 141.687540379947393, 39.119751693102906 ], [ 141.688490570017677, 39.119362668292084 ], [ 141.688787111857152, 39.118875183256016 ], [ 141.688678811506037, 39.117901548319793 ], [ 141.688362110071154, 39.117129447396707 ], [ 141.688640850685914, 39.116254883189427 ], [ 141.688384753981552, 39.115763842643091 ], [ 141.688522397158124, 39.11551574394295 ], [ 141.689464316412369, 39.11526175227786 ], [ 141.689791654265434, 39.114618646814719 ], [ 141.690999450047599, 39.114449325530593 ], [ 141.692823022730693, 39.114899488991135 ], [ 141.694508457415282, 39.116227249728659 ], [ 141.695415568736792, 39.116363069952541 ], [ 141.696261770738147, 39.115507660684813 ], [ 141.696132724602052, 39.114647417062436 ], [ 141.696282253784091, 39.11419175220697 ], [ 141.696728769419508, 39.11386619709657 ], [ 141.697326084104589, 39.113787038501975 ], [ 141.697181206920902, 39.113419831033561 ], [ 141.697274120289734, 39.11316592992668 ], [ 141.698002628383023, 39.11244079784457 ], [ 141.696714985697469, 39.112430479126431 ], [ 141.696189405042588, 39.111630665660066 ], [ 141.696394068254762, 39.110713344710014 ], [ 141.696308127500231, 39.110555140406653 ], [ 141.694746016471441, 39.110323664374228 ], [ 141.694196673203606, 39.10954273714011 ], [ 141.692945997926614, 39.108780977133215 ], [ 141.69208432619007, 39.106479039672529 ], [ 141.690815340403361, 39.105066968745298 ], [ 141.6892810136859, 39.106109169618023 ], [ 141.6876722194325, 39.106815918346939 ], [ 141.686029127987638, 39.107124072216358 ], [ 141.68351759944369, 39.107295031146982 ], [ 141.684432785706065, 39.109434776984379 ], [ 141.684692577301917, 39.111088278924811 ], [ 141.684755175318998, 39.114938948306978 ], [ 141.684550070071111, 39.116012272068282 ], [ 141.684413259578577, 39.118978071814162 ], [ 141.683572823677508, 39.123374791033854 ], [ 141.682986801735865, 39.124683775903847 ], [ 141.687230724917583, 39.122006168536849 ] ] ] } },
{ "type": "Feature", "properties": { "CITY_NAME": "大船渡市", "S_NAME": "日頃市町字藤折", "JINKO": 109, "medical_area": "03_気仙医療圏", "町丁目名": "大船渡市日頃市町字藤折" }, "geometry": { "type": "Polygon", "coordinates": [ [ [ 141.692906559440985, 39.125934798341 ], [ 141.69315076289223, 39.125667541057439 ], [ 141.694170606340293, 39.125340586985395 ], [ 141.694132844935041, 39.12503029546447 ], [ 141.694666695754421, 39.124046016627695 ], [ 141.696656045684932, 39.122526610199948 ], [ 141.69718318325755, 39.121698813541663 ], [ 141.697265310966486, 39.121124357141724 ], [ 141.698605885293944, 39.120473717540605 ], [ 141.699210343165248, 39.119654769379551 ], [ 141.700512140804477, 39.118859140521522 ], [ 141.69964687444255, 39.118397425568595 ], [ 141.699490607015832, 39.118024325290925 ], [ 141.699057873726048, 39.117781360647463 ], [ 141.696415971946635, 39.117264241461669 ], [ 141.695742299252771, 39.116996649469563 ], [ 141.692823022730693, 39.114899488991135 ], [ 141.690999450047599, 39.114449325530593 ], [ 141.690019459160254, 39.114527810400183 ], [ 141.689791654265434, 39.114618646814719 ], [ 141.689464316412369, 39.11526175227786 ], [ 141.688662017801988, 39.115438292948951 ], [ 141.688415937023535, 39.115638766920306 ], [ 141.688640850685914, 39.116254883189427 ], [ 141.688362110071154, 39.117129447396707 ], [ 141.688678811506037, 39.117901548319793 ], [ 141.688787111857152, 39.118875183256016 ], [ 141.688490570017677, 39.119362668292084 ], [ 141.687540379947393, 39.119751693102906 ], [ 141.686995011295721, 39.121431912822842 ], [ 141.687503956416407, 39.123090489939464 ], [ 141.688778080325477, 39.123095801487871 ], [ 141.689903745223546, 39.123760700915568 ], [ 141.690370998161995, 39.12428678462058 ], [ 141.69080540363251, 39.12589908684847 ], [ 141.691020349202432, 39.127465494490529 ], [ 141.692407270028752, 39.127089549727302 ], [ 141.693306962327483, 39.127109386268664 ], [ 141.692906559440985, 39.125934798341 ] ] ] } },
{ "type": "Feature", "properties": { "CITY_NAME": "大船渡市", "S_NAME": "日頃市町字中小通", "JINKO": 45, "medical_area": "03_気仙医療圏", "町丁目名": "大船渡市日頃市町字中小通" }, "geometry": { "type": "Polygon", "coordinates": [ [ [ 141.709217168577169, 39.128267029334886 ], [ 141.704574080106966, 39.1215951547901 ], [ 141.702163363310632, 39.119501282159469 ], [ 141.701288370411504, 39.119271472230658 ], [ 141.700512140804477, 39.118859140521522 ], [ 141.699210343165248, 39.119654769379551 ], [ 141.698605885293944, 39.120473717540605 ], [ 141.697265310966486, 39.121124357141724 ], [ 141.69718318325755, 39.121698813541663 ], [ 141.696656045684932, 39.122526610199948 ], [ 141.694666695754421, 39.124046016627695 ], [ 141.694132844935041, 39.12503029546447 ], [ 141.694170606340293, 39.125340586985395 ], [ 141.69315076289223, 39.125667541057439 ], [ 141.692906559440985, 39.125934798341 ], [ 141.705295983662637, 39.131241556758454 ], [ 141.709217168577169, 39.128267029334886 ] ] ] } },
{ "type": "Feature", "properties": { "CITY_NAME": "大船渡市", "S_NAME": "三陸町越喜来字甫嶺", "JINKO": 165, "medical_area": "03_気仙医療圏", "町丁目名": "大船渡市三陸町越喜来字甫嶺" }, "geometry": { "type": "Polygon", "coordinates": [ [ [ 141.815110371545671, 39.094455126176953 ], [ 141.814912057101679, 39.094241586624456 ], [ 141.813614996388139, 39.094414562890165 ], [ 141.813065923297074, 39.094129577233282 ], [ 141.812852329091385, 39.093549997650797 ], [ 141.812501266144807, 39.09341768166388 ], [ 141.809617648937632, 39.09322423722044 ], [ 141.808702222149662, 39.092064643151048 ], [ 141.808656597999004, 39.091078076924575 ], [ 141.808992124473008, 39.089775995822755 ], [ 141.80953204784683, 39.088879257540718 ], [ 141.80996878833065, 39.08853239572916 ], [ 141.81038595128868, 39.088524399560548 ], [ 141.810329295097006, 39.08835642196803 ], [ 141.810619714433869, 39.088044111502356 ], [ 141.811272835470845, 39.088464722449643 ], [ 141.811043539682117, 39.088266665184506 ], [ 141.811914947501663, 39.087425210231466 ], [ 141.811448487720867, 39.087152024939378 ], [ 141.812242039349115, 39.08648074059338 ], [ 141.812501197911644, 39.086389400029255 ], [ 141.813416655776678, 39.086999614002302 ], [ 141.812836957353738, 39.087853916683045 ], [ 141.813721929522046, 39.086704637502265 ], [ 141.815194281695511, 39.085906157591765 ], [ 141.816453004149679, 39.08585044723754 ], [ 141.818039819296899, 39.086806566749395 ], [ 141.818238137292298, 39.087111731698663 ], [ 141.818650032078807, 39.086674246757291 ], [ 141.819046675872784, 39.086735430750736 ], [ 141.819000783402601, 39.086501256169633 ], [ 141.819553378046294, 39.085993889845028 ], [ 141.818054349187776, 39.084385013043033 ], [ 141.817581093005458, 39.083432731707823 ], [ 141.816234605077511, 39.081617881760749 ], [ 141.813722993777503, 39.080324718926249 ], [ 141.807150040423238, 39.076142507171795 ], [ 141.806353674202825, 39.076107632148137 ], [ 141.804891199419529, 39.07641631880788 ], [ 141.802723877162549, 39.076274950163274 ], [ 141.801822979629407, 39.076044773205979 ], [ 141.798777435714129, 39.07486060241915 ], [ 141.798377598890994, 39.07441462694301 ], [ 141.797949233973924, 39.073573016804211 ], [ 141.797695570547887, 39.072519041816079 ], [ 141.797352008283013, 39.072140018238869 ], [ 141.796709182868767, 39.071941165171403 ], [ 141.792889810019545, 39.071728036644636 ], [ 141.794057471676922, 39.074915835220551 ], [ 141.794973259337297, 39.079058109552868 ], [ 141.795783840562478, 39.086057764476905 ], [ 141.796007177330949, 39.086337849619852 ], [ 141.797269265392885, 39.086969325416696 ], [ 141.799337353276911, 39.08745195534965 ], [ 141.799901604301596, 39.088120142730141 ], [ 141.79982423483159, 39.08866154851804 ], [ 141.800294837413219, 39.088967090701857 ], [ 141.801048335980397, 39.088822625080702 ], [ 141.802253327159292, 39.088992785259258 ], [ 141.80256539735754, 39.089260646902105 ], [ 141.803121033011337, 39.089339002938871 ], [ 141.803530372480537, 39.09050636637977 ], [ 141.803795283199776, 39.090791788117954 ], [ 141.804580417057821, 39.090956690422701 ], [ 141.804902210983272, 39.092033430804001 ], [ 141.806425562179498, 39.092516282657492 ], [ 141.806131973736768, 39.093594459367196 ], [ 141.80648375419392, 39.093681535790139 ], [ 141.806455746553297, 39.093820730197336 ], [ 141.80574323884241, 39.093873181674475 ], [ 141.805122824795973, 39.094793571041784 ], [ 141.805043393192875, 39.095688007426375 ], [ 141.804569861922772, 39.095949355993625 ], [ 141.804349160594342, 39.096580409650592 ], [ 141.803978082164178, 39.096825124514737 ], [ 141.804066716425552, 39.096986006865251 ], [ 141.802953639128049, 39.102024257676192 ], [ 141.802331051813724, 39.103619631420067 ], [ 141.803993858617332, 39.10336323469155 ], [ 141.805206006068033, 39.10233727953139 ], [ 141.805888493907389, 39.101351051480336 ], [ 141.806577801748716, 39.10088652800529 ], [ 141.809155689730346, 39.100236339923804 ], [ 141.81058251720475, 39.097427872934993 ], [ 141.811269425799566, 39.096664733537658 ], [ 141.813669440222384, 39.095361926652537 ], [ 141.815995317239356, 39.094668800128041 ], [ 141.815110371545671, 39.094455126176953 ] ] ] } },
{ "type": "Feature", "properties": { "CITY_NAME": "大船渡市", "S_NAME": "三陸町越喜来字西甫嶺", "JINKO": 112, "medical_area": "03_気仙医療圏", "町丁目名": "大船渡市三陸町越喜来字西甫嶺" }, "geometry": { "type": "Polygon", "coordinates": [ [ [ 141.805122824795973, 39.094793571041784 ], [ 141.80574323884241, 39.093873181674475 ], [ 141.806455746553297, 39.093820730197336 ], [ 141.80648375419392, 39.093681535790161 ], [ 141.806131973736768, 39.093594459367196 ], [ 141.806425562179498, 39.092516282657463 ], [ 141.804902210983329, 39.092033430804001 ], [ 141.804580417057821, 39.090956690422701 ], [ 141.803795283199776, 39.090791788117954 ], [ 141.803530372480537, 39.09050636637977 ], [ 141.803121033011337, 39.089339002938871 ], [ 141.802565397357569, 39.089260646902105 ], [ 141.802253327159292, 39.088992785259258 ], [ 141.801048335980397, 39.088822625080702 ], [ 141.800294837413219, 39.088967090701857 ], [ 141.79982423483159, 39.088661548518061 ], [ 141.799901604301596, 39.088120142730141 ], [ 141.799337353276911, 39.08745195534965 ], [ 141.797269265392885, 39.086969325416696 ], [ 141.796007177330949, 39.086337849619852 ], [ 141.795783840562507, 39.086057764476905 ], [ 141.794973259337297, 39.079058109552868 ], [ 141.794057471676922, 39.074915835220551 ], [ 141.792889810019545, 39.071728036644636 ], [ 141.791833585571453, 39.071970446260082 ], [ 141.791382591167519, 39.0723325094431 ], [ 141.790511597249434, 39.073498692265723 ], [ 141.789729669485894, 39.074104643414422 ], [ 141.789162835805882, 39.074401493259842 ], [ 141.788042819360726, 39.074663740699378 ], [ 141.786509377725338, 39.075593354269827 ], [ 141.783901087122786, 39.075608238359663 ], [ 141.783127020043395, 39.075904982420106 ], [ 141.779928224186449, 39.075189146543529 ], [ 141.778026928351011, 39.076333307428037 ], [ 141.776471171481347, 39.076787565238476 ], [ 141.775717119162437, 39.07669351332661 ], [ 141.776350409248408, 39.076952515927516 ], [ 141.776517990004862, 39.077878496075996 ], [ 141.779019706653884, 39.081360027137038 ], [ 141.779001801337756, 39.085367453554937 ], [ 141.777995786099979, 39.088399705852169 ], [ 141.778270382102363, 39.089591536990383 ], [ 141.778433145265382, 39.089864049306186 ], [ 141.782856101447578, 39.092568360383233 ], [ 141.784759118128704, 39.092815649271465 ], [ 141.788934403440123, 39.092865574554445 ], [ 141.79340259756259, 39.093262916543715 ], [ 141.797055173559329, 39.093777591726543 ], [ 141.803098453131042, 39.095736152158757 ], [ 141.803978082164178, 39.096825124514737 ], [ 141.804349160594342, 39.096580409650592 ], [ 141.804569861922772, 39.095949355993625 ], [ 141.805043393192875, 39.095688007426375 ], [ 141.805122824795973, 39.094793571041784 ] ] ] } },
{ "type": "Feature", "properties": { "CITY_NAME": "大船渡市", "S_NAME": "三陸町越喜来字西上甫嶺", "JINKO": 89, "medical_area": "03_気仙医療圏", "町丁目名": "大船渡市三陸町越喜来字西上甫嶺" }, "geometry": { "type": "Polygon", "coordinates": [ [ [ 141.802331051813724, 39.103619631420067 ], [ 141.802953639128049, 39.10202425767617 ], [ 141.804066716425552, 39.096986006865251 ], [ 141.803098453131042, 39.095736152158743 ], [ 141.797055173559329, 39.093777591726543 ], [ 141.79340259756259, 39.093262916543722 ], [ 141.788934403440095, 39.092865574554445 ], [ 141.78352202431347, 39.09273648775217 ], [ 141.782856101447578, 39.092568360383233 ], [ 141.77843314526541, 39.089864049306165 ], [ 141.778494338144611, 39.090265887937434 ], [ 141.778252316237854, 39.090615219090871 ], [ 141.775194065385477, 39.093167729267186 ], [ 141.773279239934197, 39.093136569766791 ], [ 141.770606881435413, 39.093896278850927 ], [ 141.768779507802265, 39.093557374380097 ], [ 141.767477929558112, 39.093552172790936 ], [ 141.767021396498393, 39.0954384898534 ], [ 141.765825591905838, 39.096809735439081 ], [ 141.765516703826847, 39.098133423441901 ], [ 141.762879218802794, 39.098244383662198 ], [ 141.761920056032295, 39.098549769206244 ], [ 141.760656125848271, 39.099291778442122 ], [ 141.758540204100512, 39.099420174474879 ], [ 141.757822845491376, 39.101796574027873 ], [ 141.755984328137714, 39.104205924330046 ], [ 141.755440390888737, 39.106504105758042 ], [ 141.754435154331475, 39.107443675537461 ], [ 141.755352083024974, 39.109240147482552 ], [ 141.756221676968892, 39.111862144806992 ], [ 141.756585505597457, 39.112440011770261 ], [ 141.757063252586789, 39.112886707803767 ], [ 141.758295500354507, 39.113224952405325 ], [ 141.760627142701367, 39.114679707469087 ], [ 141.761725169783205, 39.116341213072857 ], [ 141.764557533997873, 39.116548499166058 ], [ 141.765624959766114, 39.116097808301816 ], [ 141.766502960947093, 39.115983541106239 ], [ 141.77021272066969, 39.116669611011766 ], [ 141.771071239225023, 39.116570807569772 ], [ 141.771151992639403, 39.11690296258265 ], [ 141.772533063691753, 39.116265738071675 ], [ 141.773070330172118, 39.11619406750242 ], [ 141.776679356315498, 39.116207553433711 ], [ 141.777929753209662, 39.11607042006122 ], [ 141.77914182500416, 39.1157428675766 ], [ 141.780601610914374, 39.114927562176263 ], [ 141.783118249170116, 39.114425825476879 ], [ 141.78440205053414, 39.113995166177361 ], [ 141.787029012620593, 39.112350258327801 ], [ 141.788054100435545, 39.111163660061216 ], [ 141.789877924639313, 39.108246974474454 ], [ 141.790992482636625, 39.107224718288862 ], [ 141.792487033237677, 39.10627709235257 ], [ 141.79624200842602, 39.104451460621178 ], [ 141.797698577993543, 39.104037874788126 ], [ 141.802331051813724, 39.103619631420067 ] ] ] } },
{ "type": "Feature", "properties": { "CITY_NAME": "大船渡市", "S_NAME": "三陸町越喜来字泊", "JINKO": 171, "medical_area": "03_気仙医療圏", "町丁目名": "大船渡市三陸町越喜来字泊" }, "geometry": { "type": "Polygon", "coordinates": [ [ [ 141.792507797604372, 39.122256955556665 ], [ 141.793777421941115, 39.121774373745048 ], [ 141.795782415506892, 39.121951611817053 ], [ 141.797324027277682, 39.121797933511651 ], [ 141.798707030154219, 39.120579568787619 ], [ 141.799149798908559, 39.119802130931262 ], [ 141.799599913186938, 39.118382035433513 ], [ 141.802062781983977, 39.11662912675888 ], [ 141.804652670207588, 39.115180394729983 ], [ 141.805431003738676, 39.115245839042736 ], [ 141.805668120398082, 39.113483424455104 ], [ 141.806388157445156, 39.112468663379673 ], [ 141.808760062250627, 39.111923232166092 ], [ 141.810919058751296, 39.111179456370337 ], [ 141.810990963655797, 39.110840982584406 ], [ 141.810731536885669, 39.110678266351684 ], [ 141.810472090640928, 39.110057758854929 ], [ 141.810273765062504, 39.108959243156093 ], [ 141.810426544465685, 39.107860813518627 ], [ 141.811326694003213, 39.107779449576825 ], [ 141.811509722813014, 39.107423435507854 ], [ 141.811967442499252, 39.107250415031892 ], [ 141.811998022077915, 39.107097937239431 ], [ 141.812776017257647, 39.106975994379688 ], [ 141.81332536896079, 39.107820108650408 ], [ 141.813233734056183, 39.108206675905834 ], [ 141.813401482462979, 39.10792172539692 ], [ 141.813660890350405, 39.107901460001138 ], [ 141.813630342825149, 39.107718458594093 ], [ 141.814454396224505, 39.107647350858898 ], [ 141.81433219328369, 39.107128586693271 ], [ 141.814484655445199, 39.106894713657148 ], [ 141.814332202321765, 39.10677248601592 ], [ 141.814820512403287, 39.106487793144709 ], [ 141.814759356271168, 39.106325036564655 ], [ 141.815034061844813, 39.106528362782008 ], [ 141.815217067389995, 39.106386213513858 ], [ 141.815262942074924, 39.106223400480793 ], [ 141.815049379647775, 39.106162281761272 ], [ 141.815186555808623, 39.106121507350565 ], [ 141.814637469881205, 39.106263920692605 ], [ 141.81443913580614, 39.106070647985135 ], [ 141.814179733277399, 39.106162275844518 ], [ 141.813996703889671, 39.105490954936776 ], [ 141.814149152637469, 39.105307964322442 ], [ 141.813935591980709, 39.105012986108292 ], [ 141.813645631741394, 39.105134920489689 ], [ 141.813538994773069, 39.104727990291771 ], [ 141.813340676897695, 39.104697705639552 ], [ 141.813233682689372, 39.104453557040877 ], [ 141.81269957098749, 39.104392451883996 ], [ 141.81286762046858, 39.104168584626336 ], [ 141.81256242900804, 39.104097463195515 ], [ 141.812531816125727, 39.103792219930277 ], [ 141.812287662687851, 39.104005817556427 ], [ 141.812104648508495, 39.10396526779558 ], [ 141.812058868932212, 39.103751641310382 ], [ 141.811204451557245, 39.103954939871848 ], [ 141.810640110800449, 39.103771906922923 ], [ 141.81041122999838, 39.103588876670962 ], [ 141.810365421240704, 39.103314163463217 ], [ 141.809709415492051, 39.103222465605356 ], [ 141.809434643220442, 39.102836151756989 ], [ 141.809587167330676, 39.102449497358364 ], [ 141.810380701193992, 39.101920738666657 ], [ 141.810731467926473, 39.101859599759607 ], [ 141.811082507954438, 39.101473322002029 ], [ 141.812821833341587, 39.100710429584574 ], [ 141.812775939408425, 39.100293486055016 ], [ 141.812165728138524, 39.100161303119563 ], [ 141.812501298914555, 39.099845808170656 ], [ 141.81239458447493, 39.099276377744516 ], [ 141.81283706252097, 39.099154222532569 ], [ 141.812913401615134, 39.098960892140894 ], [ 141.81329477808211, 39.098991470481373 ], [ 141.813310079004424, 39.098818710623384 ], [ 141.813096466875578, 39.09870677694478 ], [ 141.813264188759064, 39.098330406185596 ], [ 141.814011896665647, 39.098238829031047 ], [ 141.813798309976363, 39.098025203874919 ], [ 141.813813382291698, 39.097771090854252 ], [ 141.814103283870054, 39.097303118649947 ], [ 141.814942374536173, 39.096835102640341 ], [ 141.814881543099574, 39.095462299689729 ], [ 141.815308736202013, 39.095268972775578 ], [ 141.815445888823291, 39.094851756731551 ], [ 141.813669440222384, 39.095361926652537 ], [ 141.811269425799566, 39.096664733537658 ], [ 141.81058251720475, 39.097427872934993 ], [ 141.809155689730346, 39.100236339923804 ], [ 141.806577801748716, 39.10088652800529 ], [ 141.806187544749207, 39.101122794420206 ], [ 141.805206006068033, 39.10233727953139 ], [ 141.803993858617332, 39.10336323469155 ], [ 141.797698577993543, 39.104037874788126 ], [ 141.79624200842602, 39.104451460621178 ], [ 141.792487033237677, 39.106277092352585 ], [ 141.790992482636625, 39.10722471828884 ], [ 141.789877924639313, 39.108246974474454 ], [ 141.788054100435545, 39.111163660061216 ], [ 141.787029012620593, 39.112350258327801 ], [ 141.784402050534084, 39.113995166177361 ], [ 141.783118249170116, 39.11442582547685 ], [ 141.780601610914374, 39.114927562176263 ], [ 141.77914182500416, 39.115742867576607 ], [ 141.777929753209662, 39.11607042006122 ], [ 141.776679356315498, 39.116207553433711 ], [ 141.773070330172118, 39.11619406750242 ], [ 141.772533063691753, 39.116265738071661 ], [ 141.771151992639403, 39.116902962582621 ], [ 141.7712416401925, 39.120080590660834 ], [ 141.771541535006207, 39.120722330652605 ], [ 141.772712040383567, 39.1222226947949 ], [ 141.781558236598755, 39.120958280932769 ], [ 141.784473741800042, 39.120815573108828 ], [ 141.788367149298665, 39.121054394063897 ], [ 141.792040635237925, 39.122231515044106 ], [ 141.792507797604372, 39.122256955556665 ] ] ] } },
{ "type": "Feature", "properties": { "CITY_NAME": "大船渡市", "S_NAME": "三陸町越喜来字肥ノ田", "JINKO": 123, "medical_area": "03_気仙医療圏", "町丁目名": "大船渡市三陸町越喜来字肥ノ田" }, "geometry": { "type": "Polygon", "coordinates": [ [ [ 141.809321960478087, 39.119494661497093 ], [ 141.810153491413075, 39.119423691340373 ], [ 141.810794202974051, 39.119518082323836 ], [ 141.810775442602534, 39.11974308275326 ], [ 141.811217434529937, 39.119713197444639 ], [ 141.811406847099306, 39.119099275095202 ], [ 141.812468606126856, 39.117947473641756 ], [ 141.814479022138954, 39.114314917136127 ], [ 141.811509762406615, 39.112112258728153 ], [ 141.8109756792295, 39.111542822571337 ], [ 141.810919058751296, 39.111179456370337 ], [ 141.808760062250627, 39.111923232166092 ], [ 141.806388157445156, 39.112468663379673 ], [ 141.805668120398082, 39.113483424455104 ], [ 141.805474947683791, 39.114469443775796 ], [ 141.805431003738676, 39.115245839042736 ], [ 141.806701826716477, 39.11585194977355 ], [ 141.806730299968905, 39.117304893682615 ], [ 141.807446847533555, 39.117780353475538 ], [ 141.807424181252713, 39.118068589361151 ], [ 141.806789731454245, 39.118768626403998 ], [ 141.806890805920517, 39.119048369383748 ], [ 141.807857823781234, 39.120028510775469 ], [ 141.809321960478087, 39.119494661497093 ] ] ] } },
{ "type": "Feature", "properties": { "CITY_NAME": "大船渡市", "S_NAME": "三陸町越喜来字小出", "JINKO": 349, "medical_area": "03_気仙医療圏", "町丁目名": "大船渡市三陸町越喜来字小出" }, "geometry": { "type": "Polygon", "coordinates": [ [ [ 141.760619999177123, 39.157783234786358 ], [ 141.763141428819267, 39.157459780659096 ], [ 141.76325633308366, 39.157201078989203 ], [ 141.762873679084294, 39.156316479367199 ], [ 141.762846027014604, 39.155872348866566 ], [ 141.762975923760536, 39.155558283053786 ], [ 141.763338178228736, 39.155317454993614 ], [ 141.764804580004352, 39.15510870565852 ], [ 141.766977688244936, 39.153883126397901 ], [ 141.768734832041559, 39.153641457013094 ], [ 141.770333087627137, 39.152783492870412 ], [ 141.77175372773911, 39.15257875857619 ], [ 141.772767603774071, 39.151959684792722 ], [ 141.774896893952359, 39.151767937392293 ], [ 141.776707204408922, 39.150019568783854 ], [ 141.783016308412101, 39.147984884210324 ], [ 141.785562694109245, 39.147676734532645 ], [ 141.786911690999347, 39.14729801761564 ], [ 141.789090297897559, 39.146431622680637 ], [ 141.790217883029811, 39.145611450815764 ], [ 141.791053640177665, 39.14450019617351 ], [ 141.791786378419403, 39.143823020747391 ], [ 141.794113226759805, 39.142136646805632 ], [ 141.794319402216132, 39.141650136424268 ], [ 141.794262714559153, 39.141039254564717 ], [ 141.794482269717093, 39.140612874262281 ], [ 141.795002999314221, 39.140224548837622 ], [ 141.798238810271556, 39.13945164821267 ], [ 141.801639454248971, 39.138289366343315 ], [ 141.802594520508876, 39.137776137291411 ], [ 141.803774486516403, 39.136652137700509 ], [ 141.804458748424878, 39.136371765774776 ], [ 141.809803024897576, 39.136409202349164 ], [ 141.8123878538631, 39.135956502463571 ], [ 141.813344955936458, 39.135489769138154 ], [ 141.810612090253528, 39.130088372570668 ], [ 141.807875492544582, 39.126748938968767 ], [ 141.807578744732751, 39.126200856541054 ], [ 141.806637705713655, 39.126523312407208 ], [ 141.806488718287767, 39.126038346347663 ], [ 141.807137029677648, 39.125940407579122 ], [ 141.807643207171481, 39.125658414556341 ], [ 141.808255020400992, 39.124305904367809 ], [ 141.810278265028899, 39.123309567064936 ], [ 141.811328951665018, 39.12296830902924 ], [ 141.811712306239173, 39.122624477980168 ], [ 141.811962577331542, 39.121930238281315 ], [ 141.811713974810033, 39.120683728659778 ], [ 141.811217434529937, 39.119713197444639 ], [ 141.810775442602534, 39.11974308275326 ], [ 141.810794202974051, 39.119518082323836 ], [ 141.809651223408224, 39.119387856267835 ], [ 141.807857823781234, 39.120028510775469 ], [ 141.806792676028778, 39.118844325132095 ], [ 141.807463056447261, 39.117848552670601 ], [ 141.806730299968905, 39.117304893682615 ], [ 141.806701826716477, 39.11585194977355 ], [ 141.804919918960906, 39.115130385887788 ], [ 141.802062781983977, 39.11662912675888 ], [ 141.799599913186853, 39.118382035433513 ], [ 141.799149798908559, 39.119802130931262 ], [ 141.798707030154219, 39.120579568787619 ], [ 141.797324027277682, 39.121797933511651 ], [ 141.796723774266923, 39.121949549972122 ], [ 141.793777421941115, 39.121774373745048 ], [ 141.792327435347971, 39.122287783099772 ], [ 141.788367149298665, 39.121054394063897 ], [ 141.786822669942694, 39.12088298250795 ], [ 141.783223445123241, 39.120825747551137 ], [ 141.772712040383567, 39.1222226947949 ], [ 141.773922612857149, 39.123465146373896 ], [ 141.773422082048285, 39.125055795874417 ], [ 141.773990451930871, 39.126787455256064 ], [ 141.773330358888757, 39.127519681854245 ], [ 141.773297763457975, 39.128069860392188 ], [ 141.771938368952505, 39.128480745721127 ], [ 141.771233471118165, 39.129162374097547 ], [ 141.770720540011638, 39.129414643198885 ], [ 141.769034248369024, 39.12961854822796 ], [ 141.768619670605034, 39.129827228828013 ], [ 141.767626419403399, 39.129276895885958 ], [ 141.766212262941337, 39.129493569947414 ], [ 141.76471822630208, 39.128870156239763 ], [ 141.764389025122512, 39.12889417839753 ], [ 141.762901026636314, 39.129342443545696 ], [ 141.761656590405636, 39.130145906372327 ], [ 141.760253837020315, 39.13040090807646 ], [ 141.759901987657486, 39.131004778140863 ], [ 141.759131277725572, 39.131288947786047 ], [ 141.75874543831344, 39.131604263170956 ], [ 141.757836658024559, 39.131833927370216 ], [ 141.756460527138017, 39.132655550962404 ], [ 141.755529324830036, 39.132851102518572 ], [ 141.754748897925424, 39.132810260527364 ], [ 141.755217648466271, 39.133794763417335 ], [ 141.755265838455671, 39.134866477468279 ], [ 141.756199653502875, 39.136005078409731 ], [ 141.755880596047035, 39.136392626524959 ], [ 141.755529258608789, 39.137454200136354 ], [ 141.754544363967369, 39.139317567627806 ], [ 141.754533616416722, 39.139994451293923 ], [ 141.754077008327528, 39.141556937891458 ], [ 141.753468008968156, 39.14195866128339 ], [ 141.753320759190586, 39.142356739056709 ], [ 141.753852051702125, 39.143171853671532 ], [ 141.754000834809602, 39.144057827218084 ], [ 141.755027879468884, 39.145137006073391 ], [ 141.755394193836139, 39.146158625571822 ], [ 141.75536964178724, 39.147305013671158 ], [ 141.754960605985076, 39.148767536858053 ], [ 141.75501911660271, 39.150086811653999 ], [ 141.753875583834457, 39.151285099795729 ], [ 141.751767005914644, 39.151586236515492 ], [ 141.750376745502535, 39.153464496993649 ], [ 141.749325519840539, 39.153690073257344 ], [ 141.749400495390347, 39.154040661953537 ], [ 141.750158971890841, 39.155216744934748 ], [ 141.750757395413814, 39.155768577012978 ], [ 141.752743141976282, 39.156827377519342 ], [ 141.753324804774905, 39.15737355467607 ], [ 141.754565785090108, 39.159037793167876 ], [ 141.755285280256743, 39.159284053049646 ], [ 141.75601635707477, 39.159324016107114 ], [ 141.756955296976031, 39.158981807785686 ], [ 141.759081335132606, 39.158639325275544 ], [ 141.760619999177123, 39.157783234786358 ] ] ] } },
{ "type": "Feature", "properties": { "CITY_NAME": "大船渡市", "S_NAME": "三陸町越喜来字小出", "JINKO": 311, "medical_area": "03_気仙医療圏", "町丁目名": "大船渡市三陸町越喜来字小出" }, "geometry": { "type": "Polygon", "coordinates": [ [ [ 141.823014514602789, 39.126570246747889 ], [ 141.820889992279461, 39.125872971800142 ], [ 141.819417419929522, 39.124959228074715 ], [ 141.818163107739935, 39.1245324360941 ], [ 141.818545793970912, 39.124115157091111 ], [ 141.818438174163902, 39.123858661348152 ], [ 141.818736061209108, 39.123717909871324 ], [ 141.818918071207406, 39.123168195890095 ], [ 141.818482774720223, 39.123109906019359 ], [ 141.818373088940916, 39.12270565871038 ], [ 141.81792880966259, 39.122442473347576 ], [ 141.817801905984368, 39.122119406008942 ], [ 141.818864950541467, 39.121996025112018 ], [ 141.81886853540874, 39.1218148582387 ], [ 141.817968641072497, 39.121395009796885 ], [ 141.816924782084811, 39.120593473141604 ], [ 141.816724888207801, 39.120202257514023 ], [ 141.816683479284535, 39.119056642990252 ], [ 141.815612943855768, 39.119136441637011 ], [ 141.815459418135305, 39.118987581823347 ], [ 141.815523148171593, 39.118392882247939 ], [ 141.815135396864378, 39.117218983765639 ], [ 141.814609656852241, 39.117357401720596 ], [ 141.814025607632317, 39.116928522510264 ], [ 141.813467559628833, 39.117322246374414 ], [ 141.813034193555296, 39.116906098097004 ], [ 141.812468606126856, 39.117947473641756 ], [ 141.811406847099306, 39.119099275095202 ], [ 141.811217434529937, 39.119713197444639 ], [ 141.811713974809976, 39.120683728659778 ], [ 141.811962577331542, 39.121930238281315 ], [ 141.811712306239173, 39.122624477980168 ], [ 141.811328951665018, 39.12296830902924 ], [ 141.810278265028899, 39.123309567064936 ], [ 141.808255020400992, 39.124305904367809 ], [ 141.807643207171481, 39.125658414556341 ], [ 141.807035680535819, 39.125970979330283 ], [ 141.806487238710616, 39.125951231031955 ], [ 141.806637705713655, 39.126523312407208 ], [ 141.807578744732751, 39.126200856541054 ], [ 141.807875492544582, 39.126748938968767 ], [ 141.810612090253528, 39.130088372570668 ], [ 141.813344955936458, 39.135489769138154 ], [ 141.816243470781018, 39.133770208761078 ], [ 141.819332673494472, 39.133261795906172 ], [ 141.823272504478183, 39.131914029721791 ], [ 141.823053612226971, 39.130914238216775 ], [ 141.82309920856315, 39.13008891379733 ], [ 141.823742015051067, 39.127661775547161 ], [ 141.823586297348896, 39.127196584078732 ], [ 141.823014514602789, 39.126570246747889 ] ] ] } },
{ "type": "Feature", "properties": { "CITY_NAME": "大船渡市", "S_NAME": "三陸町越喜来字杉下", "JINKO": 301, "medical_area": "03_気仙医療圏", "町丁目名": "大船渡市三陸町越喜来字杉下" }, "geometry": { "type": "Polygon", "coordinates": [ [ [ 141.824315049035818, 39.131278833742556 ], [ 141.8267140730579, 39.130969387903242 ], [ 141.82987325661918, 39.131032086902515 ], [ 141.832440787998252, 39.130367938385504 ], [ 141.834493958237601, 39.129029105130094 ], [ 141.835250872425178, 39.128205411562341 ], [ 141.835854760958654, 39.127125110594534 ], [ 141.837374617810241, 39.125235782333071 ], [ 141.838332347558634, 39.124491415007206 ], [ 141.841437535945175, 39.122770688810427 ], [ 141.84671734585055, 39.120950192019187 ], [ 141.84645139011198, 39.11585881882889 ], [ 141.846674762077583, 39.113663368066142 ], [ 141.846483372558509, 39.112671828260495 ], [ 141.845996018370926, 39.111897645200806 ], [ 141.843968391254549, 39.109747783317637 ], [ 141.836907253239673, 39.10437957300465 ], [ 141.836439670974386, 39.104342495074292 ], [ 141.836104160916676, 39.104433910716502 ], [ 141.836119429911747, 39.104586634796732 ], [ 141.834715772694665, 39.10416940232124 ], [ 141.833464485948582, 39.104311877002282 ], [ 141.833296692169995, 39.104708471188658 ], [ 141.833006721321624, 39.104667887144096 ], [ 141.833220637821142, 39.104962895480632 ], [ 141.833052628515475, 39.10511536015008 ], [ 141.833205395712127, 39.105410330513834 ], [ 141.832930653139186, 39.105756115176263 ], [ 141.832610109098368, 39.105878287766231 ], [ 141.831389728979644, 39.105705196438514 ], [ 141.831084514450112, 39.105908516512301 ], [ 141.831206712803493, 39.106162934141203 ], [ 141.830840313277804, 39.106223985861746 ], [ 141.830733696515949, 39.106457839177494 ], [ 141.830596246131677, 39.106376464787992 ], [ 141.830672619213516, 39.106488412102287 ], [ 141.830306507166767, 39.106569798739841 ], [ 141.830001295123594, 39.106895286938943 ], [ 141.830092938612097, 39.10712913469343 ], [ 141.829909648904021, 39.107159695839847 ], [ 141.830169074989982, 39.107505484341402 ], [ 141.829909638883038, 39.10753606174562 ], [ 141.830138488244074, 39.107769864209409 ], [ 141.829848824370373, 39.107892117157881 ], [ 141.830016547938584, 39.108044594058228 ], [ 141.829818213986641, 39.108237849762958 ], [ 141.829955411367479, 39.108339566057857 ], [ 141.829864058143272, 39.108848103809322 ], [ 141.829238305371859, 39.109183576904535 ], [ 141.827773724871207, 39.109356528588854 ], [ 141.827773728591922, 39.109651541178756 ], [ 141.827178848328344, 39.110088926489915 ], [ 141.82540901235663, 39.110434688556616 ], [ 141.824798498625512, 39.111329563903858 ], [ 141.824035815909923, 39.111970545235224 ], [ 141.823501761109213, 39.112143276751809 ], [ 141.823211800335343, 39.112021315560554 ], [ 141.822143814893508, 39.112163524395065 ], [ 141.821670801633957, 39.112753405131187 ], [ 141.820877577428547, 39.112417889199072 ], [ 141.820038505303557, 39.112509507758247 ], [ 141.820831770945176, 39.112468664688848 ], [ 141.821274222725776, 39.112733118777378 ], [ 141.820999538167797, 39.113597676122062 ], [ 141.820785923549153, 39.113567182559244 ], [ 141.820709867012511, 39.113831520218788 ], [ 141.819672180581705, 39.114075630382985 ], [ 141.819489121968445, 39.113678997541491 ], [ 141.819596048623907, 39.113567112001434 ], [ 141.819443363489569, 39.113668756552592 ], [ 141.819611348984722, 39.114085927266139 ], [ 141.817261610064406, 39.114360522833969 ], [ 141.817139694030089, 39.113923044086228 ], [ 141.817231113048308, 39.114421373453226 ], [ 141.816941089829271, 39.114411362407935 ], [ 141.816575065682258, 39.114929873827037 ], [ 141.815964819245693, 39.11488927182549 ], [ 141.814479022138954, 39.114314917136127 ], [ 141.813034193555296, 39.116906098097004 ], [ 141.813467559628833, 39.117322246374414 ], [ 141.814025607632317, 39.116928522510264 ], [ 141.814609656852241, 39.117357401720596 ], [ 141.815135396864378, 39.117218983765639 ], [ 141.815523148171593, 39.118392882247939 ], [ 141.815459418135333, 39.118987581823355 ], [ 141.815612943855768, 39.119136441637011 ], [ 141.816683479284563, 39.119056642990252 ], [ 141.816724888207801, 39.120202257514023 ], [ 141.816924782084811, 39.120593473141604 ], [ 141.817968641072497, 39.121395009796885 ], [ 141.81886853540874, 39.1218148582387 ], [ 141.818864950541467, 39.121996025112018 ], [ 141.817801905984368, 39.122119406008942 ], [ 141.81792880966259, 39.122442473347576 ], [ 141.818373088940916, 39.12270565871038 ], [ 141.818482774720223, 39.123109906019359 ], [ 141.818918071207406, 39.123168195890095 ], [ 141.818736061209108, 39.123717909871324 ], [ 141.818438174163902, 39.123858661348152 ], [ 141.818545793970912, 39.124115157091111 ], [ 141.818163107739935, 39.1245324360941 ], [ 141.819417419929522, 39.124959228074715 ], [ 141.820889992279461, 39.125872971800142 ], [ 141.823014514602789, 39.126570246747889 ], [ 141.823586297348896, 39.127196584078732 ], [ 141.823742015051067, 39.127661775547161 ], [ 141.823657028678838, 39.128249284549455 ], [ 141.82309920856315, 39.13008891379733 ], [ 141.823053612226971, 39.130914238216775 ], [ 141.823272504478183, 39.131914029721791 ], [ 141.824315049035818, 39.131278833742556 ] ] ] } },
{ "type": "Feature", "properties": { "CITY_NAME": "大船渡市", "S_NAME": "三陸町越喜来字大平", "JINKO": 399, "medical_area": "03_気仙医療圏", "町丁目名": "大船渡市三陸町越喜来字大平" }, "geometry": { "type": "Polygon", "coordinates": [ [ [ 141.867081790154145, 39.122030518045911 ], [ 141.866299643661762, 39.121577964245482 ], [ 141.865941381412625, 39.120489755856894 ], [ 141.865284944043992, 39.119791879610972 ], [ 141.864894172085656, 39.119646630765047 ], [ 141.863551357616586, 39.1200618107803 ], [ 141.863600871943163, 39.119549464035465 ], [ 141.864762368782579, 39.118653470652021 ], [ 141.864772225546886, 39.118123108269486 ], [ 141.864454274521165, 39.117434625992352 ], [ 141.865041815899843, 39.116687049954955 ], [ 141.864150914723979, 39.115649925405549 ], [ 141.86337554782088, 39.115117560591635 ], [ 141.863348160400051, 39.114615677693351 ], [ 141.86387957513125, 39.114020821461672 ], [ 141.863876702021827, 39.11381211487744 ], [ 141.863479315905494, 39.113527016253485 ], [ 141.862485000830759, 39.113421221649389 ], [ 141.862167353988639, 39.112484378285622 ], [ 141.860111534209352, 39.111600917837322 ], [ 141.860869549776879, 39.111369044569386 ], [ 141.861663652493064, 39.111393857346592 ], [ 141.862146356659309, 39.110711538045827 ], [ 141.862497944035226, 39.110558045217246 ], [ 141.862332019771287, 39.11011592594182 ], [ 141.862799673453566, 39.109627498516481 ], [ 141.862820757466153, 39.1089749669448 ], [ 141.863151377592317, 39.108794315067314 ], [ 141.863142841969932, 39.108357634396512 ], [ 141.862536346497876, 39.107707174558158 ], [ 141.862781122112665, 39.107447555815817 ], [ 141.862567534165066, 39.106954909462097 ], [ 141.862636540776521, 39.106778406672767 ], [ 141.86202642967109, 39.106312836211089 ], [ 141.861765453747182, 39.10553339033433 ], [ 141.861300393859494, 39.105322151622801 ], [ 141.860771875870569, 39.103808922659965 ], [ 141.860536771761986, 39.103701096900586 ], [ 141.860436353630831, 39.103871332462298 ], [ 141.859813380298988, 39.104007619648996 ], [ 141.85924903403685, 39.10384488497148 ], [ 141.859249033275177, 39.103733199223072 ], [ 141.858638780329244, 39.103549890891799 ], [ 141.85882184818874, 39.103021033130609 ], [ 141.858348826104759, 39.104088977010377 ], [ 141.8580894550187, 39.10419062481683 ], [ 141.8580741930964, 39.104414481364685 ], [ 141.857540353979346, 39.104648308215964 ], [ 141.855541697039087, 39.10470932102136 ], [ 141.855419438611079, 39.104506023465312 ], [ 141.854488778833314, 39.104251532284152 ], [ 141.854046264540813, 39.104810940302642 ], [ 141.85369550498848, 39.104933082274734 ], [ 141.852200155011218, 39.104871969625357 ], [ 141.852032364144577, 39.104536411333221 ], [ 141.851895191907886, 39.10463810276692 ], [ 141.852017085731205, 39.104729440627594 ], [ 141.851834042929823, 39.104800849581864 ], [ 141.851269674732833, 39.104729417428857 ], [ 141.851284920590331, 39.104271709847701 ], [ 141.851040807686047, 39.104373629200921 ], [ 141.851132191752924, 39.104515833127842 ], [ 141.850705024751704, 39.104200550403377 ], [ 141.850430299704925, 39.10435305351448 ], [ 141.850323643918642, 39.104241383965309 ], [ 141.850430324311276, 39.104129474998807 ], [ 141.849667657825847, 39.103966657887959 ], [ 141.849484553191701, 39.103783659452958 ], [ 141.849682931931113, 39.103773417713974 ], [ 141.849591245517928, 39.103559784530745 ], [ 141.849225180350061, 39.103397029281311 ], [ 141.848904676903373, 39.103600315333956 ], [ 141.84931656769237, 39.103753101752233 ], [ 141.848782749186171, 39.103814188136774 ], [ 141.848843883546323, 39.103925833294213 ], [ 141.848462246283873, 39.104149635531222 ], [ 141.847775616965976, 39.104098814044313 ], [ 141.847821425816448, 39.104200458963859 ], [ 141.847607897676852, 39.104149604109026 ], [ 141.847592618335199, 39.104261562003956 ], [ 141.843869972745949, 39.103691808032067 ], [ 141.84290870096288, 39.103844185314472 ], [ 141.842634010322541, 39.103773091388035 ], [ 141.842588453861794, 39.10360008296076 ], [ 141.842466260874346, 39.103701986275922 ], [ 141.842023772834722, 39.103518686066273 ], [ 141.84029983684303, 39.103671368981374 ], [ 141.840086232491387, 39.10353914856438 ], [ 141.839643744721229, 39.103671328679972 ], [ 141.839124967689457, 39.103559401836158 ], [ 141.838361959978926, 39.104017078516875 ], [ 141.837721187736634, 39.104129002662425 ], [ 141.83770593249929, 39.104281494768074 ], [ 141.836907253239673, 39.10437957300465 ], [ 141.843968391254549, 39.109747783317637 ], [ 141.845996018370926, 39.111897645200806 ], [ 141.846483372558509, 39.112671828260495 ], [ 141.846674762077583, 39.113663368066142 ], [ 141.84645139011198, 39.11585881882889 ], [ 141.84671734585055, 39.120950192019187 ], [ 141.850559653326968, 39.121115523060695 ], [ 141.854110674589151, 39.121746415639535 ], [ 141.858529483007317, 39.121964850099275 ], [ 141.860903381006267, 39.123384913300789 ], [ 141.861788646826028, 39.123785012377432 ], [ 141.86273674967444, 39.12395259034821 ], [ 141.865778701722803, 39.123944152619778 ], [ 141.866267597083038, 39.123342200749619 ], [ 141.867464764671752, 39.122972473446154 ], [ 141.867513472085108, 39.122517840558004 ], [ 141.867081790154145, 39.122030518045911 ] ] ] } },
{ "type": "Feature", "properties": { "CITY_NAME": "大船渡市", "S_NAME": "三陸町越喜来字烏頭", "JINKO": 147, "medical_area": "03_気仙医療圏", "町丁目名": "大船渡市三陸町越喜来字烏頭" }, "geometry": { "type": "Polygon", "coordinates": [ [ [ 141.865778701722803, 39.123944152619778 ], [ 141.870351551092114, 39.123891145330809 ], [ 141.870096720376239, 39.123709661468205 ], [ 141.870188404065516, 39.123598006335968 ], [ 141.870676695221135, 39.123577479724716 ], [ 141.870630812813431, 39.123425033896382 ], [ 141.870051235913223, 39.123191121471073 ], [ 141.869898460589326, 39.122804501096212 ], [ 141.869990120102216, 39.122580668720488 ], [ 141.870584976916803, 39.122662084835447 ], [ 141.869959503030856, 39.121777118668867 ], [ 141.870264736766273, 39.121584113268526 ], [ 141.870783300338275, 39.121614410729919 ], [ 141.870813861322347, 39.121340027716109 ], [ 141.87050865928731, 39.120872003594791 ], [ 141.870798578972568, 39.120719527796489 ], [ 141.871256308363314, 39.120790618101324 ], [ 141.871469884824478, 39.121207801021804 ], [ 141.872553094846324, 39.12208248341841 ], [ 141.873575516821603, 39.122357189679683 ], [ 141.873224406059279, 39.121584228346748 ], [ 141.874795929972265, 39.122529976060221 ], [ 141.874795939010795, 39.121858669943087 ], [ 141.8733619585268, 39.121024576169738 ], [ 141.873575467617883, 39.120414422560877 ], [ 141.873972157217963, 39.120475487096066 ], [ 141.873911029864246, 39.12019052172495 ], [ 141.87330075460801, 39.119865274939691 ], [ 141.872812555368228, 39.119082058768115 ], [ 141.872064830060765, 39.117251154718602 ], [ 141.872751416157428, 39.116590126275142 ], [ 141.873575485827757, 39.116976455985117 ], [ 141.874048471002823, 39.116864562737092 ], [ 141.874185738561494, 39.116641021070535 ], [ 141.873636326560131, 39.116030492771102 ], [ 141.874048528048888, 39.115583097680677 ], [ 141.874521227433121, 39.115532219573375 ], [ 141.875955527693804, 39.116590232542251 ], [ 141.876703254400951, 39.116803816224831 ], [ 141.876916816241362, 39.116590285952732 ], [ 141.876703226086647, 39.116081695430999 ], [ 141.876916786096331, 39.116142558057703 ], [ 141.877450598208554, 39.116691913784443 ], [ 141.878076432821615, 39.116915519182371 ], [ 141.877938902945829, 39.11659028091659 ], [ 141.878137196139761, 39.116529176836927 ], [ 141.878335555516003, 39.11675309270484 ], [ 141.878961295880174, 39.116641144497898 ], [ 141.879296802834517, 39.116366486007124 ], [ 141.881676847495271, 39.116366570832724 ], [ 141.882424531994275, 39.116193546570656 ], [ 141.882912893217565, 39.116193513781745 ], [ 141.882775670534102, 39.116478503260844 ], [ 141.882973943073353, 39.116641256077372 ], [ 141.883324765163309, 39.116692074700872 ], [ 141.88332479111034, 39.116366587718829 ], [ 141.883858840738981, 39.116692119985444 ], [ 141.884346851272738, 39.116692154598049 ], [ 141.88460632359201, 39.116305493938818 ], [ 141.884407950825164, 39.116081941239067 ], [ 141.885369304579569, 39.115644541657282 ], [ 141.887001861370578, 39.116193648015248 ], [ 141.88747465456774, 39.116529497413509 ], [ 141.887688169675897, 39.116030927394291 ], [ 141.888435901504067, 39.116030984215612 ], [ 141.889183601944296, 39.116366799311649 ], [ 141.889046156805108, 39.117027813636568 ], [ 141.889732715144362, 39.117363616520038 ], [ 141.88945828873139, 39.117027808659088 ], [ 141.889656617011696, 39.116692290691297 ], [ 141.890404105421965, 39.117139784888217 ], [ 141.890953476756408, 39.117200882604664 ], [ 141.891029823889738, 39.116804257136067 ], [ 141.891426502683345, 39.116478759069075 ], [ 141.892448642349137, 39.117251764758286 ], [ 141.892998018620716, 39.117973888457065 ], [ 141.893409888185346, 39.118136649453987 ], [ 141.893684609812823, 39.117973905565648 ], [ 141.894355899058326, 39.118085883830496 ], [ 141.894493108175283, 39.118360576509872 ], [ 141.895179763400989, 39.118136719731609 ], [ 141.895515291508104, 39.117699305513035 ], [ 141.89592747268685, 39.117750087598303 ], [ 141.89592742583892, 39.118136730031715 ], [ 141.896415481553589, 39.118360646507384 ], [ 141.897086809832473, 39.118360642469504 ], [ 141.897086778654568, 39.119418312031492 ], [ 141.897498937185787, 39.119581056104231 ], [ 141.897834517096044, 39.11953020578521 ], [ 141.898719444129654, 39.119866038581023 ], [ 141.899741591317991, 39.119866047851026 ], [ 141.899879025806086, 39.119479487598632 ], [ 141.90056566421103, 39.120089680555942 ], [ 141.900702867172782, 39.119581163188258 ], [ 141.90022985215947, 39.118920100686516 ], [ 141.900504561665031, 39.118757340652607 ], [ 141.901725279923028, 39.119479527520554 ], [ 141.902472691237278, 39.119479496140833 ], [ 141.90180133062583, 39.118584364263583 ], [ 141.901175866388911, 39.118248780407015 ], [ 141.901313113007546, 39.118035200687181 ], [ 141.901252282684936, 39.11769943717583 ], [ 141.90192355947238, 39.117475892394943 ], [ 141.902747387891594, 39.117923307124414 ], [ 141.902945663330939, 39.117862230441013 ], [ 141.902747375481141, 39.117475862145589 ], [ 141.903434030604444, 39.117974144743613 ], [ 141.904242566657757, 39.117699501554021 ], [ 141.904105343505535, 39.117313137539455 ], [ 141.904181730781943, 39.116977380539552 ], [ 141.904929119506477, 39.117364044274403 ], [ 141.905005552665983, 39.116865439672296 ], [ 141.90540214292011, 39.116865449695617 ], [ 141.905814077718759, 39.11659106749498 ], [ 141.905814051124594, 39.116031446581275 ], [ 141.905539675534925, 39.115085669404465 ], [ 141.905203836566415, 39.115034852733359 ], [ 141.905341045773469, 39.114475235661331 ], [ 141.90602760399409, 39.114475250462576 ], [ 141.905615776797021, 39.113865019727619 ], [ 141.905890396375042, 39.112980131581836 ], [ 141.905539653719728, 39.112756259736074 ], [ 141.905478505113621, 39.112471592067102 ], [ 141.907446672120585, 39.112196953216149 ], [ 141.908209670991937, 39.111749512548137 ], [ 141.908606283626455, 39.110976588088462 ], [ 141.90860626281389, 39.111810669483454 ], [ 141.909430139122662, 39.111362937438955 ], [ 141.908880970320666, 39.111088552412816 ], [ 141.908957048443455, 39.110864692174083 ], [ 141.909491238575356, 39.110590008975088 ], [ 141.909430074950137, 39.110305274063357 ], [ 141.908819908575936, 39.110366084592229 ], [ 141.908682411931579, 39.109867833023671 ], [ 141.909018156281178, 39.109695130334686 ], [ 141.908819855328431, 39.109308492132378 ], [ 141.909628445927154, 39.108535555054686 ], [ 141.911199918138351, 39.109369598499576 ], [ 141.912023795704641, 39.109420450946672 ], [ 141.912771498039149, 39.109257712382927 ], [ 141.91243598945573, 39.108199781600021 ], [ 141.912908740544168, 39.107477645357271 ], [ 141.915777392336992, 39.107142210130938 ], [ 141.915838212654393, 39.106867534601705 ], [ 141.91679947335578, 39.106867532807208 ], [ 141.917745574401238, 39.107203071755016 ], [ 141.919103512761467, 39.107416673003101 ], [ 141.919378164163987, 39.107091443578071 ], [ 141.919240727469344, 39.106308257035352 ], [ 141.918355775562759, 39.105860476589307 ], [ 141.918355798114391, 39.10569776980126 ], [ 141.919042389519433, 39.1055349988386 ], [ 141.919240642955373, 39.10531139949935 ], [ 141.919790107673379, 39.105534993561768 ], [ 141.920263131518197, 39.105311432298642 ], [ 141.920949403441199, 39.105474205777952 ], [ 141.921559914415013, 39.1050876350997 ], [ 141.921285204448708, 39.104365482305582 ], [ 141.920751092223639, 39.104029927377518 ], [ 141.919728982643534, 39.104528218602411 ], [ 141.919790082080567, 39.10409076197994 ], [ 141.919179544984445, 39.104029951367878 ], [ 141.917684441665529, 39.104924761967709 ], [ 141.91760801816622, 39.104477326408556 ], [ 141.916524782102783, 39.104314565150986 ], [ 141.916387610330418, 39.104640057952494 ], [ 141.915639876401741, 39.104314558321327 ], [ 141.914754903369186, 39.104416165728225 ], [ 141.913992248344812, 39.105362117058398 ], [ 141.913107329410053, 39.105138228691757 ], [ 141.91277146490296, 39.104528023342965 ], [ 141.913046221237749, 39.10420252617407 ], [ 141.912084916990949, 39.103867017757068 ], [ 141.910513389179243, 39.102809046163081 ], [ 141.908682391059642, 39.102697107043355 ], [ 141.908331608019267, 39.102971779081827 ], [ 141.907446658406769, 39.102534254623535 ], [ 141.907660264129902, 39.102249590117438 ], [ 141.906775328418945, 39.101812130564653 ], [ 141.906561754842443, 39.101974904491847 ], [ 141.9060276426315, 39.101639349409993 ], [ 141.906225949504488, 39.101476575718586 ], [ 141.904242534993756, 39.101364626500867 ], [ 141.903769472384056, 39.101140747282479 ], [ 141.903571186192721, 39.100805262929136 ], [ 141.902686236804016, 39.100977993793435 ], [ 141.901923552969663, 39.100642406244162 ], [ 141.901450532062853, 39.099198150108229 ], [ 141.901587741544574, 39.098811590377146 ], [ 141.901923513526469, 39.098648830199991 ], [ 141.900977472416031, 39.098364110254352 ], [ 141.899741489850044, 39.098364100360321 ], [ 141.899207658078922, 39.097977418635232 ], [ 141.899543220771221, 39.097143362657341 ], [ 141.898048039563093, 39.09698060619192 ], [ 141.89743781607018, 39.097204413802487 ], [ 141.897498903225113, 39.09658399481345 ], [ 141.897300302517863, 39.096146599610321 ], [ 141.896674801884672, 39.095973768782471 ], [ 141.896614007611987, 39.096482289280111 ], [ 141.89606456806996, 39.09637033886559 ], [ 141.895454393376724, 39.096644943159902 ], [ 141.893958965403669, 39.096482202011138 ], [ 141.892173835151112, 39.095922766075603 ], [ 141.891701092731836, 39.095251460725898 ], [ 141.891640004991729, 39.094478242998647 ], [ 141.891701073494403, 39.09391890713998 ], [ 141.892448553686421, 39.093369805479384 ], [ 141.8913653180783, 39.092871251419631 ], [ 141.890755091451297, 39.092972921437841 ], [ 141.890205734811104, 39.092586475451469 ], [ 141.890541489566203, 39.091976301688547 ], [ 141.891151766904954, 39.091528666414142 ], [ 141.890755151613149, 39.09142691330959 ], [ 141.890815909909719, 39.090979478207537 ], [ 141.89122809704935, 39.09064370478589 ], [ 141.889793815805149, 39.090755593073048 ], [ 141.890480439424948, 39.090196215091012 ], [ 141.890343271698981, 39.089870706912116 ], [ 141.889870247702305, 39.089646838313186 ], [ 141.889992203879416, 39.089148600144902 ], [ 141.888908949161646, 39.089199375047833 ], [ 141.886254210395975, 39.090368880700986 ], [ 141.885643930494581, 39.090084160574108 ], [ 141.885704818332556, 39.089697532351082 ], [ 141.88346193311915, 39.08998242967823 ], [ 141.882027933071129, 39.08870092290735 ], [ 141.882775648642507, 39.087978479776801 ], [ 141.882638247907323, 39.08709362121801 ], [ 141.882974046697711, 39.086697060840358 ], [ 141.882657545406232, 39.086265341701413 ], [ 141.882302754017985, 39.084866087098881 ], [ 141.881402559411271, 39.084255860029323 ], [ 141.880731229057773, 39.084093060224639 ], [ 141.879632722699171, 39.084754388540787 ], [ 141.878610378954335, 39.085028731739541 ], [ 141.878686736131243, 39.085649252383945 ], [ 141.878411986417717, 39.086584895095712 ], [ 141.878823877216888, 39.087093465915046 ], [ 141.878549218082924, 39.088029457707819 ], [ 141.878198425754704, 39.088141119709718 ], [ 141.878411954931408, 39.088975125282239 ], [ 141.878686626912327, 39.089260147240829 ], [ 141.878274754655308, 39.089534643429786 ], [ 141.878335560699384, 39.089921162600525 ], [ 141.878884939352304, 39.090480578275752 ], [ 141.878137279757652, 39.090978992556394 ], [ 141.878274750815535, 39.091701219364275 ], [ 141.878549132925173, 39.091813189976925 ], [ 141.878000070943074, 39.09214866337269 ], [ 141.877938896564928, 39.092921649828284 ], [ 141.877389827882325, 39.093196316919666 ], [ 141.875894442100105, 39.092250343616165 ], [ 141.87520782755746, 39.092586049377317 ], [ 141.875406450947509, 39.093084289304592 ], [ 141.874872331378754, 39.093308140107467 ], [ 141.874597568315693, 39.093084266997955 ], [ 141.874109360477718, 39.093084262010137 ], [ 141.873636360115967, 39.094091401677147 ], [ 141.873834909593626, 39.094254097753485 ], [ 141.872278721985452, 39.095199736107588 ], [ 141.872064802841919, 39.095698273590955 ], [ 141.871729279873023, 39.095973048738621 ], [ 141.870951078424554, 39.095820154266697 ], [ 141.87055445521878, 39.095932127794008 ], [ 141.870585044159213, 39.096298507177949 ], [ 141.869867894602351, 39.096705101806151 ], [ 141.868982985568834, 39.096745826002959 ], [ 141.868678004715917, 39.096511934137027 ], [ 141.868708538365098, 39.096918569593178 ], [ 141.868189678412847, 39.097040769531581 ], [ 141.868159149524331, 39.097305157289824 ], [ 141.867518451404948, 39.097457640975726 ], [ 141.866892883334003, 39.097071268478686 ], [ 141.866252147988945, 39.097060969564531 ], [ 141.86547390195085, 39.096664327954144 ], [ 141.864756802880066, 39.09678622650511 ], [ 141.864146611751892, 39.096715122576583 ], [ 141.863902474112137, 39.096521707320349 ], [ 141.863749963368605, 39.0965420564007 ], [ 141.863810821380326, 39.096776219786044 ], [ 141.863688808896256, 39.096776241951559 ], [ 141.86286504539612, 39.096470908730183 ], [ 141.862620913479702, 39.096562580325418 ], [ 141.862483480952648, 39.096328458155305 ], [ 141.861949587545638, 39.096348931056035 ], [ 141.861339403095343, 39.09613537217016 ], [ 141.860790057450913, 39.096186166309437 ], [ 141.860698353697046, 39.096338703809742 ], [ 141.861034174139576, 39.096664116629469 ], [ 141.861949565947782, 39.096694755295324 ], [ 141.862209006157372, 39.096562554024928 ], [ 141.862498682352538, 39.096999633765179 ], [ 141.862468174390358, 39.097223483883205 ], [ 141.861995416987185, 39.097640757371494 ], [ 141.862023407487271, 39.097949522698059 ], [ 141.861019590224373, 39.097955125625717 ], [ 141.861883702131252, 39.097994350111399 ], [ 141.862309765413158, 39.098911212322932 ], [ 141.862095528643863, 39.099520244384756 ], [ 141.861643614664615, 39.099447662361676 ], [ 141.860942514110235, 39.102100136650186 ], [ 141.859887618781528, 39.101938460435541 ], [ 141.859762109613087, 39.102345908918281 ], [ 141.859157402799752, 39.102512505266496 ], [ 141.86022308661714, 39.102290033642269 ], [ 141.861232277693347, 39.102396835212211 ], [ 141.861261612082984, 39.102904702673598 ], [ 141.860651319867259, 39.103753946319564 ], [ 141.86085743980189, 39.10394560449754 ], [ 141.861300393859494, 39.105322151622801 ], [ 141.861765453747182, 39.10553339033433 ], [ 141.86202642967109, 39.106312836211089 ], [ 141.862636540776521, 39.106778406672767 ], [ 141.862567534165066, 39.106954909462097 ], [ 141.862781122112665, 39.107447555815817 ], [ 141.862536346497819, 39.107707174558151 ], [ 141.863171937851178, 39.108464628540325 ], [ 141.863151377592317, 39.108794315067314 ], [ 141.862797113909977, 39.109018413986057 ], [ 141.862799673453566, 39.109627498516481 ], [ 141.862332019771287, 39.11011592594182 ], [ 141.86246986380246, 39.110596366947043 ], [ 141.862146356659309, 39.110711538045827 ], [ 141.861578116597286, 39.111443943490094 ], [ 141.860869549776879, 39.111369044569386 ], [ 141.860111534209352, 39.111600917837322 ], [ 141.862167353988639, 39.112484378285622 ], [ 141.862485000830759, 39.113421221649389 ], [ 141.863479315905494, 39.113527016253485 ], [ 141.863876702021827, 39.11381211487744 ], [ 141.86387957513125, 39.114020821461672 ], [ 141.863348160400079, 39.114615677693351 ], [ 141.86337554782088, 39.115117560591635 ], [ 141.864150914723979, 39.115649925405549 ], [ 141.865041815899843, 39.116687049954955 ], [ 141.864454274521165, 39.117434625992352 ], [ 141.864772225546886, 39.118123108269486 ], [ 141.864762368782579, 39.118653470652021 ], [ 141.863600871943163, 39.119549464035465 ], [ 141.863551357616586, 39.1200618107803 ], [ 141.864894172085656, 39.119646630765047 ], [ 141.865284944043992, 39.119791879610972 ], [ 141.865941381412682, 39.120489755856894 ], [ 141.866299643661762, 39.121577964245482 ], [ 141.867377585925311, 39.12225260519201 ], [ 141.867559009907779, 39.122733559925884 ], [ 141.867464764671752, 39.122972473446154 ], [ 141.866267597083038, 39.123342200749619 ], [ 141.865778701722803, 39.123944152619778 ] ] ] } },
{ "type": "Feature", "properties": { "CITY_NAME": "大船渡市", "S_NAME": "三陸町綾里字岩崎", "JINKO": 0, "medical_area": "03_気仙医療圏", "町丁目名": "大船渡市三陸町綾里字岩崎" }, "geometry": { "type": "Polygon", "coordinates": [ [ [ 141.789369535512918, 39.050524500994918 ], [ 141.792144504352137, 39.047033135721151 ], [ 141.792763574517011, 39.044775359323886 ], [ 141.791810798909722, 39.043806291094135 ], [ 141.789053547395866, 39.045421755312049 ], [ 141.784436810001154, 39.044804988993668 ], [ 141.783970956795997, 39.044576471892782 ], [ 141.783437599457585, 39.043749948061297 ], [ 141.782991693040913, 39.041410442526271 ], [ 141.781733935445828, 39.037691888668284 ], [ 141.779991998352131, 39.038575223761988 ], [ 141.777996588182617, 39.039921839804919 ], [ 141.776692222078225, 39.040189853137292 ], [ 141.776824483293154, 39.040471556520046 ], [ 141.776749945834808, 39.040958467015798 ], [ 141.776266723016448, 39.041704154782629 ], [ 141.776625718638599, 39.042212326100383 ], [ 141.776617685327096, 39.042929463728797 ], [ 141.777393522128051, 39.044038655448908 ], [ 141.776374408022008, 39.045027680497356 ], [ 141.777215495882615, 39.046540293767649 ], [ 141.776945850968872, 39.046676615583067 ], [ 141.779764434473066, 39.047131541736306 ], [ 141.781912481510659, 39.047746410216291 ], [ 141.785382206059722, 39.049160848926505 ], [ 141.789369535512918, 39.050524500994918 ] ] ] } },
{ "type": "Feature", "properties": { "CITY_NAME": "大船渡市", "S_NAME": "三陸町綾里字小路", "JINKO": 63, "medical_area": "03_気仙医療圏", "町丁目名": "大船渡市三陸町綾里字小路" }, "geometry": { "type": "Polygon", "coordinates": [ [ [ 141.7817339354458, 39.037691888668284 ], [ 141.783835888068637, 39.036164872129987 ], [ 141.784898894480051, 39.035577858229423 ], [ 141.786024470979839, 39.035316235810136 ], [ 141.78895811050586, 39.035005961385622 ], [ 141.78947389043725, 39.034412121477686 ], [ 141.789677008756257, 39.033152053394467 ], [ 141.789310621577215, 39.033568870160856 ], [ 141.789432808453142, 39.034250380878547 ], [ 141.788120765262931, 39.034392868183417 ], [ 141.787434139657165, 39.034189183988971 ], [ 141.787266146667918, 39.033568782206366 ], [ 141.786732310314676, 39.032704065711819 ], [ 141.786549277934569, 39.032694160695364 ], [ 141.786442377746397, 39.033090760760778 ], [ 141.786274612325997, 39.032673883782628 ], [ 141.786167618426077, 39.033070484270866 ], [ 141.785847384529632, 39.033050085732491 ], [ 141.785740435183783, 39.032887403400231 ], [ 141.785526855403845, 39.033161855605421 ], [ 141.784382548897014, 39.032612681319051 ], [ 141.784337036489774, 39.03236856435808 ], [ 141.784245331076562, 39.032480507485403 ], [ 141.784062359241432, 39.032287196901123 ], [ 141.784016464419778, 39.031860034196967 ], [ 141.78383349098894, 39.031961670832473 ], [ 141.7839095676201, 39.031453073901048 ], [ 141.783589286760844, 39.031046167406998 ], [ 141.783818206709924, 39.031087018418127 ], [ 141.783421548317136, 39.030669826089905 ], [ 141.783787633903756, 39.030893662560047 ], [ 141.783619869207428, 39.030690095163692 ], [ 141.783650429203107, 39.030151255169514 ], [ 141.783452120528864, 39.030568234822027 ], [ 141.783452122882466, 39.030232680313915 ], [ 141.783024624102381, 39.030273253396459 ], [ 141.782750244780942, 39.029937682726889 ], [ 141.783162124483653, 39.029856348325069 ], [ 141.783314604668618, 39.029479999155129 ], [ 141.783284089534078, 39.029357793569531 ], [ 141.782963793658269, 39.029439225825868 ], [ 141.782856894195731, 39.029225589642927 ], [ 141.782963845493924, 39.028778179224361 ], [ 141.783558794627737, 39.028798453908045 ], [ 141.78378759728605, 39.02869679490523 ], [ 141.783879271103132, 39.028422071503563 ], [ 141.78346709472055, 39.02823907596877 ], [ 141.783604617338398, 39.028045757381243 ], [ 141.782963828688395, 39.028004884363554 ], [ 141.782200901012885, 39.0272728388776 ], [ 141.781880655910129, 39.027303314571974 ], [ 141.78152953019665, 39.028045697682835 ], [ 141.781193990666253, 39.028106768707666 ], [ 141.781025992568658, 39.027649065751561 ], [ 141.780720996889045, 39.027282696015135 ], [ 141.780522685177772, 39.027282689696918 ], [ 141.779744475467567, 39.027496272436892 ], [ 141.779836161594972, 39.027720173179432 ], [ 141.780232764220102, 39.027954053367083 ], [ 141.779469789301658, 39.028086225117619 ], [ 141.779439508207503, 39.02791348429114 ], [ 141.779118957828501, 39.028157548701081 ], [ 141.779088407179927, 39.028025347124121 ], [ 141.778859571755532, 39.028340592494573 ], [ 141.778142433552773, 39.028655854707566 ], [ 141.777791620732955, 39.028411675847956 ], [ 141.777669467687815, 39.028574461443768 ], [ 141.777226955075264, 39.028584732220388 ], [ 141.777211691280741, 39.028218685743568 ], [ 141.777105047134768, 39.028259171020196 ], [ 141.77698308413909, 39.02878805590759 ], [ 141.776357343216006, 39.029428835657683 ], [ 141.775655477834505, 39.029734037911318 ], [ 141.775670766200022, 39.029540659226605 ], [ 141.775533530210254, 39.029520444783856 ], [ 141.775518288627097, 39.02974422648645 ], [ 141.775228340993579, 39.029652616323247 ], [ 141.775121700192784, 39.029998396358287 ], [ 141.774801163212572, 39.029906963117405 ], [ 141.775167508075498, 39.030903918240661 ], [ 141.774999502525276, 39.031107116887462 ], [ 141.774450325020723, 39.031219020189887 ], [ 141.773885672532202, 39.031686732031169 ], [ 141.77303132913687, 39.031880055680681 ], [ 141.772360010188038, 39.032327508425318 ], [ 141.772375336102044, 39.032998781532015 ], [ 141.77142928344162, 39.033537893214096 ], [ 141.771017425763773, 39.033405661216349 ], [ 141.770956603559569, 39.03360925814733 ], [ 141.771215695160095, 39.03392450424333 ], [ 141.770350609073944, 39.034467030392157 ], [ 141.77097899006327, 39.034820478716391 ], [ 141.770941775723884, 39.035205459081119 ], [ 141.771356132037852, 39.036163757941182 ], [ 141.771258030988122, 39.037530002228877 ], [ 141.771662204964798, 39.038257612453556 ], [ 141.775291109439138, 39.039082761112965 ], [ 141.776692222078225, 39.040189853137292 ], [ 141.77799658818256, 39.039921839804919 ], [ 141.779991998352131, 39.038575223761988 ], [ 141.7817339354458, 39.037691888668284 ] ] ] } },
{ "type": "Feature", "properties": { "CITY_NAME": "大船渡市", "S_NAME": "三陸町綾里字石浜", "JINKO": 140, "medical_area": "03_気仙医療圏", "町丁目名": "大船渡市三陸町綾里字石浜" }, "geometry": { "type": "Polygon", "coordinates": [ [ [ 141.793042381027448, 39.043321472459716 ], [ 141.794299157513223, 39.043264606763877 ], [ 141.794866992315917, 39.043053864239958 ], [ 141.794857128741427, 39.04231470740158 ], [ 141.795340647226965, 39.041830399466654 ], [ 141.794559129891553, 39.041236911274488 ], [ 141.794738559537564, 39.041469628984736 ], [ 141.794290771611401, 39.041753473720298 ], [ 141.793131116279966, 39.041162169516809 ], [ 141.793595406707823, 39.040647581212468 ], [ 141.794360838170633, 39.040943421978774 ], [ 141.794391368502488, 39.040892357817341 ], [ 141.793402878437547, 39.038632218173127 ], [ 141.793879931520422, 39.038463441495999 ], [ 141.792465009111424, 39.0388047814901 ], [ 141.791690842787517, 39.038369737048413 ], [ 141.79149230652547, 39.037902023119599 ], [ 141.791706114774826, 39.03789175186035 ], [ 141.791706164449494, 39.037708700128569 ], [ 141.791309225869384, 39.037576483767737 ], [ 141.79135508074441, 39.037444291056403 ], [ 141.791202621334264, 39.037434000078505 ], [ 141.790973741440155, 39.037057742694337 ], [ 141.791263759353996, 39.036864358626637 ], [ 141.791049894974293, 39.036844015345487 ], [ 141.791110928103279, 39.03659993930124 ], [ 141.791278714679549, 39.036569426718458 ], [ 141.791049853596547, 39.036254114717742 ], [ 141.791217858432361, 39.03584722583826 ], [ 141.790714311390673, 39.035877749786223 ], [ 141.790516026043008, 39.035674439456706 ], [ 141.790866813586007, 39.034931762880454 ], [ 141.790729677602968, 39.03460648010433 ], [ 141.790302442210759, 39.034708230689589 ], [ 141.790424411896765, 39.034392927940111 ], [ 141.79030245363856, 39.034169074882207 ], [ 141.790470214166561, 39.034057137868743 ], [ 141.790256651850598, 39.03373163761384 ], [ 141.790073639375265, 39.033823291293878 ], [ 141.789981899900567, 39.033345270925835 ], [ 141.789677008756257, 39.033152053394467 ], [ 141.78947389043725, 39.034412121477693 ], [ 141.78895811050586, 39.035005961385622 ], [ 141.786024470979839, 39.035316235810136 ], [ 141.784898894480051, 39.035577858229423 ], [ 141.783835888068637, 39.036164872129966 ], [ 141.7817339354458, 39.037691888668284 ], [ 141.782991693040884, 39.041410442526278 ], [ 141.783437599457585, 39.043749948061297 ], [ 141.783970956795997, 39.044576471892768 ], [ 141.784436810001154, 39.044804988993668 ], [ 141.789053547395838, 39.045421755312049 ], [ 141.791810798909722, 39.043806291094135 ], [ 141.79167344095049, 39.043652590374144 ], [ 141.793042381027448, 39.043321472459716 ] ] ] } },
{ "type": "Feature", "properties": { "CITY_NAME": "大船渡市", "S_NAME": "三陸町綾里字田浜上", "JINKO": 172, "medical_area": "03_気仙医療圏", "町丁目名": "大船渡市三陸町綾里字田浜上" }, "geometry": { "type": "Polygon", "coordinates": [ [ [ 141.802233023423696, 39.043082401731766 ], [ 141.803765074886996, 39.042342529416636 ], [ 141.804272711254185, 39.042323522962533 ], [ 141.80980974076391, 39.043419987711168 ], [ 141.811869625589992, 39.041778178429354 ], [ 141.814144861166881, 39.041212754781675 ], [ 141.81492730813909, 39.041293587655638 ], [ 141.815194525883214, 39.03982461909996 ], [ 141.816020751000934, 39.039731807075299 ], [ 141.816538478859712, 39.039154791967633 ], [ 141.817192783111153, 39.038795493792541 ], [ 141.817352195537012, 39.038266746081916 ], [ 141.818125393282173, 39.037114276212137 ], [ 141.819473881544837, 39.036017607673273 ], [ 141.821269312535833, 39.035810222793742 ], [ 141.824552317068083, 39.033933329907818 ], [ 141.82794035289254, 39.034050335856044 ], [ 141.828666544783232, 39.033799589111133 ], [ 141.829240999150471, 39.033269680425057 ], [ 141.831685675393601, 39.033243381412476 ], [ 141.832564373743566, 39.03287363410395 ], [ 141.833398605361651, 39.032728974323859 ], [ 141.833875140339842, 39.032404958671869 ], [ 141.834637977628915, 39.031520398401149 ], [ 141.835559136815533, 39.030908873874807 ], [ 141.83662055918262, 39.030486365897254 ], [ 141.838293018933143, 39.030287525077476 ], [ 141.842400805891316, 39.031029479659395 ], [ 141.844728672467653, 39.030539290712468 ], [ 141.846626341335423, 39.030335634516227 ], [ 141.848610898290588, 39.029744115711878 ], [ 141.853011385024132, 39.029099531649706 ], [ 141.852063871417812, 39.028363357855774 ], [ 141.851972508325588, 39.02851623975257 ], [ 141.85236913116168, 39.028841367178195 ], [ 141.852246922864367, 39.028963623637821 ], [ 141.851682550321783, 39.02866860228572 ], [ 141.851285920751593, 39.028882136535401 ], [ 141.850995917546726, 39.028699151656177 ], [ 141.851316189616796, 39.028465030500563 ], [ 141.850888987580618, 39.028353337212792 ], [ 141.849516100373108, 39.028597399885633 ], [ 141.849241445035176, 39.028251353454195 ], [ 141.849790479375514, 39.028007222861334 ], [ 141.849759944939223, 39.027885244102535 ], [ 141.849226163157283, 39.027620840155883 ], [ 141.849973520152446, 39.027559721831786 ], [ 141.849943311466518, 39.027447874775518 ], [ 141.848432606003456, 39.026644298570943 ], [ 141.848020684774383, 39.026766465032843 ], [ 141.847745976665152, 39.026440966951512 ], [ 141.846952797387075, 39.02615593493659 ], [ 141.844191116639138, 39.026216968184052 ], [ 141.843626662064423, 39.026064420934169 ], [ 141.843260631457099, 39.026166044704702 ], [ 141.843443685477666, 39.026430484769712 ], [ 141.84292481098683, 39.026664611776162 ], [ 141.841795733848244, 39.026562682162215 ], [ 141.841612727486591, 39.025820241126915 ], [ 141.841719426022394, 39.025596366448113 ], [ 141.841139760228373, 39.025230275717583 ], [ 141.840498972350616, 39.025393097685836 ], [ 141.840163118857731, 39.02525059586717 ], [ 141.840620910218121, 39.025637096545339 ], [ 141.840346434291178, 39.025616873981967 ], [ 141.840514186539821, 39.025840491359446 ], [ 141.839736005698484, 39.025687939694272 ], [ 141.839980067293027, 39.025942076842007 ], [ 141.839446252200503, 39.025881228034457 ], [ 141.839461541260135, 39.026074280063092 ], [ 141.839141030184464, 39.026033689714453 ], [ 141.838774947201671, 39.026227070888496 ], [ 141.838164431304193, 39.025962572911212 ], [ 141.838103613855537, 39.025606498107955 ], [ 141.838591658990964, 39.025291303229636 ], [ 141.835891319469141, 39.024650448120916 ], [ 141.836059075099996, 39.024843528968042 ], [ 141.835220005871975, 39.025148705988805 ], [ 141.83395348805081, 39.024965609325243 ], [ 141.832610782150425, 39.025168889272912 ], [ 141.832321147192005, 39.02487388746907 ], [ 141.832107540576516, 39.025087408448769 ], [ 141.83131397405154, 39.024904461501428 ], [ 141.831237580689077, 39.02527043964961 ], [ 141.830749632242458, 39.025128227391669 ], [ 141.830063047298864, 39.025199331529805 ], [ 141.830215492179093, 39.025555401919846 ], [ 141.829605287229072, 39.025240047504631 ], [ 141.82963579814998, 39.025433251809702 ], [ 141.828933912244196, 39.025321501303083 ], [ 141.829666116659155, 39.025606189827336 ], [ 141.828445690811947, 39.025351775344767 ], [ 141.828079597654408, 39.025687495617618 ], [ 141.828308464259379, 39.026236664039473 ], [ 141.82786595033636, 39.025809449855934 ], [ 141.827377725331587, 39.025718037199468 ], [ 141.826935230974698, 39.02597213546867 ], [ 141.82701131679454, 39.026185784004433 ], [ 141.826477506379035, 39.026246840750211 ], [ 141.826721661986141, 39.02644012837267 ], [ 141.826492746276074, 39.026541800327507 ], [ 141.826126451123969, 39.026440126033499 ], [ 141.826324754102956, 39.026612902667594 ], [ 141.826156953120517, 39.026755364510009 ], [ 141.825852045572958, 39.026643455699805 ], [ 141.825012682524942, 39.027080803427964 ], [ 141.824036378662498, 39.026541704924071 ], [ 141.823914162797706, 39.026338438744517 ], [ 141.824051586666855, 39.026165411928474 ], [ 141.823441081535265, 39.026226472081582 ], [ 141.823075066640484, 39.026002611557161 ], [ 141.823151393030173, 39.025544867614016 ], [ 141.823013959476839, 39.025504370007532 ], [ 141.822953113361848, 39.025850013288938 ], [ 141.822678374915824, 39.025707647881596 ], [ 141.82222068061256, 39.02592117825165 ], [ 141.821778245328744, 39.025890511713953 ], [ 141.821457701803212, 39.025717847035089 ], [ 141.821320501013133, 39.025422863182513 ], [ 141.821686547509103, 39.02503628132127 ], [ 141.821152746119708, 39.02497513921336 ], [ 141.821381614621856, 39.024863414203246 ], [ 141.820954131015782, 39.024578416263324 ], [ 141.82154936215511, 39.024497160723762 ], [ 141.821625432577861, 39.024110851735969 ], [ 141.821228866710413, 39.024049672693387 ], [ 141.820939101036487, 39.024426036869293 ], [ 141.820969445557068, 39.024131042532751 ], [ 141.820557501275289, 39.023866602851719 ], [ 141.820466140273624, 39.024192164619983 ], [ 141.819870883601226, 39.024303817641098 ], [ 141.819275999727182, 39.0237952343982 ], [ 141.819489529341524, 39.02368357228162 ], [ 141.819382933657693, 39.023337514361934 ], [ 141.818406354059363, 39.023134137357808 ], [ 141.818269087353826, 39.022340881406549 ], [ 141.818009715379361, 39.022503387679208 ], [ 141.817933326613883, 39.02320526793752 ], [ 141.817796128519632, 39.023174684622312 ], [ 141.817719684004118, 39.022615270556059 ], [ 141.817307821464823, 39.022595026138411 ], [ 141.816972013712359, 39.022951007735138 ], [ 141.817124741912096, 39.023001940274078 ], [ 141.816865397201184, 39.023367904023424 ], [ 141.817170285586599, 39.024420987993999 ], [ 141.817078990860864, 39.024700590149024 ], [ 141.816590652321992, 39.024949686917445 ], [ 141.816094902056335, 39.024873280569395 ], [ 141.816239877047252, 39.024125924456591 ], [ 141.815522723099036, 39.02430888835336 ], [ 141.815728537941624, 39.023881727831991 ], [ 141.81513360554024, 39.024049515368823 ], [ 141.81502687919749, 39.024374921591182 ], [ 141.814828290864881, 39.024400238308978 ], [ 141.814782737571733, 39.024095326231979 ], [ 141.814317262056448, 39.023937512449407 ], [ 141.814248637957888, 39.02411558036713 ], [ 141.814019826152247, 39.024095263373084 ], [ 141.813783417096403, 39.023845933870717 ], [ 141.81385956688834, 39.02368335629091 ], [ 141.813585089818474, 39.023642520606245 ], [ 141.813295113512908, 39.023876425847028 ], [ 141.813401805499012, 39.024049430965881 ], [ 141.813310382022479, 39.024405532367986 ], [ 141.812776342271746, 39.024293540991046 ], [ 141.812471328053874, 39.024425664027063 ], [ 141.812532198831434, 39.024710390687424 ], [ 141.812318582085339, 39.024679809091744 ], [ 141.812425487068651, 39.024913971493291 ], [ 141.812013612944526, 39.02498505836428 ], [ 141.811677805656359, 39.025330890581365 ], [ 141.811265863370437, 39.025442863832247 ], [ 141.810991178865407, 39.025615828916102 ], [ 141.81103702255902, 39.025727485002434 ], [ 141.809831560578601, 39.026388702982466 ], [ 141.808824725544298, 39.026393603133108 ], [ 141.808977196036864, 39.025778148934201 ], [ 141.808794188139956, 39.025880177476274 ], [ 141.808733071357352, 39.026368330275758 ], [ 141.808229817451775, 39.026205670977447 ], [ 141.808275309289314, 39.02597149866736 ], [ 141.80795506209401, 39.026073053729952 ], [ 141.807741510251731, 39.025890097388363 ], [ 141.807558443481838, 39.026073127387903 ], [ 141.806322519251637, 39.026470019312995 ], [ 141.806200568607665, 39.026347805889493 ], [ 141.805895331448085, 39.026419178122552 ], [ 141.805864723565179, 39.026876883530697 ], [ 141.805315645538855, 39.027049588463306 ], [ 141.80487317345748, 39.026917375405212 ], [ 141.804689884051214, 39.026612127846555 ], [ 141.804781506945972, 39.026398545215265 ], [ 141.804629039486031, 39.026530785269891 ], [ 141.804110185492192, 39.026256409489527 ], [ 141.804201881893363, 39.025686649259185 ], [ 141.803331920054404, 39.025940835518171 ], [ 141.803591412145494, 39.026073028149227 ], [ 141.803362534736465, 39.026225748655271 ], [ 141.80267590107718, 39.026256296866805 ], [ 141.802325093762306, 39.026103607105746 ], [ 141.802126853381168, 39.025818817935168 ], [ 141.802340429148529, 39.025523854194788 ], [ 141.802142081243375, 39.024730592246513 ], [ 141.801745459244074, 39.024598126598171 ], [ 141.801714913852095, 39.024344037236801 ], [ 141.8013638260459, 39.024242370035168 ], [ 141.801028289033354, 39.024354236608239 ], [ 141.801134987030309, 39.024028632465971 ], [ 141.800692502982287, 39.023794637419513 ], [ 141.800051780308422, 39.023987852732311 ], [ 141.800005886402431, 39.024689681515554 ], [ 141.79971624406005, 39.024343925091976 ], [ 141.799151516314879, 39.024903241092396 ], [ 141.799060217444548, 39.024791252985224 ], [ 141.799304089584467, 39.024414968821837 ], [ 141.798617704138593, 39.024455765772849 ], [ 141.798861621903797, 39.024730471562506 ], [ 141.798663292668067, 39.024801573759532 ], [ 141.798968502718736, 39.025289858667939 ], [ 141.798907435187914, 39.025462646889345 ], [ 141.798632998523431, 39.025391514306705 ], [ 141.798388883435962, 39.025605085901375 ], [ 141.798373594660319, 39.025879753147329 ], [ 141.798068334710877, 39.025910287427671 ], [ 141.797793680079792, 39.025584881871886 ], [ 141.797488691024881, 39.025615411287866 ], [ 141.797671695673358, 39.025035330164847 ], [ 141.797503995775088, 39.024964297082306 ], [ 141.796786771315453, 39.025523594729208 ], [ 141.796756246676637, 39.025859193924049 ], [ 141.796923973473753, 39.026144172934799 ], [ 141.796359656078863, 39.026093303986414 ], [ 141.796313812844375, 39.026205230150097 ], [ 141.796100251474343, 39.026052515100666 ], [ 141.79639017820827, 39.02647963255454 ], [ 141.79622210850556, 39.02711040227323 ], [ 141.795840828840142, 39.027150920459277 ], [ 141.79585607126478, 39.027568130608643 ], [ 141.795505300736579, 39.027649495074101 ], [ 141.795642424308483, 39.028198642386585 ], [ 141.795398305219834, 39.028300520989951 ], [ 141.795566086386373, 39.02863603165742 ], [ 141.795367775602671, 39.028656317598994 ], [ 141.795261103480129, 39.028880151886128 ], [ 141.79541360769835, 39.029114023601629 ], [ 141.795367760309034, 39.029531244879763 ], [ 141.794894761625386, 39.029754862828959 ], [ 141.794406509557547, 39.029480334384381 ], [ 141.794437061328239, 39.029683683737197 ], [ 141.794086252519719, 39.030161617696947 ], [ 141.794345640253312, 39.030253293383723 ], [ 141.794299849439938, 39.030588735274414 ], [ 141.794132059742424, 39.030711025554908 ], [ 141.793948755985525, 39.030527935999828 ], [ 141.79391849300967, 39.030731293560024 ], [ 141.794299787126988, 39.031168782525697 ], [ 141.794040413392793, 39.031310898572464 ], [ 141.794284520659005, 39.031433174222073 ], [ 141.793979275383862, 39.031433154112534 ], [ 141.79404039474781, 39.031728093090507 ], [ 141.794742259629345, 39.032409471675805 ], [ 141.795108297285765, 39.033091081902242 ], [ 141.795596606570996, 39.033314936420496 ], [ 141.795535465094559, 39.034047079864159 ], [ 141.795245783904164, 39.034230267019723 ], [ 141.794986337598374, 39.033996219422519 ], [ 141.794864192585692, 39.034250653717841 ], [ 141.795016958747794, 39.034098155426669 ], [ 141.795154144354058, 39.034372549250584 ], [ 141.794940554509935, 39.034809942484486 ], [ 141.795672932972991, 39.035867864290459 ], [ 141.795459365619109, 39.036081529366314 ], [ 141.795733783396713, 39.035969619660797 ], [ 141.796084848132352, 39.036590123550432 ], [ 141.795932316564461, 39.037078389707368 ], [ 141.79623731316363, 39.037078336387708 ], [ 141.796450863574563, 39.037546128388961 ], [ 141.796862815535349, 39.037871666792512 ], [ 141.796618908920948, 39.038044697526963 ], [ 141.796923901352528, 39.038003892760159 ], [ 141.797732703865165, 39.038664941806253 ], [ 141.797702160274895, 39.038959862022502 ], [ 141.79608482395281, 39.039651728456114 ], [ 141.797281442964959, 39.039302880728769 ], [ 141.798119285959018, 39.040349012618805 ], [ 141.797996048110264, 39.040375256319024 ], [ 141.798208866670933, 39.041073433331803 ], [ 141.798434283526262, 39.041116341509181 ], [ 141.798220646260518, 39.041695973671203 ], [ 141.797946283604176, 39.041635116119174 ], [ 141.797305186183848, 39.042601412825398 ], [ 141.796847744455562, 39.042641931123853 ], [ 141.797671499441861, 39.042774184233785 ], [ 141.797488488980207, 39.043059104410119 ], [ 141.797542624382402, 39.043243888126568 ], [ 141.797975412767101, 39.043744486660891 ], [ 141.798896902879164, 39.043862197660275 ], [ 141.799628856917963, 39.043799690361183 ], [ 141.802233023423696, 39.043082401731766 ] ] ] } },
{ "type": "Feature", "properties": { "CITY_NAME": "大船渡市", "S_NAME": "三陸町綾里字港", "JINKO": 85, "medical_area": "03_気仙医療圏", "町丁目名": "大船渡市三陸町綾里字港" }, "geometry": { "type": "Polygon", "coordinates": [ [ [ 141.795236594517746, 39.045221024200416 ], [ 141.796654465597129, 39.044956388165019 ], [ 141.796281813510973, 39.043364026550286 ], [ 141.79611531447415, 39.043364064283338 ], [ 141.795962569066717, 39.042743545617213 ], [ 141.795108233652371, 39.042092710488312 ], [ 141.795459262840268, 39.041899446775446 ], [ 141.796054257172358, 39.041105896317283 ], [ 141.796038900508648, 39.041350088778564 ], [ 141.796130585984855, 39.041197600853621 ], [ 141.796054182945596, 39.040994349102931 ], [ 141.796511984178409, 39.040272163489746 ], [ 141.796008371037942, 39.040943492776698 ], [ 141.795642296400587, 39.041065379770146 ], [ 141.79555065960497, 39.040922918107185 ], [ 141.795276296953375, 39.04097374053628 ], [ 141.795627013085948, 39.041268683242258 ], [ 141.79518463378929, 39.041512809476849 ], [ 141.795505142541941, 39.0417164400451 ], [ 141.794857128741427, 39.04231470740158 ], [ 141.794866992315917, 39.043053864239958 ], [ 141.794299157513223, 39.043264606763877 ], [ 141.792515120654798, 39.04339090838819 ], [ 141.79167344095049, 39.043652590374144 ], [ 141.792763574517011, 39.044775359323886 ], [ 141.794249093867904, 39.045112972893001 ], [ 141.794369492568023, 39.044881356288641 ], [ 141.794959680407743, 39.044747069377259 ], [ 141.795236594517746, 39.045221024200416 ] ] ] } },
{ "type": "Feature", "properties": { "CITY_NAME": "大船渡市", "S_NAME": "三陸町綾里字岩崎", "JINKO": 52, "medical_area": "03_気仙医療圏", "町丁目名": "大船渡市三陸町綾里字岩崎" }, "geometry": { "type": "Polygon", "coordinates": [ [ [ 141.797362053056361, 39.047078370887903 ], [ 141.79731061221861, 39.046442733671604 ], [ 141.796919258763012, 39.045672180111147 ], [ 141.797563816688381, 39.045989949291595 ], [ 141.797731568826009, 39.045531395735644 ], [ 141.798571171301006, 39.045208876646313 ], [ 141.799020525554369, 39.044819350860379 ], [ 141.799628856917963, 39.043799690361183 ], [ 141.797975412767101, 39.043744486660891 ], [ 141.797488488980207, 39.043059104410119 ], [ 141.796527222634239, 39.043160793194502 ], [ 141.796618847475997, 39.042672466067195 ], [ 141.796450814570221, 39.042692714830402 ], [ 141.796466095054626, 39.043364053634491 ], [ 141.796281813510973, 39.043364026550286 ], [ 141.796654465597129, 39.044956388165019 ], [ 141.795431236727325, 39.045285854261209 ], [ 141.795236594517746, 39.045221024200416 ], [ 141.794959680407743, 39.044747069377259 ], [ 141.794369492568023, 39.044881356288641 ], [ 141.794249093867904, 39.045112972893001 ], [ 141.792763574517011, 39.044775359323886 ], [ 141.792537547232939, 39.045763265892276 ], [ 141.7942418742862, 39.046315274947197 ], [ 141.794667848544123, 39.045638261364381 ], [ 141.794907123660721, 39.0457335493196 ], [ 141.794583360914572, 39.046168540849727 ], [ 141.794924601387692, 39.046248842589684 ], [ 141.794791023507628, 39.046507240540855 ], [ 141.795716108423591, 39.04697458237964 ], [ 141.795931598501085, 39.046886804412658 ], [ 141.797362053056361, 39.047078370887903 ] ] ] } },
{ "type": "Feature", "properties": { "CITY_NAME": "大船渡市", "S_NAME": "三陸町綾里字岩崎", "JINKO": 112, "medical_area": "03_気仙医療圏", "町丁目名": "大船渡市三陸町綾里字岩崎" }, "geometry": { "type": "Polygon", "coordinates": [ [ [ 141.803879930373427, 39.046161110090189 ], [ 141.805160585237331, 39.04492722829923 ], [ 141.805819964720428, 39.044607498550008 ], [ 141.808753813408515, 39.044063607694596 ], [ 141.80980974076391, 39.043419987711168 ], [ 141.804272711254185, 39.042323522962533 ], [ 141.803765074886996, 39.042342529416636 ], [ 141.802233023423696, 39.043082401731766 ], [ 141.799628856917963, 39.043799690361183 ], [ 141.799020525554369, 39.044819350860379 ], [ 141.798571171301006, 39.045208876646313 ], [ 141.797731568826009, 39.045531395735644 ], [ 141.797523657056502, 39.046016531395296 ], [ 141.796904585506979, 39.045727970334092 ], [ 141.79731061221861, 39.046442733671604 ], [ 141.797362053056361, 39.047078370887903 ], [ 141.797584218514515, 39.047347482491958 ], [ 141.799444954895421, 39.048565067967218 ], [ 141.800029564056359, 39.049135829306792 ], [ 141.80152377759606, 39.049773631738056 ], [ 141.801843429118151, 39.049501293371115 ], [ 141.803879930373427, 39.046161110090189 ] ] ] } },
{ "type": "Feature", "properties": { "CITY_NAME": "大船渡市", "S_NAME": "三陸町綾里字岩崎", "JINKO": 0, "medical_area": "03_気仙医療圏", "町丁目名": "大船渡市三陸町綾里字岩崎" }, "geometry": { "type": "Polygon", "coordinates": [ [ [ 141.794617649682692, 39.04825617936114 ], [ 141.795573833890131, 39.046905309426151 ], [ 141.794791023507628, 39.046507240540855 ], [ 141.794924601387692, 39.046248842589684 ], [ 141.794583360914572, 39.046168540849727 ], [ 141.794907123660721, 39.0457335493196 ], [ 141.794667848544123, 39.045638261364381 ], [ 141.7942418742862, 39.046315274947197 ], [ 141.792537547232939, 39.045763265892276 ], [ 141.791973890842513, 39.047289794834718 ], [ 141.793260192240695, 39.047900288301477 ], [ 141.793615530118672, 39.047882161553126 ], [ 141.794617649682692, 39.04825617936114 ] ] ] } },
{ "type": "Feature", "properties": { "CITY_NAME": "大船渡市", "S_NAME": "三陸町綾里字岩崎", "JINKO": 155, "medical_area": "03_気仙医療圏", "町丁目名": "大船渡市三陸町綾里字岩崎" }, "geometry": { "type": "Polygon", "coordinates": [ [ [ 141.788915610793396, 39.051810342503551 ], [ 141.789391050749686, 39.051835441329793 ], [ 141.789894012486087, 39.051059426066843 ], [ 141.790674648007126, 39.051361689874909 ], [ 141.790725875651589, 39.050998830077205 ], [ 141.791855822273334, 39.051056616345541 ], [ 141.791707577036902, 39.051266008066477 ], [ 141.79202965300783, 39.051383001023765 ], [ 141.793215174226333, 39.050235189057155 ], [ 141.793972475491643, 39.049158315158188 ], [ 141.795458557568367, 39.049868337671597 ], [ 141.797362053056361, 39.047078370887903 ], [ 141.795573833890131, 39.046905309426151 ], [ 141.79461627551791, 39.048258101301506 ], [ 141.793615530118672, 39.047882161553126 ], [ 141.793260192240695, 39.047900288301477 ], [ 141.791973890842513, 39.047289794834718 ], [ 141.788080268937478, 39.052095102736075 ], [ 141.788915610793396, 39.051810342503551 ] ] ] } },
{ "type": "Feature", "properties": { "CITY_NAME": "大船渡市", "S_NAME": "三陸町綾里字野形", "JINKO": 208, "medical_area": "03_気仙医療圏", "町丁目名": "大船渡市三陸町綾里字野形" }, "geometry": { "type": "Polygon", "coordinates": [ [ [ 141.778026928351011, 39.076333307428037 ], [ 141.779928224186449, 39.075189146543529 ], [ 141.783127020043395, 39.075904982420106 ], [ 141.783901087122842, 39.075608238359656 ], [ 141.786509377725309, 39.075593354269834 ], [ 141.788042819360726, 39.074663740699378 ], [ 141.789162835805882, 39.074401493259842 ], [ 141.789729669485894, 39.074104643414422 ], [ 141.790511597249434, 39.073498692265687 ], [ 141.791382591167519, 39.0723325094431 ], [ 141.791833585571453, 39.071970446260082 ], [ 141.792889810019545, 39.071728036644636 ], [ 141.792130643195293, 39.070604670979947 ], [ 141.792017631568882, 39.070001489421244 ], [ 141.792283323002636, 39.068712340156956 ], [ 141.792223076309881, 39.065663319575648 ], [ 141.792550182419944, 39.063425987889467 ], [ 141.793018557492218, 39.061974785352206 ], [ 141.793636692661181, 39.061448914831118 ], [ 141.795030322052867, 39.060679337170946 ], [ 141.795298301684426, 39.06037950636027 ], [ 141.795389694928957, 39.05975951193912 ], [ 141.794936727004938, 39.058437152751033 ], [ 141.794709199982464, 39.05598979728255 ], [ 141.79383156769839, 39.054066963509214 ], [ 141.793684497512942, 39.052585244126355 ], [ 141.794079553616115, 39.052415149532223 ], [ 141.793917291002714, 39.052170994735185 ], [ 141.793728576275697, 39.052229751064097 ], [ 141.793613172282733, 39.051982397508198 ], [ 141.793373968303371, 39.052026511254866 ], [ 141.792883260962725, 39.051727861928107 ], [ 141.791793932478214, 39.051611199356351 ], [ 141.79202965300783, 39.051383001023765 ], [ 141.791707577036902, 39.051266008066477 ], [ 141.791855822273334, 39.051056616345541 ], [ 141.790725875651589, 39.050998830077205 ], [ 141.790674648007098, 39.051361689874923 ], [ 141.789894012486087, 39.051059426066843 ], [ 141.789391050749686, 39.051835441329736 ], [ 141.788915610793396, 39.051810342503551 ], [ 141.788080268937478, 39.052095102736075 ], [ 141.789369535512918, 39.050524500994918 ], [ 141.785382206059666, 39.049160848926491 ], [ 141.781912481510659, 39.04774641021627 ], [ 141.779764434473066, 39.047131541736306 ], [ 141.776945850968872, 39.046676615583067 ], [ 141.776145502033643, 39.047147857947266 ], [ 141.776288218329114, 39.047806058951636 ], [ 141.775746541290232, 39.049192417729799 ], [ 141.775990588424349, 39.050058605271474 ], [ 141.774970370227834, 39.051492740494311 ], [ 141.772849940429126, 39.052603344441415 ], [ 141.770675685083091, 39.053112633980582 ], [ 141.769287533498471, 39.054189792186001 ], [ 141.768488666584688, 39.054531410039502 ], [ 141.768116749957386, 39.054916400761535 ], [ 141.768092899425454, 39.056306678083985 ], [ 141.766306523214752, 39.057117800579086 ], [ 141.765650461270297, 39.057073436390063 ], [ 141.765075037801381, 39.057934948157602 ], [ 141.763313599901238, 39.059404059469365 ], [ 141.762967999957681, 39.059926621141877 ], [ 141.76330157994667, 39.061143168243085 ], [ 141.763359281418218, 39.061905719271181 ], [ 141.763224132033997, 39.062514769702773 ], [ 141.764683249231496, 39.064255463866616 ], [ 141.764421310292477, 39.065811442504113 ], [ 141.764032902522416, 39.066834914547087 ], [ 141.764710542633765, 39.068138411475914 ], [ 141.764889161360458, 39.069312531417744 ], [ 141.764838370806757, 39.070286787732378 ], [ 141.765016758472569, 39.070539626712332 ], [ 141.771118452352965, 39.073399997155995 ], [ 141.772106091986785, 39.074062021043538 ], [ 141.773268212662316, 39.074083629343683 ], [ 141.774532289474479, 39.075190009586002 ], [ 141.775717119162437, 39.07669351332661 ], [ 141.776471171481347, 39.076787565238476 ], [ 141.778026928351011, 39.076333307428037 ] ] ] } },
{ "type": "Feature", "properties": { "CITY_NAME": "大船渡市", "S_NAME": "三陸町綾里字宮野", "JINKO": 719, "medical_area": "03_気仙医療圏", "町丁目名": "大船渡市三陸町綾里字宮野" }, "geometry": { "type": "Polygon", "coordinates": [ [ [ 141.797963268241517, 39.071654433253329 ], [ 141.799972909888766, 39.069950942598993 ], [ 141.801567438459728, 39.069002493753814 ], [ 141.802199626334868, 39.068341625981851 ], [ 141.802739798706881, 39.068166618297994 ], [ 141.802865624005335, 39.067460970310442 ], [ 141.804171253061583, 39.064823263172734 ], [ 141.803489021513201, 39.060929483431515 ], [ 141.802136838241893, 39.06042999190737 ], [ 141.803398941213629, 39.059004224422743 ], [ 141.803492159683088, 39.057992994521605 ], [ 141.804343451718438, 39.055778332654498 ], [ 141.805754350204126, 39.054591277368488 ], [ 141.807014198755354, 39.05417763933734 ], [ 141.808783197080658, 39.054046300554944 ], [ 141.807909207368624, 39.05352839076992 ], [ 141.807251809592032, 39.053341969668004 ], [ 141.805642369916711, 39.053234504185887 ], [ 141.80435423447409, 39.052842692171836 ], [ 141.802394924068125, 39.051612359177589 ], [ 141.802198880680891, 39.051064913980817 ], [ 141.802320240069804, 39.050838630498383 ], [ 141.802920339009518, 39.050705976264922 ], [ 141.802796506499249, 39.050390032010064 ], [ 141.800029564056359, 39.049135829306792 ], [ 141.797362053056361, 39.047078370887903 ], [ 141.795458557568367, 39.049868337671597 ], [ 141.793972475491643, 39.049158315158188 ], [ 141.793215174226333, 39.050235189057155 ], [ 141.791793932478214, 39.051611199356351 ], [ 141.792382859357502, 39.051612549981797 ], [ 141.793373968303371, 39.052026511254866 ], [ 141.793613172282733, 39.051982397508198 ], [ 141.793728576275697, 39.052229751064097 ], [ 141.793917291002714, 39.052170994735185 ], [ 141.794079553616115, 39.052415149532223 ], [ 141.793684497512942, 39.052585244126355 ], [ 141.793769646138912, 39.053747332756672 ], [ 141.794709199982464, 39.05598979728255 ], [ 141.794936727004938, 39.058437152751033 ], [ 141.795389694928957, 39.059759511939113 ], [ 141.795298301684454, 39.060379506360263 ], [ 141.795030322052867, 39.060679337170946 ], [ 141.793247033159901, 39.061716244021653 ], [ 141.792847943310306, 39.062353122691086 ], [ 141.792305808557103, 39.064708413704686 ], [ 141.792283323002636, 39.068712340156956 ], [ 141.792017631568882, 39.070001489421244 ], [ 141.792130643195293, 39.070604670979947 ], [ 141.792889810019545, 39.071728036644636 ], [ 141.796709182868767, 39.071941165171417 ], [ 141.797189533410659, 39.072089703718454 ], [ 141.797963268241517, 39.071654433253329 ] ] ] } },
{ "type": "Feature", "properties": { "CITY_NAME": "大船渡市", "S_NAME": "三陸町綾里字大畑野", "JINKO": 179, "medical_area": "03_気仙医療圏", "町丁目名": "大船渡市三陸町綾里字大畑野" }, "geometry": { "type": "Polygon", "coordinates": [ [ [ 141.817231182678341, 39.054797246114504 ], [ 141.81707867267113, 39.054248116654875 ], [ 141.817536432981569, 39.054115894973108 ], [ 141.817582280654335, 39.053739558564921 ], [ 141.816834561001457, 39.052590276598607 ], [ 141.817231204995636, 39.052010343909934 ], [ 141.817490618532076, 39.052030890237269 ], [ 141.817261783352308, 39.051827248245459 ], [ 141.816895719233401, 39.05238658439584 ], [ 141.816178557539729, 39.052030814461212 ], [ 141.816163254015464, 39.051878016101988 ], [ 141.816575181365209, 39.05141041836773 ], [ 141.81717008880301, 39.051613724517892 ], [ 141.816605748983648, 39.051369483640904 ], [ 141.816773476625798, 39.050891554687453 ], [ 141.817032931337309, 39.050688305467325 ], [ 141.817215998956641, 39.049996513106372 ], [ 141.817811130530544, 39.050281379490428 ], [ 141.817246530898018, 39.049965853393779 ], [ 141.817475370475364, 39.049670878195876 ], [ 141.818512778344399, 39.049142123597477 ], [ 141.818696082096665, 39.049142126004213 ], [ 141.818787443407047, 39.049325179199805 ], [ 141.819153784805707, 39.049183024721017 ], [ 141.819336868289128, 39.049264312779933 ], [ 141.819641828540199, 39.04883694576786 ], [ 141.819931803388414, 39.04888812473331 ], [ 141.819840140065025, 39.048664186171322 ], [ 141.820053984595262, 39.048440342440728 ], [ 141.821671062043606, 39.047403045668837 ], [ 141.823471480899002, 39.047331985982957 ], [ 141.823563118896288, 39.047250627877396 ], [ 141.823349589968899, 39.046935110158238 ], [ 141.822922395122959, 39.04687426668864 ], [ 141.823166513822571, 39.046467462476507 ], [ 141.823608943463171, 39.046243573894706 ], [ 141.824356442707966, 39.046253841180885 ], [ 141.824310558908678, 39.045948585454077 ], [ 141.824707532451981, 39.046152193415047 ], [ 141.82563821684866, 39.045633496777221 ], [ 141.825989004368438, 39.045684282483506 ], [ 141.826004298511208, 39.045867272020757 ], [ 141.826233176820438, 39.045938376916332 ], [ 141.826873920015288, 39.045775987624218 ], [ 141.826828153585808, 39.045582630656654 ], [ 141.826492631198676, 39.045429882373291 ], [ 141.826126243694631, 39.045521461064716 ], [ 141.826110984848697, 39.045328196824279 ], [ 141.826217922072345, 39.045134878402756 ], [ 141.826675631508209, 39.044972146235509 ], [ 141.826843391090762, 39.045074101567018 ], [ 141.826812878709632, 39.044880755535239 ], [ 141.827468900240035, 39.045074127397633 ], [ 141.827865819949011, 39.0450233140023 ], [ 141.827301176397356, 39.044718042796184 ], [ 141.827484199260255, 39.044596140573759 ], [ 141.828842081359966, 39.044911401549179 ], [ 141.82986451877764, 39.044707949524877 ], [ 141.830550831956742, 39.044219937440552 ], [ 141.830718894708127, 39.044311259271723 ], [ 141.831267960575474, 39.044087414422513 ], [ 141.83164963398329, 39.044108009455947 ], [ 141.832092108409057, 39.043762263652553 ], [ 141.831985158467717, 39.044036734502178 ], [ 141.832549850893827, 39.044057239765728 ], [ 141.83262591780445, 39.043934977048643 ], [ 141.832046305891652, 39.043426463478426 ], [ 141.832854779891704, 39.043762282708201 ], [ 141.833724466280358, 39.043416250700226 ], [ 141.833388904447816, 39.042724643025174 ], [ 141.833037892383516, 39.042440016868866 ], [ 141.833129538942472, 39.042226341113356 ], [ 141.835082344180108, 39.042928293420701 ], [ 141.835769018327511, 39.04292831094542 ], [ 141.836058985572436, 39.04257224569826 ], [ 141.835540068651056, 39.042775517394119 ], [ 141.836104812217826, 39.042399146510029 ], [ 141.835967324059169, 39.042134793858615 ], [ 141.836577555151365, 39.04218564232427 ], [ 141.836623331011907, 39.041900854884929 ], [ 141.837172757523859, 39.041565217924934 ], [ 141.83712694528262, 39.042063741701739 ], [ 141.837340497437481, 39.042307873281793 ], [ 141.837661009345538, 39.042114534451557 ], [ 141.837523586319151, 39.041982352081959 ], [ 141.837645777615478, 39.041626319296356 ], [ 141.838454324706447, 39.041636602214894 ], [ 141.837767715567253, 39.041188861718794 ], [ 141.839568087273932, 39.041514474324501 ], [ 141.839537493509027, 39.041361949457226 ], [ 141.839751153349937, 39.041321400286655 ], [ 141.839598617386088, 39.04099588475335 ], [ 141.839751105956594, 39.040924615469706 ], [ 141.839537572013626, 39.040853334377381 ], [ 141.83982751782213, 39.040650048691909 ], [ 141.839583331379572, 39.040365156040217 ], [ 141.840285290034785, 39.040426243830304 ], [ 141.840407165743898, 39.040334617317448 ], [ 141.840254687147109, 39.040171812739501 ], [ 141.841704247643719, 39.040273805352264 ], [ 141.841841496446278, 39.040171910341485 ], [ 141.842100876913548, 39.040578840564088 ], [ 141.842818022138175, 39.040945217108749 ], [ 141.84255865176263, 39.040507744460072 ], [ 141.842894145491897, 39.040385625158272 ], [ 141.842863596684481, 39.039724487306025 ], [ 141.843824951600055, 39.040345058607691 ], [ 141.843443540190236, 39.039500668634204 ], [ 141.843199425668331, 39.039297350127661 ], [ 141.844160720040975, 39.039907574471947 ], [ 141.845030343242883, 39.039734937668683 ], [ 141.844679310259409, 39.039470124604144 ], [ 141.844847082342113, 39.039389074351291 ], [ 141.84397743225594, 39.038971810551111 ], [ 141.845136989300499, 39.039216039643335 ], [ 141.845152269029256, 39.038971910024017 ], [ 141.844435134213569, 39.038422497000674 ], [ 141.845213408790698, 39.038381973742737 ], [ 141.845289533786882, 39.038208890606562 ], [ 141.845625301154996, 39.038555049293173 ], [ 141.845579504059259, 39.038148105542568 ], [ 141.845701692005434, 39.03801593404642 ], [ 141.845701703556614, 39.038300678229049 ], [ 141.846021951917521, 39.038697219870784 ], [ 141.846174420274366, 39.038524458757976 ], [ 141.846067770558136, 39.038310875212801 ], [ 141.846388323142605, 39.038514228146255 ], [ 141.84661715468323, 39.038412588343121 ], [ 141.84664747173386, 39.038229557044176 ], [ 141.846830765511612, 39.038249852925667 ], [ 141.846922114926429, 39.038504034495567 ], [ 141.84721208218869, 39.038310935752371 ], [ 141.847440953663863, 39.038514307749502 ], [ 141.84768514423979, 39.038300703060841 ], [ 141.84762405257689, 39.038036265122393 ], [ 141.847883467272851, 39.03814823229736 ], [ 141.848020648688305, 39.038036337675535 ], [ 141.847913984513411, 39.03790397054722 ], [ 141.848264750537766, 39.037609139393922 ], [ 141.84818841587699, 39.037527743135222 ], [ 141.848478394373728, 39.037619104916672 ], [ 141.849820981625186, 39.036754805302081 ], [ 141.849653283262484, 39.03620542595754 ], [ 141.848386974903065, 39.03573767110791 ], [ 141.848508950617742, 39.035503522248284 ], [ 141.849027769937038, 39.035432432030639 ], [ 141.849073594067448, 39.035117237631468 ], [ 141.849271931413227, 39.035035845578271 ], [ 141.849256646251291, 39.034832237605791 ], [ 141.849744967773489, 39.03417129966347 ], [ 141.849775196033335, 39.033662704899108 ], [ 141.849988775036479, 39.033662674778554 ], [ 141.849775189953732, 39.033530466812891 ], [ 141.850782289052688, 39.033255807993982 ], [ 141.85069061811646, 39.033093051169608 ], [ 141.850141520960989, 39.032971087743661 ], [ 141.850232961335848, 39.032584484948941 ], [ 141.85085866326304, 39.03270634374784 ], [ 141.850843445578136, 39.032564244152603 ], [ 141.850416019601028, 39.032269290461088 ], [ 141.850111016064858, 39.032248722894792 ], [ 141.84995849059419, 39.03183180145485 ], [ 141.851057033652779, 39.032075936865546 ], [ 141.851346745290442, 39.031974319735497 ], [ 141.850965343384331, 39.031516606519318 ], [ 141.849928000683803, 39.031374054008808 ], [ 141.849805783846222, 39.031201287272388 ], [ 141.850004068978109, 39.030784195949657 ], [ 141.850385681547152, 39.030397528861364 ], [ 141.851407787800696, 39.030397555695124 ], [ 141.851117893165963, 39.029858744544235 ], [ 141.851240028391231, 39.02970594685651 ], [ 141.851530047979537, 39.029563789522179 ], [ 141.851957241983541, 39.029950161555433 ], [ 141.85311654597885, 39.029228036094324 ], [ 141.853011385024132, 39.029099531649706 ], [ 141.848610898290588, 39.029744115711878 ], [ 141.846626341335423, 39.030335634516227 ], [ 141.844728672467653, 39.030539290712468 ], [ 141.842400805891316, 39.031029479659395 ], [ 141.838293018933143, 39.030287525077476 ], [ 141.837241799535093, 39.030328379078711 ], [ 141.835559136815533, 39.030908873874807 ], [ 141.834350211777263, 39.031722876487287 ], [ 141.833875140339842, 39.032404958671869 ], [ 141.833398605361651, 39.032728974323859 ], [ 141.832564373743566, 39.03287363410395 ], [ 141.832018658889439, 39.033168467598031 ], [ 141.830988022473292, 39.033315851418777 ], [ 141.829240999150471, 39.033269680425057 ], [ 141.828666544783232, 39.033799589111133 ], [ 141.82794035289254, 39.034050335856044 ], [ 141.824927055743757, 39.033900941584527 ], [ 141.824175856588113, 39.034068129807096 ], [ 141.821269312535833, 39.035810222793742 ], [ 141.819922570282841, 39.035877636918883 ], [ 141.8191059202058, 39.036220022298181 ], [ 141.817904569383359, 39.03738582392026 ], [ 141.817192783111153, 39.038795493792541 ], [ 141.816538478859712, 39.039154791967633 ], [ 141.816020751000934, 39.039731807075299 ], [ 141.815194525883214, 39.03982461909996 ], [ 141.81492730813909, 39.041293587655638 ], [ 141.814144861166881, 39.041212754781675 ], [ 141.811869625589992, 39.041778178429354 ], [ 141.80980974076391, 39.043419987711168 ], [ 141.808753813408515, 39.044063607694596 ], [ 141.805819964720428, 39.044607498550008 ], [ 141.805160585237331, 39.04492722829923 ], [ 141.803879930373427, 39.046161110090189 ], [ 141.801843429118151, 39.049501293371115 ], [ 141.80152377759606, 39.049773631738056 ], [ 141.802869209834483, 39.05045931072921 ], [ 141.802920339009489, 39.050705976264922 ], [ 141.802320240069747, 39.050838630498383 ], [ 141.802198880680891, 39.051064913980817 ], [ 141.802394924068125, 39.051612359177575 ], [ 141.804574218802827, 39.052969225088766 ], [ 141.805642369916711, 39.053234504185887 ], [ 141.807251809592032, 39.053341969668004 ], [ 141.807909207368624, 39.05352839076992 ], [ 141.808783197080658, 39.054046300554944 ], [ 141.810548955245395, 39.053773048471406 ], [ 141.811767600498825, 39.053379507658299 ], [ 141.812967295389569, 39.053299923970272 ], [ 141.813833232505488, 39.053579515170732 ], [ 141.815224547931336, 39.054793156662917 ], [ 141.815583583822956, 39.054746293951325 ], [ 141.815690208751533, 39.054248046636175 ], [ 141.816193748935007, 39.054065056152332 ], [ 141.816987032132175, 39.05427865743809 ], [ 141.817231182678341, 39.054797246114504 ] ] ] } },
{ "type": "Feature", "properties": { "CITY_NAME": "大船渡市", "S_NAME": "三陸町綾里字白浜", "JINKO": 197, "medical_area": "03_気仙医療圏", "町丁目名": "大船渡市三陸町綾里字白浜" }, "geometry": { "type": "Polygon", "coordinates": [ [ [ 141.81557328998025, 39.068524139123724 ], [ 141.819339229645465, 39.068677268326724 ], [ 141.820793313524632, 39.06806769620578 ], [ 141.822437078678121, 39.066938671579152 ], [ 141.825435433752574, 39.066668458998855 ], [ 141.828279630664042, 39.066159008789832 ], [ 141.829091325924992, 39.066237664505756 ], [ 141.83127389043193, 39.067014766298449 ], [ 141.834277532477103, 39.065629595545417 ], [ 141.834869235340136, 39.065581731011889 ], [ 141.835774994101058, 39.065596828316629 ], [ 141.837686864322421, 39.065960984239773 ], [ 141.838907654580993, 39.066277647990674 ], [ 141.84065101673076, 39.067097270285934 ], [ 141.841923948772035, 39.067364751957008 ], [ 141.846121692998594, 39.06724162414254 ], [ 141.848034856883714, 39.066633158006553 ], [ 141.848976436104181, 39.066008763366682 ], [ 141.849742656713488, 39.065726646925526 ], [ 141.852409240703452, 39.06577512002216 ], [ 141.854008213426368, 39.065450517005694 ], [ 141.855342701273372, 39.064877597965761 ], [ 141.85617705275763, 39.064789570994215 ], [ 141.857183142495643, 39.064791662834054 ], [ 141.861056072821015, 39.065561118740206 ], [ 141.86655918598413, 39.065963859900336 ], [ 141.868808420234103, 39.065478812197 ], [ 141.871176421534926, 39.064433666038326 ], [ 141.871909032009768, 39.064290194381506 ], [ 141.874270198992917, 39.064286178426464 ], [ 141.875849333600115, 39.064838603135989 ], [ 141.874659190627909, 39.063557057262436 ], [ 141.872980721399557, 39.063373920073687 ], [ 141.872523036492083, 39.062936528015598 ], [ 141.871394009832869, 39.062682317415835 ], [ 141.87104323365952, 39.062621114033675 ], [ 141.870844914665554, 39.062855047452814 ], [ 141.870371885475691, 39.062834761184746 ], [ 141.870234700215661, 39.063119666767818 ], [ 141.869883626529145, 39.063272193508055 ], [ 141.869441185766107, 39.063282175003636 ], [ 141.869304008794273, 39.062895830278386 ], [ 141.869166460405637, 39.063353511310922 ], [ 141.868815692903866, 39.062854982234356 ], [ 141.86819026024375, 39.062641308260666 ], [ 141.867793604208259, 39.062244735552468 ], [ 141.867915581251737, 39.062092204741383 ], [ 141.867244291749699, 39.061766681906143 ], [ 141.866954268395517, 39.061420889428888 ], [ 141.867930837437115, 39.061024322190441 ], [ 141.867076493311743, 39.061044489948877 ], [ 141.866832400214378, 39.060301860173446 ], [ 141.865779775910823, 39.059457654499923 ], [ 141.863964179814587, 39.059294948061151 ], [ 141.863475875239573, 39.059061035992777 ], [ 141.863781089890239, 39.059589963376652 ], [ 141.863567502198009, 39.059823809178226 ], [ 141.863765842165776, 39.059955913620996 ], [ 141.864025254181058, 39.059874589733603 ], [ 141.864116590198137, 39.060617237960415 ], [ 141.863460550374185, 39.060840845092898 ], [ 141.862773968258949, 39.060566383468043 ], [ 141.862240161491428, 39.060586644917358 ], [ 141.862117970214598, 39.060718832299209 ], [ 141.862285714700334, 39.061105477852429 ], [ 141.861980741361776, 39.061207115970817 ], [ 141.862026304278857, 39.061410452607092 ], [ 141.861751873004863, 39.061502036759329 ], [ 141.861492422043483, 39.061369833875467 ], [ 141.861278845201213, 39.060810465149473 ], [ 141.861339999090717, 39.060515543479568 ], [ 141.861065355669581, 39.060250813459824 ], [ 141.859829312586669, 39.059986309429817 ], [ 141.859814083503863, 39.060342405046306 ], [ 141.859341360659698, 39.060677893011203 ], [ 141.85949381493424, 39.0613492784451 ], [ 141.859356382981474, 39.061420511213747 ], [ 141.859310756426197, 39.061796930416598 ], [ 141.858853051846609, 39.061867950375287 ], [ 141.85708331743794, 39.061166138508362 ], [ 141.85694582662893, 39.06130858867872 ], [ 141.856488119505343, 39.061298243136363 ], [ 141.856488122007875, 39.061105271931453 ], [ 141.855359081894477, 39.060911843627984 ], [ 141.854992991229096, 39.060464148059516 ], [ 141.855054090655528, 39.060220252930044 ], [ 141.855679573050452, 39.060210063041239 ], [ 141.855801486633482, 39.059945648643044 ], [ 141.855496580535458, 39.059640352653965 ], [ 141.855343786838148, 39.059742045467239 ], [ 141.855404918520463, 39.060037019538363 ], [ 141.855282930692482, 39.060077780022013 ], [ 141.85496245570593, 39.059732011416223 ], [ 141.854733619975633, 39.060036983129706 ], [ 141.85442866533981, 39.059996439652259 ], [ 141.854367488477891, 39.060179460343072 ], [ 141.854123411773458, 39.060179411797201 ], [ 141.853543456678779, 39.059091189066756 ], [ 141.853360389570469, 39.059121431692482 ], [ 141.853284273345224, 39.059620078079305 ], [ 141.85256716346754, 39.059579118235099 ], [ 141.851987245324409, 39.058948613715501 ], [ 141.852002508254969, 39.058755368777774 ], [ 141.852719706142977, 39.058684292446635 ], [ 141.852719634313161, 39.058379001297482 ], [ 141.851865313661193, 39.058104320215435 ], [ 141.851514519169029, 39.058277338328367 ], [ 141.851819525479527, 39.058572298585219 ], [ 141.85165172197506, 39.058734993223638 ], [ 141.850934600350115, 39.058460305083017 ], [ 141.85059910368463, 39.058887455787556 ], [ 141.850217466294481, 39.059050252929666 ], [ 141.850034387745239, 39.05881643927669 ], [ 141.849470062926315, 39.058816355687711 ], [ 141.849332549870127, 39.058694182782169 ], [ 141.849943036225028, 39.05814507440958 ], [ 141.849668387985702, 39.057870324230983 ], [ 141.849149533169651, 39.058307792648122 ], [ 141.848890164500602, 39.058266838614173 ], [ 141.848920634634936, 39.058439979908769 ], [ 141.848264596713733, 39.058389171974063 ], [ 141.848341046101893, 39.058684156598204 ], [ 141.848218771358859, 39.05888740944247 ], [ 141.84817323723766, 39.058633255581867 ], [ 141.847944417502504, 39.058501036796059 ], [ 141.848157998132677, 39.058948460386759 ], [ 141.847806907198873, 39.059151801102352 ], [ 141.847578060040433, 39.058734911925185 ], [ 141.847074465719061, 39.058846819640522 ], [ 141.847440845547453, 39.05932479851586 ], [ 141.847181415945045, 39.05935527211907 ], [ 141.8469219863982, 39.059172295158 ], [ 141.846830676742371, 39.059426440835772 ], [ 141.846586498120303, 39.059060353559147 ], [ 141.846296514640102, 39.059314463593857 ], [ 141.846418478463136, 39.059762191880075 ], [ 141.846144082154211, 39.05938580978912 ], [ 141.84597602786684, 39.059406129178008 ], [ 141.846037126137105, 39.059833272517139 ], [ 141.845671094064897, 39.059568808961217 ], [ 141.845304732455645, 39.059639968937283 ], [ 141.845411662171387, 39.059782396843332 ], [ 141.844831999082601, 39.059456936652722 ], [ 141.844679171269945, 39.05953827827301 ], [ 141.844953905042445, 39.059812967164042 ], [ 141.844160681045594, 39.059538265573693 ], [ 141.844084269665558, 39.059629641736393 ], [ 141.844236703997041, 39.059690745000232 ], [ 141.843443499546964, 39.059751802025346 ], [ 141.843290695868944, 39.059406030113728 ], [ 141.842024469242205, 39.059527891815492 ], [ 141.841871956791408, 39.059751738085829 ], [ 141.841536208552753, 39.05960924216852 ], [ 141.841444762220675, 39.05979230596688 ], [ 141.840987067263086, 39.059934757740109 ], [ 141.840880151460539, 39.060128088197615 ], [ 141.840651215556221, 39.060158636181242 ], [ 141.840590461819431, 39.060392456878041 ], [ 141.83982741860757, 39.060524659903386 ], [ 141.839247752205694, 39.06041269173646 ], [ 141.839415552896554, 39.060646793379142 ], [ 141.839323841727776, 39.060697550670319 ], [ 141.838774735781556, 39.060494039873952 ], [ 141.838927262403899, 39.060758465007979 ], [ 141.838393161655915, 39.060677066486669 ], [ 141.838286489484375, 39.060900935534761 ], [ 141.836806341119882, 39.060372057243718 ], [ 141.834914573218043, 39.060026079801368 ], [ 141.834685745306018, 39.06012790684359 ], [ 141.834884022438587, 39.0603414150155 ], [ 141.83406020710899, 39.060351717824147 ], [ 141.833953307506192, 39.059802294796562 ], [ 141.833404154552881, 39.059364829865196 ], [ 141.832442847139674, 39.059405574309856 ], [ 141.83152741634845, 39.059141121920014 ], [ 141.831557973703127, 39.058978362269769 ], [ 141.831420735695531, 39.059161457245246 ], [ 141.8311460573305, 39.059110601774478 ], [ 141.831023793520643, 39.058947811792464 ], [ 141.831176562810811, 39.058937568889981 ], [ 141.83129854442916, 39.058479856771449 ], [ 141.831023824880305, 39.058317103185232 ], [ 141.83071880824474, 39.058419010442577 ], [ 141.830810228367767, 39.05867313010878 ], [ 141.830367794118843, 39.058734195041382 ], [ 141.829940604262333, 39.058673167910214 ], [ 141.82922337795253, 39.058245914108106 ], [ 141.829436993077593, 39.058479779855396 ], [ 141.828918409417696, 39.05835780969079 ], [ 141.82899459324463, 39.05858165838022 ], [ 141.828506509980087, 39.05838834607917 ], [ 141.828109666182229, 39.058988303978978 ], [ 141.827987651448638, 39.05849002694292 ], [ 141.827560524556532, 39.058805218784634 ], [ 141.827331679136876, 39.058713849164846 ], [ 141.826751932368921, 39.059659498153856 ], [ 141.826278992959573, 39.059618904601727 ], [ 141.82608067613873, 39.059201714155471 ], [ 141.825790665739476, 39.059344227445834 ], [ 141.825897304410233, 39.059140848911284 ], [ 141.825729543494731, 39.058835788825235 ], [ 141.825515974518197, 39.058835703468077 ], [ 141.825592339481972, 39.058347420016162 ], [ 141.825012416745807, 39.058703453535983 ], [ 141.824661555902196, 39.058581516651721 ], [ 141.824554628168983, 39.058255949671505 ], [ 141.823593632607015, 39.057828759616676 ], [ 141.823425634178278, 39.058001549349378 ], [ 141.823227303014676, 39.05791012427769 ], [ 141.822784838577206, 39.058265825714294 ], [ 141.822296538893909, 39.059099975249637 ], [ 141.821350801473756, 39.059008542012215 ], [ 141.821228573258168, 39.058866079734685 ], [ 141.820633598287003, 39.059018620027189 ], [ 141.82061834690586, 39.059160978235973 ], [ 141.820068936176341, 39.059293215329788 ], [ 141.820023404780301, 39.059445681532878 ], [ 141.819672328717871, 39.059333724949397 ], [ 141.819138518239612, 39.059659148033028 ], [ 141.818848464680542, 39.05954751600936 ], [ 141.819092672436881, 39.058896517274327 ], [ 141.819001014725387, 39.058835430466146 ], [ 141.818329637249462, 39.059231964367576 ], [ 141.818421336816243, 39.058998175420378 ], [ 141.818054944516291, 39.0592116917352 ], [ 141.818146653743639, 39.059069249984297 ], [ 141.817856615090221, 39.059191406859412 ], [ 141.817536391204698, 39.059038645006282 ], [ 141.817231195268647, 39.059252275375293 ], [ 141.816910933693322, 39.05910999810046 ], [ 141.817078654844295, 39.058896471202878 ], [ 141.816208997790966, 39.059069179110359 ], [ 141.816010717674743, 39.058896314788647 ], [ 141.815751273476707, 39.059252209326765 ], [ 141.815201862007285, 39.059008262591583 ], [ 141.815125762264586, 39.05861134583423 ], [ 141.813798433756574, 39.057207859495492 ], [ 141.813599861021004, 39.056485774426775 ], [ 141.813660954627807, 39.056048364000979 ], [ 141.81536998206056, 39.056139854208958 ], [ 141.816453181179156, 39.055539861745871 ], [ 141.815339397341745, 39.056088947676542 ], [ 141.813676221404421, 39.055997494370274 ], [ 141.813935668903042, 39.055407531685638 ], [ 141.814408697814969, 39.055041261064865 ], [ 141.815125787131024, 39.054980484326492 ], [ 141.815385009127965, 39.055356789453249 ], [ 141.815224547931336, 39.054793156662917 ], [ 141.813538254719958, 39.053435606825843 ], [ 141.81241845623299, 39.053282003582879 ], [ 141.809715849478152, 39.053928931389713 ], [ 141.807014198755354, 39.05417763933734 ], [ 141.805754350204126, 39.054591277368488 ], [ 141.805122783060227, 39.055017046549665 ], [ 141.804343451718438, 39.055778332654498 ], [ 141.803890455185581, 39.056753584038162 ], [ 141.80349215968306, 39.057992994521605 ], [ 141.803398941213629, 39.059004224422743 ], [ 141.802136838241893, 39.06042999190737 ], [ 141.803489021513201, 39.060929483431515 ], [ 141.804186069667821, 39.064436705875849 ], [ 141.803825048950159, 39.065664110234493 ], [ 141.802865624005335, 39.067460970310442 ], [ 141.802739798706824, 39.068166618297994 ], [ 141.80920363325103, 39.068996791754344 ], [ 141.810656734057346, 39.06939218188726 ], [ 141.81557328998025, 39.068524139123724 ] ] ] } },
{ "type": "Feature", "properties": { "CITY_NAME": "大船渡市", "S_NAME": "三陸町綾里字砂子浜", "JINKO": 63, "medical_area": "03_気仙医療圏", "町丁目名": "大船渡市三陸町綾里字砂子浜" }, "geometry": { "type": "Polygon", "coordinates": [ [ [ 141.844877341647475, 39.07597522033246 ], [ 141.845106208406605, 39.075873231839111 ], [ 141.845197928226867, 39.075537724906383 ], [ 141.845777616205567, 39.0754461342638 ], [ 141.845564004433157, 39.075130870072357 ], [ 141.846662520944761, 39.074917316783043 ], [ 141.846418377900335, 39.074581556792054 ], [ 141.846906681477208, 39.074591816092138 ], [ 141.8478068053914, 39.073930762832319 ], [ 141.847608550333462, 39.073798628665266 ], [ 141.848295077123197, 39.07373748805221 ], [ 141.849897169740615, 39.07318819689376 ], [ 141.851407538630667, 39.073544373691185 ], [ 141.852399308014043, 39.073534315493646 ], [ 141.853345043561632, 39.073737749835736 ], [ 141.854031549149283, 39.073381697008614 ], [ 141.855496377510292, 39.073402029951112 ], [ 141.855572487741824, 39.073127600075161 ], [ 141.856091286923686, 39.073249593626677 ], [ 141.856457421611907, 39.072934336689343 ], [ 141.856304914110638, 39.072913997538421 ], [ 141.855786107960938, 39.072029124408694 ], [ 141.855862466075308, 39.071896922329515 ], [ 141.856350784657536, 39.07162218889998 ], [ 141.856671057108372, 39.071632262626345 ], [ 141.856976246229038, 39.071947758065178 ], [ 141.857571154275917, 39.072039239062406 ], [ 141.85749508426872, 39.071642631386531 ], [ 141.856960970050636, 39.071347582309116 ], [ 141.856884906381168, 39.071144368749181 ], [ 141.857113511559817, 39.070971279900988 ], [ 141.857861150812312, 39.071174585219431 ], [ 141.858349451488067, 39.071011882540695 ], [ 141.859493665745362, 39.071723964112174 ], [ 141.859600313734575, 39.071937604474918 ], [ 141.860073305567141, 39.071652996081184 ], [ 141.861095672798797, 39.071551104404577 ], [ 141.861339876059503, 39.071663104719981 ], [ 141.861583696827012, 39.071276703087726 ], [ 141.861278738692761, 39.070798437883717 ], [ 141.861385376815576, 39.070595096465944 ], [ 141.862987428666173, 39.071642814729501 ], [ 141.863109584706592, 39.071612319992347 ], [ 141.862880771018524, 39.071286737156008 ], [ 141.863292646701467, 39.071449544183601 ], [ 141.863460368654302, 39.07097154684714 ], [ 141.864360577582033, 39.071724295979145 ], [ 141.864223328695147, 39.071134348642495 ], [ 141.865062379014375, 39.071103923322021 ], [ 141.865184370554175, 39.07080888414513 ], [ 141.865977825382572, 39.070605589984865 ], [ 141.866191443316524, 39.07079864087838 ], [ 141.866069231485142, 39.070991919682356 ], [ 141.86617617250414, 39.071205550237728 ], [ 141.866343858530911, 39.071165007269251 ], [ 141.866618605710158, 39.071500522139402 ], [ 141.866694941878563, 39.071022556031345 ], [ 141.867305140133965, 39.071856598474049 ], [ 141.867671214409398, 39.071541378553654 ], [ 141.867671225290479, 39.072029647846882 ], [ 141.867945933403888, 39.07209041002281 ], [ 141.868189999719903, 39.0723957193823 ], [ 141.869639255366337, 39.072192495577397 ], [ 141.869807342799618, 39.072283899526973 ], [ 141.869837563897249, 39.071968628960185 ], [ 141.870508928445673, 39.072039797956904 ], [ 141.870066504223843, 39.071063461298344 ], [ 141.870371701702197, 39.07083962928688 ], [ 141.870432833812515, 39.07118540683404 ], [ 141.870905764529454, 39.071521260938425 ], [ 141.870981891095653, 39.071012398576705 ], [ 141.871775388187103, 39.07126685754028 ], [ 141.871394039697947, 39.070443053295371 ], [ 141.871607624516884, 39.070300541203864 ], [ 141.871256558235785, 39.070086977588623 ], [ 141.871256589502877, 39.069486740002844 ], [ 141.871394136483673, 39.06929367108939 ], [ 141.871653273592386, 39.069456257085605 ], [ 141.87194321606367, 39.069202079848949 ], [ 141.872065111062625, 39.069283475832606 ], [ 141.872278983345211, 39.068988524139712 ], [ 141.872828097117406, 39.069120795576453 ], [ 141.872416208263274, 39.068663008388206 ], [ 141.872065116928468, 39.068693582708121 ], [ 141.872141547044947, 39.067910318941209 ], [ 141.872736472882934, 39.068144227765501 ], [ 141.872690939433568, 39.067920626116674 ], [ 141.872416265585599, 39.067523687878051 ], [ 141.872034866657145, 39.067401745370738 ], [ 141.872019610652046, 39.06687293320207 ], [ 141.871577200396615, 39.066659340169181 ], [ 141.871806023687611, 39.066608460989592 ], [ 141.871394196213487, 39.066313520840495 ], [ 141.87142445543185, 39.066130202916938 ], [ 141.871836684186775, 39.065825252772839 ], [ 141.872462119977939, 39.065906667261054 ], [ 141.872736559328985, 39.065550582516984 ], [ 141.873270655419702, 39.06541844047787 ], [ 141.873224852072497, 39.065164015843344 ], [ 141.873621707789368, 39.06530650793033 ], [ 141.873301233079303, 39.065042077134159 ], [ 141.87357593714745, 39.064655443074969 ], [ 141.874415046521221, 39.064676037003679 ], [ 141.875223490552202, 39.065103251351047 ], [ 141.875177957170621, 39.064757477902646 ], [ 141.875833979866258, 39.06502185994848 ], [ 141.875849333600115, 39.064838603135989 ], [ 141.874270198992917, 39.064286178426464 ], [ 141.871909032009768, 39.064290194381506 ], [ 141.871176421534926, 39.064433666038326 ], [ 141.868808420234103, 39.065478812197 ], [ 141.86655918598413, 39.065963859900336 ], [ 141.861056072821015, 39.065561118740206 ], [ 141.857183142495643, 39.064791662834054 ], [ 141.85617705275763, 39.064789570994215 ], [ 141.855342701273372, 39.064877597965761 ], [ 141.854008213426368, 39.065450517005694 ], [ 141.852409240703452, 39.06577512002216 ], [ 141.849742656713488, 39.065726646925526 ], [ 141.848976436104181, 39.066008763366682 ], [ 141.848034856883714, 39.066633158006553 ], [ 141.846121692998594, 39.06724162414254 ], [ 141.841923948772035, 39.067364751957008 ], [ 141.84065101673076, 39.067097270285934 ], [ 141.838907654580993, 39.066277647990674 ], [ 141.837686864322421, 39.065960984239773 ], [ 141.835774994101058, 39.065596828316629 ], [ 141.834869235340136, 39.065581731011889 ], [ 141.834277532477103, 39.065629595545417 ], [ 141.83127389043193, 39.067014766298449 ], [ 141.828943699658879, 39.06741420100861 ], [ 141.828340024928366, 39.068055687349151 ], [ 141.828227474836524, 39.068986734426559 ], [ 141.828461083644072, 39.070195636842698 ], [ 141.82903421954822, 39.070762277508805 ], [ 141.830300376768093, 39.071149871633871 ], [ 141.831250513708056, 39.071700682724405 ], [ 141.831706694241944, 39.072255923397492 ], [ 141.831951784188476, 39.072944009678309 ], [ 141.832104706663813, 39.07425311214309 ], [ 141.831908645253378, 39.074927026657697 ], [ 141.832854620269643, 39.075364271260256 ], [ 141.833083506696283, 39.075811946596247 ], [ 141.833251263152107, 39.075710011254472 ], [ 141.83285464159718, 39.075059259415468 ], [ 141.834487279416521, 39.07488628620262 ], [ 141.834685595932854, 39.074672821300986 ], [ 141.834639792528122, 39.074001470172 ], [ 141.835021106625874, 39.073411468691482 ], [ 141.835265329055716, 39.073360601877376 ], [ 141.835829979807556, 39.073482640804471 ], [ 141.836058821285604, 39.074174588368741 ], [ 141.836424908398698, 39.074205082477519 ], [ 141.836714865233432, 39.074469457937369 ], [ 141.837477601842181, 39.074062666355069 ], [ 141.838942457245508, 39.073940476389197 ], [ 141.840605324895733, 39.074479577827283 ], [ 141.841276634740808, 39.074906809312857 ], [ 141.841231028062424, 39.075374856147697 ], [ 141.840986964751465, 39.075354583343447 ], [ 141.841169923688568, 39.075445970984532 ], [ 141.840986860063367, 39.075975024047573 ], [ 141.841551244108302, 39.076412255453334 ], [ 141.842131195991669, 39.0763003420061 ], [ 141.842680342380987, 39.07598502278757 ], [ 141.843489130920631, 39.076218994708704 ], [ 141.843839903874255, 39.076504008989453 ], [ 141.844465470809013, 39.076463192112939 ], [ 141.844770735360413, 39.076280171221363 ], [ 141.844877341647475, 39.07597522033246 ] ] ] } },
{ "type": "Feature", "properties": { "CITY_NAME": "大船渡市", "S_NAME": "三陸町綾里字小石浜", "JINKO": 79, "medical_area": "03_気仙医療圏", "町丁目名": "大船渡市三陸町綾里字小石浜" }, "geometry": { "type": "Polygon", "coordinates": [ [ [ 141.823120396662176, 39.086643941363143 ], [ 141.823593465581069, 39.086359269160745 ], [ 141.824218945649335, 39.086318419718062 ], [ 141.823990023655568, 39.086176233440618 ], [ 141.824111944339251, 39.085952388533279 ], [ 141.823638953615131, 39.085952321180429 ], [ 141.824234211800672, 39.085759082077459 ], [ 141.824111974383499, 39.085362356053245 ], [ 141.823959467864569, 39.085311642407227 ], [ 141.823990020852762, 39.085036846854791 ], [ 141.823303508345106, 39.084884396760756 ], [ 141.823761205657718, 39.084721674363394 ], [ 141.823425363942363, 39.084436685920799 ], [ 141.823669551674186, 39.084406112123723 ], [ 141.823639010329771, 39.084121489258017 ], [ 141.822433820942194, 39.083948662610894 ], [ 141.82241855440202, 39.083683966505909 ], [ 141.822021890429767, 39.083633138328551 ], [ 141.821899684694756, 39.083450069955354 ], [ 141.822006650025543, 39.083267031100036 ], [ 141.82168615791943, 39.083084023402982 ], [ 141.821503083680568, 39.083358421365098 ], [ 141.821167559500765, 39.083185673385593 ], [ 141.820679302629344, 39.083287276284871 ], [ 141.820389301300025, 39.082992248590479 ], [ 141.820694552476482, 39.082524621151435 ], [ 141.820877635882709, 39.082534614548308 ], [ 141.820862309487865, 39.082168506206081 ], [ 141.820679307557327, 39.081944639986247 ], [ 141.821137061333474, 39.081883550906426 ], [ 141.820968975422346, 39.081609098670839 ], [ 141.821075942737622, 39.081425778660837 ], [ 141.821365915428004, 39.081486944775229 ], [ 141.82142675444004, 39.081324212790371 ], [ 141.820938698539749, 39.080897008497338 ], [ 141.821228389350097, 39.080266590570957 ], [ 141.822098082035552, 39.080195183567703 ], [ 141.821747288168268, 39.079981607259725 ], [ 141.821777822462593, 39.079808857277868 ], [ 141.822006694728742, 39.079839432321762 ], [ 141.822342198197703, 39.079290048442488 ], [ 141.822067764644146, 39.079300326887605 ], [ 141.822266110828252, 39.079066192783159 ], [ 141.821915062692426, 39.078944249346165 ], [ 141.822296421106017, 39.078761207772764 ], [ 141.821945537373352, 39.078618712629485 ], [ 141.82188444281914, 39.078201759901916 ], [ 141.82165558845648, 39.078049080674148 ], [ 141.822159198902085, 39.077744096389935 ], [ 141.822204970362606, 39.077601618853436 ], [ 141.821914992397609, 39.077855742113222 ], [ 141.821335376148483, 39.077652406458789 ], [ 141.821518404250611, 39.07685919061678 ], [ 141.822037224540395, 39.076421769472027 ], [ 141.822296422486176, 39.076452298465256 ], [ 141.822861106388473, 39.076157419875805 ], [ 141.823105220997775, 39.075536880073471 ], [ 141.823715495479291, 39.07511971858186 ], [ 141.824509039754275, 39.074824789876331 ], [ 141.825439504500082, 39.074713219302012 ], [ 141.826492416240626, 39.075201194152449 ], [ 141.827209350016659, 39.075211487608847 ], [ 141.8276518125748, 39.075048809129981 ], [ 141.828170577554829, 39.075374313361095 ], [ 141.830169341879355, 39.075476053840923 ], [ 141.831359505693882, 39.075130327008743 ], [ 141.831466114117831, 39.074937005357782 ], [ 141.831908645253378, 39.074927026657697 ], [ 141.832095984304686, 39.074428002693416 ], [ 141.832085741675542, 39.073702930315669 ], [ 141.831706694241944, 39.072255923397492 ], [ 141.830922331663487, 39.071476382428727 ], [ 141.828687933651253, 39.070559520804196 ], [ 141.828461083644072, 39.070195636842698 ], [ 141.828227474836524, 39.068986734426559 ], [ 141.828340024928366, 39.068055687349151 ], [ 141.828943699658879, 39.06741420100861 ], [ 141.83127389043193, 39.067014766298449 ], [ 141.829091325924992, 39.066237664505756 ], [ 141.82745890273722, 39.0662401068641 ], [ 141.825435433752574, 39.066668458998855 ], [ 141.822437078678121, 39.066938671579152 ], [ 141.820793313524632, 39.06806769620578 ], [ 141.819339229645465, 39.068677268326724 ], [ 141.81557328998025, 39.068524139123724 ], [ 141.810656734057346, 39.06939218188726 ], [ 141.80920363325103, 39.068996791754344 ], [ 141.802739798706824, 39.068166618297994 ], [ 141.802199626334868, 39.068341625981823 ], [ 141.801567438459728, 39.069002493753814 ], [ 141.799972909888766, 39.069950942598993 ], [ 141.798411517622071, 39.071383928221486 ], [ 141.797189533410659, 39.072089703718454 ], [ 141.797695570547887, 39.072519041816079 ], [ 141.797949233973924, 39.073573016804211 ], [ 141.798777435714129, 39.07486060241915 ], [ 141.802723877162549, 39.076274950163274 ], [ 141.804891199419529, 39.07641631880788 ], [ 141.806353674202825, 39.076107632148137 ], [ 141.807150040423238, 39.076142507171795 ], [ 141.813722993777503, 39.080324718926249 ], [ 141.816234605077511, 39.081617881760749 ], [ 141.817581093005458, 39.083432731707823 ], [ 141.818054349187776, 39.084385013043033 ], [ 141.819553378046294, 39.085993889845028 ], [ 141.820419833805374, 39.085550301984419 ], [ 141.820908179501743, 39.085596207302004 ], [ 141.821465055516995, 39.086125013927735 ], [ 141.821976116014497, 39.086328576371223 ], [ 141.822387950349423, 39.086287857051339 ], [ 141.822525235458841, 39.086593040311932 ], [ 141.823120396662176, 39.086643941363143 ] ] ] } },
{ "type": "Feature", "properties": { "CITY_NAME": "大船渡市", "S_NAME": "三陸町吉浜字増館", "JINKO": 26, "medical_area": "03_気仙医療圏", "町丁目名": "大船渡市三陸町吉浜字増館" }, "geometry": { "type": "Polygon", "coordinates": [ [ [ 141.870351551092114, 39.123891145330809 ], [ 141.86273674967444, 39.12395259034821 ], [ 141.861788646826, 39.123785012377432 ], [ 141.860903381006267, 39.123384913300811 ], [ 141.858529483007317, 39.121964850099296 ], [ 141.854110674589151, 39.121746415639535 ], [ 141.850559653326968, 39.121115523060695 ], [ 141.84709433785693, 39.120880272715816 ], [ 141.843540004456457, 39.121960417402406 ], [ 141.841437535945175, 39.122770688810427 ], [ 141.83958898292957, 39.123738476756408 ], [ 141.837374617810241, 39.125235782333071 ], [ 141.835499255088564, 39.127761043162543 ], [ 141.835765255977748, 39.129508644827524 ], [ 141.836276325271626, 39.131136125136777 ], [ 141.837586087338622, 39.13311340121647 ], [ 141.839384012128789, 39.13501840522661 ], [ 141.843502411831793, 39.138111954729759 ], [ 141.848954789710177, 39.14091468115312 ], [ 141.848828577710833, 39.140410136857199 ], [ 141.849194611272054, 39.140400193840165 ], [ 141.849225185633173, 39.140227157395493 ], [ 141.848965738603027, 39.140064387593583 ], [ 141.849072690804434, 39.139861057816731 ], [ 141.849881235455484, 39.139962743829948 ], [ 141.849927014096068, 39.139647487975147 ], [ 141.849408231173783, 39.139098087542976 ], [ 141.849957606580631, 39.139250589447997 ], [ 141.85040002252498, 39.139067628401612 ], [ 141.849987878982176, 39.138599850587454 ], [ 141.849316578227729, 39.138345453899859 ], [ 141.849392938120758, 39.138019938581152 ], [ 141.850918605157887, 39.138365762257301 ], [ 141.850033702167224, 39.137724974664224 ], [ 141.850231962943838, 39.137725004806654 ], [ 141.850247257756962, 39.137582785236461 ], [ 141.851086366140692, 39.138081110450514 ], [ 141.851589951742568, 39.137704784305711 ], [ 141.851574660436398, 39.13694184419009 ], [ 141.851971504055939, 39.137063999201942 ], [ 141.851879840583479, 39.136799627268303 ], [ 141.852398742084176, 39.136982643231555 ], [ 141.852474792984594, 39.136636860783504 ], [ 141.85212394973567, 39.13632162057398 ], [ 141.852428974705987, 39.136006137107955 ], [ 141.852764717229718, 39.136046977772573 ], [ 141.852718929602446, 39.135873902146969 ], [ 141.85355800855092, 39.135884230713678 ], [ 141.853909051880407, 39.135558769809094 ], [ 141.854351558094493, 39.135752090512796 ], [ 141.85425987751799, 39.135436554884777 ], [ 141.854488730186944, 39.135253545469482 ], [ 141.855251753880282, 39.135640193821288 ], [ 141.854931189033493, 39.135101038544732 ], [ 141.855099197436374, 39.135009416120674 ], [ 141.855770528044388, 39.135304390182085 ], [ 141.855816089452816, 39.134938319182162 ], [ 141.856838483381381, 39.135538594370672 ], [ 141.856731543454032, 39.134938385160027 ], [ 141.857479282928495, 39.135385815960412 ], [ 141.85770811685569, 39.135375854371624 ], [ 141.857372341687153, 39.13478588893642 ], [ 141.858257242714501, 39.135263919223064 ], [ 141.858348897485968, 39.134806237566927 ], [ 141.859020219348309, 39.134938482587408 ], [ 141.859249032911293, 39.1348468113896 ], [ 141.858989624231924, 39.134531559365563 ], [ 141.859050710020909, 39.134165492530911 ], [ 141.859386292840469, 39.134480708181556 ], [ 141.859874533861472, 39.134531585458845 ], [ 141.860133970420407, 39.134358850973221 ], [ 141.859660951789863, 39.134155266843607 ], [ 141.859905079663463, 39.133992451456656 ], [ 141.860805250501897, 39.133992545892632 ], [ 141.861507135153914, 39.133606192461897 ], [ 141.862040996023921, 39.133972291440017 ], [ 141.862895676476342, 39.133728146519537 ], [ 141.862803947122558, 39.133474057111378 ], [ 141.863368395216497, 39.133657114959611 ], [ 141.863048095444867, 39.13315852057557 ], [ 141.86356696582024, 39.133351832088671 ], [ 141.863643086140343, 39.133168817129544 ], [ 141.864116084546396, 39.133524887682647 ], [ 141.865077369183496, 39.133138330553479 ], [ 141.865062090790246, 39.13279250054557 ], [ 141.865367340745053, 39.132873898241606 ], [ 141.865565598786162, 39.133189183684337 ], [ 141.86667941183012, 39.133351948004453 ], [ 141.866740261521386, 39.132812828194346 ], [ 141.867503190998718, 39.132863701008176 ], [ 141.867274340659066, 39.132385702162793 ], [ 141.867381037592793, 39.132243231108809 ], [ 141.868296443997906, 39.132131588353403 ], [ 141.868327010284617, 39.131887467335595 ], [ 141.868678125368575, 39.132039950381227 ], [ 141.869593548535789, 39.131948353825777 ], [ 141.869822415747819, 39.13174504775246 ], [ 141.869700209602087, 39.131226202468852 ], [ 141.869837368257663, 39.131195637094009 ], [ 141.870295091805502, 39.131918120246645 ], [ 141.870554552149713, 39.131785901040814 ], [ 141.870630956988521, 39.1314703631082 ], [ 141.870371486990024, 39.131368726331381 ], [ 141.870188445991886, 39.131063449497368 ], [ 141.869654366256611, 39.130880434962449 ], [ 141.869593576167858, 39.130697366603975 ], [ 141.870188425339279, 39.130626278866401 ], [ 141.870798680030902, 39.131165414092976 ], [ 141.87099699370674, 39.131022970073346 ], [ 141.870707299756219, 39.130402446429144 ], [ 141.87139390214594, 39.131002687995647 ], [ 141.871714122455245, 39.131063525873891 ], [ 141.871576950795117, 39.130738277947877 ], [ 141.872004071228673, 39.130585560873861 ], [ 141.872141282471716, 39.130809397584208 ], [ 141.872690715689885, 39.130636375840311 ], [ 141.872950087074088, 39.130199216154097 ], [ 141.871927756791848, 39.129975315559626 ], [ 141.872202386532649, 39.12975146878869 ], [ 141.872888968540707, 39.129639576531098 ], [ 141.872553201812934, 39.12925325475544 ], [ 141.872064926185146, 39.12925324223275 ], [ 141.872339645605933, 39.128968239115828 ], [ 141.872751481861201, 39.128968298586216 ], [ 141.872889036621217, 39.128805773483705 ], [ 141.873362025468424, 39.129141325416356 ], [ 141.873362007364108, 39.128754685653618 ], [ 141.873636392703986, 39.128581931241854 ], [ 141.87316370238662, 39.128358062153787 ], [ 141.8741094005305, 39.128246174647025 ], [ 141.87357561654153, 39.127636001732157 ], [ 141.873163669082345, 39.127585135404495 ], [ 141.87227872654492, 39.127086817640468 ], [ 141.872690682181741, 39.126801858248491 ], [ 141.873163655872673, 39.127137692432903 ], [ 141.873438117751164, 39.127086897288983 ], [ 141.873300911384376, 39.126801907504195 ], [ 141.87200401719619, 39.126140823800625 ], [ 141.872751463986788, 39.126028953666889 ], [ 141.872064886627754, 39.125581435689639 ], [ 141.871866562445263, 39.12519480432006 ], [ 141.871393846337185, 39.124869307877916 ], [ 141.870279758223091, 39.124513194271934 ], [ 141.870234248171414, 39.1242387847347 ], [ 141.870783371212298, 39.124299633183256 ], [ 141.870676725013766, 39.124045472429906 ], [ 141.87014259066413, 39.124014892140842 ], [ 141.870351551092114, 39.123891145330809 ] ] ] } },
{ "type": "Feature", "properties": { "CITY_NAME": "大船渡市", "S_NAME": "三陸町吉浜字平根", "JINKO": 110, "medical_area": "03_気仙医療圏", "町丁目名": "大船渡市三陸町吉浜字平根" }, "geometry": { "type": "Polygon", "coordinates": [ [ [ 141.79133069713788, 39.179178128675261 ], [ 141.792467311744673, 39.17770979245271 ], [ 141.79292170558648, 39.17739564110537 ], [ 141.793587190309779, 39.177211628201206 ], [ 141.795282762753317, 39.177244244735448 ], [ 141.796083088723549, 39.177439400204449 ], [ 141.798530211000923, 39.178474619436059 ], [ 141.799109305265404, 39.178531892471618 ], [ 141.804085655564137, 39.177147956519271 ], [ 141.804874818756929, 39.177266785195009 ], [ 141.805342388192855, 39.173315650762298 ], [ 141.805410803705968, 39.169112307827326 ], [ 141.805227958364981, 39.165042377561178 ], [ 141.805427028725688, 39.16418699882869 ], [ 141.805883638589705, 39.163657837516396 ], [ 141.809593292544662, 39.16200148940289 ], [ 141.818092462503898, 39.157530083229517 ], [ 141.821118421629734, 39.154761327963818 ], [ 141.823324491077017, 39.152239186625771 ], [ 141.82469369312733, 39.151036578355836 ], [ 141.826250571901568, 39.150172752284561 ], [ 141.825408163194652, 39.149367023204711 ], [ 141.82328642016509, 39.147966153579958 ], [ 141.823057267939589, 39.145227738952904 ], [ 141.821961032166485, 39.143997418795976 ], [ 141.821326419078531, 39.14395389232623 ], [ 141.819085424984706, 39.142474242353195 ], [ 141.813956361225507, 39.140319839280181 ], [ 141.810541453628502, 39.139067518444506 ], [ 141.808504162626264, 39.138493478666902 ], [ 141.805773546571032, 39.137969034986533 ], [ 141.803454620647074, 39.136955724745427 ], [ 141.802594520508876, 39.137776137291411 ], [ 141.801639454248971, 39.138289366343315 ], [ 141.798238810271556, 39.13945164821267 ], [ 141.795002999314221, 39.140224548837622 ], [ 141.794482269717093, 39.140612874262281 ], [ 141.794262714559153, 39.141039254564717 ], [ 141.794319402216132, 39.141650136424268 ], [ 141.794113226759805, 39.142136646805632 ], [ 141.791786378419403, 39.143823020747391 ], [ 141.791053640177665, 39.14450019617351 ], [ 141.790217883029811, 39.145611450815764 ], [ 141.789090297897559, 39.146431622680637 ], [ 141.786911690999347, 39.14729801761564 ], [ 141.785562694109245, 39.147676734532645 ], [ 141.783016308412101, 39.147984884210324 ], [ 141.776707204408922, 39.150019568783854 ], [ 141.774896893952359, 39.151767937392293 ], [ 141.772767603774071, 39.151959684792722 ], [ 141.77175372773911, 39.15257875857619 ], [ 141.770333087627137, 39.152783492870412 ], [ 141.768734832041559, 39.153641457013094 ], [ 141.766977688244936, 39.153883126397901 ], [ 141.764804580004352, 39.15510870565852 ], [ 141.763338178228736, 39.155317454993614 ], [ 141.762975923760536, 39.155558283053786 ], [ 141.762846027014604, 39.155872348866566 ], [ 141.762873679084294, 39.156316479367199 ], [ 141.76325633308366, 39.157201078989203 ], [ 141.763141428819267, 39.157459780659096 ], [ 141.762780890078147, 39.157585246889681 ], [ 141.761334273849712, 39.157612103276563 ], [ 141.760619999177123, 39.157783234786358 ], [ 141.759081335132606, 39.158639325275544 ], [ 141.756955296976031, 39.158981807785686 ], [ 141.75601635707477, 39.159324016107114 ], [ 141.755285280256743, 39.159284053049646 ], [ 141.754565785090108, 39.159037793167876 ], [ 141.753324804774905, 39.15737355467607 ], [ 141.752743141976282, 39.156827377519342 ], [ 141.751309548273127, 39.156175231011623 ], [ 141.750158971890841, 39.155216744934748 ], [ 141.749707343498926, 39.154636662546295 ], [ 141.749325519840539, 39.153690073257344 ], [ 141.747854251080355, 39.153636088832393 ], [ 141.746894008380451, 39.153309954019875 ], [ 141.745460970404793, 39.154852284578659 ], [ 141.744165246116353, 39.155276094047608 ], [ 141.742636483965413, 39.155489875200658 ], [ 141.740419138992621, 39.155023744752043 ], [ 141.739335859411085, 39.155150899467365 ], [ 141.736881199292981, 39.157183841081228 ], [ 141.736938800770588, 39.158783179883187 ], [ 141.737366166118449, 39.160315539530693 ], [ 141.73809753946432, 39.160835644891648 ], [ 141.737912220691442, 39.161151241455059 ], [ 141.737911831037167, 39.161760345872942 ], [ 141.738726323380376, 39.162331102431516 ], [ 141.739157731297695, 39.162895188924907 ], [ 141.738560130101121, 39.163823160183526 ], [ 141.738681407516538, 39.164283882044735 ], [ 141.738311420695283, 39.165296645627514 ], [ 141.739299083997849, 39.166520049643601 ], [ 141.739386307301118, 39.166897640870872 ], [ 141.740639239822684, 39.167929796922856 ], [ 141.742258894250597, 39.169611384669928 ], [ 141.74299006866346, 39.170985804983168 ], [ 141.74276441585468, 39.171287225330637 ], [ 141.743882854637462, 39.172565087270257 ], [ 141.746611494781888, 39.174080577833841 ], [ 141.746606725823682, 39.174256554400763 ], [ 141.746220978428482, 39.174468519548832 ], [ 141.747458884589776, 39.17463468899026 ], [ 141.748948792029296, 39.174225593735756 ], [ 141.751482172763076, 39.174298853430329 ], [ 141.753143776366301, 39.174797949591039 ], [ 141.753550871558417, 39.175431137451433 ], [ 141.754469445747191, 39.176285343333632 ], [ 141.755509763238081, 39.176540956597677 ], [ 141.756673970575179, 39.177121553049844 ], [ 141.759416115283074, 39.177891450374638 ], [ 141.759835287508082, 39.177919156826349 ], [ 141.760310335568988, 39.177651477530489 ], [ 141.760749604348803, 39.177694574293682 ], [ 141.763414740102718, 39.178666763777947 ], [ 141.770307634596662, 39.178883172958052 ], [ 141.773027099350969, 39.17943563417186 ], [ 141.775128641052788, 39.179255707080607 ], [ 141.776648022008317, 39.179538306656617 ], [ 141.778020533548556, 39.179278923992229 ], [ 141.779038788964925, 39.179363783186268 ], [ 141.78206127194872, 39.180192893514722 ], [ 141.7834704373943, 39.181174829896051 ], [ 141.784740409760843, 39.18143612338023 ], [ 141.786887912447185, 39.180968472073864 ], [ 141.790678612704681, 39.179618043614845 ], [ 141.79133069713788, 39.179178128675261 ] ] ] } },
{ "type": "Feature", "properties": { "CITY_NAME": "大船渡市", "S_NAME": "三陸町吉浜字中井", "JINKO": 156, "medical_area": "03_気仙医療圏", "町丁目名": "大船渡市三陸町吉浜字中井" }, "geometry": { "type": "Polygon", "coordinates": [ [ [ 141.829071600287847, 39.147100212626256 ], [ 141.82935611494932, 39.147177731053112 ], [ 141.830832954320329, 39.148472254123156 ], [ 141.831331603670463, 39.147876570328222 ], [ 141.832274942348334, 39.147615298535136 ], [ 141.833463282878597, 39.146432479641177 ], [ 141.834767785439254, 39.145419515737196 ], [ 141.835171758037575, 39.144531441110807 ], [ 141.836998650470747, 39.145437793973095 ], [ 141.837446955332837, 39.144732445673057 ], [ 141.838057098316966, 39.144539153957403 ], [ 141.83926226127457, 39.144864742293876 ], [ 141.839567554291222, 39.144600317592037 ], [ 141.840147398257415, 39.144518959732963 ], [ 141.839743019128093, 39.144325678901652 ], [ 141.840025224748217, 39.144020701940931 ], [ 141.840284614853232, 39.144040984518234 ], [ 141.840620131449128, 39.143501902645276 ], [ 141.843351188583142, 39.143064567597065 ], [ 141.843885345452492, 39.143125746232251 ], [ 141.844800700730445, 39.142647783223261 ], [ 141.845716191814688, 39.142393394493169 ], [ 141.845670363292243, 39.142210324673975 ], [ 141.846585797622168, 39.141946005876797 ], [ 141.846692463403627, 39.141722131855168 ], [ 141.847028235082973, 39.141681563875714 ], [ 141.847272344394781, 39.141244173868003 ], [ 141.848584438927531, 39.141589984588308 ], [ 141.84852337617653, 39.141203665102715 ], [ 141.848889417564095, 39.14108147507303 ], [ 141.848954789710234, 39.140914681153149 ], [ 141.843502411831849, 39.138111954729759 ], [ 141.839384012128789, 39.13501840522661 ], [ 141.837586087338622, 39.13311340121647 ], [ 141.836276325271626, 39.131136125136777 ], [ 141.835765255977776, 39.129508644827524 ], [ 141.835499255088564, 39.127761043162536 ], [ 141.834493958237601, 39.129029105130094 ], [ 141.833527917585968, 39.129748954536524 ], [ 141.832440787998252, 39.130367938385504 ], [ 141.831160365523658, 39.130769908970159 ], [ 141.82987325661918, 39.131032086902515 ], [ 141.8267140730579, 39.130969387903242 ], [ 141.825037203923699, 39.131107593502406 ], [ 141.824315049035818, 39.131278833742556 ], [ 141.823272504478183, 39.131914029721791 ], [ 141.8193326734945, 39.133261795906172 ], [ 141.816243470781018, 39.133770208761078 ], [ 141.8123878538631, 39.135956502463571 ], [ 141.809803024897576, 39.136409202349164 ], [ 141.804458748424878, 39.136371765774776 ], [ 141.803774486516403, 39.136652137700509 ], [ 141.803454620647074, 39.136955724745427 ], [ 141.805773546571032, 39.137969034986533 ], [ 141.808504162626264, 39.138493478666902 ], [ 141.810541453628502, 39.139067518444506 ], [ 141.813956361225507, 39.140319839280181 ], [ 141.819085424984706, 39.142474242353195 ], [ 141.821326419078531, 39.14395389232623 ], [ 141.821961032166485, 39.143997418795976 ], [ 141.823057267939589, 39.145227738952904 ], [ 141.82328642016509, 39.147966153579958 ], [ 141.825408163194652, 39.149367023204711 ], [ 141.826250571901568, 39.150172752284561 ], [ 141.826877876352171, 39.149263890625953 ], [ 141.828416442468267, 39.148126219736078 ], [ 141.829071600287847, 39.147100212626256 ] ] ] } },
{ "type": "Feature", "properties": { "CITY_NAME": "大船渡市", "S_NAME": "三陸町吉浜字上野", "JINKO": 106, "medical_area": "03_気仙医療圏", "町丁目名": "大船渡市三陸町吉浜字上野" }, "geometry": { "type": "Polygon", "coordinates": [ [ [ 141.835521247563179, 39.151261725013512 ], [ 141.835721656823978, 39.150997859903292 ], [ 141.836855430227217, 39.151488058388949 ], [ 141.837625789662809, 39.150978186977028 ], [ 141.838278928333352, 39.151335838205362 ], [ 141.8384798490886, 39.151112008960716 ], [ 141.83791030122822, 39.150746039607284 ], [ 141.838726113382279, 39.148464300168712 ], [ 141.837477243476769, 39.147987285881371 ], [ 141.837263708429418, 39.147773705837658 ], [ 141.836897574306107, 39.146024178532919 ], [ 141.836998650470747, 39.145437793973095 ], [ 141.835171758037575, 39.144531441110807 ], [ 141.834767785439254, 39.145419515737196 ], [ 141.833463282878597, 39.146432479641177 ], [ 141.832274942348334, 39.147615298535136 ], [ 141.831331603670463, 39.147876570328222 ], [ 141.830832954320329, 39.148472254123156 ], [ 141.831943259831377, 39.149263132801373 ], [ 141.833696953536673, 39.150108453783375 ], [ 141.833347423333834, 39.150277600548904 ], [ 141.833909493798899, 39.151554796042156 ], [ 141.835521247563179, 39.151261725013512 ] ] ] } },
{ "type": "Feature", "properties": { "CITY_NAME": "大船渡市", "S_NAME": "三陸町吉浜字上野", "JINKO": 154, "medical_area": "03_気仙医療圏", "町丁目名": "大船渡市三陸町吉浜字上野" }, "geometry": { "type": "Polygon", "coordinates": [ [ [ 141.838513068939051, 39.153350045816033 ], [ 141.83979750804744, 39.153286338764012 ], [ 141.841474913741706, 39.152452707526422 ], [ 141.841123868140556, 39.151506740873081 ], [ 141.840421975786057, 39.150743747402799 ], [ 141.84017777480409, 39.149380870815115 ], [ 141.839704754121101, 39.148877269336502 ], [ 141.838726113382279, 39.148464300168712 ], [ 141.83791030122822, 39.150746039607284 ], [ 141.8384798490886, 39.151112008960716 ], [ 141.838278928333352, 39.151335838205362 ], [ 141.837625789662809, 39.150978186977028 ], [ 141.836855430227217, 39.151488058388949 ], [ 141.835721656823978, 39.150997859903292 ], [ 141.835521247563179, 39.151261725013512 ], [ 141.833909493798899, 39.151554796042156 ], [ 141.833347423333834, 39.150277600548904 ], [ 141.833696953536673, 39.150108453783375 ], [ 141.831943259831377, 39.149263132801373 ], [ 141.830509686982225, 39.148237009346701 ], [ 141.82935611494932, 39.147177731053112 ], [ 141.829071600287847, 39.147100212626256 ], [ 141.828416442468267, 39.148126219736078 ], [ 141.826877876352142, 39.149263890625953 ], [ 141.826250571901568, 39.150172752284561 ], [ 141.824693693127301, 39.151036578355821 ], [ 141.823324491077017, 39.152239186625771 ], [ 141.819947938490515, 39.155931758550558 ], [ 141.824728718305806, 39.157614960012353 ], [ 141.830245842566569, 39.15917380539365 ], [ 141.831541803043336, 39.159385587138132 ], [ 141.831545803489206, 39.160349396868277 ], [ 141.832018727258571, 39.160382146140641 ], [ 141.832656792297939, 39.159108744671187 ], [ 141.833759084029964, 39.15786197891601 ], [ 141.837134772899759, 39.154740185621534 ], [ 141.837620507036377, 39.153766110068474 ], [ 141.838513068939051, 39.153350045816033 ] ] ] } },
{ "type": "Feature", "properties": { "CITY_NAME": "大船渡市", "S_NAME": "三陸町吉浜字上野", "JINKO": 80, "medical_area": "03_気仙医療圏", "町丁目名": "大船渡市三陸町吉浜字上野" }, "geometry": { "type": "Polygon", "coordinates": [ [ [ 141.808997560446642, 39.177603627781188 ], [ 141.810011714499723, 39.177393378609672 ], [ 141.81075708071387, 39.176502397210328 ], [ 141.811252755716737, 39.176296479839479 ], [ 141.815090660111423, 39.17624093956023 ], [ 141.816700489855293, 39.175854885246636 ], [ 141.81863554760497, 39.175916104215858 ], [ 141.819709625498945, 39.175720812529036 ], [ 141.8217129064939, 39.176371207151959 ], [ 141.823160862409736, 39.176176574019337 ], [ 141.823844312950428, 39.176370135546634 ], [ 141.823912643239936, 39.175752442375682 ], [ 141.824289748289488, 39.175129448829011 ], [ 141.828772782518399, 39.171093472398077 ], [ 141.830222605904254, 39.169603844630366 ], [ 141.830878321439144, 39.168406661164369 ], [ 141.83101170452025, 39.164225871314443 ], [ 141.83090976202854, 39.161616642845786 ], [ 141.830596211687265, 39.160770402549133 ], [ 141.831545803489206, 39.160349396868277 ], [ 141.831541803043336, 39.159385587138132 ], [ 141.830245842566569, 39.15917380539365 ], [ 141.824728718305806, 39.157614960012353 ], [ 141.819947938490515, 39.155931758550558 ], [ 141.818092462503898, 39.157530083229517 ], [ 141.815581978749947, 39.158963163373954 ], [ 141.809593292544662, 39.16200148940289 ], [ 141.805883638589705, 39.163657837516396 ], [ 141.805427028725688, 39.16418699882869 ], [ 141.805227958364981, 39.165042377561178 ], [ 141.805410803705968, 39.169112307827326 ], [ 141.805342388192855, 39.173315650762298 ], [ 141.804874818756929, 39.177266785195009 ], [ 141.805927150580089, 39.177644777681927 ], [ 141.80749808739364, 39.178764748911441 ], [ 141.808037962571319, 39.178868892682601 ], [ 141.808997560446642, 39.177603627781188 ] ] ] } },
{ "type": "Feature", "properties": { "CITY_NAME": "大船渡市", "S_NAME": "三陸町吉浜字扇洞", "JINKO": 204, "medical_area": "03_気仙医療圏", "町丁目名": "大船渡市三陸町吉浜字扇洞" }, "geometry": { "type": "Polygon", "coordinates": [ [ [ 141.835022724002499, 39.177187946975977 ], [ 141.836372661256064, 39.177044810120897 ], [ 141.837840015742074, 39.177204028127406 ], [ 141.839544642250218, 39.176769825586462 ], [ 141.840949376539044, 39.176666415925588 ], [ 141.843282764760772, 39.175953109312744 ], [ 141.844597578692628, 39.176124119390991 ], [ 141.845952748667088, 39.175838741963446 ], [ 141.849791303512319, 39.174683439462676 ], [ 141.851499502278102, 39.174585983213333 ], [ 141.850029374417858, 39.170693487836346 ], [ 141.848159649477282, 39.164808972569375 ], [ 141.848944011485116, 39.164381170697872 ], [ 141.850190016085435, 39.163265382506964 ], [ 141.851571536680524, 39.161223694606612 ], [ 141.852571503844359, 39.159348998970003 ], [ 141.853192314119553, 39.157050372441859 ], [ 141.852688760783593, 39.156633446011725 ], [ 141.852093795936668, 39.156419852854668 ], [ 141.851361375509242, 39.156501195221033 ], [ 141.85029341839811, 39.15696885681556 ], [ 141.848310018997722, 39.156582468837748 ], [ 141.848035368805625, 39.156378874305403 ], [ 141.8480812117038, 39.156185862346554 ], [ 141.846982633865906, 39.155860295590642 ], [ 141.846997913214864, 39.155697527800193 ], [ 141.846860465620296, 39.155687251831409 ], [ 141.846906308251107, 39.155870247112311 ], [ 141.846494359554185, 39.155778892385108 ], [ 141.846540178371697, 39.15564668421154 ], [ 141.846448562255063, 39.155768593360925 ], [ 141.844251599085425, 39.154680311264997 ], [ 141.841474913741706, 39.152452707526422 ], [ 141.83979750804744, 39.153286338764012 ], [ 141.838513068939051, 39.153350045816033 ], [ 141.837620507036377, 39.153766110068474 ], [ 141.837134772899759, 39.154740185621534 ], [ 141.835870430045844, 39.155784286808561 ], [ 141.832656792297939, 39.159108744671187 ], [ 141.832018727258571, 39.160382146140641 ], [ 141.831545803489206, 39.160349396868277 ], [ 141.830596211687265, 39.160770402549133 ], [ 141.83090976202854, 39.161616642845786 ], [ 141.83101170452025, 39.164225871314443 ], [ 141.830878321439144, 39.168406661164369 ], [ 141.830222605904254, 39.169603844630366 ], [ 141.828772782518399, 39.171093472398013 ], [ 141.824289748289431, 39.175129448829033 ], [ 141.823912643239936, 39.175752442375682 ], [ 141.823844312950428, 39.176370135546634 ], [ 141.824659885134821, 39.177302695242403 ], [ 141.82480472700496, 39.178027091299946 ], [ 141.825012632352241, 39.178273673141888 ], [ 141.825995941631845, 39.178538842745688 ], [ 141.828112119259913, 39.178703201648212 ], [ 141.828708200400342, 39.179429510700501 ], [ 141.829437978873386, 39.17991610475341 ], [ 141.830823528956614, 39.179531757110588 ], [ 141.832697813925904, 39.178488158098297 ], [ 141.833621324868801, 39.177673531119993 ], [ 141.835022724002499, 39.177187946975977 ] ] ] } },
{ "type": "Feature", "properties": { "CITY_NAME": "大船渡市", "S_NAME": "三陸町吉浜字根白", "JINKO": 59, "medical_area": "03_気仙医療圏", "町丁目名": "大船渡市三陸町吉浜字根白" }, "geometry": { "type": "Polygon", "coordinates": [ [ [ 141.860066966528109, 39.174620764004274 ], [ 141.860294900030311, 39.174180960140667 ], [ 141.861433222463859, 39.173495970241127 ], [ 141.862392128571798, 39.173359851393997 ], [ 141.863081740309838, 39.172441643315913 ], [ 141.864057302633228, 39.172190652638236 ], [ 141.863231206577751, 39.170835721147483 ], [ 141.862874248168026, 39.169535474965116 ], [ 141.861899276880791, 39.16319673892378 ], [ 141.860119012771491, 39.159229658928616 ], [ 141.859932107034581, 39.158482834418052 ], [ 141.859932737603515, 39.157884663757322 ], [ 141.860154605714513, 39.157879729681518 ], [ 141.860013246507975, 39.157109371774268 ], [ 141.860326416014999, 39.157067883916618 ], [ 141.859905451283794, 39.156633690888654 ], [ 141.859279957349543, 39.156460659144805 ], [ 141.858974722326849, 39.15614539668865 ], [ 141.860973390554619, 39.155118141380107 ], [ 141.858303412687548, 39.156369246347147 ], [ 141.857342174803222, 39.156552217068018 ], [ 141.854977382697626, 39.157538695268023 ], [ 141.854123093049623, 39.15745729331254 ], [ 141.853192314119553, 39.157050372441859 ], [ 141.852571503844359, 39.159348998970003 ], [ 141.851571536680524, 39.161223694606569 ], [ 141.850190016085435, 39.163265382506964 ], [ 141.848944011485116, 39.164381170697872 ], [ 141.848159649477282, 39.164808972569375 ], [ 141.850029374417858, 39.170693487836346 ], [ 141.851499502278102, 39.174585983213333 ], [ 141.852929710478122, 39.174546599772128 ], [ 141.853893404770872, 39.174738803339679 ], [ 141.855501653608684, 39.175746259884747 ], [ 141.856441332799562, 39.175902199733713 ], [ 141.857727546623209, 39.175708495104161 ], [ 141.860066966528109, 39.174620764004274 ] ] ] } },
{ "type": "Feature", "properties": { "CITY_NAME": "大船渡市", "S_NAME": "三陸町吉浜字根白", "JINKO": 137, "medical_area": "03_気仙医療圏", "町丁目名": "大船渡市三陸町吉浜字根白" }, "geometry": { "type": "Polygon", "coordinates": [ [ [ 141.865927826750976, 39.169953861540876 ], [ 141.870774078066773, 39.16963721320375 ], [ 141.871310319676581, 39.169450031645525 ], [ 141.872140025424017, 39.168537785617566 ], [ 141.872717803891049, 39.168306386680051 ], [ 141.873252507118707, 39.168432229333241 ], [ 141.874054235958454, 39.165354915461869 ], [ 141.874148842280249, 39.164211847843468 ], [ 141.874042388063117, 39.163451786127901 ], [ 141.87456733820116, 39.16223956826564 ], [ 141.875468364952383, 39.161006177860294 ], [ 141.879233525958256, 39.15767459395385 ], [ 141.879941540253952, 39.15674493342285 ], [ 141.880635624259753, 39.155457683313799 ], [ 141.878824407822719, 39.155413639124383 ], [ 141.878412485771236, 39.155576379723421 ], [ 141.877252897112328, 39.155576358929203 ], [ 141.876093297423921, 39.155301659304143 ], [ 141.875406908351238, 39.154467819930908 ], [ 141.874460944796937, 39.154243971849361 ], [ 141.873835412090074, 39.153745402502658 ], [ 141.872477460275235, 39.153409873461662 ], [ 141.872553584314119, 39.153857264755956 ], [ 141.871195701715834, 39.153470909286249 ], [ 141.870860157610338, 39.153511476908307 ], [ 141.870982077928034, 39.153755572372184 ], [ 141.870371855131765, 39.15367416165423 ], [ 141.870341344035211, 39.153511448248331 ], [ 141.868937850829582, 39.153684447723009 ], [ 141.868907253831111, 39.153460579367128 ], [ 141.868464861167524, 39.153714968589725 ], [ 141.867625428066589, 39.153541911737385 ], [ 141.866405047371302, 39.153714874554318 ], [ 141.86596257461423, 39.153490994180927 ], [ 141.865382632508698, 39.153440184114608 ], [ 141.864375780775845, 39.153745085401226 ], [ 141.863719773082323, 39.153653699164977 ], [ 141.863216187187078, 39.153958926935758 ], [ 141.863063752638197, 39.154436916283728 ], [ 141.862758515806092, 39.154579092572561 ], [ 141.862560217754719, 39.154894570477296 ], [ 141.862133005459867, 39.154965688624948 ], [ 141.861156452969738, 39.154792597458432 ], [ 141.86207189163423, 39.155026819217937 ], [ 141.861598864654297, 39.155698065636365 ], [ 141.861080359438375, 39.155881105965754 ], [ 141.861339811274604, 39.15618635173913 ], [ 141.860653230811607, 39.156552366865903 ], [ 141.859905451283794, 39.156633690888654 ], [ 141.860326416014999, 39.157067883916618 ], [ 141.860013246507975, 39.157109371774268 ], [ 141.860154605714513, 39.157879729681518 ], [ 141.859932737603515, 39.157884663757322 ], [ 141.859932107034581, 39.158482834418052 ], [ 141.860119012771491, 39.159229658928616 ], [ 141.861899276880791, 39.16319673892378 ], [ 141.862874248168026, 39.169535474965116 ], [ 141.863231206577751, 39.170835721147483 ], [ 141.864057302633228, 39.172190652638236 ], [ 141.864481837976086, 39.172027993288168 ], [ 141.865315188571543, 39.171327433188971 ], [ 141.865927826750976, 39.169953861540876 ] ] ] } },
{ "type": "Feature", "properties": { "CITY_NAME": "大船渡市", "S_NAME": "三陸町吉浜字千歳", "JINKO": 134, "medical_area": "03_気仙医療圏", "町丁目名": "大船渡市三陸町吉浜字千歳" }, "geometry": { "type": "Polygon", "coordinates": [ [ [ 141.919159604185523, 39.181192152712704 ], [ 141.921509419838372, 39.181009194133999 ], [ 141.921117942872797, 39.180883297484449 ], [ 141.921133232940548, 39.180252614087131 ], [ 141.920461901083797, 39.179967894137569 ], [ 141.920644946708336, 39.179560978104654 ], [ 141.920568589291577, 39.179306589658808 ], [ 141.920797395588409, 39.179052446695131 ], [ 141.920751627680005, 39.178513396395495 ], [ 141.921194022508161, 39.178401451533276 ], [ 141.920980465923463, 39.178320055061008 ], [ 141.92110270865453, 39.178045373662343 ], [ 141.922140021397581, 39.177984582016109 ], [ 141.921575627250093, 39.177831806174737 ], [ 141.921514566114922, 39.17733357656919 ], [ 141.920507405278926, 39.176916380321842 ], [ 141.920431332500158, 39.176580848838441 ], [ 141.92076686056339, 39.176540065476281 ], [ 141.920629626259398, 39.176418123556623 ], [ 141.919424213955779, 39.176306152940185 ], [ 141.919424248443534, 39.175980677434268 ], [ 141.91965304111568, 39.175767071605478 ], [ 141.919363368842539, 39.17545182978926 ], [ 141.919515873356062, 39.175227957148266 ], [ 141.919454757772399, 39.174994114874416 ], [ 141.918935941332961, 39.174851664093666 ], [ 141.91780719046497, 39.175370419522942 ], [ 141.91760860637828, 39.175116041602259 ], [ 141.917944388263408, 39.174851618488837 ], [ 141.917867999965466, 39.174770275389058 ], [ 141.917379688295455, 39.174922959243887 ], [ 141.916754191793501, 39.174281985523514 ], [ 141.916037087401122, 39.174149742781573 ], [ 141.916189795787972, 39.173844803875184 ], [ 141.916647509606236, 39.173783683233637 ], [ 141.915960928648985, 39.173325961925393 ], [ 141.917090007710755, 39.173427628160589 ], [ 141.917211960567812, 39.173204043626122 ], [ 141.914892996542761, 39.172115555957319 ], [ 141.914587730739754, 39.172247737324021 ], [ 141.914450529038191, 39.172003621897069 ], [ 141.913672231210654, 39.171576438844561 ], [ 141.912741500628869, 39.171454533536114 ], [ 141.912299032822176, 39.172054412345538 ], [ 141.911994078374335, 39.171647810537628 ], [ 141.910910598225826, 39.171027308222477 ], [ 141.910819163234351, 39.170742371322397 ], [ 141.909980113181547, 39.170254079995246 ], [ 141.908820473345628, 39.170030461549871 ], [ 141.908515224445779, 39.169460866386245 ], [ 141.908286392213881, 39.169430254378156 ], [ 141.907752550141879, 39.169720190482678 ], [ 141.907035352309094, 39.169542144141531 ], [ 141.906592872764207, 39.169125247375888 ], [ 141.905616346762571, 39.168860556907468 ], [ 141.905753781933839, 39.168352039439405 ], [ 141.904792514262908, 39.167853704165182 ], [ 141.904243131361682, 39.167853689462319 ], [ 141.904380583729136, 39.167304356619326 ], [ 141.902686921398441, 39.16640942787334 ], [ 141.900016849237517, 39.164690414807332 ], [ 141.897301044800656, 39.163805472980421 ], [ 141.897224882971841, 39.163581608145719 ], [ 141.897438479963427, 39.163246158871807 ], [ 141.896889110647493, 39.162910359998591 ], [ 141.896416036183467, 39.163022280171006 ], [ 141.895729428370799, 39.162798354203517 ], [ 141.89565333864121, 39.162686451165683 ], [ 141.895790590597386, 39.162574783529656 ], [ 141.895378687225445, 39.162188179992846 ], [ 141.895455058564977, 39.161852367573537 ], [ 141.895928005543141, 39.162025464513789 ], [ 141.896141659977189, 39.1618015592353 ], [ 141.896065194229664, 39.161527167836596 ], [ 141.896416069529408, 39.161303346527554 ], [ 141.897026548412185, 39.162076309097522 ], [ 141.897026549814939, 39.161801642748159 ], [ 141.897362100154197, 39.161801603557464 ], [ 141.897560365469275, 39.161415272672834 ], [ 141.896614647962878, 39.161242209189339 ], [ 141.896477173079177, 39.160693139881687 ], [ 141.895455003333666, 39.159909914182798 ], [ 141.895119186538608, 39.160418400613189 ], [ 141.895317560715881, 39.160804775322184 ], [ 141.89490558517673, 39.16041844730654 ], [ 141.894295361839909, 39.160306482381415 ], [ 141.893135841632102, 39.160519996337435 ], [ 141.892662787756933, 39.160194526677223 ], [ 141.892800285761183, 39.159523176606747 ], [ 141.892662815766187, 39.159248490844078 ], [ 141.891228749405172, 39.158912961385205 ], [ 141.891152375964282, 39.158414704219901 ], [ 141.890755705778901, 39.158028082727078 ], [ 141.889519704090986, 39.157631410380333 ], [ 141.890679385368315, 39.157743409460799 ], [ 141.890618233165299, 39.157529817380556 ], [ 141.888848418719761, 39.157417787672884 ], [ 141.888772278835546, 39.156970125785207 ], [ 141.887948234032706, 39.156858446905822 ], [ 141.887475220641761, 39.157020858729936 ], [ 141.887414371022516, 39.15741775476576 ], [ 141.887276929072584, 39.157305837203261 ], [ 141.887200802293165, 39.156695681060718 ], [ 141.887551572099056, 39.156024377871987 ], [ 141.887002411640566, 39.155749681382339 ], [ 141.885644538299687, 39.15557659052979 ], [ 141.881891032334437, 39.154579669364274 ], [ 141.881006136973753, 39.155464556553383 ], [ 141.880635624259753, 39.155457683313799 ], [ 141.879941540253952, 39.15674493342285 ], [ 141.879233525958256, 39.15767459395385 ], [ 141.875468364952383, 39.161006177860273 ], [ 141.874567338201189, 39.16223956826564 ], [ 141.874042388063117, 39.163451786127901 ], [ 141.874148842280249, 39.164211847843468 ], [ 141.874054235958454, 39.165354915461883 ], [ 141.873252507118707, 39.168432229333241 ], [ 141.873891464684391, 39.169059460243595 ], [ 141.875192226483392, 39.169811319323983 ], [ 141.876228458887596, 39.169872777569012 ], [ 141.87834135543136, 39.169047935640286 ], [ 141.879475431014896, 39.168359085734131 ], [ 141.881072799468598, 39.168288155858974 ], [ 141.881931007348157, 39.168591486214957 ], [ 141.883655400984139, 39.167904389381732 ], [ 141.884434173567655, 39.167755916692563 ], [ 141.886891450795417, 39.16810135077813 ], [ 141.888151644758153, 39.16855659119134 ], [ 141.891706101873865, 39.16938677529491 ], [ 141.893549380680923, 39.169362978493417 ], [ 141.894840146844729, 39.170390430079919 ], [ 141.898383381770486, 39.171788501512978 ], [ 141.899130815688324, 39.172827976611764 ], [ 141.899887836319408, 39.173377276944386 ], [ 141.901011884072034, 39.173446497181388 ], [ 141.904038577229102, 39.174425250253655 ], [ 141.904509811850517, 39.175202336521849 ], [ 141.905131257009486, 39.175779374373832 ], [ 141.905124967864481, 39.176481401308827 ], [ 141.906162891607892, 39.177034681439018 ], [ 141.907764453123804, 39.177165649985866 ], [ 141.908505822236691, 39.177794479158543 ], [ 141.91056066447473, 39.178636430237077 ], [ 141.915125886856401, 39.178388749642124 ], [ 141.916217447410759, 39.178550804379263 ], [ 141.917408572155381, 39.179652246013944 ], [ 141.917982126187354, 39.180428324921678 ], [ 141.919159604185523, 39.181192152712704 ] ] ] } },
{ "type": "Feature", "properties": { "CITY_NAME": "陸前高田市", "S_NAME": "矢作町字雪沢", "JINKO": 0, "medical_area": "03_気仙医療圏", "町丁目名": "陸前高田市矢作町字雪沢" }, "geometry": { "type": "Polygon", "coordinates": [ [ [ 141.587477764038368, 39.009768889209909 ], [ 141.585694958870306, 39.007975169091239 ], [ 141.584669872142229, 39.007878234284661 ], [ 141.581675157606355, 39.008030611314616 ], [ 141.581084801051588, 39.00779763872125 ], [ 141.576945828810551, 39.004635403903258 ], [ 141.575304680780931, 39.003654475153432 ], [ 141.573614912777174, 39.003457989949901 ], [ 141.569982730248256, 39.003384811998323 ], [ 141.569373765587329, 39.003181459171422 ], [ 141.568858095021767, 39.002829579621476 ], [ 141.568324427137242, 39.000746721125985 ], [ 141.567430086268587, 38.998621647910937 ], [ 141.567211705417748, 38.995965464487249 ], [ 141.563728504732012, 38.994642791992206 ], [ 141.56029003217634, 38.993948434152976 ], [ 141.559916462273264, 38.99396398893316 ], [ 141.559494576067777, 38.99423172399456 ], [ 141.55873932009672, 38.995124590096502 ], [ 141.556104761645116, 38.996095886570593 ], [ 141.555936243144401, 38.997577838402322 ], [ 141.555375955772035, 38.999659302934688 ], [ 141.554985606556215, 39.000402167341008 ], [ 141.553160542020464, 39.001536028048022 ], [ 141.552512638389459, 39.006841620215354 ], [ 141.553222075726069, 39.008774627290961 ], [ 141.552549242593557, 39.009681651379125 ], [ 141.553062592649923, 39.010419926270153 ], [ 141.55382096613738, 39.011132760307881 ], [ 141.5546387693432, 39.011665901535324 ], [ 141.557207487894544, 39.012534963709669 ], [ 141.559188832819416, 39.01291736117718 ], [ 141.560320993404019, 39.0142018483821 ], [ 141.562452549857056, 39.016131803101331 ], [ 141.563772549900619, 39.016918067258622 ], [ 141.565278143705314, 39.017285736481128 ], [ 141.589248558017943, 39.013094107319873 ], [ 141.587477764038368, 39.009768889209909 ] ] ] } },
{ "type": "Feature", "properties": { "CITY_NAME": "陸前高田市", "S_NAME": "矢作町字雪沢", "JINKO": 0, "medical_area": "03_気仙医療圏", "町丁目名": "陸前高田市矢作町字雪沢" }, "geometry": { "type": "Polygon", "coordinates": [ [ [ 141.552697794591609, 39.066633328671436 ], [ 141.556397511013557, 39.066691706085152 ], [ 141.558448896765015, 39.06604947428 ], [ 141.559374073927273, 39.064825300423152 ], [ 141.559969622878725, 39.064476332447846 ], [ 141.561503484859202, 39.064182468036037 ], [ 141.562646329868073, 39.062601510431534 ], [ 141.564483001610654, 39.06137153440492 ], [ 141.564949303188939, 39.061124901489634 ], [ 141.567470475738133, 39.060601393453773 ], [ 141.567937231155184, 39.06039542321362 ], [ 141.569021800983279, 39.059495095083236 ], [ 141.570629653252581, 39.058814763756111 ], [ 141.571249654271895, 39.058323490327268 ], [ 141.571576749657567, 39.057224741301013 ], [ 141.572180009472817, 39.05637823760064 ], [ 141.57277198122253, 39.055704295272839 ], [ 141.573626754091578, 39.055252064300056 ], [ 141.575970918773606, 39.052779981670511 ], [ 141.577545623332668, 39.051449899730443 ], [ 141.577771869447844, 39.05067684037963 ], [ 141.578003461993973, 39.050411309146007 ], [ 141.563412140279411, 39.050419109587288 ], [ 141.560738691251771, 39.046430476034942 ], [ 141.554078761463018, 39.037500372660432 ], [ 141.553052677520213, 39.041091543130683 ], [ 141.55250814985385, 39.04222241998572 ], [ 141.551118114730798, 39.044061915839194 ], [ 141.54955841324238, 39.047453957140412 ], [ 141.549540535358091, 39.048128632678853 ], [ 141.549009505272039, 39.049384669782974 ], [ 141.547075741252826, 39.051246709648552 ], [ 141.546366378647917, 39.053207245959449 ], [ 141.54572999282604, 39.053827981068324 ], [ 141.544820880387277, 39.054373165917305 ], [ 141.543586951081494, 39.054573355139453 ], [ 141.541188245722083, 39.054472189119771 ], [ 141.537487528581494, 39.058898523336985 ], [ 141.536402657580538, 39.061661233307909 ], [ 141.536118490074443, 39.062915647955599 ], [ 141.536145087840112, 39.064225975236674 ], [ 141.535737831748122, 39.065182941681009 ], [ 141.535879016190705, 39.066278635203894 ], [ 141.536431676112755, 39.066843959751907 ], [ 141.536346476909074, 39.067443590165588 ], [ 141.535706179687594, 39.068543979432299 ], [ 141.534982478892317, 39.069117038806432 ], [ 141.534883308661591, 39.06962533283825 ], [ 141.535418098468938, 39.073622778556818 ], [ 141.535074381756601, 39.075736856933894 ], [ 141.5369775885585, 39.075867585247934 ], [ 141.537966313616749, 39.07573974084017 ], [ 141.539105467714847, 39.075022133830899 ], [ 141.540784167200655, 39.07354983725638 ], [ 141.541299668402019, 39.072998409673964 ], [ 141.542235529065977, 39.071500041223665 ], [ 141.544378268314148, 39.069557853664932 ], [ 141.547437298584498, 39.068076996775595 ], [ 141.551072184102935, 39.066876905092805 ], [ 141.552697794591609, 39.066633328671436 ] ] ] } },
{ "type": "Feature", "properties": { "CITY_NAME": "陸前高田市", "S_NAME": "矢作町字雪沢", "JINKO": 0, "medical_area": "03_気仙医療圏", "町丁目名": "陸前高田市矢作町字雪沢" }, "geometry": { "type": "Polygon", "coordinates": [ [ [ 141.474081042495925, 39.125964896737386 ], [ 141.474388050496486, 39.125315040608086 ], [ 141.476100848501517, 39.124408173978892 ], [ 141.47639197602976, 39.123966152512445 ], [ 141.476475114112134, 39.122480531642388 ], [ 141.476873845955879, 39.121925805311029 ], [ 141.479871351680998, 39.121552213054422 ], [ 141.480033098061597, 39.12133877857525 ], [ 141.480070125219157, 39.120025199919837 ], [ 141.480411126095532, 39.119130787965197 ], [ 141.480788889148073, 39.118678138359378 ], [ 141.481606784165081, 39.118622572942556 ], [ 141.481696291648859, 39.117678528770703 ], [ 141.482286759022685, 39.116629652011341 ], [ 141.482958181836125, 39.11607338430268 ], [ 141.484074018332592, 39.114609300838104 ], [ 141.485440611268615, 39.114899231188822 ], [ 141.487896097335636, 39.114936442654113 ], [ 141.4893446790214, 39.114065486781058 ], [ 141.490357938799292, 39.11273373845394 ], [ 141.493372192205101, 39.110119758082284 ], [ 141.482909419379979, 39.07670666257561 ], [ 141.481827819851787, 39.077600961820579 ], [ 141.481432337119458, 39.078355483666122 ], [ 141.481036293772235, 39.079831794941441 ], [ 141.480566719200027, 39.080667238665868 ], [ 141.480469008594639, 39.081275765528765 ], [ 141.479593123809252, 39.082085656981363 ], [ 141.478732318527761, 39.083375708357629 ], [ 141.477641959677584, 39.084109073103484 ], [ 141.477184053597398, 39.084672359693492 ], [ 141.476182604936952, 39.085391283357922 ], [ 141.47501263893102, 39.086774636792846 ], [ 141.473479479732646, 39.087334520224893 ], [ 141.472583073228662, 39.088173604131576 ], [ 141.471381676740634, 39.088617420994936 ], [ 141.470948706479732, 39.089000527565041 ], [ 141.470590880969013, 39.089650299708538 ], [ 141.466186778475958, 39.091597673934544 ], [ 141.465507109269481, 39.0922896414706 ], [ 141.464723903573997, 39.093601758553184 ], [ 141.464043741559095, 39.094237136341853 ], [ 141.46383713542761, 39.094375980292334 ], [ 141.463089170642974, 39.094404230231433 ], [ 141.462667959526044, 39.094949178426695 ], [ 141.46229764089864, 39.095959396799245 ], [ 141.463825547105358, 39.099395190497255 ], [ 141.46389537772518, 39.099855219650372 ], [ 141.463832731086598, 39.100196535216313 ], [ 141.462738994055883, 39.101575000267296 ], [ 141.462795471797648, 39.103672774865615 ], [ 141.463257856722038, 39.104220277957126 ], [ 141.46374311175046, 39.104400991027383 ], [ 141.464030461027789, 39.105835482957751 ], [ 141.466586885182721, 39.107384992552603 ], [ 141.467505209072669, 39.107746668457636 ], [ 141.467349464550637, 39.107869759642256 ], [ 141.467617385175885, 39.108591426705281 ], [ 141.46729738383118, 39.109346832222045 ], [ 141.467375573908555, 39.110044124615548 ], [ 141.467127864721419, 39.113019462744916 ], [ 141.467335565829899, 39.113583532064396 ], [ 141.46832989750709, 39.115116072315836 ], [ 141.468072333753838, 39.115545225933573 ], [ 141.46812842175629, 39.116690729357302 ], [ 141.467991409409962, 39.117445142797393 ], [ 141.466536447618068, 39.118481749047774 ], [ 141.466433120982146, 39.118624893556067 ], [ 141.46663181181242, 39.118908983128605 ], [ 141.466574632811842, 39.119246117077424 ], [ 141.465878608620102, 39.119952324733866 ], [ 141.466025522147447, 39.121078892709036 ], [ 141.465887886057345, 39.123103955223129 ], [ 141.46639576222924, 39.124753857687509 ], [ 141.466731069508285, 39.12525248676905 ], [ 141.467627180975455, 39.125148528718881 ], [ 141.468097386368612, 39.125440849667221 ], [ 141.469111510023765, 39.125722747104085 ], [ 141.470160218354863, 39.125612941340528 ], [ 141.473833224910948, 39.126199908053344 ], [ 141.474081042495925, 39.125964896737386 ] ] ] } },
{ "type": "Feature", "properties": { "CITY_NAME": "陸前高田市", "S_NAME": "矢作町字雪沢", "JINKO": 0, "medical_area": "03_気仙医療圏", "町丁目名": "陸前高田市矢作町字雪沢" }, "geometry": { "type": "Polygon", "coordinates": [ [ [ 141.487175181561952, 38.993468844720439 ], [ 141.486830883206437, 38.990914490529654 ], [ 141.485967193643035, 38.990290344962965 ], [ 141.486253098881122, 38.988408591108403 ], [ 141.485405417166191, 38.987165514034615 ], [ 141.484837120082176, 38.986620926891682 ], [ 141.484049482970363, 38.985303261029202 ], [ 141.484087751925472, 38.984755226340276 ], [ 141.485670854354595, 38.982139256063242 ], [ 141.484833808965533, 38.979958756690024 ], [ 141.483782796713911, 38.978020979612353 ], [ 141.482347722871339, 38.978640135200131 ], [ 141.48129308453764, 38.979598843988903 ], [ 141.48075416982914, 38.981126499189031 ], [ 141.479637933129339, 38.981750179267863 ], [ 141.47923641385654, 38.982198103342668 ], [ 141.479131878118039, 38.983346963011776 ], [ 141.478797469536858, 38.983852856307472 ], [ 141.476010978691903, 38.984120176984995 ], [ 141.475340955579924, 38.984114432724148 ], [ 141.474234231161546, 38.983800788864556 ], [ 141.473391503482134, 38.983890427272982 ], [ 141.472360660962693, 38.9848238544838 ], [ 141.469916744081132, 38.986380631930686 ], [ 141.470143345491323, 38.987289452495986 ], [ 141.469986683063581, 38.987485886084627 ], [ 141.469604190256121, 38.98752913947061 ], [ 141.467665550915768, 38.987040414537354 ], [ 141.466823065939138, 38.987322975465503 ], [ 141.463885441477743, 38.991362911538396 ], [ 141.464149852519853, 38.992346772152814 ], [ 141.464887778517152, 38.992933467845717 ], [ 141.466217188648614, 38.993315397174108 ], [ 141.46818000709726, 38.993205453004578 ], [ 141.469038192190823, 38.993471743997411 ], [ 141.46988146980982, 38.995669070145418 ], [ 141.47115160218533, 38.997297102733512 ], [ 141.470651943966715, 38.997619556471456 ], [ 141.469719520394932, 38.998747731400798 ], [ 141.469233233702766, 38.999665435099672 ], [ 141.46775985152658, 39.000349142849295 ], [ 141.467717067059681, 39.001655172650189 ], [ 141.468458395100754, 39.002385120694242 ], [ 141.492252482708608, 38.998938611173635 ], [ 141.49158041056711, 38.998428359558453 ], [ 141.490159542577004, 38.998013737855047 ], [ 141.489960147564261, 38.997074818110235 ], [ 141.48947888043142, 38.996576992825787 ], [ 141.488904825487992, 38.994953776037704 ], [ 141.487370704147338, 38.993995305797363 ], [ 141.487175181561952, 38.993468844720439 ] ] ] } },
{ "type": "Feature", "properties": { "CITY_NAME": "陸前高田市", "S_NAME": "矢作町字雪沢", "JINKO": 49, "medical_area": "03_気仙医療圏", "町丁目名": "陸前高田市矢作町字雪沢" }, "geometry": { "type": "Polygon", "coordinates": [ [ [ 141.593073495737542, 39.048928314102156 ], [ 141.593961590456729, 39.046623092462355 ], [ 141.595227084424266, 39.045384299117984 ], [ 141.596635193584035, 39.044878737444542 ], [ 141.598010323104887, 39.043661706215779 ], [ 141.599492826192375, 39.042946803681417 ], [ 141.600184515537961, 39.042426675301627 ], [ 141.600546314487275, 39.041420989269248 ], [ 141.599440167351418, 39.040303112576758 ], [ 141.599278198995989, 39.039230555622666 ], [ 141.599397176097824, 39.038001606848169 ], [ 141.599883606932622, 39.037139873878694 ], [ 141.598835948425176, 39.037057500801886 ], [ 141.597350686456394, 39.037321919389136 ], [ 141.595825872458477, 39.037275362664296 ], [ 141.594487303186469, 39.037680316017457 ], [ 141.593096983018256, 39.038326284247233 ], [ 141.592408328894692, 39.03841563443504 ], [ 141.589256735086707, 39.038131812562455 ], [ 141.588254885442154, 39.037784424063346 ], [ 141.587405415114262, 39.038101260610404 ], [ 141.584485233636627, 39.038247443809276 ], [ 141.581761845349916, 39.035554653069866 ], [ 141.578568529903293, 39.035603356506705 ], [ 141.577804799191028, 39.03545254962178 ], [ 141.576780768440216, 39.034708912598518 ], [ 141.575675265191592, 39.034843325700329 ], [ 141.575039097650119, 39.034748273901968 ], [ 141.574065827535577, 39.035377221138113 ], [ 141.573134796891338, 39.035715724894096 ], [ 141.571568140680824, 39.036872020792167 ], [ 141.570888036550571, 39.037782082801776 ], [ 141.570312256356885, 39.038252816157943 ], [ 141.569390455593009, 39.03861241672783 ], [ 141.568555744706885, 39.038617671465992 ], [ 141.567718826547349, 39.03841067342934 ], [ 141.567296894779815, 39.037974516692174 ], [ 141.566805063436021, 39.037793635564178 ], [ 141.563452387765011, 39.037354709079523 ], [ 141.561020209248966, 39.037313223779371 ], [ 141.558159128195882, 39.037911271090074 ], [ 141.557052214131886, 39.037918130817566 ], [ 141.554078761462961, 39.037500372660432 ], [ 141.560738691251771, 39.046430476034942 ], [ 141.563412140279411, 39.050419109587288 ], [ 141.578003461994001, 39.050411309146007 ], [ 141.580687018054334, 39.04927722268804 ], [ 141.582562779375138, 39.048721971538377 ], [ 141.583686930267845, 39.047902462941416 ], [ 141.584089951714503, 39.047838998497923 ], [ 141.593073495737542, 39.048928314102156 ] ] ] } },
{ "type": "Feature", "properties": { "CITY_NAME": "陸前高田市", "S_NAME": "矢作町字大嶋部", "JINKO": 65, "medical_area": "03_気仙医療圏", "町丁目名": "陸前高田市矢作町字大嶋部" }, "geometry": { "type": "Polygon", "coordinates": [ [ [ 141.604492026279416, 39.032257899361198 ], [ 141.609670773302383, 39.030399965588153 ], [ 141.611057331609885, 39.029687521576292 ], [ 141.61241447771485, 39.028405123599136 ], [ 141.614119541953812, 39.028148539154635 ], [ 141.615100888344813, 39.027467821315192 ], [ 141.615215191410044, 39.026945202500563 ], [ 141.613347364407701, 39.025972678652408 ], [ 141.613626778025292, 39.025293773494624 ], [ 141.613663241036164, 39.023603608878332 ], [ 141.613660959533348, 39.023396993664335 ], [ 141.613318416404525, 39.023014874195269 ], [ 141.611563608135128, 39.022306462588404 ], [ 141.610097905548884, 39.022132526309221 ], [ 141.605219477163587, 39.022774824471327 ], [ 141.604358724312419, 39.023845264407036 ], [ 141.603464329383598, 39.024422073637069 ], [ 141.601933329798072, 39.02597998999952 ], [ 141.601368671193256, 39.027114334749562 ], [ 141.603401933759415, 39.029675105211211 ], [ 141.603353889910323, 39.030432830725672 ], [ 141.60348462897835, 39.030805254356913 ], [ 141.603176509786692, 39.030939032582729 ], [ 141.604492026279416, 39.032257899361198 ] ] ] } },
{ "type": "Feature", "properties": { "CITY_NAME": "陸前高田市", "S_NAME": "矢作町字徳前", "JINKO": 62, "medical_area": "03_気仙医療圏", "町丁目名": "陸前高田市矢作町字徳前" }, "geometry": { "type": "Polygon", "coordinates": [ [ [ 141.599883606932622, 39.037139873878694 ], [ 141.602051837892702, 39.033928917346429 ], [ 141.603079650721213, 39.033378340005235 ], [ 141.604492026279416, 39.032257899361198 ], [ 141.603176509786692, 39.030939032582729 ], [ 141.60348462897835, 39.030805254356913 ], [ 141.603353889910323, 39.030432830725672 ], [ 141.603401933759415, 39.029675105211211 ], [ 141.601426427661636, 39.027256611780089 ], [ 141.601462927653074, 39.026729518201144 ], [ 141.602447168341541, 39.025350873129902 ], [ 141.603464329383598, 39.024422073637069 ], [ 141.604358724312419, 39.023845264407036 ], [ 141.605219477163587, 39.022774824471327 ], [ 141.606361940789753, 39.022544664727505 ], [ 141.605669795233752, 39.022480340811953 ], [ 141.602398977677922, 39.020688682239665 ], [ 141.601601426050763, 39.020395523788643 ], [ 141.601378402394005, 39.020178957684742 ], [ 141.601521330472792, 39.019799240032448 ], [ 141.601259822282657, 39.018904828674593 ], [ 141.599611578517539, 39.017937525546927 ], [ 141.598912561093186, 39.019491916305483 ], [ 141.598174683091543, 39.020675730479084 ], [ 141.596828279382834, 39.021586436715744 ], [ 141.596648650053652, 39.022563619755822 ], [ 141.595829918530484, 39.023677778826091 ], [ 141.594806967558924, 39.025819874420591 ], [ 141.593709205030706, 39.026330791375081 ], [ 141.592960797822514, 39.027364241012556 ], [ 141.593599656901063, 39.027595995785887 ], [ 141.593242681191214, 39.028548773995958 ], [ 141.592064759712912, 39.029220442732552 ], [ 141.592128958306517, 39.030535108345241 ], [ 141.590947710270086, 39.033231418351733 ], [ 141.591137050680231, 39.033764008194886 ], [ 141.59099031087905, 39.034090457356768 ], [ 141.590162955832085, 39.034772852039268 ], [ 141.590075079403078, 39.035144453311027 ], [ 141.589564861076838, 39.035824791084067 ], [ 141.58848568751398, 39.036378603768576 ], [ 141.588322511170105, 39.036731197625613 ], [ 141.588254885442154, 39.037784424063346 ], [ 141.589256735086707, 39.038131812562455 ], [ 141.592408328894692, 39.03841563443504 ], [ 141.593096983018256, 39.038326284247233 ], [ 141.594487303186469, 39.037680316017457 ], [ 141.595825872458477, 39.037275362664296 ], [ 141.597350686456394, 39.037321919389136 ], [ 141.598835948425176, 39.037057500801886 ], [ 141.599883606932622, 39.037139873878694 ] ] ] } },
{ "type": "Feature", "properties": { "CITY_NAME": "陸前高田市", "S_NAME": "矢作町字中島", "JINKO": 110, "medical_area": "03_気仙医療圏", "町丁目名": "陸前高田市矢作町字中島" }, "geometry": { "type": "Polygon", "coordinates": [ [ [ 141.592960797822542, 39.027364241012521 ], [ 141.593709205030734, 39.026330791375088 ], [ 141.594806967558924, 39.02581987442057 ], [ 141.595829918530484, 39.023677778826105 ], [ 141.59664865005368, 39.022563619755822 ], [ 141.596828279382834, 39.021586436715744 ], [ 141.598174683091543, 39.020675730479091 ], [ 141.599523986093857, 39.01818780387903 ], [ 141.599611578517539, 39.017937525546927 ], [ 141.599235812041343, 39.017660373931761 ], [ 141.599078407838533, 39.017128708767466 ], [ 141.599507978582352, 39.016519230124011 ], [ 141.599524199236669, 39.016267660170442 ], [ 141.599387978745511, 39.01594298096083 ], [ 141.598661963041337, 39.015459448667393 ], [ 141.597770086960622, 39.013660065993164 ], [ 141.596081687757959, 39.013611902960022 ], [ 141.591689923577576, 39.014380374249164 ], [ 141.589919784028524, 39.013785109156352 ], [ 141.589474212869987, 39.013326375953852 ], [ 141.589450893795856, 39.015955393826964 ], [ 141.588449226042229, 39.017091734615313 ], [ 141.588283315463144, 39.018020963725633 ], [ 141.589346839500308, 39.018805007272668 ], [ 141.589727078462346, 39.019528857410087 ], [ 141.589611033974109, 39.022225178169371 ], [ 141.59023498165223, 39.023488162934356 ], [ 141.590389973152014, 39.024439450768924 ], [ 141.589519544072346, 39.026180198114261 ], [ 141.588740472291732, 39.026991985217116 ], [ 141.587743539182725, 39.026642450560104 ], [ 141.586324552357723, 39.028000121573719 ], [ 141.586383676830565, 39.028510613898661 ], [ 141.586070708057548, 39.030380318530732 ], [ 141.585594813072902, 39.031568545090693 ], [ 141.584380926108025, 39.032531095080635 ], [ 141.581937385523304, 39.035663951286544 ], [ 141.584192952216085, 39.038065352782823 ], [ 141.584993792724333, 39.038286613972616 ], [ 141.587405415114262, 39.038101260610382 ], [ 141.588254885442154, 39.037784424063346 ], [ 141.588322511170105, 39.036731197625613 ], [ 141.58848568751398, 39.036378603768576 ], [ 141.589564861076838, 39.035824791084067 ], [ 141.590075079403078, 39.035144453311041 ], [ 141.590162955832085, 39.034772852039232 ], [ 141.59099031087905, 39.034090457356768 ], [ 141.591137050680231, 39.033764008194886 ], [ 141.590947710270086, 39.033231418351733 ], [ 141.592128958306517, 39.030535108345255 ], [ 141.592064759712912, 39.029220442732552 ], [ 141.593242681191185, 39.028548773995958 ], [ 141.593599656901063, 39.027595995785887 ], [ 141.592960797822542, 39.027364241012521 ] ] ] } },
{ "type": "Feature", "properties": { "CITY_NAME": "陸前高田市", "S_NAME": "矢作町字諏訪", "JINKO": 84, "medical_area": "03_気仙医療圏", "町丁目名": "陸前高田市矢作町字諏訪" }, "geometry": { "type": "Polygon", "coordinates": [ [ [ 141.581937385523304, 39.035663951286544 ], [ 141.584380926108025, 39.032531095080635 ], [ 141.585594813072902, 39.031568545090693 ], [ 141.586070708057548, 39.030380318530732 ], [ 141.586383676830565, 39.028510613898661 ], [ 141.586324552357723, 39.028000121573719 ], [ 141.587743539182725, 39.026642450560104 ], [ 141.588740472291732, 39.026991985217116 ], [ 141.589519544072346, 39.026180198114261 ], [ 141.590389973152014, 39.024439450768924 ], [ 141.59023498165223, 39.023488162934356 ], [ 141.589611033974109, 39.022225178169371 ], [ 141.589727078462346, 39.019528857410087 ], [ 141.589346839500308, 39.018805007272668 ], [ 141.588283315463144, 39.018020963725633 ], [ 141.588449226042229, 39.017091734615313 ], [ 141.589450893795856, 39.015955393826964 ], [ 141.589474212869987, 39.013326375953852 ], [ 141.589248558017943, 39.013094107319873 ], [ 141.587578372987082, 39.013391409737302 ], [ 141.586369446955445, 39.015107865443483 ], [ 141.583447475010075, 39.017468518740003 ], [ 141.582870038094626, 39.018288482659806 ], [ 141.583028285637766, 39.019783159320788 ], [ 141.583673370816598, 39.022705636085846 ], [ 141.583206153379535, 39.024486678356212 ], [ 141.58387932686756, 39.024824112828476 ], [ 141.583862223418322, 39.0250529527938 ], [ 141.583670479430651, 39.025399743069919 ], [ 141.582054855677455, 39.026639972726137 ], [ 141.581553363979992, 39.027273354570568 ], [ 141.580571277545857, 39.028052112165248 ], [ 141.580471004824034, 39.02842885280581 ], [ 141.58058944392954, 39.029154746378417 ], [ 141.57995481360598, 39.030754551685668 ], [ 141.578107352888566, 39.032885560310817 ], [ 141.577714229225023, 39.033914596920027 ], [ 141.576780768440216, 39.034708912598518 ], [ 141.577804799191028, 39.03545254962178 ], [ 141.578568529903293, 39.035603356506705 ], [ 141.579440271704868, 39.035668523175772 ], [ 141.5813800516203, 39.035486297490905 ], [ 141.581937385523304, 39.035663951286544 ] ] ] } },
{ "type": "Feature", "properties": { "CITY_NAME": "陸前高田市", "S_NAME": "矢作町字片地家", "JINKO": 172, "medical_area": "03_気仙医療圏", "町丁目名": "陸前高田市矢作町字片地家" }, "geometry": { "type": "Polygon", "coordinates": [ [ [ 141.57120906678324, 39.037242296299027 ], [ 141.573134796891338, 39.035715724894096 ], [ 141.574065827535549, 39.035377221138113 ], [ 141.575039097650091, 39.034748273901968 ], [ 141.575675265191592, 39.034843325700344 ], [ 141.576780768440216, 39.034708912598518 ], [ 141.577714229225023, 39.033914596920027 ], [ 141.578107352888566, 39.032885560310817 ], [ 141.57995481360598, 39.030754551685668 ], [ 141.58058944392954, 39.029154746378417 ], [ 141.580471004824034, 39.02842885280581 ], [ 141.580571277545857, 39.028052112165248 ], [ 141.581553363979992, 39.027273354570568 ], [ 141.582054855677455, 39.026639972726137 ], [ 141.583670479430651, 39.025399743069919 ], [ 141.58387932686756, 39.024824112828476 ], [ 141.583206153379535, 39.024486678356212 ], [ 141.583673370816598, 39.022705636085846 ], [ 141.583028285637766, 39.019783159320788 ], [ 141.582870038094626, 39.018288482659806 ], [ 141.583447475010075, 39.017468518740003 ], [ 141.586369446955445, 39.015107865443483 ], [ 141.587578372987082, 39.013391409737302 ], [ 141.578618382653246, 39.01492547192835 ], [ 141.578821962999399, 39.01589012416963 ], [ 141.579540822844052, 39.016441807475005 ], [ 141.579809608122105, 39.017018322988811 ], [ 141.579329792948045, 39.017782608307016 ], [ 141.5796195849627, 39.018571252850457 ], [ 141.57877882314736, 39.01936345911119 ], [ 141.578804107403556, 39.020871156169854 ], [ 141.57730380509625, 39.02253630291878 ], [ 141.576939532256716, 39.022209815283517 ], [ 141.576538829565067, 39.022425260087196 ], [ 141.576211564736269, 39.022387719676068 ], [ 141.576011721464141, 39.022695980042691 ], [ 141.576210126398564, 39.02285560356664 ], [ 141.57621989962152, 39.023458823338963 ], [ 141.575296436914158, 39.024562945737671 ], [ 141.575064803593477, 39.025062482850373 ], [ 141.574571089243534, 39.02512184845763 ], [ 141.574012582391248, 39.024900462271717 ], [ 141.573313532020251, 39.025025379308651 ], [ 141.571295880907712, 39.026106692081662 ], [ 141.570884167358997, 39.026627485596144 ], [ 141.568578129851943, 39.027718525160715 ], [ 141.567105931641123, 39.028772259390649 ], [ 141.5668470115167, 39.029131334235004 ], [ 141.563898613482337, 39.029872869250937 ], [ 141.562469323009424, 39.030705640036977 ], [ 141.561117017707801, 39.030996847568233 ], [ 141.560912938831621, 39.032135914668892 ], [ 141.560117137440642, 39.03323502773862 ], [ 141.558718598452572, 39.03407199154293 ], [ 141.557145600536899, 39.034734848912407 ], [ 141.555673078403771, 39.035942423207359 ], [ 141.554574423208834, 39.036427567325056 ], [ 141.554133349757336, 39.036796466612664 ], [ 141.554078761463018, 39.037500372660432 ], [ 141.557052214131886, 39.037918130817566 ], [ 141.558159128195854, 39.037911271090074 ], [ 141.561020209248937, 39.037313223779371 ], [ 141.563452387765068, 39.037354709079501 ], [ 141.566805063436021, 39.037793635564178 ], [ 141.567296894779815, 39.037974516692174 ], [ 141.567718826547264, 39.038410673429375 ], [ 141.568828230813978, 39.038644248783015 ], [ 141.569390455593009, 39.03861241672783 ], [ 141.570312256356885, 39.03825281615795 ], [ 141.570888036550571, 39.037782082801776 ], [ 141.57120906678324, 39.037242296299027 ] ] ] } },
{ "type": "Feature", "properties": { "CITY_NAME": "陸前高田市", "S_NAME": "矢作町字東角地", "JINKO": 154, "medical_area": "03_気仙医療圏", "町丁目名": "陸前高田市矢作町字東角地" }, "geometry": { "type": "Polygon", "coordinates": [ [ [ 141.573569918880963, 39.024919383795286 ], [ 141.574012582391248, 39.024900462271717 ], [ 141.574571089243534, 39.02512184845763 ], [ 141.575064803593477, 39.025062482850373 ], [ 141.575296436914158, 39.024562945737671 ], [ 141.57621989962152, 39.023458823338963 ], [ 141.576210126398564, 39.02285560356664 ], [ 141.576011721464141, 39.022695980042691 ], [ 141.576211564736269, 39.022387719676068 ], [ 141.576538829565067, 39.022425260087196 ], [ 141.576939532256716, 39.022209815283517 ], [ 141.57730380509625, 39.02253630291878 ], [ 141.578804107403556, 39.020871156169854 ], [ 141.57877882314736, 39.01936345911119 ], [ 141.5796195849627, 39.018571252850457 ], [ 141.579329792948045, 39.017782608307016 ], [ 141.579809608122105, 39.017018322988811 ], [ 141.579540822844052, 39.016441807475005 ], [ 141.578821962999399, 39.01589012416963 ], [ 141.578618382653246, 39.01492547192835 ], [ 141.56470081424925, 39.017376762134276 ], [ 141.564124599560984, 39.017575738600264 ], [ 141.563456979010937, 39.01811852053001 ], [ 141.563524132368315, 39.02002022747147 ], [ 141.562969471998343, 39.021892235237985 ], [ 141.563577976434743, 39.023140745561314 ], [ 141.564802267181136, 39.024254072290091 ], [ 141.565160609020211, 39.024682824050004 ], [ 141.565171810400557, 39.024931822950322 ], [ 141.564090981402018, 39.027254876155048 ], [ 141.56407579844435, 39.027870991584855 ], [ 141.563545854111993, 39.029214227853089 ], [ 141.56354560445746, 39.030022236493522 ], [ 141.5668470115167, 39.029131334235004 ], [ 141.567105931641123, 39.028772259390649 ], [ 141.568578129851943, 39.027718525160715 ], [ 141.570884167358997, 39.026627485596144 ], [ 141.571295880907712, 39.026106692081662 ], [ 141.573569918880963, 39.024919383795286 ] ] ] } },
{ "type": "Feature", "properties": { "CITY_NAME": "陸前高田市", "S_NAME": "矢作町字耳切", "JINKO": 58, "medical_area": "03_気仙医療圏", "町丁目名": "陸前高田市矢作町字耳切" }, "geometry": { "type": "Polygon", "coordinates": [ [ [ 141.554078761462961, 39.037500372660432 ], [ 141.554133349757336, 39.036796466612664 ], [ 141.554574423208834, 39.036427567325056 ], [ 141.555673078403771, 39.035942423207352 ], [ 141.557145600536899, 39.034734848912407 ], [ 141.5587185984526, 39.034071991542937 ], [ 141.560117137440642, 39.03323502773862 ], [ 141.560912938831621, 39.032135914668892 ], [ 141.561117017707801, 39.030996847568233 ], [ 141.562469323009424, 39.030705640036977 ], [ 141.56354560445746, 39.030022236493487 ], [ 141.563545854111993, 39.02921422785311 ], [ 141.564075798444378, 39.02787099158482 ], [ 141.564090981402018, 39.027254876155069 ], [ 141.565171810400557, 39.024931822950343 ], [ 141.565160609020211, 39.024682824050004 ], [ 141.564802267181136, 39.024254072290091 ], [ 141.563577976434743, 39.023140745561314 ], [ 141.562969471998343, 39.021892235237985 ], [ 141.563524132368315, 39.02002022747147 ], [ 141.563456979010937, 39.01811852053001 ], [ 141.564124599560984, 39.017575738600286 ], [ 141.565278143705314, 39.017285736481128 ], [ 141.563772549900619, 39.016918067258622 ], [ 141.562452549857056, 39.016131803101331 ], [ 141.560320993404019, 39.0142018483821 ], [ 141.559188832819416, 39.01291736117718 ], [ 141.557207487894544, 39.012534963709641 ], [ 141.5546387693432, 39.011665901535316 ], [ 141.553062592649923, 39.010419926270181 ], [ 141.552549242593557, 39.009681651379125 ], [ 141.553222075726069, 39.008774627290961 ], [ 141.552512638389459, 39.006841620215354 ], [ 141.553160542020464, 39.001536028048029 ], [ 141.554985606556215, 39.000402167341008 ], [ 141.555375955772035, 38.999659302934688 ], [ 141.556108424270462, 38.996454161645993 ], [ 141.556104761645116, 38.996095886570593 ], [ 141.555721431733616, 38.995409108151456 ], [ 141.554886514680987, 38.995002339608071 ], [ 141.552338814915714, 38.994994960493123 ], [ 141.549564967859112, 38.995631397641837 ], [ 141.548312827003116, 38.996316247671011 ], [ 141.547379937886092, 38.996074149049988 ], [ 141.546035339018601, 38.996013168734137 ], [ 141.544229729843352, 38.995272072951799 ], [ 141.542689995638824, 38.995627243558445 ], [ 141.540664711285501, 38.994694445247873 ], [ 141.539250722577918, 38.994705856719811 ], [ 141.537212128829111, 38.99539227485927 ], [ 141.536621055667865, 38.995361268110003 ], [ 141.535624079437383, 38.994984036876339 ], [ 141.532940035502492, 38.99462548205743 ], [ 141.53217476615626, 38.99415184268274 ], [ 141.531098908771952, 38.994005549524722 ], [ 141.528661275864124, 38.993173010927414 ], [ 141.525910440846872, 38.991642094769801 ], [ 141.525280781564021, 38.991438351523264 ], [ 141.524035014864666, 38.991275760811085 ], [ 141.522743630926328, 38.991358339611565 ], [ 141.521990800262159, 38.992146430217517 ], [ 141.521986056232407, 38.992417340269213 ], [ 141.520838521184942, 38.99400005774833 ], [ 141.519186808671492, 38.995000966438113 ], [ 141.518944856969853, 38.995558442110713 ], [ 141.51741518317337, 38.996961947054736 ], [ 141.516471760111926, 38.998290006301367 ], [ 141.516557389304211, 38.99874463686092 ], [ 141.516879291862153, 38.999192325393373 ], [ 141.51864438713153, 39.001103712618331 ], [ 141.517642722321568, 39.001708709902353 ], [ 141.51850729740849, 39.002790974199428 ], [ 141.518776612071747, 39.003443485839689 ], [ 141.518889095071415, 39.004866427759978 ], [ 141.518088781836269, 39.006237018029545 ], [ 141.519084717072644, 39.00723145056152 ], [ 141.519350885732621, 39.009243533708045 ], [ 141.522838857205357, 39.010098362068398 ], [ 141.525252424329921, 39.009953163088213 ], [ 141.529281409864097, 39.010579175136947 ], [ 141.533648876118377, 39.010825169155744 ], [ 141.533934397467902, 39.010964571933158 ], [ 141.534207185826688, 39.012424007977089 ], [ 141.534647441777111, 39.013192164841257 ], [ 141.535407698980521, 39.014316208273492 ], [ 141.537116884763435, 39.016049095958849 ], [ 141.538713020721616, 39.016805284137426 ], [ 141.53910352357056, 39.017105137512651 ], [ 141.539793976120819, 39.018345410796577 ], [ 141.541718805855282, 39.01966379499266 ], [ 141.542671284993958, 39.019975504236854 ], [ 141.543169269800018, 39.020687813007754 ], [ 141.543546163813318, 39.020917353259449 ], [ 141.544645583363007, 39.021071842882598 ], [ 141.545243891534795, 39.021481326150983 ], [ 141.544770145001479, 39.023176948645492 ], [ 141.544536328669267, 39.024966897432051 ], [ 141.543533761950869, 39.026746454513805 ], [ 141.543653606906133, 39.027748266797019 ], [ 141.543452123056483, 39.028263392456239 ], [ 141.542514527299858, 39.028803111244912 ], [ 141.542191015437936, 39.030034368407854 ], [ 141.540887171793088, 39.030122776047961 ], [ 141.539822180717863, 39.031425015411919 ], [ 141.539670584299927, 39.031834406107556 ], [ 141.539707378293883, 39.032684281026505 ], [ 141.540254405477327, 39.033597298499508 ], [ 141.540359230113324, 39.034170739611504 ], [ 141.539518250636007, 39.035704853905884 ], [ 141.539558689035999, 39.036918980680262 ], [ 141.539422348072804, 39.03743869956066 ], [ 141.537924411480873, 39.039114701397629 ], [ 141.538049651751692, 39.039605324896641 ], [ 141.53868250999642, 39.040606083496336 ], [ 141.538704508469664, 39.041389747829136 ], [ 141.538500672498941, 39.042241140637934 ], [ 141.53921002176611, 39.045363249365785 ], [ 141.540200494618261, 39.046878331054288 ], [ 141.540707151753821, 39.048055283472038 ], [ 141.540506696174589, 39.049521608177486 ], [ 141.541188245722083, 39.054472189119771 ], [ 141.543586951081494, 39.054573355139475 ], [ 141.544820880387277, 39.054373165917283 ], [ 141.54572999282604, 39.053827981068324 ], [ 141.546366378647917, 39.053207245959449 ], [ 141.547075741252826, 39.051246709648552 ], [ 141.549009505272011, 39.049384669782981 ], [ 141.549540535358091, 39.048128632678853 ], [ 141.54955841324238, 39.047453957140412 ], [ 141.551118114730798, 39.044061915839194 ], [ 141.55250814985385, 39.04222241998572 ], [ 141.553052677520213, 39.041091543130683 ], [ 141.554078761462961, 39.037500372660432 ] ] ] } },
{ "type": "Feature", "properties": { "CITY_NAME": "陸前高田市", "S_NAME": "矢作町字信内", "JINKO": 107, "medical_area": "03_気仙医療圏", "町丁目名": "陸前高田市矢作町字信内" }, "geometry": { "type": "Polygon", "coordinates": [ [ [ 141.540887171793088, 39.030122776047961 ], [ 141.542191015437936, 39.030034368407854 ], [ 141.542514527299858, 39.028803111244912 ], [ 141.543452123056483, 39.028263392456239 ], [ 141.543553443500514, 39.028061284446871 ], [ 141.543653606906133, 39.027748266797019 ], [ 141.543533761950869, 39.026746454513805 ], [ 141.544536328669267, 39.024966897432051 ], [ 141.544770145001479, 39.023176948645492 ], [ 141.545243891534795, 39.021481326150983 ], [ 141.545035124335953, 39.021271038419336 ], [ 141.544645583363007, 39.021071842882598 ], [ 141.543546163813318, 39.020917353259449 ], [ 141.543169269800018, 39.020687813007754 ], [ 141.542671284993958, 39.019975504236854 ], [ 141.541718805855282, 39.01966379499266 ], [ 141.539793976120819, 39.018345410796577 ], [ 141.53910352357056, 39.017105137512651 ], [ 141.538713020721616, 39.016805284137426 ], [ 141.537116884763435, 39.016049095958849 ], [ 141.535407698980521, 39.014316208273492 ], [ 141.534647441777111, 39.013192164841257 ], [ 141.534207185826688, 39.012424007977089 ], [ 141.533934397467902, 39.010964571933158 ], [ 141.533648876118377, 39.010825169155744 ], [ 141.529281409864097, 39.010579175136947 ], [ 141.525252424329921, 39.009953163088213 ], [ 141.522838857205357, 39.010098362068398 ], [ 141.519350885732621, 39.009243533708045 ], [ 141.518335470614602, 39.010474286078477 ], [ 141.516951147216048, 39.01350918042624 ], [ 141.516383463237531, 39.014307643978917 ], [ 141.515308793914699, 39.015378477577357 ], [ 141.516275869175672, 39.01653526698788 ], [ 141.517250967081026, 39.017194567545758 ], [ 141.518850989400022, 39.019034179155419 ], [ 141.521047554740477, 39.020442013224084 ], [ 141.523265934970567, 39.021436583393253 ], [ 141.522630247152961, 39.023138152783908 ], [ 141.522753658611322, 39.023817219066643 ], [ 141.521594873601288, 39.025106905609469 ], [ 141.520735005480276, 39.026430098017308 ], [ 141.520485872494902, 39.02754686351237 ], [ 141.523551051795948, 39.029571208778989 ], [ 141.524358878369696, 39.030522394095478 ], [ 141.524586412914488, 39.030999060960276 ], [ 141.524587948090385, 39.03147854025282 ], [ 141.525495436950195, 39.030906774331889 ], [ 141.528037042635333, 39.030645469200309 ], [ 141.532228012138319, 39.031681199004055 ], [ 141.533079360578938, 39.031555275537883 ], [ 141.534440125363631, 39.0306907015758 ], [ 141.535101034069072, 39.029598481900493 ], [ 141.535198576261052, 39.029013476925911 ], [ 141.538120407522456, 39.029247860118929 ], [ 141.539223476684953, 39.029105167413839 ], [ 141.54006390451633, 39.029180604593655 ], [ 141.540414685559142, 39.029380047420204 ], [ 141.540887171793088, 39.030122776047961 ] ] ] } },
{ "type": "Feature", "properties": { "CITY_NAME": "陸前高田市", "S_NAME": "矢作町字馬越", "JINKO": 72, "medical_area": "03_気仙医療圏", "町丁目名": "陸前高田市矢作町字馬越" }, "geometry": { "type": "Polygon", "coordinates": [ [ [ 141.524000425466681, 39.038938306695869 ], [ 141.524424533415754, 39.038880555644944 ], [ 141.524743509644765, 39.039651565054982 ], [ 141.528457268336808, 39.042306741578976 ], [ 141.529461230660615, 39.042190348392943 ], [ 141.530251104105417, 39.041898573658841 ], [ 141.531835759201186, 39.041811846990946 ], [ 141.532954511755264, 39.042561442486225 ], [ 141.53584687352452, 39.043007757098927 ], [ 141.536809477929268, 39.043001972555913 ], [ 141.538051240476761, 39.042597075198984 ], [ 141.538500672498941, 39.042241140637934 ], [ 141.538704508469664, 39.041389747829136 ], [ 141.53868250999642, 39.040606083496336 ], [ 141.538049651751692, 39.039605324896641 ], [ 141.537924411480873, 39.039114701397629 ], [ 141.539422348072804, 39.03743869956066 ], [ 141.539558689035999, 39.036918980680262 ], [ 141.539518250636007, 39.035704853905884 ], [ 141.540359230113324, 39.034170739611504 ], [ 141.540254405477327, 39.033597298499508 ], [ 141.539707378293883, 39.032684281026505 ], [ 141.539670584299927, 39.031834406107556 ], [ 141.539822180717863, 39.031425015411919 ], [ 141.540887171793088, 39.030122776047961 ], [ 141.540414685559142, 39.029380047420204 ], [ 141.54006390451633, 39.029180604593655 ], [ 141.539223476684953, 39.029105167413839 ], [ 141.538120407522456, 39.029247860118929 ], [ 141.535198576261052, 39.029013476925911 ], [ 141.535101034069072, 39.029598481900493 ], [ 141.534440125363631, 39.0306907015758 ], [ 141.533079360578938, 39.031555275537883 ], [ 141.532228012138319, 39.031681199004055 ], [ 141.528037042635333, 39.030645469200309 ], [ 141.525495436950195, 39.030906774331889 ], [ 141.524587948090385, 39.03147854025282 ], [ 141.524709753389203, 39.032215033771884 ], [ 141.52500996538032, 39.032704431511682 ], [ 141.526070370870826, 39.033494422170072 ], [ 141.525281001851312, 39.033830289973437 ], [ 141.523930940857838, 39.034732489213219 ], [ 141.522994048941769, 39.035908194243341 ], [ 141.521375921295743, 39.036177202852237 ], [ 141.520148251442123, 39.036570864623101 ], [ 141.515437964703608, 39.03838688842476 ], [ 141.51661452448451, 39.040748048164694 ], [ 141.516214885394589, 39.041876581574648 ], [ 141.516133718303479, 39.042997552927929 ], [ 141.516882961052573, 39.044351127182921 ], [ 141.517002528116308, 39.045001773525129 ], [ 141.516940938143023, 39.04595159545778 ], [ 141.51654943119695, 39.047184785795494 ], [ 141.516680923032681, 39.047603535992394 ], [ 141.518510015971088, 39.049348165767043 ], [ 141.520356065274797, 39.049911380612862 ], [ 141.520764244271874, 39.049666035432878 ], [ 141.521381646873806, 39.049099382514555 ], [ 141.522691571651052, 39.046237955652366 ], [ 141.523656550123917, 39.045028958665867 ], [ 141.524149116562057, 39.042558528714096 ], [ 141.524153526432002, 39.040118701152451 ], [ 141.524000425466681, 39.038938306695869 ] ] ] } },
{ "type": "Feature", "properties": { "CITY_NAME": "陸前高田市", "S_NAME": "矢作町字馬越", "JINKO": 10, "medical_area": "03_気仙医療圏", "町丁目名": "陸前高田市矢作町字馬越" }, "geometry": { "type": "Polygon", "coordinates": [ [ [ 141.541188245722083, 39.054472189119771 ], [ 141.540506696174589, 39.049521608177486 ], [ 141.540707151753821, 39.048055283472038 ], [ 141.540200494618261, 39.046878331054288 ], [ 141.53921002176611, 39.045363249365785 ], [ 141.538500672498941, 39.042241140637934 ], [ 141.537459447204242, 39.042876661075233 ], [ 141.536809477929268, 39.043001972555913 ], [ 141.53584687352452, 39.043007757098927 ], [ 141.532954511755264, 39.042561442486225 ], [ 141.531835759201186, 39.041811846990946 ], [ 141.530251104105417, 39.041898573658841 ], [ 141.529461230660615, 39.042190348392943 ], [ 141.528457268336808, 39.042306741578976 ], [ 141.524743509644765, 39.039651565054982 ], [ 141.524424533415754, 39.038880555644944 ], [ 141.524000425466681, 39.038938306695869 ], [ 141.524153526432002, 39.040118701152451 ], [ 141.524149116562057, 39.042558528714096 ], [ 141.523656550123917, 39.045028958665867 ], [ 141.522691571651052, 39.046237955652366 ], [ 141.521381646873806, 39.049099382514555 ], [ 141.520356065274797, 39.049911380612862 ], [ 141.520264759087809, 39.05024325225525 ], [ 141.520390258867309, 39.053524620533906 ], [ 141.520267040460197, 39.055280921506572 ], [ 141.520443171489291, 39.055530006256141 ], [ 141.521342746959306, 39.055962312524471 ], [ 141.522867999854668, 39.056151301833708 ], [ 141.524636962168785, 39.056661864653684 ], [ 141.528432410416144, 39.057363414114143 ], [ 141.53199709235875, 39.056347247062817 ], [ 141.532665637280246, 39.056384844673836 ], [ 141.535985626729143, 39.058313353603857 ], [ 141.537487528581465, 39.058898523337014 ], [ 141.541188245722083, 39.054472189119771 ] ] ] } },
{ "type": "Feature", "properties": { "CITY_NAME": "陸前高田市", "S_NAME": "矢作町字木戸口", "JINKO": 89, "medical_area": "03_気仙医療圏", "町丁目名": "陸前高田市矢作町字木戸口" }, "geometry": { "type": "Polygon", "coordinates": [ [ [ 141.537487528581465, 39.058898523337014 ], [ 141.535985626729143, 39.058313353603857 ], [ 141.532665637280246, 39.056384844673836 ], [ 141.53199709235875, 39.056347247062817 ], [ 141.528432410416144, 39.057363414114143 ], [ 141.524636962168785, 39.056661864653684 ], [ 141.522867999854668, 39.056151301833708 ], [ 141.521342746959306, 39.055962312524471 ], [ 141.520443171489291, 39.055530006256141 ], [ 141.520267040460197, 39.055280921506572 ], [ 141.520390258867309, 39.053524620533906 ], [ 141.520203009721001, 39.050764545976797 ], [ 141.520356065274797, 39.049911380612862 ], [ 141.518510015971088, 39.049348165767043 ], [ 141.518125081272103, 39.049074405815375 ], [ 141.517322646030408, 39.048085593537593 ], [ 141.516680923032681, 39.047603535992394 ], [ 141.51654943119695, 39.047184785795494 ], [ 141.516940938143023, 39.04595159545778 ], [ 141.517002528116308, 39.045001773525129 ], [ 141.516882961052573, 39.044351127182921 ], [ 141.516133718303479, 39.042997552927929 ], [ 141.516214885394589, 39.041876581574648 ], [ 141.51661452448451, 39.040748048164694 ], [ 141.516006229404525, 39.039327490641504 ], [ 141.515437964703608, 39.03838688842476 ], [ 141.514378530433419, 39.038477798654966 ], [ 141.512195782468069, 39.038168929422817 ], [ 141.511407399632134, 39.037867144710916 ], [ 141.510535779708363, 39.037075717024365 ], [ 141.509787210696032, 39.036834990350634 ], [ 141.508298512371226, 39.037226598389296 ], [ 141.507890725180516, 39.037703660023809 ], [ 141.505102797127478, 39.039833339056777 ], [ 141.50166087284498, 39.041353963688081 ], [ 141.498015235055504, 39.042109921019922 ], [ 141.495178271782237, 39.043244050069504 ], [ 141.491025114826698, 39.04330580662532 ], [ 141.490476555208545, 39.043446695814161 ], [ 141.489617294619364, 39.043972326629742 ], [ 141.489312659017457, 39.04500015401959 ], [ 141.487196015059965, 39.047600335690078 ], [ 141.486007967598624, 39.049743527204605 ], [ 141.485779368869032, 39.050510590569175 ], [ 141.485916609052481, 39.052608082149625 ], [ 141.485277841443605, 39.053622498696008 ], [ 141.484771659698254, 39.054115370763334 ], [ 141.482493663089372, 39.055238501979979 ], [ 141.481383387587101, 39.05625545709686 ], [ 141.479869672518419, 39.056718992571788 ], [ 141.479773474321746, 39.057874443406526 ], [ 141.479582200701344, 39.05837237805877 ], [ 141.480069249144975, 39.059458020788327 ], [ 141.478094960229953, 39.062389363781236 ], [ 141.477934268716069, 39.062728978521683 ], [ 141.477901680204042, 39.063834020054969 ], [ 141.478406005098492, 39.064861145445775 ], [ 141.479918735278432, 39.0671153662338 ], [ 141.481509507852365, 39.066542688214106 ], [ 141.483123027586487, 39.066466379268547 ], [ 141.484518574464374, 39.06620017834117 ], [ 141.488320415723535, 39.064324921022717 ], [ 141.490791787627217, 39.062743624086103 ], [ 141.491652987791127, 39.06236801372458 ], [ 141.495011992851971, 39.062483854799119 ], [ 141.498732590616726, 39.061973925409731 ], [ 141.499482175335629, 39.061992172106073 ], [ 141.505596473808708, 39.063153694910667 ], [ 141.510101671375452, 39.063313030892267 ], [ 141.515006790579122, 39.063835098208415 ], [ 141.516381318544234, 39.064388814907062 ], [ 141.517919067118328, 39.065424632678649 ], [ 141.518562144770243, 39.065606302954563 ], [ 141.522702497423353, 39.06600890515702 ], [ 141.524745884889342, 39.06641810879961 ], [ 141.525875723614234, 39.066995760150043 ], [ 141.526385858608421, 39.067577008321827 ], [ 141.527169559492791, 39.068122847175488 ], [ 141.528582379823092, 39.068159343181243 ], [ 141.529876370466127, 39.06783711286721 ], [ 141.531260719288554, 39.067907457359361 ], [ 141.53291677084033, 39.068487446077867 ], [ 141.534906888947035, 39.069504494328051 ], [ 141.534982478892317, 39.069117038806418 ], [ 141.535706179687566, 39.068543979432292 ], [ 141.536346476909074, 39.067443590165588 ], [ 141.536431676112727, 39.0668439597519 ], [ 141.535879016190705, 39.066278635203901 ], [ 141.535737831748122, 39.065182941681009 ], [ 141.536145087840112, 39.064225975236674 ], [ 141.536118490074443, 39.062915647955599 ], [ 141.536402657580538, 39.061661233307909 ], [ 141.537487528581465, 39.058898523337014 ] ] ] } },
{ "type": "Feature", "properties": { "CITY_NAME": "陸前高田市", "S_NAME": "矢作町字二田野", "JINKO": 51, "medical_area": "03_気仙医療圏", "町丁目名": "陸前高田市矢作町字二田野" }, "geometry": { "type": "Polygon", "coordinates": [ [ [ 141.535074381756601, 39.075736856933894 ], [ 141.535418098468909, 39.073622778556818 ], [ 141.534906888947035, 39.069504494328051 ], [ 141.53291677084033, 39.068487446077867 ], [ 141.531260719288554, 39.067907457359361 ], [ 141.529876370466127, 39.06783711286721 ], [ 141.528582379823092, 39.068159343181243 ], [ 141.527169559492791, 39.068122847175488 ], [ 141.526385858608421, 39.067577008321827 ], [ 141.525875723614234, 39.066995760150043 ], [ 141.524745884889342, 39.06641810879961 ], [ 141.522702497423353, 39.06600890515702 ], [ 141.518562144770243, 39.065606302954563 ], [ 141.517441084715188, 39.065180339475106 ], [ 141.5157151266786, 39.064055603375863 ], [ 141.514082957036777, 39.063683128224881 ], [ 141.512136705548301, 39.063615787275381 ], [ 141.510101671375452, 39.063313030892267 ], [ 141.505596473808708, 39.063153694910667 ], [ 141.499482175335629, 39.061992172106073 ], [ 141.498732590616726, 39.061973925409731 ], [ 141.495011992851971, 39.062483854799119 ], [ 141.491652987791127, 39.06236801372458 ], [ 141.490791787627217, 39.062743624086103 ], [ 141.488320415723535, 39.064324921022717 ], [ 141.484518574464374, 39.06620017834117 ], [ 141.483123027586487, 39.066466379268547 ], [ 141.481509507852365, 39.066542688214106 ], [ 141.479918735278432, 39.0671153662338 ], [ 141.478786368181233, 39.068284757872988 ], [ 141.478430779361162, 39.069119570975147 ], [ 141.478530473814885, 39.069896337340097 ], [ 141.479045805611207, 39.070562492114611 ], [ 141.479074071657578, 39.071311843996305 ], [ 141.479312697687732, 39.072090648246252 ], [ 141.479820386222514, 39.073081625161258 ], [ 141.47977698019929, 39.07378703507905 ], [ 141.480081098646707, 39.074715233945795 ], [ 141.483002214915473, 39.076342443416202 ], [ 141.483011697288191, 39.076499328990629 ], [ 141.485374273358133, 39.076690748594501 ], [ 141.4873032449552, 39.076255884278531 ], [ 141.48968634664169, 39.0761425179696 ], [ 141.4911320641732, 39.075596571742572 ], [ 141.494499062462523, 39.073336416516895 ], [ 141.496155036068473, 39.072582370649819 ], [ 141.49663256233444, 39.07256586374757 ], [ 141.501692414530396, 39.074412617366455 ], [ 141.502827329258935, 39.074681922135795 ], [ 141.503543775115872, 39.074670843747271 ], [ 141.504583920346136, 39.074278777797119 ], [ 141.505409662949205, 39.073667163139085 ], [ 141.505956087856077, 39.073457176712502 ], [ 141.506380979691897, 39.073482315382215 ], [ 141.508476513202169, 39.074297711512926 ], [ 141.508762180869979, 39.074571868071821 ], [ 141.508926327154342, 39.075081224414355 ], [ 141.509390146033269, 39.075478421892903 ], [ 141.510544536283362, 39.075926927799337 ], [ 141.513159100883087, 39.076428925520368 ], [ 141.515131391703875, 39.07728623107041 ], [ 141.51711117146229, 39.078915922641592 ], [ 141.519547211622353, 39.080142870438301 ], [ 141.520298924113774, 39.081021051160896 ], [ 141.521752842984114, 39.08223303743501 ], [ 141.52216535797308, 39.082796014003094 ], [ 141.5224044007374, 39.083718728155873 ], [ 141.522833365635222, 39.084157460974104 ], [ 141.525215525193261, 39.085274261498313 ], [ 141.526496027250317, 39.085554369613838 ], [ 141.528251243012079, 39.082934747771539 ], [ 141.529417537780546, 39.081511230583637 ], [ 141.53031786826125, 39.08065913867555 ], [ 141.532378174128098, 39.079340099728853 ], [ 141.532800238931827, 39.078718874716522 ], [ 141.53364790741179, 39.076776222812086 ], [ 141.535074381756601, 39.075736856933894 ] ] ] } },
{ "type": "Feature", "properties": { "CITY_NAME": "陸前高田市", "S_NAME": "矢作町字清水川", "JINKO": 63, "medical_area": "03_気仙医療圏", "町丁目名": "陸前高田市矢作町字清水川" }, "geometry": { "type": "Polygon", "coordinates": [ [ [ 141.509033652060168, 39.11384761541769 ], [ 141.510619922022357, 39.112837407580926 ], [ 141.512509226341393, 39.112497299296223 ], [ 141.513844744791669, 39.111786549149826 ], [ 141.515178153238111, 39.111312472013026 ], [ 141.515667339784812, 39.110925575137166 ], [ 141.515949708582269, 39.11008729188174 ], [ 141.516719445483204, 39.109132923164331 ], [ 141.516792759325483, 39.10762376225555 ], [ 141.517398744393489, 39.107027011461604 ], [ 141.516668654002018, 39.106174027418334 ], [ 141.517435876758952, 39.104965956037695 ], [ 141.517925213270587, 39.104599663075348 ], [ 141.518123724810891, 39.103288578254357 ], [ 141.519253556623511, 39.102263592699714 ], [ 141.519192740708775, 39.09918812925735 ], [ 141.519524759358774, 39.098939294587346 ], [ 141.520990300675436, 39.098505449541186 ], [ 141.521322817527704, 39.097855457895179 ], [ 141.521689193513424, 39.097524145570901 ], [ 141.523484658344074, 39.096635670769778 ], [ 141.524497767405052, 39.09571724596573 ], [ 141.525176730697609, 39.093622338774168 ], [ 141.524526703039101, 39.092715094273828 ], [ 141.524368200926631, 39.091937247433584 ], [ 141.524960142397958, 39.090772887373973 ], [ 141.525103479084351, 39.090007962868597 ], [ 141.526542935402688, 39.088750459598309 ], [ 141.526814507148799, 39.08665486736372 ], [ 141.526496027250317, 39.085554369613838 ], [ 141.525215525193261, 39.085274261498313 ], [ 141.522833365635222, 39.084157460974104 ], [ 141.5224044007374, 39.083718728155873 ], [ 141.52216535797308, 39.082796014003094 ], [ 141.521752842984114, 39.08223303743501 ], [ 141.520298924113774, 39.081021051160896 ], [ 141.519547211622353, 39.080142870438301 ], [ 141.51711117146229, 39.078915922641592 ], [ 141.515131391703875, 39.07728623107041 ], [ 141.513159100883087, 39.076428925520368 ], [ 141.510544536283362, 39.075926927799337 ], [ 141.509390146033269, 39.075478421892903 ], [ 141.508926327154342, 39.075081224414355 ], [ 141.508762180869979, 39.074571868071821 ], [ 141.508476513202169, 39.074297711512926 ], [ 141.506380979691897, 39.073482315382215 ], [ 141.505956087856077, 39.073457176712502 ], [ 141.505409662949205, 39.073667163139085 ], [ 141.504583920346136, 39.074278777797119 ], [ 141.503543775115872, 39.074670843747271 ], [ 141.502827329258935, 39.074681922135795 ], [ 141.501692414530396, 39.074412617366455 ], [ 141.49663256233444, 39.07256586374757 ], [ 141.496155036068473, 39.072582370649819 ], [ 141.494499062462523, 39.073336416516895 ], [ 141.4911320641732, 39.075596571742572 ], [ 141.48968634664169, 39.0761425179696 ], [ 141.4873032449552, 39.076255884278531 ], [ 141.485374273358133, 39.076690748594501 ], [ 141.483011697288191, 39.076499328990629 ], [ 141.482909419379979, 39.076706662575582 ], [ 141.493372192205072, 39.110119758082284 ], [ 141.493741521152401, 39.109947710598377 ], [ 141.495445464796376, 39.110142007673275 ], [ 141.496366715893117, 39.109874274621305 ], [ 141.497385426568655, 39.110554304973647 ], [ 141.498423855415666, 39.110527777608517 ], [ 141.499650249266438, 39.110829388296594 ], [ 141.500379141975884, 39.111572767630932 ], [ 141.500761454693617, 39.112438120812868 ], [ 141.501523421812749, 39.112961801201571 ], [ 141.501858628359003, 39.113035326398673 ], [ 141.503825386813418, 39.112502839375829 ], [ 141.505392555060524, 39.113453977033508 ], [ 141.5074393044776, 39.113922212152808 ], [ 141.509033652060168, 39.11384761541769 ] ] ] } },
{ "type": "Feature", "properties": { "CITY_NAME": "陸前高田市", "S_NAME": "矢作町字中平", "JINKO": 75, "medical_area": "03_気仙医療圏", "町丁目名": "陸前高田市矢作町字中平" }, "geometry": { "type": "Polygon", "coordinates": [ [ [ 141.515437964703608, 39.03838688842476 ], [ 141.520148251442123, 39.036570864623101 ], [ 141.521375921295743, 39.036177202852237 ], [ 141.522994048941769, 39.035908194243341 ], [ 141.523930940857838, 39.034732489213219 ], [ 141.525281001851312, 39.033830289973437 ], [ 141.526070370870826, 39.033494422170072 ], [ 141.52500996538032, 39.032704431511682 ], [ 141.524709753389203, 39.032215033771884 ], [ 141.524586412914488, 39.030999060960276 ], [ 141.523551051795948, 39.029571208778989 ], [ 141.520485872494902, 39.02754686351237 ], [ 141.520735005480276, 39.026430098017308 ], [ 141.521594873601288, 39.025106905609469 ], [ 141.522753658611322, 39.023817219066643 ], [ 141.522630247152961, 39.023138152783908 ], [ 141.523265934970567, 39.021436583393253 ], [ 141.521047554740477, 39.020442013224084 ], [ 141.518850989400022, 39.019034179155419 ], [ 141.517250967081026, 39.017194567545758 ], [ 141.516275869175672, 39.01653526698788 ], [ 141.515308793914699, 39.015378477577357 ], [ 141.514174777630302, 39.015410786046878 ], [ 141.514057245176673, 39.015154942584118 ], [ 141.512884746384827, 39.014610219818451 ], [ 141.510929476749141, 39.013005707423922 ], [ 141.508996592336445, 39.012016496995024 ], [ 141.506544559606454, 39.011735777648795 ], [ 141.505237941957233, 39.01176244712542 ], [ 141.502553315925439, 39.01295782861196 ], [ 141.500549561392518, 39.013148833435871 ], [ 141.495902497334811, 39.014579705785124 ], [ 141.494249440412403, 39.015358584070967 ], [ 141.492595643363245, 39.016467798277304 ], [ 141.491146906367248, 39.017157151639445 ], [ 141.488237013111558, 39.018188060939444 ], [ 141.487478998094645, 39.01883091564553 ], [ 141.48695807021727, 39.019543310297934 ], [ 141.486674409484067, 39.020339537265244 ], [ 141.48669811105708, 39.020935438856455 ], [ 141.4865003866704, 39.021192017441152 ], [ 141.484656158237783, 39.021422166833268 ], [ 141.481453269793604, 39.021283936366522 ], [ 141.480451286222376, 39.021119170610127 ], [ 141.477466923816905, 39.020007476160558 ], [ 141.477049083050218, 39.020066572522182 ], [ 141.474135394407853, 39.021714454452301 ], [ 141.473078411629899, 39.021507487397244 ], [ 141.472496868394671, 39.021567394057321 ], [ 141.469793542871372, 39.022362677746095 ], [ 141.467431601325586, 39.022852161241381 ], [ 141.467049483052222, 39.023295657474428 ], [ 141.46602971845158, 39.023790120568577 ], [ 141.466282790746249, 39.025243412101879 ], [ 141.466095091132445, 39.026040066135934 ], [ 141.464795027415988, 39.027525776630185 ], [ 141.462562344563707, 39.028798335077319 ], [ 141.462260792901901, 39.030199871297462 ], [ 141.461502444207298, 39.030462109254216 ], [ 141.461436376083242, 39.031970616231945 ], [ 141.461797114838873, 39.032694351194465 ], [ 141.461548729689326, 39.033057155527473 ], [ 141.461639804901466, 39.034737878151624 ], [ 141.461463356332899, 39.035002186173834 ], [ 141.460744717353236, 39.035357314001736 ], [ 141.461125089934711, 39.036055116466621 ], [ 141.461063405076828, 39.036566820796395 ], [ 141.460013558685773, 39.037657001483673 ], [ 141.460709039610322, 39.039535899359038 ], [ 141.460312926732769, 39.040795628497456 ], [ 141.460240404397155, 39.042694134481835 ], [ 141.460404549713331, 39.043276904350556 ], [ 141.463621351387502, 39.044176254436593 ], [ 141.464759829668083, 39.044841578863611 ], [ 141.465418093129159, 39.044880382482738 ], [ 141.465630950174727, 39.045589905625924 ], [ 141.466772529402391, 39.047041166833388 ], [ 141.466793788415998, 39.048220935887542 ], [ 141.466486782462425, 39.049710532428314 ], [ 141.467132460002915, 39.050251254468165 ], [ 141.467936295872363, 39.051348926290231 ], [ 141.468758173243486, 39.051683104473618 ], [ 141.469383052419687, 39.052279383038588 ], [ 141.469639572164766, 39.052300081504058 ], [ 141.470042136853579, 39.051931566383033 ], [ 141.470731477368986, 39.052174752829941 ], [ 141.472199727264467, 39.053116252030982 ], [ 141.473280943312744, 39.053379594353942 ], [ 141.47517879832634, 39.053008265854338 ], [ 141.47619362203892, 39.053413549412809 ], [ 141.477880539792693, 39.05450637538484 ], [ 141.478287292844357, 39.054603994863015 ], [ 141.479136332202017, 39.055565460482015 ], [ 141.479869672518419, 39.056718992571788 ], [ 141.481383387587101, 39.05625545709686 ], [ 141.482493663089372, 39.055238501979979 ], [ 141.484771659698254, 39.054115370763334 ], [ 141.485277841443605, 39.053622498696008 ], [ 141.485916609052481, 39.052608082149625 ], [ 141.485779368869032, 39.050510590569175 ], [ 141.486007967598624, 39.049743527204605 ], [ 141.487196015059965, 39.047600335690078 ], [ 141.489312659017457, 39.04500015401959 ], [ 141.489617294619364, 39.043972326629742 ], [ 141.489968251061555, 39.043694683052976 ], [ 141.491025114826698, 39.04330580662532 ], [ 141.495178271782237, 39.043244050069504 ], [ 141.498015235055504, 39.042109921019922 ], [ 141.50166087284498, 39.041353963688081 ], [ 141.505102797127478, 39.039833339056777 ], [ 141.507890725180516, 39.037703660023809 ], [ 141.508298512371226, 39.037226598389296 ], [ 141.50894403698257, 39.036962393588347 ], [ 141.510200308185318, 39.036909172519088 ], [ 141.511407399632134, 39.037867144710916 ], [ 141.512195782468069, 39.038168929422817 ], [ 141.514378530433419, 39.038477798654966 ], [ 141.515437964703608, 39.03838688842476 ] ] ] } },
{ "type": "Feature", "properties": { "CITY_NAME": "陸前高田市", "S_NAME": "矢作町字上小黒山", "JINKO": 30, "medical_area": "03_気仙医療圏", "町丁目名": "陸前高田市矢作町字上小黒山" }, "geometry": { "type": "Polygon", "coordinates": [ [ [ 141.515308793914699, 39.015378477577357 ], [ 141.516383463237531, 39.014307643978917 ], [ 141.516951147216048, 39.01350918042624 ], [ 141.518335470614602, 39.010474286078477 ], [ 141.519350885732621, 39.009243533708045 ], [ 141.519084717072644, 39.00723145056152 ], [ 141.518088781836269, 39.006237018029545 ], [ 141.518889095071415, 39.004866427759978 ], [ 141.518776612071747, 39.003443485839689 ], [ 141.51850729740849, 39.002790974199428 ], [ 141.517642722321568, 39.001708709902353 ], [ 141.516021703440913, 39.001758733408714 ], [ 141.514013235318458, 39.002170902842259 ], [ 141.512136897283227, 39.002112711776412 ], [ 141.509715651546401, 39.002607859124296 ], [ 141.509127403835805, 39.002876375827796 ], [ 141.508573321613852, 39.002856569339521 ], [ 141.506858377706635, 38.999988113823953 ], [ 141.506642840890805, 38.999839594321401 ], [ 141.504917112455473, 39.000085726025716 ], [ 141.50363818374808, 38.999943246277141 ], [ 141.502802468179397, 39.00020449927861 ], [ 141.501461958746148, 38.999797306147222 ], [ 141.50050325099599, 38.999157287307327 ], [ 141.499534943946173, 38.999064924122159 ], [ 141.49889998196744, 38.998685340953763 ], [ 141.497196460031205, 38.998736850079723 ], [ 141.496270433228972, 38.998425202613511 ], [ 141.495201905385954, 38.998769778818392 ], [ 141.494235399243706, 38.998751534021451 ], [ 141.492912050410098, 38.999036303193236 ], [ 141.492252482708608, 38.998938611173635 ], [ 141.468458395100754, 39.002385120694214 ], [ 141.467890145171282, 39.003099450337267 ], [ 141.467654980748364, 39.003718721991511 ], [ 141.469604556094339, 39.005519595874283 ], [ 141.471891285262643, 39.006809690052094 ], [ 141.472472405503225, 39.007533453883624 ], [ 141.472606579240733, 39.008629356579803 ], [ 141.472857268566713, 39.009303476862208 ], [ 141.472827166966169, 39.010266910411673 ], [ 141.47362944460545, 39.011822587054375 ], [ 141.473319872432285, 39.012787541487363 ], [ 141.4733133885847, 39.013360168805896 ], [ 141.472851667193765, 39.013823106309289 ], [ 141.472793079460075, 39.014211136115946 ], [ 141.472307317167605, 39.01459552046316 ], [ 141.472008235902024, 39.015442318231685 ], [ 141.471445660793279, 39.015917975772361 ], [ 141.470929525503209, 39.017668552084594 ], [ 141.470969265097409, 39.018625538966731 ], [ 141.470419959510878, 39.019285940241225 ], [ 141.469617147291018, 39.019823513572049 ], [ 141.469383846779266, 39.020654699607888 ], [ 141.467908889519549, 39.021956592613037 ], [ 141.467431601325586, 39.022852161241381 ], [ 141.469793542871372, 39.022362677746095 ], [ 141.472496868394671, 39.021567394057321 ], [ 141.473078411629899, 39.021507487397244 ], [ 141.474135394407853, 39.021714454452301 ], [ 141.477049083050218, 39.020066572522182 ], [ 141.477466923816905, 39.020007476160558 ], [ 141.480451286222376, 39.021119170610127 ], [ 141.481453269793604, 39.021283936366522 ], [ 141.484656158237783, 39.021422166833268 ], [ 141.4865003866704, 39.021192017441152 ], [ 141.48669811105708, 39.020935438856455 ], [ 141.486674409484067, 39.020339537265244 ], [ 141.48695807021727, 39.019543310297934 ], [ 141.487478998094645, 39.01883091564553 ], [ 141.488237013111558, 39.018188060939444 ], [ 141.491146906367248, 39.017157151639445 ], [ 141.492595643363245, 39.016467798277304 ], [ 141.494249440412403, 39.015358584070967 ], [ 141.495902497334811, 39.014579705785124 ], [ 141.500549561392518, 39.013148833435871 ], [ 141.502553315925439, 39.01295782861196 ], [ 141.505237941957233, 39.01176244712542 ], [ 141.506544559606454, 39.011735777648795 ], [ 141.508996592336445, 39.012016496995024 ], [ 141.510929476749141, 39.013005707423922 ], [ 141.512884746384827, 39.014610219818451 ], [ 141.514057245176673, 39.015154942584118 ], [ 141.514174777630302, 39.015410786046878 ], [ 141.515308793914699, 39.015378477577357 ] ] ] } },
{ "type": "Feature", "properties": { "CITY_NAME": "陸前高田市", "S_NAME": "横田町字宝田", "JINKO": 0, "medical_area": "03_気仙医療圏", "町丁目名": "陸前高田市横田町字宝田" }, "geometry": { "type": "Polygon", "coordinates": [ [ [ 141.626075121294861, 39.110596105313455 ], [ 141.626267904767957, 39.107913896250672 ], [ 141.626457937143471, 39.107285751170586 ], [ 141.625969520929942, 39.106946747139624 ], [ 141.625299263622082, 39.105954458181458 ], [ 141.624683254468408, 39.10547274114284 ], [ 141.624680859883341, 39.104687409928523 ], [ 141.625051745407376, 39.104053046931078 ], [ 141.625011481579094, 39.10333841944815 ], [ 141.624291635385987, 39.103106610281372 ], [ 141.623194277027295, 39.101757224341043 ], [ 141.623180660822385, 39.10112300578961 ], [ 141.622840982272521, 39.100503519542151 ], [ 141.622862186495894, 39.100090543392618 ], [ 141.624149634150143, 39.097647627053639 ], [ 141.624988397828616, 39.097261906742297 ], [ 141.625583035207768, 39.097277932559756 ], [ 141.626284452352195, 39.097031495633281 ], [ 141.627798293024966, 39.095201237048705 ], [ 141.629170937809221, 39.094894892390677 ], [ 141.630320231877931, 39.093966015710983 ], [ 141.630383670030312, 39.091837922528001 ], [ 141.630246201594616, 39.091021353177602 ], [ 141.629121264299073, 39.089488037243349 ], [ 141.630058704730885, 39.086921859653017 ], [ 141.629996212058927, 39.086721850234184 ], [ 141.629258778017629, 39.086255209589936 ], [ 141.62938379616827, 39.085355281804389 ], [ 141.628858863693324, 39.084696960294956 ], [ 141.628796369436714, 39.084272093504126 ], [ 141.629533723070921, 39.083238843079165 ], [ 141.631820996673042, 39.081855759844068 ], [ 141.632833448702712, 39.08143091463986 ], [ 141.63282090009352, 39.079630937615349 ], [ 141.633208387251528, 39.07882272858668 ], [ 141.635676804802671, 39.077422663303068 ], [ 141.6331148025576, 39.07347154527919 ], [ 141.631475161149439, 39.070266896403758 ], [ 141.631039492623614, 39.06978217441484 ], [ 141.630705304343223, 39.069616826809799 ], [ 141.627886210083005, 39.069300668762132 ], [ 141.624147364053215, 39.068023012464771 ], [ 141.622630269781183, 39.066981664081943 ], [ 141.621613541358101, 39.065796442078195 ], [ 141.61444650337387, 39.073527736591892 ], [ 141.609875071985016, 39.077833753830326 ], [ 141.608448171193629, 39.087022549038444 ], [ 141.604819493654588, 39.104323602184529 ], [ 141.607250432843102, 39.105288369901906 ], [ 141.608651159323074, 39.106703090274053 ], [ 141.609815067976598, 39.107066379682536 ], [ 141.611312566447793, 39.107935485282603 ], [ 141.612936374047052, 39.108257180964124 ], [ 141.613792707825041, 39.109032012759812 ], [ 141.614623228665181, 39.109262010128909 ], [ 141.615127997480442, 39.109880555897178 ], [ 141.615563622316415, 39.109957727824359 ], [ 141.616175969226077, 39.109761140148692 ], [ 141.617671170531281, 39.109706483614985 ], [ 141.618887585607268, 39.109804503474749 ], [ 141.620622712790663, 39.110705758559156 ], [ 141.621138237431296, 39.111570603497093 ], [ 141.622557055559867, 39.11209835648237 ], [ 141.625639658644758, 39.112383766282846 ], [ 141.625847717535549, 39.111919200477523 ], [ 141.626559811890957, 39.111171742090029 ], [ 141.626075121294861, 39.110596105313455 ] ] ] } },
{ "type": "Feature", "properties": { "CITY_NAME": "陸前高田市", "S_NAME": "横田町字宝田", "JINKO": 0, "medical_area": "03_気仙医療圏", "町丁目名": "陸前高田市横田町字宝田" }, "geometry": { "type": "Polygon", "coordinates": [ [ [ 141.558140318504854, 39.098161323259497 ], [ 141.555480264836831, 39.078687835331223 ], [ 141.559472149525106, 39.064767756130536 ], [ 141.558448896765015, 39.06604947428 ], [ 141.557644931141567, 39.066399658296298 ], [ 141.556397511013557, 39.066691706085152 ], [ 141.554077980155029, 39.066584286083533 ], [ 141.551072184102935, 39.066876905092805 ], [ 141.547437298584498, 39.068076996775595 ], [ 141.545180892132151, 39.069065472610227 ], [ 141.543163974066147, 39.070560223360069 ], [ 141.542235529065977, 39.071500041223665 ], [ 141.541299668402019, 39.072998409673964 ], [ 141.539105467714847, 39.075022133830899 ], [ 141.537966313616749, 39.07573974084017 ], [ 141.5369775885585, 39.075867585247934 ], [ 141.535074381756601, 39.075736856933894 ], [ 141.53364790741179, 39.076776222812086 ], [ 141.532800238931827, 39.078718874716564 ], [ 141.532378174128098, 39.079340099728853 ], [ 141.53031786826125, 39.08065913867555 ], [ 141.529417537780489, 39.081511230583629 ], [ 141.528251243012164, 39.082934747771539 ], [ 141.526496027250317, 39.085554369613838 ], [ 141.526814507148799, 39.086654867363727 ], [ 141.526542935402688, 39.088750459598309 ], [ 141.525103479084351, 39.090007962868576 ], [ 141.524960142397958, 39.090772887373973 ], [ 141.524368200926631, 39.091937247433584 ], [ 141.524526703039129, 39.092715094273828 ], [ 141.525176730697609, 39.093622338774168 ], [ 141.524497767405052, 39.09571724596573 ], [ 141.525963314100665, 39.096681176064997 ], [ 141.526473513826431, 39.097187538631822 ], [ 141.527139540892364, 39.09843404017775 ], [ 141.528341427533149, 39.099770035140978 ], [ 141.528089097607022, 39.101299836543376 ], [ 141.527597584705717, 39.102692136733587 ], [ 141.527780026811939, 39.103107893550913 ], [ 141.52903662509587, 39.103957184931353 ], [ 141.531484736712429, 39.105077263783997 ], [ 141.532401395648378, 39.104608699149914 ], [ 141.534020571975105, 39.103063365255558 ], [ 141.536186224032463, 39.101770698272354 ], [ 141.53784432361681, 39.101116552057427 ], [ 141.539783478828753, 39.100643449734797 ], [ 141.540583834404515, 39.100246887873041 ], [ 141.544303241254255, 39.097399440241766 ], [ 141.548285126854665, 39.096230435418519 ], [ 141.548599145440107, 39.096350404895588 ], [ 141.549199424165522, 39.097156273661781 ], [ 141.550133045078184, 39.097786049186944 ], [ 141.551680623879747, 39.098368545930192 ], [ 141.553528129476177, 39.099327659599389 ], [ 141.553890175039129, 39.100866258222489 ], [ 141.554672567870767, 39.101449071545424 ], [ 141.555081152904108, 39.102073322578867 ], [ 141.556684724434263, 39.102655332527448 ], [ 141.55687671287609, 39.10285436494209 ], [ 141.557164459543856, 39.103679509693826 ], [ 141.556765965335643, 39.104583019038706 ], [ 141.556804025597813, 39.105026720763398 ], [ 141.557224429364481, 39.105711837281284 ], [ 141.557709224816421, 39.106135381839245 ], [ 141.558797585516658, 39.108213462430328 ], [ 141.558140318504854, 39.098161323259497 ] ] ] } },
{ "type": "Feature", "properties": { "CITY_NAME": "陸前高田市", "S_NAME": "横田町字堂の沢", "JINKO": 160, "medical_area": "03_気仙医療圏", "町丁目名": "陸前高田市横田町字堂の沢" }, "geometry": { "type": "Polygon", "coordinates": [ [ [ 141.610074641295796, 39.055667646065899 ], [ 141.609362148183664, 39.055162154212361 ], [ 141.605905661630629, 39.054618469284875 ], [ 141.604905300570067, 39.054304938220959 ], [ 141.603263749655611, 39.053454641731854 ], [ 141.599928085187429, 39.052138571705648 ], [ 141.598394728584111, 39.051192334908251 ], [ 141.598492404252795, 39.051002098715934 ], [ 141.598259855424544, 39.050697901832464 ], [ 141.597944190631097, 39.050730990063812 ], [ 141.597804033357448, 39.050911983070392 ], [ 141.593256317489818, 39.049680587012517 ], [ 141.593103796399703, 39.049572563353593 ], [ 141.593073495737542, 39.048928314102156 ], [ 141.584089951714589, 39.047838998497973 ], [ 141.583686930267845, 39.047902462941387 ], [ 141.582562779375138, 39.048721971538406 ], [ 141.580687018054334, 39.049277222688055 ], [ 141.578003461993973, 39.050411309146007 ], [ 141.58020594307888, 39.051238339951666 ], [ 141.58242246697472, 39.051171867667087 ], [ 141.583601530694892, 39.051478613344898 ], [ 141.585498889527571, 39.052985729485357 ], [ 141.588207380738936, 39.05650465073689 ], [ 141.591263245106688, 39.055587699644576 ], [ 141.592715344367974, 39.056272469104407 ], [ 141.594333231660869, 39.056759647030681 ], [ 141.595695607870937, 39.056921005369233 ], [ 141.603983594195739, 39.059179823440417 ], [ 141.60599753592345, 39.061134245959714 ], [ 141.607605999164491, 39.061829253694675 ], [ 141.615594762271002, 39.063069622971589 ], [ 141.618256137025242, 39.063693577691772 ], [ 141.619713702434609, 39.063160513221561 ], [ 141.614780243208429, 39.060785461009125 ], [ 141.614110789280943, 39.060620407088024 ], [ 141.613052425366675, 39.059683457335126 ], [ 141.612387805837045, 39.059341997583473 ], [ 141.612007722609746, 39.058927412864939 ], [ 141.610074641295796, 39.055667646065899 ] ] ] } },
{ "type": "Feature", "properties": { "CITY_NAME": "陸前高田市", "S_NAME": "横田町字本宿", "JINKO": 365, "medical_area": "03_気仙医療圏", "町丁目名": "陸前高田市横田町字本宿" }, "geometry": { "type": "Polygon", "coordinates": [ [ [ 141.609875071985016, 39.077833753830326 ], [ 141.61444650337387, 39.073527736591892 ], [ 141.621613541358101, 39.065796442078195 ], [ 141.619950339256121, 39.063341825780377 ], [ 141.619713702434609, 39.063160513221561 ], [ 141.618256137025242, 39.063693577691772 ], [ 141.615594762271002, 39.063069622971589 ], [ 141.608465154106483, 39.062039749036366 ], [ 141.607238801696212, 39.061708107975122 ], [ 141.60599753592345, 39.061134245959714 ], [ 141.603983594195739, 39.059179823440417 ], [ 141.595695607870937, 39.056921005369233 ], [ 141.594333231660869, 39.056759647030681 ], [ 141.592715344367974, 39.056272469104407 ], [ 141.591263245106688, 39.055587699644576 ], [ 141.589564553316791, 39.056181569426222 ], [ 141.589719244209476, 39.057874122144334 ], [ 141.588894795531729, 39.061699172637979 ], [ 141.587683403584919, 39.064540856894915 ], [ 141.587218151775062, 39.066081024968675 ], [ 141.587580065913841, 39.066182212009039 ], [ 141.588590612116775, 39.065971023609158 ], [ 141.590133392566003, 39.066414327591737 ], [ 141.596096054705583, 39.068853824780611 ], [ 141.596404976345497, 39.069670634737825 ], [ 141.597333699981903, 39.070563758293481 ], [ 141.598547601591036, 39.070935978561977 ], [ 141.599275429443395, 39.071457618127482 ], [ 141.600064692364981, 39.071591358751633 ], [ 141.601850984642937, 39.071553921497227 ], [ 141.602218688027961, 39.071734266253834 ], [ 141.603441334610409, 39.07290330997705 ], [ 141.603852413092596, 39.074044694696397 ], [ 141.60600948921774, 39.07745919763488 ], [ 141.608730348270029, 39.077101151254119 ], [ 141.609238755817728, 39.077280538442665 ], [ 141.609875071985016, 39.077833753830326 ] ] ] } },
{ "type": "Feature", "properties": { "CITY_NAME": "陸前高田市", "S_NAME": "横田町字銭洞", "JINKO": 80, "medical_area": "03_気仙医療圏", "町丁目名": "陸前高田市横田町字銭洞" }, "geometry": { "type": "Polygon", "coordinates": [ [ [ 141.606009489217797, 39.077459197634873 ], [ 141.603852413092596, 39.074044694696397 ], [ 141.603441334610437, 39.07290330997705 ], [ 141.602218688027961, 39.071734266253834 ], [ 141.601850984642937, 39.071553921497241 ], [ 141.599651719511172, 39.07156479459308 ], [ 141.598936210189976, 39.071313531789883 ], [ 141.598547601591065, 39.070935978561998 ], [ 141.597333699981931, 39.070563758293495 ], [ 141.596404976345497, 39.069670634737825 ], [ 141.596096054705583, 39.068853824780611 ], [ 141.590133392566003, 39.066414327591737 ], [ 141.588590612116775, 39.065971023609158 ], [ 141.587580065913841, 39.066182212009004 ], [ 141.587218151775062, 39.066081024968675 ], [ 141.586819445393502, 39.066799398120814 ], [ 141.585607033717679, 39.068150845971608 ], [ 141.582378978531892, 39.068934326507126 ], [ 141.581093848881238, 39.06982268089309 ], [ 141.582523468308324, 39.070728774746883 ], [ 141.583152131718748, 39.071335682679241 ], [ 141.583833558272488, 39.070744371289152 ], [ 141.585329666704865, 39.071422462784746 ], [ 141.585522859544199, 39.071675206343656 ], [ 141.585543345098358, 39.072186991159541 ], [ 141.585111568600837, 39.073344296361384 ], [ 141.585290472573718, 39.073975685794288 ], [ 141.586493606313667, 39.075978369657427 ], [ 141.590206939390811, 39.076773250017062 ], [ 141.591336965469651, 39.077189934842117 ], [ 141.592001684707043, 39.077945890865124 ], [ 141.592383719785261, 39.07902178998981 ], [ 141.592370127838024, 39.079504310880367 ], [ 141.594507699819502, 39.079410093439698 ], [ 141.59854522423754, 39.081090750578895 ], [ 141.599801094198739, 39.080994746324947 ], [ 141.600932994261939, 39.080716773257528 ], [ 141.60243466619346, 39.079504272931963 ], [ 141.604071295988462, 39.07905473454047 ], [ 141.606009489217797, 39.077459197634873 ] ] ] } },
{ "type": "Feature", "properties": { "CITY_NAME": "陸前高田市", "S_NAME": "横田町字砂子田", "JINKO": 170, "medical_area": "03_気仙医療圏", "町丁目名": "陸前高田市横田町字砂子田" }, "geometry": { "type": "Polygon", "coordinates": [ [ [ 141.559122165524286, 39.081134734458622 ], [ 141.562018273326544, 39.080467766088731 ], [ 141.562988186876765, 39.080689738227939 ], [ 141.564598903422393, 39.079767584834642 ], [ 141.569472282394287, 39.079903650955309 ], [ 141.569631614643157, 39.080078026853947 ], [ 141.578355932726026, 39.078347697719124 ], [ 141.581623749286791, 39.078465315671124 ], [ 141.581937834063382, 39.076662018953293 ], [ 141.582572407362903, 39.076800464101765 ], [ 141.583494774224647, 39.076217038887279 ], [ 141.586493606313809, 39.075978369657427 ], [ 141.585290472573718, 39.073975685794288 ], [ 141.585111568600837, 39.073344296361384 ], [ 141.585543345098358, 39.072186991159541 ], [ 141.585522859544199, 39.071675206343656 ], [ 141.58499104549162, 39.071166713703569 ], [ 141.583833558272488, 39.070744371289152 ], [ 141.583152131718748, 39.071335682679241 ], [ 141.582523468308324, 39.070728774746883 ], [ 141.581093848881295, 39.06982268089309 ], [ 141.580322561680276, 39.070907115101647 ], [ 141.579881159769201, 39.072582150409403 ], [ 141.578896430832486, 39.074841468838578 ], [ 141.573477657444386, 39.072757778973902 ], [ 141.57319452006206, 39.072326331526028 ], [ 141.572145875650421, 39.072212829238076 ], [ 141.570619185074747, 39.071550086029717 ], [ 141.569374500158972, 39.07035715740443 ], [ 141.567471667767734, 39.06907235812308 ], [ 141.566532589565639, 39.068129712871134 ], [ 141.565716292501378, 39.066645939738102 ], [ 141.564290383134107, 39.065290047964922 ], [ 141.561604635284851, 39.064077610169221 ], [ 141.559969622878725, 39.064476332447846 ], [ 141.559472149525106, 39.064767756130536 ], [ 141.555480264836831, 39.078687835331223 ], [ 141.559122165524286, 39.081134734458622 ] ] ] } },
{ "type": "Feature", "properties": { "CITY_NAME": "陸前高田市", "S_NAME": "横田町字志田実", "JINKO": 201, "medical_area": "03_気仙医療圏", "町丁目名": "陸前高田市横田町字志田実" }, "geometry": { "type": "Polygon", "coordinates": [ [ [ 141.580037221831446, 39.088112247614212 ], [ 141.580887651509101, 39.086779161533052 ], [ 141.581818702559559, 39.087400392365261 ], [ 141.584458521473152, 39.08811388406022 ], [ 141.585921987979646, 39.089049621905126 ], [ 141.58757246590028, 39.087306804645159 ], [ 141.59109374219662, 39.085416079580412 ], [ 141.592473267515714, 39.085072549818321 ], [ 141.593184060914155, 39.08464038885819 ], [ 141.593906155820491, 39.08303729118736 ], [ 141.594305862053403, 39.08251418110541 ], [ 141.594944708044579, 39.082045387862408 ], [ 141.597416252289491, 39.081248545487171 ], [ 141.59854522423754, 39.081090750578937 ], [ 141.594507699819502, 39.079410093439698 ], [ 141.592370127838024, 39.079504310880353 ], [ 141.592383719785289, 39.079021789989838 ], [ 141.592001684707043, 39.077945890865124 ], [ 141.591336965469651, 39.077189934842117 ], [ 141.590206939390896, 39.076773250017062 ], [ 141.586493606313809, 39.075978369657427 ], [ 141.583494774224647, 39.076217038887279 ], [ 141.582572407362903, 39.076800464101765 ], [ 141.581937834063382, 39.076662018953293 ], [ 141.581623749286791, 39.078465315671124 ], [ 141.578355932726026, 39.078347697719124 ], [ 141.569631614643157, 39.080078026853947 ], [ 141.569472282394287, 39.079903650955309 ], [ 141.564598903422393, 39.079767584834642 ], [ 141.562988186876765, 39.080689738227939 ], [ 141.562018273326544, 39.080467766088731 ], [ 141.559122165524286, 39.081134734458622 ], [ 141.555480264836831, 39.078687835331223 ], [ 141.558140318504854, 39.098161323259497 ], [ 141.559321281076564, 39.096778470997201 ], [ 141.563163665584426, 39.096627788543501 ], [ 141.566454307332833, 39.095286348448852 ], [ 141.569315136278135, 39.094607869260649 ], [ 141.570404991114657, 39.094040663509695 ], [ 141.571077197439678, 39.092835594691273 ], [ 141.572233267049086, 39.092054434886855 ], [ 141.575974630189251, 39.091283534370945 ], [ 141.576844510393443, 39.09097116211295 ], [ 141.580037221831446, 39.088112247614212 ] ] ] } },
{ "type": "Feature", "properties": { "CITY_NAME": "陸前高田市", "S_NAME": "横田町字槻沢", "JINKO": 122, "medical_area": "03_気仙医療圏", "町丁目名": "陸前高田市横田町字槻沢" }, "geometry": { "type": "Polygon", "coordinates": [ [ [ 141.603514028082571, 39.104389290166495 ], [ 141.604819493654588, 39.104323602184529 ], [ 141.605192157112214, 39.102805499294945 ], [ 141.608448171193629, 39.087022549038444 ], [ 141.609875071985016, 39.077833753830326 ], [ 141.608983984928244, 39.077143309474913 ], [ 141.606009489217797, 39.077459197634873 ], [ 141.604462662646341, 39.078818212056795 ], [ 141.603828790246979, 39.079180694762265 ], [ 141.60243466619346, 39.079504272931963 ], [ 141.600932994261882, 39.080716773257528 ], [ 141.59980109419871, 39.080994746324947 ], [ 141.597416252289491, 39.081248545487171 ], [ 141.594944708044579, 39.082045387862408 ], [ 141.594305862053403, 39.08251418110541 ], [ 141.593906155820491, 39.08303729118736 ], [ 141.593184060914155, 39.08464038885819 ], [ 141.592473267515714, 39.085072549818321 ], [ 141.59109374219662, 39.085416079580412 ], [ 141.58757246590028, 39.087306804645159 ], [ 141.585921987979646, 39.089049621905126 ], [ 141.588581245017679, 39.090605662638907 ], [ 141.589513233335055, 39.091306780668276 ], [ 141.589895677924915, 39.091844728057026 ], [ 141.589971717880701, 39.092560388598685 ], [ 141.589259880901182, 39.095558690526737 ], [ 141.589236549381354, 39.09622151963115 ], [ 141.589529989569343, 39.09738522108951 ], [ 141.59099109196714, 39.099115147721406 ], [ 141.590918657379063, 39.099435061932965 ], [ 141.589729339723078, 39.100967148061052 ], [ 141.590458655953881, 39.102294676742297 ], [ 141.591301630512987, 39.102412372749328 ], [ 141.592560087483207, 39.102949207259705 ], [ 141.593683310775873, 39.102854142534078 ], [ 141.595046404586867, 39.102280273908192 ], [ 141.595240698683114, 39.10198032433204 ], [ 141.595885246935524, 39.101655902243358 ], [ 141.597098470784402, 39.101300032286275 ], [ 141.598731390118104, 39.101558753084838 ], [ 141.59916097173172, 39.102000864634533 ], [ 141.600527483660983, 39.102660065413112 ], [ 141.6014329153451, 39.103616314829296 ], [ 141.602637482621077, 39.10373309774964 ], [ 141.603514028082571, 39.104389290166495 ] ] ] } },
{ "type": "Feature", "properties": { "CITY_NAME": "陸前高田市", "S_NAME": "横田町字舞出", "JINKO": 116, "medical_area": "03_気仙医療圏", "町丁目名": "陸前高田市横田町字舞出" }, "geometry": { "type": "Polygon", "coordinates": [ [ [ 141.560795939414788, 39.111844212025716 ], [ 141.563958468186684, 39.111350041587066 ], [ 141.565212240859921, 39.111577279831991 ], [ 141.566234092796009, 39.110987669210623 ], [ 141.567202964088807, 39.110676868957711 ], [ 141.569873207803198, 39.111140861784762 ], [ 141.570846397346344, 39.110635477153998 ], [ 141.57159763220784, 39.110652207702174 ], [ 141.574166824657254, 39.110236070138832 ], [ 141.575998415657665, 39.110766642692475 ], [ 141.577291186632152, 39.111496547454188 ], [ 141.577774732868363, 39.111611562958842 ], [ 141.579891875218948, 39.111125685207512 ], [ 141.582646947669673, 39.109398228441634 ], [ 141.582912807348123, 39.10912810291822 ], [ 141.583038372661207, 39.108628036456146 ], [ 141.582149602440523, 39.10798414390495 ], [ 141.582586830148813, 39.107307615740204 ], [ 141.586244313267798, 39.10364705178425 ], [ 141.588993614687979, 39.101745008205555 ], [ 141.590918657379063, 39.099435061932965 ], [ 141.59099109196714, 39.099115147721406 ], [ 141.589529989569343, 39.09738522108951 ], [ 141.589236549381354, 39.09622151963115 ], [ 141.589259880901182, 39.095558690526737 ], [ 141.589971717880701, 39.092560388598685 ], [ 141.589816504353536, 39.091645089833783 ], [ 141.588581245017679, 39.090605662638907 ], [ 141.585009014440487, 39.088363840052331 ], [ 141.583564633316229, 39.08777274290599 ], [ 141.581509294382073, 39.087282313192802 ], [ 141.580887651509101, 39.086779161533052 ], [ 141.580037221831446, 39.088112247614212 ], [ 141.576844510393443, 39.09097116211295 ], [ 141.575974630189251, 39.091283534370945 ], [ 141.572233267049086, 39.092054434886855 ], [ 141.571077197439678, 39.092835594691273 ], [ 141.570404991114657, 39.094040663509695 ], [ 141.569315136278135, 39.094607869260649 ], [ 141.566454307332833, 39.095286348448852 ], [ 141.563163665584426, 39.096627788543501 ], [ 141.559321281076564, 39.096778470997201 ], [ 141.558140318504854, 39.098161323259497 ], [ 141.55903471205761, 39.110294724196194 ], [ 141.558795871835002, 39.111847891235506 ], [ 141.560795939414788, 39.111844212025716 ] ] ] } },
{ "type": "Feature", "properties": { "CITY_NAME": "陸前高田市", "S_NAME": "横田町字袋沢", "JINKO": 111, "medical_area": "03_気仙医療圏", "町丁目名": "陸前高田市横田町字袋沢" }, "geometry": { "type": "Polygon", "coordinates": [ [ [ 141.581093848881238, 39.06982268089309 ], [ 141.582378978531892, 39.068934326507126 ], [ 141.585607033717679, 39.068150845971608 ], [ 141.586819445393502, 39.066799398120814 ], [ 141.588894795531758, 39.061699172638008 ], [ 141.589719244209419, 39.05787412214432 ], [ 141.589564553316819, 39.056181569426222 ], [ 141.588626837571439, 39.056462669241334 ], [ 141.588072149554051, 39.05642698408441 ], [ 141.587797210972354, 39.05585237028761 ], [ 141.585498889527571, 39.052985729485357 ], [ 141.583601530694892, 39.051478613344898 ], [ 141.582994955534275, 39.051299170539693 ], [ 141.581817420733586, 39.05113647295547 ], [ 141.58020594307888, 39.051238339951666 ], [ 141.578003461994001, 39.050411309146007 ], [ 141.577771869447844, 39.050676840379609 ], [ 141.577545623332668, 39.051449899730422 ], [ 141.575970918773606, 39.052779981670504 ], [ 141.573626754091578, 39.055252064300056 ], [ 141.57277198122253, 39.055704295272839 ], [ 141.572180009472845, 39.056378237600654 ], [ 141.571576749657567, 39.057224741301013 ], [ 141.571249654271895, 39.058323490327261 ], [ 141.570629653252581, 39.058814763756111 ], [ 141.569021800983279, 39.059495095083236 ], [ 141.567937231155184, 39.06039542321362 ], [ 141.564949303188939, 39.061124901489634 ], [ 141.564483001610654, 39.06137153440492 ], [ 141.562646329868073, 39.062601510431534 ], [ 141.561604635284823, 39.0640776101692 ], [ 141.564290383134107, 39.065290047964922 ], [ 141.564859456123628, 39.065710789547033 ], [ 141.565716292501378, 39.066645939738095 ], [ 141.566532589565639, 39.068129712871134 ], [ 141.567471667767677, 39.06907235812308 ], [ 141.569374500158972, 39.07035715740443 ], [ 141.570619185074747, 39.071550086029717 ], [ 141.572145875650421, 39.072212829238076 ], [ 141.57319452006206, 39.072326331526057 ], [ 141.573477657444329, 39.072757778973902 ], [ 141.578896430832515, 39.074841468838578 ], [ 141.579881159769201, 39.072582150409403 ], [ 141.580322561680276, 39.070907115101647 ], [ 141.581093848881238, 39.06982268089309 ] ] ] } },
{ "type": "Feature", "properties": { "CITY_NAME": "陸前高田市", "S_NAME": "竹駒町字相川", "JINKO": 353, "medical_area": "03_気仙医療圏", "町丁目名": "陸前高田市竹駒町字相川" }, "geometry": { "type": "Polygon", "coordinates": [ [ [ 141.631701001555086, 39.034167451286073 ], [ 141.63211313510547, 39.03312600032563 ], [ 141.63155070919629, 39.032558315832887 ], [ 141.63165080089243, 39.032451069636039 ], [ 141.631375156742308, 39.03210948156395 ], [ 141.630785639350592, 39.030224469537181 ], [ 141.630055545695569, 39.029900653168504 ], [ 141.630267667503716, 39.029662285989986 ], [ 141.630177617280367, 39.029460213725642 ], [ 141.629077866899564, 39.028852519583289 ], [ 141.628914051089652, 39.029047878568633 ], [ 141.62803190292837, 39.028509729575191 ], [ 141.626710013847571, 39.028277608886853 ], [ 141.625262719033515, 39.02761877898476 ], [ 141.624037866516431, 39.028484496189726 ], [ 141.623483805784844, 39.02923906235953 ], [ 141.622197051680871, 39.029341474535229 ], [ 141.622324674166777, 39.029083022787958 ], [ 141.621782905891962, 39.027427192005895 ], [ 141.621639376482761, 39.02604277668793 ], [ 141.621872842131864, 39.0255615251764 ], [ 141.622444657973659, 39.025032353476355 ], [ 141.620303274735164, 39.023767253436333 ], [ 141.620089881060863, 39.023894807597081 ], [ 141.61880333754425, 39.023578246756472 ], [ 141.618481331666175, 39.024307907566126 ], [ 141.615545444867621, 39.026377433395872 ], [ 141.61511041008589, 39.026893261635365 ], [ 141.615177717182036, 39.027300933718742 ], [ 141.614900842671517, 39.027670442206002 ], [ 141.614119541953812, 39.028148539154635 ], [ 141.61241447771485, 39.028405123599136 ], [ 141.610782646685806, 39.029848686633251 ], [ 141.611067517793714, 39.031235490380688 ], [ 141.612707524347201, 39.030759709778486 ], [ 141.61516723711253, 39.032745733930568 ], [ 141.614455341651279, 39.033385379386146 ], [ 141.616459759994626, 39.034035336634965 ], [ 141.616568677593534, 39.034719384619429 ], [ 141.616892119401513, 39.035137935125682 ], [ 141.618345015357988, 39.036422427161334 ], [ 141.619139427075964, 39.036557346412366 ], [ 141.619749200613768, 39.036415512236161 ], [ 141.6203441371851, 39.035363363854145 ], [ 141.620368706886325, 39.034620639703071 ], [ 141.621128255383411, 39.034584340119167 ], [ 141.622400652062595, 39.034900182493629 ], [ 141.623283492884212, 39.034625009804437 ], [ 141.624119600454236, 39.03393224451019 ], [ 141.624463693613478, 39.034185030563918 ], [ 141.625059585685392, 39.034095899929405 ], [ 141.626880529823865, 39.034653653239396 ], [ 141.627367127323993, 39.035196612954081 ], [ 141.627153427023188, 39.035740257397016 ], [ 141.627666467174578, 39.036354748558168 ], [ 141.631175894530287, 39.038388124302855 ], [ 141.632353373434313, 39.038990088828989 ], [ 141.634412660968053, 39.039358590737784 ], [ 141.634753300021003, 39.039643385489747 ], [ 141.635182931769293, 39.040549065837212 ], [ 141.635190605949333, 39.040199731873621 ], [ 141.63436732227882, 39.038392977938102 ], [ 141.634285171715646, 39.036449516154825 ], [ 141.631701001555086, 39.034167451286073 ] ] ] } },
{ "type": "Feature", "properties": { "CITY_NAME": "陸前高田市", "S_NAME": "竹駒町字仲の沢", "JINKO": 28, "medical_area": "03_気仙医療圏", "町丁目名": "陸前高田市竹駒町字仲の沢" }, "geometry": { "type": "Polygon", "coordinates": [ [ [ 141.614455341651308, 39.033385379386146 ], [ 141.61516723711253, 39.032745733930568 ], [ 141.612707524347201, 39.030759709778486 ], [ 141.611067517793714, 39.031235490380688 ], [ 141.611450226720564, 39.033721300015607 ], [ 141.611394225462561, 39.034199399184047 ], [ 141.611518328745603, 39.034349814759686 ], [ 141.611782903094792, 39.034268454247659 ], [ 141.612900061713162, 39.034682917487935 ], [ 141.613698964795333, 39.035855851203003 ], [ 141.614333439770917, 39.037384228737956 ], [ 141.615115715123068, 39.036121059544598 ], [ 141.61533227525274, 39.035403089863458 ], [ 141.615091509592133, 39.034855401315767 ], [ 141.615199083123287, 39.034432694705885 ], [ 141.614455341651308, 39.033385379386146 ] ] ] } },
{ "type": "Feature", "properties": { "CITY_NAME": "陸前高田市", "S_NAME": "竹駒町字上細根", "JINKO": 139, "medical_area": "03_気仙医療圏", "町丁目名": "陸前高田市竹駒町字上細根" }, "geometry": { "type": "Polygon", "coordinates": [ [ [ 141.63060945742086, 39.047476277095221 ], [ 141.630434101938107, 39.046669551995272 ], [ 141.629502518368611, 39.045987287523502 ], [ 141.627494429235952, 39.045356134274051 ], [ 141.626659496876016, 39.044645313727031 ], [ 141.624319365659176, 39.0435307531314 ], [ 141.623583234026654, 39.042974416792774 ], [ 141.620398971373533, 39.041220608402554 ], [ 141.619010555741085, 39.040756318689041 ], [ 141.615863837952361, 39.038691524495313 ], [ 141.615825440166333, 39.037636594029117 ], [ 141.615664684735748, 39.037470828536556 ], [ 141.614333439770917, 39.037384228737956 ], [ 141.613698964795333, 39.035855851203003 ], [ 141.612900061713162, 39.034682917487935 ], [ 141.611782903094792, 39.034268454247659 ], [ 141.611518328745603, 39.034349814759686 ], [ 141.611394225462561, 39.034199399184025 ], [ 141.611450226720564, 39.033721300015593 ], [ 141.610782646685806, 39.029848686633251 ], [ 141.60929990495822, 39.030561766543194 ], [ 141.607023064013816, 39.031296270985706 ], [ 141.607751944741409, 39.034670576876799 ], [ 141.608603636884624, 39.035308185883409 ], [ 141.609132761832313, 39.036374841836341 ], [ 141.609851071997497, 39.036450861137347 ], [ 141.610312510574971, 39.037932977058539 ], [ 141.609827554882401, 39.038071258263372 ], [ 141.610450527715585, 39.040643858293393 ], [ 141.611096680248266, 39.041825281703787 ], [ 141.612154720782456, 39.042694433401053 ], [ 141.612758085261135, 39.043445067800803 ], [ 141.61383721043677, 39.044168238958108 ], [ 141.615877136003462, 39.04519173805128 ], [ 141.617212909868272, 39.046183546313834 ], [ 141.618833923867726, 39.046753828330075 ], [ 141.619810383428018, 39.047542239870765 ], [ 141.621448419826777, 39.047781456399825 ], [ 141.624180214375485, 39.047266418876028 ], [ 141.62472349687792, 39.047714831540326 ], [ 141.625742819074276, 39.048159789499657 ], [ 141.626550749025597, 39.04913900398229 ], [ 141.627229808114265, 39.04941180023755 ], [ 141.63060945742086, 39.047476277095221 ] ] ] } },
{ "type": "Feature", "properties": { "CITY_NAME": "陸前高田市", "S_NAME": "竹駒町字館", "JINKO": 84, "medical_area": "03_気仙医療圏", "町丁目名": "陸前高田市竹駒町字館" }, "geometry": { "type": "Polygon", "coordinates": [ [ [ 141.60238344914319, 39.041515533139432 ], [ 141.603151733628266, 39.041510472946811 ], [ 141.603755253149188, 39.041317106618926 ], [ 141.603188416005906, 39.040222242212799 ], [ 141.603931450071514, 39.039616033790828 ], [ 141.604776890900695, 39.03934836739414 ], [ 141.60608898835315, 39.039446318675367 ], [ 141.60714108168699, 39.038660764123598 ], [ 141.60836570447276, 39.038221934473711 ], [ 141.609485185229147, 39.038202818222587 ], [ 141.610312510574971, 39.037932977058539 ], [ 141.609851071997497, 39.036450861137347 ], [ 141.609132761832313, 39.036374841836341 ], [ 141.608603636884624, 39.035308185883409 ], [ 141.607751944741409, 39.034670576876799 ], [ 141.607023064013816, 39.031296270985706 ], [ 141.60507753596292, 39.031935220503797 ], [ 141.603079650721213, 39.033378340005235 ], [ 141.602051837892702, 39.033928917346429 ], [ 141.600595171721039, 39.035954399846226 ], [ 141.599397176097824, 39.038001606848177 ], [ 141.599278198995989, 39.039230555622666 ], [ 141.599440167351418, 39.040303112576758 ], [ 141.600546314487275, 39.041420989269248 ], [ 141.600478181331567, 39.041787121915121 ], [ 141.601628208671059, 39.041740996464121 ], [ 141.60238344914319, 39.041515533139432 ] ] ] } },
{ "type": "Feature", "properties": { "CITY_NAME": "陸前高田市", "S_NAME": "竹駒町字北平", "JINKO": 141, "medical_area": "03_気仙医療圏", "町丁目名": "陸前高田市竹駒町字北平" }, "geometry": { "type": "Polygon", "coordinates": [ [ [ 141.62229797036531, 39.052349469788453 ], [ 141.627229808114265, 39.04941180023755 ], [ 141.626550749025597, 39.04913900398229 ], [ 141.625742819074276, 39.048159789499657 ], [ 141.62472349687792, 39.047714831540326 ], [ 141.624180214375485, 39.047266418876028 ], [ 141.621448419826777, 39.047781456399825 ], [ 141.619810383428018, 39.047542239870765 ], [ 141.618833923867726, 39.046753828330075 ], [ 141.617212909868272, 39.046183546313834 ], [ 141.615877136003462, 39.04519173805128 ], [ 141.613717338959276, 39.044092398911189 ], [ 141.612601403148716, 39.04331295891815 ], [ 141.612154720782456, 39.042694433401053 ], [ 141.611096680248266, 39.041825281703787 ], [ 141.610450527715585, 39.040643858293393 ], [ 141.609827554882401, 39.038071258263372 ], [ 141.60836570447276, 39.038221934473711 ], [ 141.60714108168699, 39.038660764123598 ], [ 141.60608898835315, 39.039446318675367 ], [ 141.604776890900695, 39.03934836739414 ], [ 141.603931450071514, 39.039616033790828 ], [ 141.603188416005906, 39.040222242212799 ], [ 141.603755253149188, 39.041317106618926 ], [ 141.60194908291885, 39.041629870641792 ], [ 141.602363075406402, 39.042471119937247 ], [ 141.602384528959789, 39.042775785556948 ], [ 141.60212690156078, 39.043308836335925 ], [ 141.602222926022108, 39.04379008288295 ], [ 141.602885811297966, 39.04375024700952 ], [ 141.603943208652566, 39.044062158098235 ], [ 141.605102078249644, 39.044929584336245 ], [ 141.605353563343755, 39.045487705593679 ], [ 141.60517669171486, 39.045935208059895 ], [ 141.604743569310983, 39.046240059774803 ], [ 141.605316702972061, 39.047573937951931 ], [ 141.607044261326735, 39.047948316259273 ], [ 141.607927451062039, 39.048810427068311 ], [ 141.608966723196374, 39.050446070050917 ], [ 141.609899795082157, 39.050766489748561 ], [ 141.611176539224601, 39.050764255321745 ], [ 141.611525189748306, 39.05055037739055 ], [ 141.613026692461773, 39.050313252248742 ], [ 141.613909025580853, 39.050002481062812 ], [ 141.614383079957236, 39.05039694469184 ], [ 141.614316196534361, 39.051228480921019 ], [ 141.614666948837254, 39.051963268441476 ], [ 141.617440678393791, 39.051769082404853 ], [ 141.618510858859338, 39.052157624070695 ], [ 141.620273105350236, 39.052007257122959 ], [ 141.62229797036531, 39.052349469788453 ] ] ] } },
{ "type": "Feature", "properties": { "CITY_NAME": "陸前高田市", "S_NAME": "竹駒町字上壺", "JINKO": 111, "medical_area": "03_気仙医療圏", "町丁目名": "陸前高田市竹駒町字上壺" }, "geometry": { "type": "Polygon", "coordinates": [ [ [ 141.649586091240479, 39.05787590612853 ], [ 141.650247983161307, 39.057282921381145 ], [ 141.648112296952576, 39.057338761150639 ], [ 141.645779780541801, 39.05681090298507 ], [ 141.645443285970316, 39.056450461740972 ], [ 141.645583481486426, 39.054194971684701 ], [ 141.645130065661704, 39.052332454284112 ], [ 141.644213441082485, 39.050654526520113 ], [ 141.641300137749283, 39.047267233695159 ], [ 141.641058885568071, 39.046517499540073 ], [ 141.641500327084145, 39.044441428697894 ], [ 141.641416006489408, 39.04372170778516 ], [ 141.640875079012119, 39.043201224658162 ], [ 141.638926576756944, 39.042478368561909 ], [ 141.62475570845649, 39.050979346516336 ], [ 141.622127788476035, 39.052409600399777 ], [ 141.620273105350236, 39.052007257122959 ], [ 141.618510858859338, 39.052157624070695 ], [ 141.617440678393791, 39.051769082404853 ], [ 141.614666948837254, 39.051963268441476 ], [ 141.614316196534361, 39.051228480921019 ], [ 141.614383079957236, 39.05039694469184 ], [ 141.613909025580853, 39.050002481062812 ], [ 141.613026692461773, 39.050313252248742 ], [ 141.611525189748306, 39.05055037739055 ], [ 141.611176539224601, 39.050764255321745 ], [ 141.609899795082157, 39.050766489748561 ], [ 141.609159260542384, 39.050538111501631 ], [ 141.608845890429933, 39.050341094573717 ], [ 141.607927451062039, 39.048810427068311 ], [ 141.607044261326735, 39.047948316259273 ], [ 141.605316702972061, 39.047573937951931 ], [ 141.604743569310983, 39.046240059774803 ], [ 141.604098348529988, 39.046337639328854 ], [ 141.604250370702886, 39.047101921408235 ], [ 141.603839311391738, 39.04708900943178 ], [ 141.60294944472156, 39.046709137777228 ], [ 141.60246790476495, 39.047185176058981 ], [ 141.60198917288352, 39.0471821342976 ], [ 141.601479552169621, 39.04800672128097 ], [ 141.600681422895462, 39.048727495322971 ], [ 141.598893041461025, 39.048602415973122 ], [ 141.598227183995704, 39.049264174367003 ], [ 141.59805603412056, 39.049736753055228 ], [ 141.598259855424544, 39.050697901832464 ], [ 141.598492404252795, 39.051002098715934 ], [ 141.598394728584111, 39.051192334908251 ], [ 141.599928085187429, 39.052138571705648 ], [ 141.603263749655611, 39.053454641731854 ], [ 141.604905300570067, 39.054304938220959 ], [ 141.605905661630629, 39.054618469284875 ], [ 141.609362148183664, 39.055162154212361 ], [ 141.609895619902858, 39.055459818674031 ], [ 141.612148756264929, 39.059143583513929 ], [ 141.613052425366675, 39.059683457335126 ], [ 141.614110789280943, 39.060620407088024 ], [ 141.614780243208429, 39.060785461009125 ], [ 141.619713702434609, 39.063160513221561 ], [ 141.622630269781183, 39.066981664081943 ], [ 141.624147364053215, 39.068023012464771 ], [ 141.627886210083005, 39.069300668762132 ], [ 141.630705304343223, 39.069616826809799 ], [ 141.631039492623614, 39.06978217441484 ], [ 141.631475161149439, 39.070266896403758 ], [ 141.6331148025576, 39.07347154527919 ], [ 141.635676804802671, 39.077422663303068 ], [ 141.637592663775905, 39.076491222360829 ], [ 141.637796938637194, 39.07538729985334 ], [ 141.638156203028558, 39.074487243209397 ], [ 141.640390103955809, 39.073002354275907 ], [ 141.641966377945892, 39.071641961454276 ], [ 141.641937116585922, 39.07064907459911 ], [ 141.642915853894493, 39.068958080716293 ], [ 141.643600393504784, 39.066633318848687 ], [ 141.644609514420239, 39.064104513100219 ], [ 141.649586091240479, 39.05787590612853 ] ] ] } },
{ "type": "Feature", "properties": { "CITY_NAME": "陸前高田市", "S_NAME": "竹駒町字下壺", "JINKO": 157, "medical_area": "03_気仙医療圏", "町丁目名": "陸前高田市竹駒町字下壺" }, "geometry": { "type": "Polygon", "coordinates": [ [ [ 141.598259855424544, 39.050697901832464 ], [ 141.598104264743824, 39.049540013781609 ], [ 141.598893041461025, 39.048602415973122 ], [ 141.600681422895462, 39.048727495322971 ], [ 141.601479552169621, 39.04800672128097 ], [ 141.60198917288352, 39.0471821342976 ], [ 141.60246790476495, 39.047185176058981 ], [ 141.60294944472156, 39.046709137777228 ], [ 141.603839311391738, 39.04708900943178 ], [ 141.604250370702886, 39.047101921408235 ], [ 141.604098348529988, 39.046337639328854 ], [ 141.604743569310983, 39.046240059774803 ], [ 141.60517669171486, 39.045935208059895 ], [ 141.605353563343755, 39.045487705593679 ], [ 141.6047991228223, 39.044641067351591 ], [ 141.603943208652566, 39.044062158098235 ], [ 141.602885811297966, 39.04375024700952 ], [ 141.602222926022108, 39.04379008288295 ], [ 141.60212690156078, 39.043308836335925 ], [ 141.602384528959789, 39.042775785556948 ], [ 141.602363075406402, 39.042471119937247 ], [ 141.60194908291885, 39.041629870641792 ], [ 141.600478181331567, 39.041787121915121 ], [ 141.600184515537961, 39.042426675301627 ], [ 141.599767288814121, 39.042757445736619 ], [ 141.598010323104887, 39.043661706215779 ], [ 141.596635193584035, 39.044878737444542 ], [ 141.595227084424266, 39.045384299117984 ], [ 141.593961590456729, 39.046623092462355 ], [ 141.593073495737542, 39.048928314102156 ], [ 141.593103796399703, 39.049572563353593 ], [ 141.597804033357448, 39.050911983070392 ], [ 141.597944190631097, 39.050730990063812 ], [ 141.598259855424544, 39.050697901832464 ] ] ] } },
{ "type": "Feature", "properties": { "CITY_NAME": "陸前高田市", "S_NAME": "竹駒町字仲の沢", "JINKO": 397, "medical_area": "03_気仙医療圏", "町丁目名": "陸前高田市竹駒町字仲の沢" }, "geometry": { "type": "Polygon", "coordinates": [ [ [ 141.632353373434313, 39.038990088828989 ], [ 141.62737730172654, 39.036101529209944 ], [ 141.627147432246034, 39.035656548799395 ], [ 141.627367127323993, 39.035196612954081 ], [ 141.626880529823865, 39.034653653239396 ], [ 141.625059585685392, 39.034095899929405 ], [ 141.624463693613478, 39.034185030563918 ], [ 141.624119600454236, 39.03393224451019 ], [ 141.623283492884212, 39.034625009804437 ], [ 141.622400652062595, 39.034900182493629 ], [ 141.621128255383411, 39.034584340119167 ], [ 141.620368706886325, 39.034620639703071 ], [ 141.6203441371851, 39.035363363854145 ], [ 141.619749200613768, 39.036415512236161 ], [ 141.61862412837246, 39.036528932659955 ], [ 141.616892119401513, 39.035137935125682 ], [ 141.616568677593534, 39.034719384619429 ], [ 141.616459759994626, 39.034035336634965 ], [ 141.614455341651279, 39.033385379386146 ], [ 141.615199083123287, 39.034432694705885 ], [ 141.615091509592133, 39.034855401315767 ], [ 141.61533227525274, 39.035403089863458 ], [ 141.615115715123068, 39.03612105954457 ], [ 141.614333439770917, 39.037384228737956 ], [ 141.615664684735748, 39.037470828536556 ], [ 141.615825440166333, 39.037636594029117 ], [ 141.615863837952361, 39.038691524495313 ], [ 141.619010555741085, 39.040756318689041 ], [ 141.620398971373533, 39.041220608402554 ], [ 141.623583234026654, 39.042974416792774 ], [ 141.624319365659176, 39.0435307531314 ], [ 141.626659496876016, 39.044645313727031 ], [ 141.627494429235952, 39.045356134274051 ], [ 141.629502518368611, 39.045987287523502 ], [ 141.630434101938107, 39.046669551995272 ], [ 141.63060945742086, 39.047476277095221 ], [ 141.638926576756944, 39.042478368561909 ], [ 141.635906360295252, 39.041688763801837 ], [ 141.635471219487243, 39.041189340882795 ], [ 141.634753300021003, 39.039643385489747 ], [ 141.634412660968053, 39.039358590737784 ], [ 141.632353373434313, 39.038990088828989 ] ] ] } },
{ "type": "Feature", "properties": { "CITY_NAME": "陸前高田市", "S_NAME": "気仙町字上長部", "JINKO": 0, "medical_area": "03_気仙医療圏", "町丁目名": "陸前高田市気仙町字上長部" }, "geometry": { "type": "Polygon", "coordinates": [ [ [ 141.599338418912311, 39.008612813313128 ], [ 141.608030447921607, 38.9824943763942 ], [ 141.607429075893805, 38.982754535890443 ], [ 141.606827780253951, 38.983491643298009 ], [ 141.605523505147801, 38.984129579767718 ], [ 141.6053108105273, 38.984849681709392 ], [ 141.604529210826854, 38.985411804826612 ], [ 141.603106058371793, 38.985653772003189 ], [ 141.602280685249553, 38.986065134282939 ], [ 141.599912608466269, 38.986407853509078 ], [ 141.599139062120145, 38.986478580619846 ], [ 141.597542734642843, 38.986269571841156 ], [ 141.596906271002155, 38.986567980255096 ], [ 141.596127367775779, 38.986611205375702 ], [ 141.595104218150624, 38.986951537273704 ], [ 141.593705207166494, 38.986628306537817 ], [ 141.592283267951842, 38.986831924862727 ], [ 141.591500745967153, 38.987169398788758 ], [ 141.590428185876647, 38.987302462710737 ], [ 141.588490263610424, 38.988209715536293 ], [ 141.587038606517694, 38.988632974251011 ], [ 141.583349029711911, 38.988672459006523 ], [ 141.582653642088758, 38.988180266465385 ], [ 141.5811172402137, 38.987594938999564 ], [ 141.580432494683038, 38.986993720421111 ], [ 141.579969585094744, 38.986836434999596 ], [ 141.577554532442093, 38.986895167638053 ], [ 141.576164397907036, 38.986763422655244 ], [ 141.575063818937707, 38.986958343001767 ], [ 141.574089469678853, 38.987471750458923 ], [ 141.573948023228979, 38.987949530383034 ], [ 141.572005363744921, 38.989723616840514 ], [ 141.571437262579394, 38.990616575809433 ], [ 141.570864543074833, 38.991068290898795 ], [ 141.570722362114708, 38.992126755030249 ], [ 141.570217031486123, 38.992906422447803 ], [ 141.569301388038809, 38.993733293747312 ], [ 141.568975393055183, 38.994926984589185 ], [ 141.568036894510243, 38.995337498108753 ], [ 141.567211705417691, 38.99596546448722 ], [ 141.567430086268587, 38.998621647910937 ], [ 141.568324427137242, 39.000746721125985 ], [ 141.568858095021767, 39.002829579621476 ], [ 141.569982730248256, 39.003384811998323 ], [ 141.573614912777231, 39.003457989949879 ], [ 141.575304680780931, 39.003654475153432 ], [ 141.576945828810551, 39.004635403903258 ], [ 141.581084801051588, 39.007797638721243 ], [ 141.581675157606355, 39.008030611314616 ], [ 141.584669872142229, 39.007878234284661 ], [ 141.585694958870306, 39.007975169091239 ], [ 141.587477764038368, 39.009768889209909 ], [ 141.589248558017943, 39.013094107319901 ], [ 141.589919784028552, 39.013785109156352 ], [ 141.591689923577576, 39.014380374249164 ], [ 141.596081687757959, 39.013611902960022 ], [ 141.597770086960679, 39.013660065993143 ], [ 141.598661963041337, 39.015459448667393 ], [ 141.599387978745511, 39.015942980960823 ], [ 141.599524199236669, 39.016267660170442 ], [ 141.59950797858238, 39.016519230124011 ], [ 141.59907840783859, 39.017128708767473 ], [ 141.599235812041343, 39.017660373931761 ], [ 141.601259822282657, 39.018904828674593 ], [ 141.601521330472792, 39.019799240032448 ], [ 141.601925368724096, 39.019073584858177 ], [ 141.601970075868536, 39.018447836281588 ], [ 141.599338418912311, 39.008612813313128 ] ] ] } },
{ "type": "Feature", "properties": { "CITY_NAME": "陸前高田市", "S_NAME": "気仙町字神崎", "JINKO": 41, "medical_area": "03_気仙医療圏", "町丁目名": "陸前高田市気仙町字神崎" }, "geometry": { "type": "Polygon", "coordinates": [ [ [ 141.618659086769242, 39.023555147121904 ], [ 141.618036459620612, 39.020036138793607 ], [ 141.617011001382423, 39.012019287357752 ], [ 141.615570455762963, 39.011988958083933 ], [ 141.615016412752539, 39.012804123321771 ], [ 141.613590880665924, 39.012868538667703 ], [ 141.613044090797985, 39.012749658189804 ], [ 141.611594588187927, 39.012268003981788 ], [ 141.609579517711296, 39.010964691613957 ], [ 141.607978484453099, 39.010651496190462 ], [ 141.606814667863745, 39.009900590651512 ], [ 141.606439290289813, 39.009426328972317 ], [ 141.602774565698923, 39.007620727870957 ], [ 141.602398776578553, 39.007892537907125 ], [ 141.601635086135673, 39.007796492975196 ], [ 141.600726306051797, 39.00791119347312 ], [ 141.599338418912311, 39.008612813313128 ], [ 141.601970075868536, 39.018447836281588 ], [ 141.601925368724096, 39.019073584858177 ], [ 141.601378402394005, 39.020178957684742 ], [ 141.601601426050763, 39.020395523788643 ], [ 141.602398977677922, 39.020688682239665 ], [ 141.605669795233752, 39.022480340811953 ], [ 141.607171313329559, 39.022562250468816 ], [ 141.609278451826754, 39.022198213757143 ], [ 141.611054626249341, 39.022177891859954 ], [ 141.613318416404525, 39.023014874195269 ], [ 141.613660959533348, 39.023396993664335 ], [ 141.613663241036164, 39.023603608878332 ], [ 141.613626778025292, 39.025293773494624 ], [ 141.613347364407701, 39.025972678652408 ], [ 141.61511041008589, 39.026893261635365 ], [ 141.615687173050731, 39.026245862459085 ], [ 141.618481331666175, 39.024307907566126 ], [ 141.61880333754425, 39.023578246756472 ], [ 141.618659086769242, 39.023555147121904 ] ] ] } },
{ "type": "Feature", "properties": { "CITY_NAME": "陸前高田市", "S_NAME": "気仙町字町", "JINKO": 491, "medical_area": "03_気仙医療圏", "町丁目名": "陸前高田市気仙町字町" }, "geometry": { "type": "Polygon", "coordinates": [ [ [ 141.613428331771388, 39.01285273245351 ], [ 141.615016412752539, 39.012804123321757 ], [ 141.615570455762963, 39.011988958083933 ], [ 141.617011001382423, 39.012019287357752 ], [ 141.618209088403034, 39.010223085284444 ], [ 141.621264462313547, 39.00486239201215 ], [ 141.624033961614714, 39.000698560128299 ], [ 141.622404941124728, 38.99999459858946 ], [ 141.621330951389041, 38.999224094524934 ], [ 141.620681981292876, 38.999250704193919 ], [ 141.619065686272847, 38.998948036705507 ], [ 141.618061070668517, 38.999223272496181 ], [ 141.616518191282353, 38.999172100770792 ], [ 141.615885067313457, 39.000068000345756 ], [ 141.614954154932633, 39.000332630553565 ], [ 141.614763685071182, 39.001014070673186 ], [ 141.613802559862165, 39.001355783610506 ], [ 141.611950136003514, 39.000767520185597 ], [ 141.610940081137073, 38.999225075857204 ], [ 141.610550952831971, 39.000073043482544 ], [ 141.60958811049224, 39.000781105339883 ], [ 141.608793434146151, 39.002145235422716 ], [ 141.608108980455228, 39.002912246560236 ], [ 141.607282266125395, 39.003464630870113 ], [ 141.606594162480945, 39.00371093268776 ], [ 141.606405304217702, 39.003637931921553 ], [ 141.605971830435976, 39.003910486395888 ], [ 141.605019587017665, 39.004938455896102 ], [ 141.603828450977574, 39.005162019090101 ], [ 141.603599374927967, 39.005354534891005 ], [ 141.603102045453824, 39.007020990940113 ], [ 141.602774565698923, 39.007620727870957 ], [ 141.606439290289813, 39.009426328972317 ], [ 141.606814667863745, 39.009900590651512 ], [ 141.607978484453099, 39.010651496190462 ], [ 141.609579517711296, 39.010964691613957 ], [ 141.611594588187927, 39.012268003981788 ], [ 141.613428331771388, 39.01285273245351 ] ] ] } },
{ "type": "Feature", "properties": { "CITY_NAME": "陸前高田市", "S_NAME": "気仙町字土手影", "JINKO": 0, "medical_area": "03_気仙医療圏", "町丁目名": "陸前高田市気仙町字土手影" }, "geometry": { "type": "Polygon", "coordinates": [ [ [ 141.626958695779365, 39.012405684891327 ], [ 141.629730416100756, 39.012188996091538 ], [ 141.629302450149567, 39.010720804094902 ], [ 141.62877672781778, 39.01028649187554 ], [ 141.628676996912219, 39.009632304804747 ], [ 141.629069315787802, 39.009507105702887 ], [ 141.629220271145925, 39.009071001553558 ], [ 141.628820087126911, 39.008954154097417 ], [ 141.629484948770795, 39.007576412449716 ], [ 141.629157389789441, 39.007484407799161 ], [ 141.630076581274466, 39.006066574446095 ], [ 141.630047847334595, 39.005909897272488 ], [ 141.631366792510903, 39.00408099612423 ], [ 141.627120746263245, 39.002035303317719 ], [ 141.626114261513351, 39.001227788042094 ], [ 141.625723299737217, 39.000649397182208 ], [ 141.626313633018981, 39.000275135048227 ], [ 141.625963975904341, 38.998337109602502 ], [ 141.623576016185893, 39.001258840729541 ], [ 141.617011001382423, 39.012019287357752 ], [ 141.618298768434443, 39.021518789363817 ], [ 141.619335265933927, 39.021355936304154 ], [ 141.620259241189046, 39.018988611908618 ], [ 141.620342570170266, 39.018281807711695 ], [ 141.620957356772038, 39.016977786674275 ], [ 141.621493124964786, 39.016905275636994 ], [ 141.622721055271001, 39.015748839527497 ], [ 141.622223174467422, 39.01515793062039 ], [ 141.622553928423741, 39.014742296675152 ], [ 141.624608598191571, 39.013276784955949 ], [ 141.626958695779365, 39.012405684891327 ] ] ] } },
{ "type": "Feature", "properties": { "CITY_NAME": "陸前高田市", "S_NAME": "気仙町字丑沢", "JINKO": 205, "medical_area": "03_気仙医療圏", "町丁目名": "陸前高田市気仙町字丑沢" }, "geometry": { "type": "Polygon", "coordinates": [ [ [ 141.616415029014803, 38.999254711505543 ], [ 141.616680027436615, 38.999142865963393 ], [ 141.618061070668517, 38.999223272496181 ], [ 141.619378582021483, 38.998934744034869 ], [ 141.620681981292876, 38.999250704193919 ], [ 141.621330951389041, 38.999224094524934 ], [ 141.622404941124728, 38.99999459858946 ], [ 141.624033961614714, 39.000698560128299 ], [ 141.625963975904341, 38.998337109602488 ], [ 141.624138123342391, 38.997649918382116 ], [ 141.624331768202637, 38.997071014222477 ], [ 141.623896289907663, 38.996298885782807 ], [ 141.62410647476716, 38.995723248670387 ], [ 141.623973897866904, 38.995375984139301 ], [ 141.622051220554596, 38.995119427056501 ], [ 141.621402316249458, 38.994638476404909 ], [ 141.621446623799585, 38.994373694494492 ], [ 141.620795294610048, 38.993479059123828 ], [ 141.618722800540894, 38.992378542623889 ], [ 141.617525097094955, 38.993466753751676 ], [ 141.616848465371362, 38.992969838285482 ], [ 141.616709849451809, 38.994117731979337 ], [ 141.616454763212005, 38.994707876564441 ], [ 141.615469125382646, 38.995536980253611 ], [ 141.614810944763917, 38.995657643045007 ], [ 141.613402143423883, 38.996291510965314 ], [ 141.612588806533353, 38.99627089159177 ], [ 141.612594433063549, 38.996781307399885 ], [ 141.612259884503288, 38.997504981210831 ], [ 141.61259440685231, 38.99807971390517 ], [ 141.61242859257689, 38.998623362748567 ], [ 141.611053044968287, 38.998713098299085 ], [ 141.610934718086071, 38.999229334191547 ], [ 141.611950136003514, 39.000767520185597 ], [ 141.613802559862165, 39.001355783610506 ], [ 141.614763685071182, 39.001014070673186 ], [ 141.614954154932633, 39.000332630553565 ], [ 141.615885067313457, 39.000068000345756 ], [ 141.616415029014803, 38.999254711505543 ] ] ] } },
{ "type": "Feature", "properties": { "CITY_NAME": "陸前高田市", "S_NAME": "気仙町字湊", "JINKO": 148, "medical_area": "03_気仙医療圏", "町丁目名": "陸前高田市気仙町字湊" }, "geometry": { "type": "Polygon", "coordinates": [ [ [ 141.625186662618148, 38.998047775100687 ], [ 141.629017203836526, 38.994317472254522 ], [ 141.62810500394491, 38.99511107228625 ], [ 141.622025734516228, 38.993925273575442 ], [ 141.622866944466551, 38.992761086351265 ], [ 141.623843019537588, 38.993032837252876 ], [ 141.624133452049932, 38.992367903251214 ], [ 141.623185771995651, 38.992061687435722 ], [ 141.623251741259907, 38.991969326738925 ], [ 141.624217326642167, 38.992231293887592 ], [ 141.624432768759959, 38.991884767672424 ], [ 141.624191315263289, 38.992179177791236 ], [ 141.623762902264417, 38.992060460723046 ], [ 141.624240553608303, 38.991315858193261 ], [ 141.624635831937297, 38.99146365338428 ], [ 141.624505360761248, 38.9917716701218 ], [ 141.624702608924082, 38.991451448614548 ], [ 141.62457277645052, 38.991397360964953 ], [ 141.625288122740557, 38.99106370688871 ], [ 141.625195418596348, 38.990926532897397 ], [ 141.624446754359838, 38.991280258771752 ], [ 141.624310114139661, 38.99113338759043 ], [ 141.62547874226459, 38.990772384616008 ], [ 141.625412777020131, 38.990494200881194 ], [ 141.62438132809794, 38.990719288641827 ], [ 141.623795926986446, 38.9906817252064 ], [ 141.623443820452337, 38.990353464333012 ], [ 141.623156483549081, 38.9903181049756 ], [ 141.622964147202453, 38.989615543560092 ], [ 141.622778323224367, 38.989488920230848 ], [ 141.622497665583069, 38.989437467001544 ], [ 141.62209669384427, 38.989626747575073 ], [ 141.620131361017485, 38.988804447258254 ], [ 141.620079434097619, 38.988943584145076 ], [ 141.619201170800636, 38.989077791020826 ], [ 141.6188573894174, 38.989464932749051 ], [ 141.618374660486722, 38.989528559967212 ], [ 141.617299501963373, 38.989619382016869 ], [ 141.615211903730597, 38.989413916106649 ], [ 141.614302853625162, 38.990265170505658 ], [ 141.614038320948396, 38.990825252395773 ], [ 141.614016293376721, 38.991297430611311 ], [ 141.612846840391029, 38.991344994608362 ], [ 141.612679361365565, 38.991220512486628 ], [ 141.612136869591296, 38.992323938874421 ], [ 141.612062800885326, 38.993571941227678 ], [ 141.612914904013849, 38.994044904972128 ], [ 141.613697367543892, 38.994989094291768 ], [ 141.613832722866306, 38.995396596380075 ], [ 141.613402143423883, 38.996291510965314 ], [ 141.614810944763917, 38.995657643045007 ], [ 141.615469125382646, 38.995536980253611 ], [ 141.61618146523449, 38.995045972163368 ], [ 141.616709849451809, 38.994117731979337 ], [ 141.616848465371362, 38.992969838285482 ], [ 141.617525097094955, 38.993466753751676 ], [ 141.618722800540894, 38.992378542623889 ], [ 141.620795294610048, 38.993479059123828 ], [ 141.621446623799585, 38.994373694494492 ], [ 141.621402316249458, 38.994638476404909 ], [ 141.622051220554596, 38.995119427056501 ], [ 141.623973897866904, 38.995375984139301 ], [ 141.62410647476716, 38.995723248670387 ], [ 141.623896289907663, 38.996298885782807 ], [ 141.624331768202637, 38.997071014222477 ], [ 141.624138123342391, 38.997649918382116 ], [ 141.625186662618148, 38.998047775100687 ] ] ] } },
{ "type": "Feature", "properties": { "CITY_NAME": "陸前高田市", "S_NAME": "気仙町字古谷", "JINKO": 106, "medical_area": "03_気仙医療圏", "町丁目名": "陸前高田市気仙町字古谷" }, "geometry": { "type": "Polygon", "coordinates": [ [ [ 141.628928699440507, 38.993119103248198 ], [ 141.628367764392806, 38.991271677257721 ], [ 141.628958874736526, 38.991182920026837 ], [ 141.628884592113934, 38.990936607777655 ], [ 141.62831379685079, 38.990681988552005 ], [ 141.628934236461703, 38.990427290794244 ], [ 141.628796903294813, 38.990227364215023 ], [ 141.629026744060582, 38.990137474414126 ], [ 141.628769035972766, 38.990002341737366 ], [ 141.629001088503941, 38.989908848200052 ], [ 141.62863947595261, 38.98977167687525 ], [ 141.629114398370803, 38.989720728827514 ], [ 141.629322949498373, 38.989477839245204 ], [ 141.628959180102612, 38.989565895579879 ], [ 141.628256859037066, 38.98941844349158 ], [ 141.628138540584615, 38.989257095015532 ], [ 141.628366267511012, 38.989083470197791 ], [ 141.627983763016175, 38.989149129617942 ], [ 141.627916976495243, 38.988959560648489 ], [ 141.628453008684346, 38.988793764315822 ], [ 141.628701575159766, 38.988316384216994 ], [ 141.628322285393722, 38.988354997236087 ], [ 141.62811236973161, 38.988572627809575 ], [ 141.627700768862297, 38.988407851956964 ], [ 141.627560077300217, 38.988108852933578 ], [ 141.626858392927488, 38.988016352670499 ], [ 141.626850249081429, 38.98780470826275 ], [ 141.625634353412551, 38.986934622870848 ], [ 141.625541826332352, 38.986708207150016 ], [ 141.625717526125953, 38.986526846857608 ], [ 141.624926429227884, 38.985863744728348 ], [ 141.624815680318363, 38.985353755255339 ], [ 141.624076354930139, 38.985295273563828 ], [ 141.621575137029538, 38.985797912701521 ], [ 141.61900705212841, 38.987747946036329 ], [ 141.618474359307555, 38.988687846617779 ], [ 141.618374660486722, 38.989528559967212 ], [ 141.6188573894174, 38.989464932749051 ], [ 141.619201170800636, 38.989077791020826 ], [ 141.620079434097619, 38.988943584145076 ], [ 141.620131361017485, 38.988804447258254 ], [ 141.62209669384427, 38.989626747575073 ], [ 141.622497665583069, 38.989437467001544 ], [ 141.622778323224367, 38.989488920230848 ], [ 141.622964147202453, 38.989615543560092 ], [ 141.623156483549081, 38.9903181049756 ], [ 141.623443820452337, 38.990353464333012 ], [ 141.623795926986446, 38.9906817252064 ], [ 141.62438132809794, 38.990719288641827 ], [ 141.625376318236448, 38.990483820649786 ], [ 141.625585699963381, 38.990837393795211 ], [ 141.625254056753079, 38.990904529956659 ], [ 141.625345570479965, 38.991039951939953 ], [ 141.626374391577741, 38.990869910639759 ], [ 141.62653586792996, 38.991575066477836 ], [ 141.627995710233108, 38.991859758176751 ], [ 141.628257019546112, 38.992515600629829 ], [ 141.628672646239238, 38.992418184586739 ], [ 141.628834468811618, 38.993152118769686 ], [ 141.629764035219011, 38.993599872123028 ], [ 141.628928699440507, 38.993119103248198 ] ] ] } },
{ "type": "Feature", "properties": { "CITY_NAME": "陸前高田市", "S_NAME": "気仙町字双六", "JINKO": 318, "medical_area": "03_気仙医療圏", "町丁目名": "陸前高田市気仙町字双六" }, "geometry": { "type": "Polygon", "coordinates": [ [ [ 141.617387914861496, 38.989614918459388 ], [ 141.618374660486722, 38.989528559967212 ], [ 141.618474359307555, 38.988687846617779 ], [ 141.61900705212841, 38.987747946036329 ], [ 141.621575137029538, 38.985797912701521 ], [ 141.624076354930139, 38.985295273563828 ], [ 141.624815680318363, 38.985353755255339 ], [ 141.625009167933825, 38.985005618663671 ], [ 141.625247804284157, 38.98509049842469 ], [ 141.625453043007184, 38.984761143236994 ], [ 141.626148070148133, 38.985091578760105 ], [ 141.625093123007758, 38.984570812730446 ], [ 141.625629715257162, 38.98424829235401 ], [ 141.625122299513833, 38.983672509699531 ], [ 141.625250035623395, 38.983637371090374 ], [ 141.62511842919335, 38.983116683219862 ], [ 141.625699601654958, 38.982967697878294 ], [ 141.626012557951412, 38.983393481587491 ], [ 141.625722108419723, 38.982916238644144 ], [ 141.625127019675375, 38.983062574045903 ], [ 141.625246533500956, 38.982292453344876 ], [ 141.625147913332398, 38.982108939123421 ], [ 141.621773726966694, 38.98264289130185 ], [ 141.620859540164162, 38.982506816018791 ], [ 141.620311025338196, 38.982196128274438 ], [ 141.619635824606746, 38.982209962434176 ], [ 141.618032779383725, 38.981887774673417 ], [ 141.616585931162319, 38.98069519863347 ], [ 141.615167541592655, 38.97992792771214 ], [ 141.613950393612072, 38.97804590504682 ], [ 141.613110402412843, 38.979400743876866 ], [ 141.611950725111939, 38.979360761426392 ], [ 141.610194021334877, 38.980983137603722 ], [ 141.608966121786494, 38.981548551121044 ], [ 141.60888340405333, 38.982063847011943 ], [ 141.608308334409145, 38.98235332604937 ], [ 141.609734059646939, 38.982616089352419 ], [ 141.611180869971179, 38.983204686020585 ], [ 141.613581393759432, 38.985803250165596 ], [ 141.614039941331697, 38.986042573628296 ], [ 141.614442184705041, 38.98596767817164 ], [ 141.615713703325298, 38.987143090719925 ], [ 141.615533324925764, 38.988747741355112 ], [ 141.615211903730597, 38.989413916106649 ], [ 141.617387914861496, 38.989614918459388 ] ] ] } },
{ "type": "Feature", "properties": { "CITY_NAME": "陸前高田市", "S_NAME": "気仙町字要谷", "JINKO": 166, "medical_area": "03_気仙医療圏", "町丁目名": "陸前高田市気仙町字要谷" }, "geometry": { "type": "Polygon", "coordinates": [ [ [ 141.621773726966694, 38.98264289130185 ], [ 141.625147913332398, 38.982108939123421 ], [ 141.625289825929713, 38.981624615339932 ], [ 141.625957006534207, 38.981838131224194 ], [ 141.625350641753244, 38.981588169632786 ], [ 141.625772405794521, 38.981223143647114 ], [ 141.626141875801579, 38.981132385445079 ], [ 141.626223754756211, 38.981334521937875 ], [ 141.626427213153022, 38.981362842848256 ], [ 141.627125275152451, 38.981146409051952 ], [ 141.627136525731942, 38.981015709453928 ], [ 141.627029655367465, 38.980748009275693 ], [ 141.625153459418101, 38.980387783904 ], [ 141.62417470125925, 38.980005207803565 ], [ 141.623636612820576, 38.978995948545183 ], [ 141.623045784122723, 38.979003949206962 ], [ 141.622120912320469, 38.978268040092459 ], [ 141.621355345900014, 38.978112804925232 ], [ 141.62044638369224, 38.976787149860108 ], [ 141.619288175738831, 38.97614507196532 ], [ 141.618044879033164, 38.975731091747555 ], [ 141.617435306492865, 38.97593421837044 ], [ 141.616970897076442, 38.976822277058858 ], [ 141.616198346842594, 38.97735543814261 ], [ 141.615597092549933, 38.977399301418487 ], [ 141.613950393612072, 38.97804590504682 ], [ 141.615167541592655, 38.97992792771214 ], [ 141.616585931162319, 38.98069519863347 ], [ 141.617758880049649, 38.981760116310383 ], [ 141.619149310514644, 38.982139196565818 ], [ 141.620311025338196, 38.982196128274438 ], [ 141.620859540164162, 38.982506816018791 ], [ 141.621773726966694, 38.98264289130185 ] ] ] } },
{ "type": "Feature", "properties": { "CITY_NAME": "陸前高田市", "S_NAME": "気仙町字福伏", "JINKO": 134, "medical_area": "03_気仙医療圏", "町丁目名": "陸前高田市気仙町字福伏" }, "geometry": { "type": "Polygon", "coordinates": [ [ [ 141.628725011713669, 38.979817629686316 ], [ 141.627225297201591, 38.9791548514007 ], [ 141.627250499466726, 38.978933972065256 ], [ 141.627562641618056, 38.978668848321441 ], [ 141.627495697477826, 38.978359423670909 ], [ 141.627628696681825, 38.978079257360569 ], [ 141.628127708677312, 38.977811878791456 ], [ 141.628559696972502, 38.977124300578041 ], [ 141.629755875220411, 38.976871178407549 ], [ 141.630248006767914, 38.97650657609806 ], [ 141.630625165866036, 38.976485075210171 ], [ 141.630446688925389, 38.976007928548277 ], [ 141.630685010023882, 38.975963092993844 ], [ 141.630468650029229, 38.97519610287403 ], [ 141.631727868222868, 38.974804663108991 ], [ 141.632044563926655, 38.975050235121039 ], [ 141.631887024241905, 38.975302701576837 ], [ 141.632799917946784, 38.975618944485461 ], [ 141.632605524615997, 38.975466214222081 ], [ 141.632650787448256, 38.974875852814243 ], [ 141.632056011724984, 38.975042064049923 ], [ 141.631742873715183, 38.974800056555608 ], [ 141.632542204987516, 38.974561298777111 ], [ 141.633276092818164, 38.973949132036473 ], [ 141.633137508321653, 38.973524852514736 ], [ 141.633210981320673, 38.972878488721697 ], [ 141.634010525282662, 38.972255960467521 ], [ 141.633619229313695, 38.971940581675689 ], [ 141.633358394876723, 38.972241471743004 ], [ 141.63280096961293, 38.971929068288517 ], [ 141.632239489568121, 38.972079778728471 ], [ 141.63191399570178, 38.971963974269222 ], [ 141.631498476531391, 38.971243385048176 ], [ 141.631514070411981, 38.970987453348023 ], [ 141.631745148965564, 38.970805709610943 ], [ 141.631654734779033, 38.970670283527767 ], [ 141.629395133069551, 38.970166616751335 ], [ 141.628101974236102, 38.970194046482497 ], [ 141.625982580387642, 38.970832595835432 ], [ 141.625370691813373, 38.971167797133418 ], [ 141.624401122294302, 38.97120059947536 ], [ 141.623466808900531, 38.972155404817585 ], [ 141.622024953306266, 38.972596406763337 ], [ 141.620541508001821, 38.973761403593279 ], [ 141.61900519938132, 38.974197551633942 ], [ 141.618938437952806, 38.974917132582185 ], [ 141.618044879033164, 38.975731091747555 ], [ 141.619288175738831, 38.97614507196532 ], [ 141.62044638369224, 38.976787149860108 ], [ 141.621355345900014, 38.978112804925232 ], [ 141.622120912320469, 38.978268040092459 ], [ 141.623045784122723, 38.979003949206962 ], [ 141.623636612820576, 38.978995948545183 ], [ 141.624083940475543, 38.979935652809836 ], [ 141.624717110980612, 38.98025434163911 ], [ 141.627029655367465, 38.980748009275693 ], [ 141.627310194502058, 38.98014070642062 ], [ 141.626890047940464, 38.980029191460019 ], [ 141.627180386452267, 38.98008669163265 ], [ 141.627506255223125, 38.979405182935281 ], [ 141.628668575667405, 38.979834200455329 ], [ 141.628808195379207, 38.980239549168076 ], [ 141.628428303100662, 38.981047476325138 ], [ 141.628912499228107, 38.980174020502687 ], [ 141.628725011713669, 38.979817629686316 ] ] ] } },
{ "type": "Feature", "properties": { "CITY_NAME": "陸前高田市", "S_NAME": "気仙町字上長部", "JINKO": 114, "medical_area": "03_気仙医療圏", "町丁目名": "陸前高田市気仙町字上長部" }, "geometry": { "type": "Polygon", "coordinates": [ [ [ 141.600965529421615, 39.007854447083666 ], [ 141.60251251500236, 39.007867297777814 ], [ 141.603102045453824, 39.007020990940141 ], [ 141.603701890988759, 39.005226896540371 ], [ 141.605019587017665, 39.004938455896102 ], [ 141.605971830435976, 39.003910486395888 ], [ 141.606405304217702, 39.003637931921553 ], [ 141.606594162480945, 39.00371093268776 ], [ 141.607282266125395, 39.003464630870113 ], [ 141.608108980455228, 39.002912246560236 ], [ 141.608793434146151, 39.002145235422716 ], [ 141.60958811049224, 39.000781105339883 ], [ 141.610550952831971, 39.000073043482544 ], [ 141.610877364568694, 38.999500460544397 ], [ 141.611053044968315, 38.998713098299106 ], [ 141.612428592576919, 38.998623362748567 ], [ 141.61259440685231, 38.99807971390517 ], [ 141.612259884503288, 38.997504981210831 ], [ 141.612594433063549, 38.996781307399885 ], [ 141.612588806533353, 38.99627089159177 ], [ 141.613402143423883, 38.996291510965314 ], [ 141.613641944209917, 38.995891360196751 ], [ 141.613832722866306, 38.995396596380075 ], [ 141.613697367543892, 38.994989094291768 ], [ 141.612573715720089, 38.993747083163953 ], [ 141.612062800885326, 38.993571941227678 ], [ 141.612164863187786, 38.992203623609093 ], [ 141.612679361365565, 38.991220512486628 ], [ 141.612846840391029, 38.991344994608362 ], [ 141.614016293376721, 38.991297430611311 ], [ 141.614038320948396, 38.990825252395773 ], [ 141.614302853625162, 38.990265170505658 ], [ 141.615392409757447, 38.989125914964696 ], [ 141.615713703325298, 38.987143090719925 ], [ 141.614442184705041, 38.98596767817164 ], [ 141.614039941331697, 38.986042573628296 ], [ 141.613581393759432, 38.985803250165596 ], [ 141.611180869971179, 38.983204686020585 ], [ 141.61068917779869, 38.982950090413546 ], [ 141.608308334409145, 38.98235332604937 ], [ 141.608030447921607, 38.9824943763942 ], [ 141.59948235213534, 39.008477026410404 ], [ 141.600965529421615, 39.007854447083666 ] ] ] } },
{ "type": "Feature", "properties": { "CITY_NAME": "陸前高田市", "S_NAME": "高田町字大隅", "JINKO": 0, "medical_area": "03_気仙医療圏", "町丁目名": "陸前高田市高田町字大隅" }, "geometry": { "type": "Polygon", "coordinates": [ [ [ 141.656734757232385, 39.034759991304021 ], [ 141.641284662164253, 39.043600163720306 ], [ 141.641500327084145, 39.044441428697894 ], [ 141.641058885568071, 39.046517499540073 ], [ 141.641300137749283, 39.047267233695159 ], [ 141.644213441082485, 39.050654526520113 ], [ 141.645130065661704, 39.052332454284112 ], [ 141.645583481486455, 39.054194971684701 ], [ 141.645443285970316, 39.056450461740972 ], [ 141.645779780541801, 39.05681090298507 ], [ 141.648112296952576, 39.057338761150639 ], [ 141.650247983161279, 39.057282921381123 ], [ 141.652784346253867, 39.055494727778935 ], [ 141.653749061171368, 39.055208756941035 ], [ 141.654555768488763, 39.055166832491899 ], [ 141.656757941148868, 39.055739922195308 ], [ 141.659075046866207, 39.057091647240412 ], [ 141.659330230129797, 39.057377896767399 ], [ 141.659660718546036, 39.056641257479413 ], [ 141.659607650837671, 39.055301035173763 ], [ 141.659853758003777, 39.053973267589988 ], [ 141.660342719106723, 39.052643922131132 ], [ 141.660163206315076, 39.050080525162585 ], [ 141.660566417951316, 39.049407407001205 ], [ 141.66048439342174, 39.046398960590942 ], [ 141.660971247714883, 39.045926456564445 ], [ 141.6620662553795, 39.044115582317019 ], [ 141.662130589949129, 39.042809428778426 ], [ 141.656734757232385, 39.034759991304021 ] ] ] } },
{ "type": "Feature", "properties": { "CITY_NAME": "陸前高田市", "S_NAME": "高田町", "JINKO": 590, "medical_area": "03_気仙医療圏", "町丁目名": "陸前高田市高田町" }, "geometry": { "type": "Polygon", "coordinates": [ [ [ 141.625717044700224, 39.026263532040552 ], [ 141.625998724815446, 39.026245010085013 ], [ 141.62650739630746, 39.025500869068672 ], [ 141.626116313488666, 39.025261499840539 ], [ 141.625344484901262, 39.02427998648853 ], [ 141.624976481588959, 39.022447445923554 ], [ 141.626580231980654, 39.022497890980098 ], [ 141.626255433383108, 39.022054536440749 ], [ 141.626075449967601, 39.020390695517285 ], [ 141.62585576742714, 39.020196888477095 ], [ 141.625273136593364, 39.020307814304559 ], [ 141.624568576245025, 39.019428335438747 ], [ 141.626363697854231, 39.019007661523624 ], [ 141.626558252762749, 39.019328108335806 ], [ 141.626986576665558, 39.019325770714374 ], [ 141.626510487438907, 39.018258336106513 ], [ 141.628263886821969, 39.017752721867801 ], [ 141.628381960959643, 39.0179282954401 ], [ 141.629640014519339, 39.018210997344333 ], [ 141.630128763601249, 39.018524808546914 ], [ 141.630417134797909, 39.019035285326446 ], [ 141.631943662539499, 39.018572501439898 ], [ 141.632083228691698, 39.018756264861985 ], [ 141.6342139464642, 39.018056430781712 ], [ 141.63392182473973, 39.017380513040237 ], [ 141.634048605423629, 39.01731169307854 ], [ 141.633890943977292, 39.017194609983257 ], [ 141.6343124670382, 39.017090831551769 ], [ 141.63520539741782, 39.016357748236913 ], [ 141.635295081430797, 39.016184331822842 ], [ 141.635091848133072, 39.015774580858874 ], [ 141.636707448851581, 39.015270108070816 ], [ 141.636897231585635, 39.015383557966963 ], [ 141.638248942423672, 39.014676020805396 ], [ 141.637743153123608, 39.013721356159529 ], [ 141.639999107515024, 39.013040818063779 ], [ 141.640342606352931, 39.013883807219209 ], [ 141.641960372398557, 39.013459057573009 ], [ 141.64147368016944, 39.012675606293087 ], [ 141.640366410545795, 39.012303362598914 ], [ 141.639868543276918, 39.011944990610999 ], [ 141.640183595811408, 39.011658138505361 ], [ 141.639904503512412, 39.011650142056872 ], [ 141.639659085493548, 39.010711803601815 ], [ 141.638410775598174, 39.009951111216076 ], [ 141.637884382182676, 39.009944813545275 ], [ 141.637793034534923, 39.008647888076126 ], [ 141.638192684164409, 39.008218436601261 ], [ 141.639093844280154, 39.007806008077473 ], [ 141.639306792796248, 39.006263337914078 ], [ 141.637826346116185, 39.006131162214274 ], [ 141.635605515587201, 39.005659974710333 ], [ 141.631366792510875, 39.00408099612423 ], [ 141.630047847334595, 39.005909897272488 ], [ 141.630076581274466, 39.006066574446066 ], [ 141.629157389789441, 39.007484407799161 ], [ 141.629484948770795, 39.007576412449708 ], [ 141.628820087126911, 39.008954154097417 ], [ 141.629220271145982, 39.009071001553558 ], [ 141.629069315787802, 39.009507105702866 ], [ 141.628676996912191, 39.009632304804725 ], [ 141.62877672781778, 39.010286491875547 ], [ 141.629302450149567, 39.010720804094902 ], [ 141.629730416100756, 39.012188996091538 ], [ 141.626958695779365, 39.012405684891327 ], [ 141.624608598191571, 39.013276784955949 ], [ 141.622670913836345, 39.014619893268943 ], [ 141.622223174467422, 39.01515793062039 ], [ 141.622721055271001, 39.015748839527497 ], [ 141.621493124964786, 39.016905275636994 ], [ 141.620957356772038, 39.016977786674275 ], [ 141.620342570170266, 39.018281807711666 ], [ 141.620259241189046, 39.018988611908604 ], [ 141.619335265933927, 39.021355936304154 ], [ 141.618298768434443, 39.021518789363817 ], [ 141.618659086769242, 39.023555147121904 ], [ 141.620089881060863, 39.023894807597081 ], [ 141.620335672944123, 39.023776043578998 ], [ 141.622444657973659, 39.025032353476355 ], [ 141.621872842131864, 39.0255615251764 ], [ 141.621639376482761, 39.02604277668793 ], [ 141.621782905891962, 39.027427192005895 ], [ 141.622324674166777, 39.029083022787958 ], [ 141.622197051680871, 39.029341474535229 ], [ 141.623483805784844, 39.02923906235953 ], [ 141.624037866516431, 39.028484496189726 ], [ 141.625394930244795, 39.027476774926974 ], [ 141.625717044700224, 39.026263532040552 ] ] ] } },
{ "type": "Feature", "properties": { "CITY_NAME": "陸前高田市", "S_NAME": "高田町字本丸", "JINKO": 8, "medical_area": "03_気仙医療圏", "町丁目名": "陸前高田市高田町字本丸" }, "geometry": { "type": "Polygon", "coordinates": [ [ [ 141.629640014519339, 39.018210997344347 ], [ 141.628381960959643, 39.0179282954401 ], [ 141.628263886821998, 39.017752721867801 ], [ 141.626510487438907, 39.018258336106513 ], [ 141.626986576665558, 39.019325770714374 ], [ 141.628618416947404, 39.020708475369808 ], [ 141.629648459585098, 39.018712023593125 ], [ 141.630013079033887, 39.018606293314988 ], [ 141.629520144345776, 39.018245309255065 ], [ 141.629640014519339, 39.018210997344347 ] ] ] } },
{ "type": "Feature", "properties": { "CITY_NAME": "陸前高田市", "S_NAME": "高田町字洞の沢", "JINKO": 36, "medical_area": "03_気仙医療圏", "町丁目名": "陸前高田市高田町字洞の沢" }, "geometry": { "type": "Polygon", "coordinates": [ [ [ 141.631673613176702, 39.020751393263701 ], [ 141.631977880332585, 39.02003262923084 ], [ 141.631422126518487, 39.018748365744052 ], [ 141.630417134797909, 39.019035285326446 ], [ 141.630128763601249, 39.018524808546914 ], [ 141.629520144345776, 39.018245309255065 ], [ 141.630013079033887, 39.018606293314988 ], [ 141.629648459585098, 39.018712023593132 ], [ 141.628618416947489, 39.020708475369808 ], [ 141.628917991525128, 39.021074297610419 ], [ 141.631673613176702, 39.020751393263701 ] ] ] } },
{ "type": "Feature", "properties": { "CITY_NAME": "陸前高田市", "S_NAME": "高田町字下和野", "JINKO": 207, "medical_area": "03_気仙医療圏", "町丁目名": "陸前高田市高田町字下和野" }, "geometry": { "type": "Polygon", "coordinates": [ [ [ 141.634055391146461, 39.018925692835786 ], [ 141.634426881543362, 39.01889583134448 ], [ 141.634772349832474, 39.018391456792941 ], [ 141.634258461883888, 39.018260350732106 ], [ 141.634403045250679, 39.018226211021386 ], [ 141.634191441176313, 39.01785529534984 ], [ 141.6342139464642, 39.018056430781712 ], [ 141.632083228691698, 39.018756264861985 ], [ 141.631943662539499, 39.018572501439898 ], [ 141.631422126518487, 39.018748365744052 ], [ 141.631962043688361, 39.020112041790483 ], [ 141.633893416900747, 39.01999935883142 ], [ 141.634293677413098, 39.01973204990221 ], [ 141.634055391146461, 39.018925692835786 ] ] ] } },
{ "type": "Feature", "properties": { "CITY_NAME": "陸前高田市", "S_NAME": "高田町字寒風", "JINKO": 4, "medical_area": "03_気仙医療圏", "町丁目名": "陸前高田市高田町字寒風" }, "geometry": { "type": "Polygon", "coordinates": [ [ [ 141.639204012781363, 39.019326531681571 ], [ 141.638998569817431, 39.017506020920919 ], [ 141.637654782651254, 39.017829167516275 ], [ 141.637141624843451, 39.017508753177175 ], [ 141.636833614584759, 39.016792601211066 ], [ 141.636902873285067, 39.015879257704782 ], [ 141.636707448851581, 39.015270108070844 ], [ 141.635091848133072, 39.015774580858874 ], [ 141.635295081430797, 39.016184331822842 ], [ 141.63520539741782, 39.016357748236913 ], [ 141.6343124670382, 39.017090831551769 ], [ 141.633890943977292, 39.017194609983257 ], [ 141.634048605423629, 39.01731169307854 ], [ 141.63392182473973, 39.017380513040237 ], [ 141.634102056152756, 39.017878315399841 ], [ 141.635834620437407, 39.017854711032747 ], [ 141.636477785720444, 39.018144748239273 ], [ 141.636594153023907, 39.01874680106053 ], [ 141.637204352628373, 39.019642798090103 ], [ 141.637575215600805, 39.019777127789901 ], [ 141.63896792182382, 39.019673924302694 ], [ 141.639204012781363, 39.019326531681571 ] ] ] } },
{ "type": "Feature", "properties": { "CITY_NAME": "陸前高田市", "S_NAME": "高田町字中和野", "JINKO": 552, "medical_area": "03_気仙医療圏", "町丁目名": "陸前高田市高田町字中和野" }, "geometry": { "type": "Polygon", "coordinates": [ [ [ 141.635669132853906, 39.024085641678624 ], [ 141.638460597649924, 39.023064668351111 ], [ 141.639139742378319, 39.023577673287065 ], [ 141.639420037152092, 39.024161343688647 ], [ 141.639677450351883, 39.023973489355697 ], [ 141.639948243383202, 39.02306889331625 ], [ 141.639863739340257, 39.021581157406658 ], [ 141.638850382462323, 39.021669190962008 ], [ 141.638718561627627, 39.0208263632029 ], [ 141.638825935997545, 39.020596813677102 ], [ 141.639149384032947, 39.02056121243821 ], [ 141.639204012781363, 39.019326531681571 ], [ 141.63896792182382, 39.019673924302694 ], [ 141.637575215600805, 39.019777127789901 ], [ 141.636914777167988, 39.019342309749867 ], [ 141.636477785720444, 39.018144748239273 ], [ 141.635834620437407, 39.017854711032761 ], [ 141.634211598130406, 39.017874722066026 ], [ 141.634403045250679, 39.018226211021386 ], [ 141.634258461883888, 39.018260350732142 ], [ 141.634772349832502, 39.018391456792941 ], [ 141.634426881543362, 39.01889583134448 ], [ 141.634055391146461, 39.018925692835786 ], [ 141.634293677413098, 39.01973204990221 ], [ 141.633893416900747, 39.01999935883142 ], [ 141.631962043688361, 39.020112041790483 ], [ 141.631673613176787, 39.020751393263701 ], [ 141.628917991525128, 39.021074297610419 ], [ 141.629173407109562, 39.021279424276507 ], [ 141.629419960862379, 39.021950536859336 ], [ 141.62893853800395, 39.022068223349457 ], [ 141.628958853860695, 39.022244460736886 ], [ 141.630058690884425, 39.02331905000289 ], [ 141.632223888756272, 39.022699072138415 ], [ 141.632403461669668, 39.023160021087989 ], [ 141.632173962046409, 39.023592574255993 ], [ 141.632504007389855, 39.024185334271642 ], [ 141.632912461623761, 39.024067964208598 ], [ 141.633011590852021, 39.02425751504628 ], [ 141.633605876757514, 39.0239389268595 ], [ 141.633964621399713, 39.024316152365451 ], [ 141.634144747074771, 39.024805938469484 ], [ 141.635142310769993, 39.024503924708554 ], [ 141.635669132853906, 39.024085641678624 ] ] ] } },
{ "type": "Feature", "properties": { "CITY_NAME": "陸前高田市", "S_NAME": "高田町字西和野", "JINKO": 723, "medical_area": "03_気仙医療圏", "町丁目名": "陸前高田市高田町字西和野" }, "geometry": { "type": "Polygon", "coordinates": [ [ [ 141.652541575683784, 39.036311704951714 ], [ 141.649098756097288, 39.036229254944516 ], [ 141.64870181935072, 39.035683736361932 ], [ 141.647219373952453, 39.034348093309397 ], [ 141.647302991138957, 39.033344295877839 ], [ 141.646903721225044, 39.032796882435164 ], [ 141.646998532868508, 39.032129826496785 ], [ 141.646627319587765, 39.031690806163851 ], [ 141.646385776026847, 39.031064170492307 ], [ 141.645443224763795, 39.030512723998513 ], [ 141.645236750116993, 39.029254633446897 ], [ 141.643719033025036, 39.028851305149942 ], [ 141.643348924392001, 39.028332033432811 ], [ 141.642985488070821, 39.027158704467936 ], [ 141.64257332600701, 39.026912712640318 ], [ 141.642571712100562, 39.026771900138172 ], [ 141.640817015459788, 39.026381552515254 ], [ 141.640093626826797, 39.025108986978637 ], [ 141.63894554231635, 39.025715212261908 ], [ 141.637188387237387, 39.026364902441493 ], [ 141.636168049470882, 39.02665198398563 ], [ 141.635602342721796, 39.026442677698967 ], [ 141.635486570807842, 39.026798737473008 ], [ 141.633550305096207, 39.02759589716532 ], [ 141.632909785234972, 39.026733520159873 ], [ 141.63163129760062, 39.027953112043974 ], [ 141.630233992987996, 39.028617733866042 ], [ 141.629077866899564, 39.028852519583289 ], [ 141.630177617280367, 39.029460213725642 ], [ 141.630267667503716, 39.029662285989986 ], [ 141.630055545695569, 39.029900653168504 ], [ 141.630785639350592, 39.030224469537181 ], [ 141.631375156742308, 39.03210948156395 ], [ 141.63165080089243, 39.032451069636039 ], [ 141.63155070919629, 39.032558315832887 ], [ 141.63211313510547, 39.03312600032563 ], [ 141.631748140164092, 39.033843745097833 ], [ 141.631742655234063, 39.034276181237146 ], [ 141.634285171715646, 39.036449516154825 ], [ 141.63436732227882, 39.038392977938102 ], [ 141.635637715645288, 39.041443451169975 ], [ 141.636348343568159, 39.041892977365507 ], [ 141.638808399501784, 39.042434497332728 ], [ 141.640875079012119, 39.043201224658162 ], [ 141.641284662164253, 39.043600163720313 ], [ 141.653589431281176, 39.036578516799679 ], [ 141.652541575683784, 39.036311704951714 ] ] ] } },
{ "type": "Feature", "properties": { "CITY_NAME": "陸前高田市", "S_NAME": "高田町字長砂", "JINKO": 12, "medical_area": "03_気仙医療圏", "町丁目名": "陸前高田市高田町字長砂" }, "geometry": { "type": "Polygon", "coordinates": [ [ [ 141.637550603990007, 39.017814613101514 ], [ 141.63899856981746, 39.017506020920919 ], [ 141.639409244136061, 39.016892874824528 ], [ 141.639494621642939, 39.016280073499395 ], [ 141.640612475186941, 39.015356039324821 ], [ 141.640797350057738, 39.014830802923875 ], [ 141.642226563773335, 39.015348533182312 ], [ 141.643440256612479, 39.015132086613505 ], [ 141.643106509806842, 39.014024552154225 ], [ 141.643270099456885, 39.013226325804276 ], [ 141.640342606352931, 39.013883807219209 ], [ 141.639999107515024, 39.013040818063779 ], [ 141.637743153123608, 39.013721356159529 ], [ 141.638248942423672, 39.014676020805396 ], [ 141.636897231585635, 39.015383557966963 ], [ 141.636728296924673, 39.015321942856872 ], [ 141.636902873285067, 39.015879257704782 ], [ 141.636833614584759, 39.016792601211094 ], [ 141.637141624843451, 39.017508753177175 ], [ 141.637550603990007, 39.017814613101514 ] ] ] } },
{ "type": "Feature", "properties": { "CITY_NAME": "陸前高田市", "S_NAME": "高田町字中長砂", "JINKO": 423, "medical_area": "03_気仙医療圏", "町丁目名": "陸前高田市高田町字中長砂" }, "geometry": { "type": "Polygon", "coordinates": [ [ [ 141.649049341395028, 39.015420592691328 ], [ 141.647819679584956, 39.014282940417445 ], [ 141.648480090218158, 39.013822855988522 ], [ 141.647760141021905, 39.013078078859124 ], [ 141.64792039585538, 39.012652659623122 ], [ 141.647668677204535, 39.012554407424915 ], [ 141.647209603289497, 39.012685058402795 ], [ 141.646660553419963, 39.012138954040772 ], [ 141.646856441807131, 39.011650651372022 ], [ 141.647380341846883, 39.011283013882391 ], [ 141.646497157482884, 39.010646968100993 ], [ 141.64498064976496, 39.007762392547093 ], [ 141.644507863996694, 39.007222993468112 ], [ 141.643836641706031, 39.007028480630034 ], [ 141.643885313260256, 39.006742410773384 ], [ 141.639306792796248, 39.006263337914078 ], [ 141.639093844280154, 39.007806008077473 ], [ 141.638192684164409, 39.008218436601261 ], [ 141.637793034534923, 39.008647888076126 ], [ 141.637805588564419, 39.009702974613845 ], [ 141.637884382182676, 39.009944813545275 ], [ 141.638410775598174, 39.009951111216076 ], [ 141.639659085493548, 39.010711803601815 ], [ 141.639904503512412, 39.011650142056872 ], [ 141.640183595811408, 39.011658138505361 ], [ 141.639868543276918, 39.011944990610999 ], [ 141.640366410545795, 39.012303362598914 ], [ 141.64147368016944, 39.012675606293087 ], [ 141.641960372398557, 39.013459057573009 ], [ 141.643270099456885, 39.013226325804276 ], [ 141.643106509806842, 39.014024552154225 ], [ 141.643440256612479, 39.015132086613505 ], [ 141.646414960979058, 39.0145627596821 ], [ 141.646968256804172, 39.014732247248475 ], [ 141.647066755529693, 39.014974361551069 ], [ 141.647349545334464, 39.014973517996353 ], [ 141.648394302177479, 39.015791827524751 ], [ 141.649049341395028, 39.015420592691328 ] ] ] } },
{ "type": "Feature", "properties": { "CITY_NAME": "陸前高田市", "S_NAME": "高田町字法量", "JINKO": 1019, "medical_area": "03_気仙医療圏", "町丁目名": "陸前高田市高田町字法量" }, "geometry": { "type": "Polygon", "coordinates": [ [ [ 141.653589431281176, 39.036578516799679 ], [ 141.656734757232414, 39.034759991304 ], [ 141.657433671842114, 39.033421728911847 ], [ 141.6575141493621, 39.032865268347564 ], [ 141.657298422265001, 39.032256643719457 ], [ 141.656662096702092, 39.031366250393184 ], [ 141.65692359078443, 39.030679655457966 ], [ 141.656928085734734, 39.029581422279065 ], [ 141.655788963141703, 39.027297896119883 ], [ 141.654454583459824, 39.025415866510599 ], [ 141.652525329226137, 39.023366412476214 ], [ 141.651723193344708, 39.021397350816706 ], [ 141.650390155029982, 39.020328448331732 ], [ 141.649744848817136, 39.018962728293417 ], [ 141.649618468108287, 39.017933294886483 ], [ 141.649990638957775, 39.016237638421728 ], [ 141.649937200153403, 39.015914559781343 ], [ 141.650760557811736, 39.015332557939082 ], [ 141.651019568063532, 39.014968657758601 ], [ 141.650929045893747, 39.014723323385198 ], [ 141.650503524965785, 39.014277717058299 ], [ 141.648683225788744, 39.01412694585342 ], [ 141.648423026972324, 39.013857316996827 ], [ 141.647819679584956, 39.014282940417445 ], [ 141.649049341395028, 39.015420592691328 ], [ 141.648394302177479, 39.015791827524751 ], [ 141.647349545334464, 39.014973517996353 ], [ 141.647066755529693, 39.014974361551069 ], [ 141.646968256804172, 39.014732247248475 ], [ 141.646414960979058, 39.0145627596821 ], [ 141.642226563773335, 39.015348533182312 ], [ 141.640797350057738, 39.014830802923875 ], [ 141.640612475186941, 39.015356039324821 ], [ 141.639494621642939, 39.016280073499395 ], [ 141.639409244136061, 39.016892874824528 ], [ 141.638998569817431, 39.017506020920919 ], [ 141.639060368191764, 39.018873870761773 ], [ 141.63921198205577, 39.01921844749716 ], [ 141.639149384032947, 39.020561212438182 ], [ 141.638825935997545, 39.020596813677081 ], [ 141.638718561627599, 39.020826363202858 ], [ 141.638850382462323, 39.02166919096198 ], [ 141.639863739340257, 39.021581157406658 ], [ 141.639876152227259, 39.023593485358369 ], [ 141.640093626826797, 39.025108986978637 ], [ 141.640708580490241, 39.026251214708296 ], [ 141.641001149814173, 39.026451781753629 ], [ 141.642571712100562, 39.026771900138172 ], [ 141.643014279457304, 39.027206923748174 ], [ 141.643348924392001, 39.028332033432811 ], [ 141.643719033025036, 39.028851305149942 ], [ 141.645236750116993, 39.029254633446897 ], [ 141.645443224763795, 39.030512723998513 ], [ 141.646385776026847, 39.031064170492307 ], [ 141.646627319587765, 39.031690806163851 ], [ 141.646998532868508, 39.032129826496785 ], [ 141.646903721225044, 39.032796882435164 ], [ 141.647302991138957, 39.033344295877839 ], [ 141.647219373952453, 39.034348093309397 ], [ 141.649192435412203, 39.03630861643736 ], [ 141.651739917172307, 39.036225992690518 ], [ 141.653589431281176, 39.036578516799679 ] ] ] } },
{ "type": "Feature", "properties": { "CITY_NAME": "陸前高田市", "S_NAME": "高田町字鳴石", "JINKO": 670, "medical_area": "03_気仙医療圏", "町丁目名": "陸前高田市高田町字鳴石" }, "geometry": { "type": "Polygon", "coordinates": [ [ [ 141.63163129760062, 39.027953112043974 ], [ 141.632909785234972, 39.026733520159873 ], [ 141.633085000742284, 39.026311182548845 ], [ 141.633115222833254, 39.025673358345827 ], [ 141.632887139714001, 39.025394185290153 ], [ 141.633140591504883, 39.024598875999352 ], [ 141.632912461623761, 39.024067964208598 ], [ 141.632504007389855, 39.024185334271642 ], [ 141.632173962046409, 39.023592574255993 ], [ 141.632403461669668, 39.023160021087989 ], [ 141.632223888756272, 39.022699072138415 ], [ 141.630892744711758, 39.023041642368469 ], [ 141.630723646269729, 39.023219173336223 ], [ 141.629995831222715, 39.023275534250715 ], [ 141.629547703567226, 39.023627873878731 ], [ 141.629670787082659, 39.023926139031062 ], [ 141.628812067555884, 39.023826955822308 ], [ 141.628649984982928, 39.024085473147174 ], [ 141.628803521774529, 39.024641033008038 ], [ 141.628168317766153, 39.024804974570898 ], [ 141.629269103346303, 39.026822725762642 ], [ 141.629249708596035, 39.027055173751627 ], [ 141.630548020386328, 39.027657953981929 ], [ 141.63163129760062, 39.027953112043974 ] ] ] } },
{ "type": "Feature", "properties": { "CITY_NAME": "陸前高田市", "S_NAME": "高田町字鳴石", "JINKO": 645, "medical_area": "03_気仙医療圏", "町丁目名": "陸前高田市高田町字鳴石" }, "geometry": { "type": "Polygon", "coordinates": [ [ [ 141.63163129760062, 39.027953112043974 ], [ 141.630548020386328, 39.027657953981929 ], [ 141.629249708596035, 39.027055173751627 ], [ 141.629269103346303, 39.026822725762642 ], [ 141.628168317766153, 39.024804974570898 ], [ 141.628803521774529, 39.024641033008038 ], [ 141.628692231875874, 39.023902850612252 ], [ 141.629173287441915, 39.023771533144028 ], [ 141.629670787082659, 39.023926139031062 ], [ 141.629547703567226, 39.023627873878731 ], [ 141.629995831222715, 39.023275534250715 ], [ 141.628958853860695, 39.022244460736886 ], [ 141.628938538003894, 39.022068223349457 ], [ 141.629419960862379, 39.021950536859336 ], [ 141.629173407109562, 39.021279424276479 ], [ 141.627068740474101, 39.019372341343285 ], [ 141.626558252762749, 39.019328108335806 ], [ 141.626363697854231, 39.019007661523624 ], [ 141.624568576245025, 39.019428335438747 ], [ 141.625273136593364, 39.020307814304559 ], [ 141.625855767427112, 39.020196888477095 ], [ 141.626075449967601, 39.020390695517285 ], [ 141.626255433383108, 39.022054536440749 ], [ 141.626580231980654, 39.022497890980098 ], [ 141.624976481588959, 39.022447445923554 ], [ 141.625344484901262, 39.02427998648853 ], [ 141.626116313488666, 39.025261499840539 ], [ 141.62650739630746, 39.025500869068672 ], [ 141.625998724815446, 39.026245010085013 ], [ 141.625717044700224, 39.026263532040552 ], [ 141.625262719033515, 39.02761877898476 ], [ 141.626710013847571, 39.028277608886853 ], [ 141.62803190292837, 39.028509729575191 ], [ 141.628914051089652, 39.029047878568633 ], [ 141.629121227645328, 39.028800777916949 ], [ 141.630233992987996, 39.028617733866042 ], [ 141.63163129760062, 39.027953112043974 ] ] ] } },
{ "type": "Feature", "properties": { "CITY_NAME": "陸前高田市", "S_NAME": "高田町字西和野", "JINKO": 179, "medical_area": "03_気仙医療圏", "町丁目名": "陸前高田市高田町字西和野" }, "geometry": { "type": "Polygon", "coordinates": [ [ [ 141.635476519696681, 39.026771570660451 ], [ 141.635602342721796, 39.026442677698967 ], [ 141.636168049470882, 39.02665198398563 ], [ 141.637188387237387, 39.026364902441493 ], [ 141.640092093513232, 39.025111431079345 ], [ 141.640174614034692, 39.024979772637181 ], [ 141.639876152227259, 39.023593485358369 ], [ 141.639948243383202, 39.02306889331625 ], [ 141.639746323579743, 39.023858088003124 ], [ 141.639420037152092, 39.024161343688675 ], [ 141.639139742378319, 39.023577673287065 ], [ 141.638460597649924, 39.023064668351111 ], [ 141.635669132853906, 39.024085641678624 ], [ 141.635375123469601, 39.024388806773914 ], [ 141.634291256109435, 39.024781286011233 ], [ 141.634144747074771, 39.024805938469484 ], [ 141.633964621399713, 39.024316152365451 ], [ 141.633605876757514, 39.0239389268595 ], [ 141.632932228200673, 39.024300073249194 ], [ 141.633140591504883, 39.024598875999352 ], [ 141.632887139714001, 39.025394185290153 ], [ 141.633115222833254, 39.025673358345827 ], [ 141.632909785234972, 39.026733520159873 ], [ 141.633550305096207, 39.02759589716532 ], [ 141.635476519696681, 39.026771570660451 ] ] ] } },
{ "type": "Feature", "properties": { "CITY_NAME": "陸前高田市", "S_NAME": "米崎町字高畑", "JINKO": 0, "medical_area": "03_気仙医療圏", "町丁目名": "陸前高田市米崎町字高畑" }, "geometry": { "type": "Polygon", "coordinates": [ [ [ 141.682289217153709, 39.067219031499192 ], [ 141.683207853657535, 39.06698547149135 ], [ 141.683960870108848, 39.066576251905232 ], [ 141.684524855195235, 39.065144780113414 ], [ 141.684690155282198, 39.06340429157666 ], [ 141.684433516896888, 39.062761293709862 ], [ 141.684031576544726, 39.062307254039119 ], [ 141.683088328802199, 39.061632151813711 ], [ 141.680352318235947, 39.060307499579778 ], [ 141.679956345393038, 39.059897182563283 ], [ 141.679709210589465, 39.058899198500711 ], [ 141.67872742301688, 39.05836002501551 ], [ 141.678367776108388, 39.057371224845497 ], [ 141.678382996790191, 39.057059980653307 ], [ 141.678913915102584, 39.05635217535982 ], [ 141.678775736387763, 39.055743712552726 ], [ 141.678915191641096, 39.055510745759854 ], [ 141.679907653112508, 39.054853515781772 ], [ 141.680355263269206, 39.054373904213151 ], [ 141.680572045310555, 39.053869006038305 ], [ 141.680534921865416, 39.053251510558269 ], [ 141.680135804562752, 39.052733041841776 ], [ 141.680126661657255, 39.05197084716049 ], [ 141.680386784986496, 39.05101605338762 ], [ 141.679585330593028, 39.049857162118741 ], [ 141.679387405964064, 39.049202179359369 ], [ 141.680272099201346, 39.047023302240689 ], [ 141.681623045857947, 39.045662981123002 ], [ 141.681686639403154, 39.045097105786112 ], [ 141.682335629111492, 39.043935756849066 ], [ 141.682546697905707, 39.043102727240658 ], [ 141.681107400752182, 39.042271520188869 ], [ 141.656734757232357, 39.034759991304014 ], [ 141.662130589949129, 39.042809428778426 ], [ 141.6620662553795, 39.044115582317019 ], [ 141.660971247714883, 39.045926456564445 ], [ 141.66048439342174, 39.046398960590942 ], [ 141.660566417951316, 39.049407407001176 ], [ 141.660163206315076, 39.050080525162585 ], [ 141.660342719106723, 39.052643922131132 ], [ 141.659853758003777, 39.053973267589988 ], [ 141.659607650837671, 39.055301035173763 ], [ 141.659660718546036, 39.056641257479413 ], [ 141.659330230129797, 39.057377896767399 ], [ 141.660730433125821, 39.059036211762965 ], [ 141.660828107426909, 39.060468045396846 ], [ 141.66139952526666, 39.061778242166355 ], [ 141.66306377757175, 39.063396367906073 ], [ 141.666524856516588, 39.066147797740122 ], [ 141.667869369285143, 39.06689146962168 ], [ 141.671011044868806, 39.068158040709967 ], [ 141.673619496624013, 39.068170515751852 ], [ 141.677034800039223, 39.067530642681639 ], [ 141.682289217153709, 39.067219031499192 ] ] ] } },
{ "type": "Feature", "properties": { "CITY_NAME": "陸前高田市", "S_NAME": "米崎町字高畑", "JINKO": 231, "medical_area": "03_気仙医療圏", "町丁目名": "陸前高田市米崎町字高畑" }, "geometry": { "type": "Polygon", "coordinates": [ [ [ 141.68904260665559, 39.020096699376523 ], [ 141.689093253139333, 39.018529591840995 ], [ 141.689710466904273, 39.017776545908085 ], [ 141.689234798729871, 39.016736680922357 ], [ 141.687453741300544, 39.017443114574952 ], [ 141.685728676052719, 39.017686384133199 ], [ 141.685052705335551, 39.017491152780735 ], [ 141.684312649592073, 39.016948721828875 ], [ 141.683486985906171, 39.016719947683391 ], [ 141.681101005730596, 39.016812290484047 ], [ 141.680031000025764, 39.016706454584067 ], [ 141.679323106200002, 39.016051373777628 ], [ 141.678869304927986, 39.015882232176054 ], [ 141.677536990687514, 39.016244375180904 ], [ 141.676729085296728, 39.016284267053095 ], [ 141.674287074870534, 39.016246468699777 ], [ 141.672984119787799, 39.016000153908635 ], [ 141.671315472492211, 39.016233741749076 ], [ 141.670090745719392, 39.016131668254388 ], [ 141.668847217833189, 39.016285465783298 ], [ 141.667549468462369, 39.015721160710001 ], [ 141.666132681006047, 39.017758738434111 ], [ 141.664998646468632, 39.017921073798526 ], [ 141.666401916498188, 39.019145843401681 ], [ 141.667690674975859, 39.019662158039708 ], [ 141.668488737002207, 39.019290856141552 ], [ 141.66881293942879, 39.019319225390809 ], [ 141.670498207711006, 39.019994751185024 ], [ 141.670764877243073, 39.020358938093032 ], [ 141.671884401746354, 39.021151867818496 ], [ 141.671669864196474, 39.021614861628692 ], [ 141.671968082887815, 39.02307633616789 ], [ 141.67155481267244, 39.023746323339942 ], [ 141.671690388580089, 39.02441251729369 ], [ 141.671351687318037, 39.024912853878469 ], [ 141.671225729743981, 39.025595769870577 ], [ 141.671340190522045, 39.029693148702457 ], [ 141.672122346760545, 39.031139116212302 ], [ 141.672278075126854, 39.031752449909511 ], [ 141.673283124871745, 39.032257366628173 ], [ 141.674565921273825, 39.033548273656479 ], [ 141.675487147338714, 39.034200718088833 ], [ 141.67548535385734, 39.035002167613051 ], [ 141.675085427527193, 39.035454673746273 ], [ 141.673872449065669, 39.036193607850741 ], [ 141.673191354429179, 39.037489831346313 ], [ 141.673515908632908, 39.03837354017606 ], [ 141.674769080727259, 39.040318678947479 ], [ 141.681107400752182, 39.042271520188869 ], [ 141.681093187599629, 39.041900035320346 ], [ 141.681940231472765, 39.041188726422376 ], [ 141.682183758632618, 39.040413593503587 ], [ 141.682727021336177, 39.0395073548924 ], [ 141.683030516030016, 39.037666351350289 ], [ 141.683314467503919, 39.037019851434657 ], [ 141.684016079997122, 39.036175937350166 ], [ 141.684161187890794, 39.035601604104265 ], [ 141.685743138396901, 39.033316764534987 ], [ 141.68645394516102, 39.032881525661075 ], [ 141.687123533981122, 39.032708660912064 ], [ 141.68767199894873, 39.031953333699377 ], [ 141.687321998303531, 39.031313496783788 ], [ 141.687382308054765, 39.031056044912802 ], [ 141.68807039144491, 39.030319543621758 ], [ 141.688088573937307, 39.029736208261447 ], [ 141.687961809600722, 39.029208400825233 ], [ 141.687167201616234, 39.028472786740501 ], [ 141.687152537651713, 39.028304907523051 ], [ 141.687449622563207, 39.027729387432366 ], [ 141.688299442045036, 39.024130161463724 ], [ 141.68887583315248, 39.023592143255456 ], [ 141.689120136373361, 39.022839152843488 ], [ 141.688600371412832, 39.022294289118584 ], [ 141.688376215659559, 39.021574418551481 ], [ 141.688643111646968, 39.020593875907949 ], [ 141.68904260665559, 39.020096699376523 ] ] ] } },
{ "type": "Feature", "properties": { "CITY_NAME": "陸前高田市", "S_NAME": "米崎町字佐野", "JINKO": 154, "medical_area": "03_気仙医療圏", "町丁目名": "陸前高田市米崎町字佐野" }, "geometry": { "type": "Polygon", "coordinates": [ [ [ 141.670498207711006, 39.019994751185024 ], [ 141.668488737002207, 39.019290856141552 ], [ 141.6679188060711, 39.019637588344736 ], [ 141.667532383238097, 39.019649493444128 ], [ 141.666401916498188, 39.019145843401681 ], [ 141.665423977814044, 39.018271550409402 ], [ 141.664252450723779, 39.018498961281487 ], [ 141.665115947655664, 39.021375361970222 ], [ 141.66470483100062, 39.02250085130229 ], [ 141.664423035807374, 39.024021072783839 ], [ 141.664739405671241, 39.025702567593761 ], [ 141.664712836088398, 39.026242609864397 ], [ 141.664407967125157, 39.026938822021044 ], [ 141.664796920741281, 39.028484813514339 ], [ 141.664804362762993, 39.03051543633142 ], [ 141.664143982367335, 39.032505899170758 ], [ 141.66411847273497, 39.034536822380524 ], [ 141.664813187703174, 39.036151364157156 ], [ 141.664910609979756, 39.036722551491536 ], [ 141.664740158162715, 39.037227868458565 ], [ 141.674769080727259, 39.040318678947479 ], [ 141.673515908632908, 39.03837354017606 ], [ 141.673191354429179, 39.037489831346313 ], [ 141.673872449065669, 39.036193607850741 ], [ 141.675085427527193, 39.035454673746273 ], [ 141.67548535385734, 39.035002167613051 ], [ 141.675570812455788, 39.034511668436828 ], [ 141.675487147338714, 39.034200718088833 ], [ 141.674565921273825, 39.033548273656479 ], [ 141.673283124871745, 39.032257366628173 ], [ 141.672278075126854, 39.031752449909511 ], [ 141.672122346760545, 39.031139116212302 ], [ 141.67145791755766, 39.029995061609924 ], [ 141.671185270476428, 39.027703960701679 ], [ 141.671225729743981, 39.025595769870577 ], [ 141.671351687318037, 39.024912853878469 ], [ 141.671690388580089, 39.02441251729369 ], [ 141.67155481267244, 39.023746323339942 ], [ 141.671968082887815, 39.02307633616789 ], [ 141.671669864196474, 39.021614861628692 ], [ 141.671884401746354, 39.021151867818496 ], [ 141.670764877243073, 39.020358938093032 ], [ 141.670498207711006, 39.019994751185024 ] ] ] } },
{ "type": "Feature", "properties": { "CITY_NAME": "陸前高田市", "S_NAME": "米崎町字川内", "JINKO": 292, "medical_area": "03_気仙医療圏", "町丁目名": "陸前高田市米崎町字川内" }, "geometry": { "type": "Polygon", "coordinates": [ [ [ 141.666132681006047, 39.017758738434139 ], [ 141.667549468462369, 39.015721160710001 ], [ 141.666362240161476, 39.01524106875484 ], [ 141.664833474633383, 39.015210427014296 ], [ 141.662875665359905, 39.014925160911957 ], [ 141.661298570876056, 39.015088001533215 ], [ 141.661586167708009, 39.015542989827765 ], [ 141.659676126567604, 39.015924223019695 ], [ 141.660582913380892, 39.016894355613573 ], [ 141.659877602824537, 39.017090908077556 ], [ 141.659154494465355, 39.01677657955107 ], [ 141.657094603748732, 39.016672462862203 ], [ 141.657970681449058, 39.019070837155752 ], [ 141.658489094446168, 39.021891504328224 ], [ 141.659644066875217, 39.023626343140712 ], [ 141.660381722184269, 39.024182306208971 ], [ 141.660168937765917, 39.026487912413522 ], [ 141.660520537253888, 39.026949625163688 ], [ 141.660948007672971, 39.028363751343882 ], [ 141.660825742040657, 39.02888539028563 ], [ 141.660944147397856, 39.029402864130589 ], [ 141.661222099569272, 39.029561140673657 ], [ 141.661001950878159, 39.030499106115712 ], [ 141.661177436108375, 39.031496836458864 ], [ 141.661892221741681, 39.033046641278645 ], [ 141.662745095822203, 39.034320088103421 ], [ 141.663031621041625, 39.035204360666292 ], [ 141.662987354237089, 39.035805606015039 ], [ 141.66244886047491, 39.036521548330015 ], [ 141.664740158162715, 39.037227868458594 ], [ 141.664910609979756, 39.036722551491536 ], [ 141.664813187703174, 39.036151364157156 ], [ 141.66411847273497, 39.034536822380524 ], [ 141.664143982367335, 39.032505899170758 ], [ 141.664804362762993, 39.030515436331441 ], [ 141.664796920741338, 39.028484813514325 ], [ 141.664407967125157, 39.026938822021044 ], [ 141.664712836088398, 39.026242609864397 ], [ 141.664739405671241, 39.025702567593733 ], [ 141.664423035807374, 39.02402107278386 ], [ 141.66470483100062, 39.02250085130229 ], [ 141.665115947655721, 39.021375361970222 ], [ 141.664252450723779, 39.018498961281487 ], [ 141.665335613891045, 39.018351844778721 ], [ 141.66541090720537, 39.018241803742029 ], [ 141.665043095200218, 39.01789591533025 ], [ 141.666132681006047, 39.017758738434139 ] ] ] } },
{ "type": "Feature", "properties": { "CITY_NAME": "陸前高田市", "S_NAME": "米崎町字糠塚沢", "JINKO": 189, "medical_area": "03_気仙医療圏", "町丁目名": "陸前高田市米崎町字糠塚沢" }, "geometry": { "type": "Polygon", "coordinates": [ [ [ 141.659676126567604, 39.015924223019695 ], [ 141.658172819583939, 39.015571275613432 ], [ 141.65714677383653, 39.015723911389401 ], [ 141.655852694766168, 39.015263543804295 ], [ 141.654066397775523, 39.015045688372226 ], [ 141.654241047701703, 39.015333428570784 ], [ 141.653679842200773, 39.015952461232047 ], [ 141.655890180837076, 39.022475025150669 ], [ 141.658259294311563, 39.025431976070365 ], [ 141.65809716586611, 39.025640237310185 ], [ 141.659765213804945, 39.02777603722506 ], [ 141.660037263970651, 39.028424591555797 ], [ 141.659881297130795, 39.028996925289839 ], [ 141.660192463807817, 39.030094754970868 ], [ 141.659544840062324, 39.032114228672029 ], [ 141.659512703707833, 39.032844311682361 ], [ 141.658263151848217, 39.035000346311023 ], [ 141.657950988808409, 39.034981374163507 ], [ 141.657936853427771, 39.035130597718869 ], [ 141.66244886047491, 39.036521548330015 ], [ 141.662987354237089, 39.035805606015039 ], [ 141.663031621041625, 39.035204360666292 ], [ 141.662745095822203, 39.034320088103421 ], [ 141.661892221741681, 39.033046641278645 ], [ 141.661177436108375, 39.031496836458864 ], [ 141.661001950878159, 39.030499106115712 ], [ 141.661222099569272, 39.029561140673657 ], [ 141.660944147397856, 39.029402864130589 ], [ 141.660825742040657, 39.02888539028563 ], [ 141.660948007672971, 39.028363751343882 ], [ 141.660520537253888, 39.026949625163688 ], [ 141.660168937765917, 39.026487912413522 ], [ 141.660381722184269, 39.024182306208971 ], [ 141.659644066875217, 39.023626343140712 ], [ 141.658489094446168, 39.021891504328224 ], [ 141.657970681449058, 39.019070837155752 ], [ 141.657094603748732, 39.016672462862203 ], [ 141.659154494465355, 39.01677657955107 ], [ 141.659877602824537, 39.017090908077556 ], [ 141.660582913380892, 39.016894355613573 ], [ 141.659676126567604, 39.015924223019695 ] ] ] } },
{ "type": "Feature", "properties": { "CITY_NAME": "陸前高田市", "S_NAME": "米崎町字松峰", "JINKO": 56, "medical_area": "03_気仙医療圏", "町丁目名": "陸前高田市米崎町字松峰" }, "geometry": { "type": "Polygon", "coordinates": [ [ [ 141.65474886880159, 39.013569105261652 ], [ 141.65600363717212, 39.012463179479134 ], [ 141.655415751726025, 39.012344788850122 ], [ 141.654335235329398, 39.011626235163938 ], [ 141.65449535476148, 39.011308978234851 ], [ 141.654916555757893, 39.011088272957913 ], [ 141.654227080595632, 39.010516658471083 ], [ 141.652983764746921, 39.010114168175647 ], [ 141.652074852626129, 39.009223157878068 ], [ 141.652752026211999, 39.009351075966158 ], [ 141.652713044337361, 39.008860187076664 ], [ 141.65421167520131, 39.008462322094474 ], [ 141.654519820835731, 39.008565442682645 ], [ 141.655040713517138, 39.008007072587525 ], [ 141.653688570592266, 39.007542434585815 ], [ 141.653349999071708, 39.00708665397832 ], [ 141.656562872707582, 39.006605157205527 ], [ 141.656556446763148, 39.0060772347464 ], [ 141.651648486387217, 39.006063181189369 ], [ 141.650423783065406, 39.006387947637073 ], [ 141.650318341885054, 39.006153553091366 ], [ 141.650399684998263, 39.006394378989803 ], [ 141.649827511409597, 39.006537158407085 ], [ 141.649767223921458, 39.006416811824963 ], [ 141.649804506083115, 39.006544497495412 ], [ 141.649716644841163, 39.006434336951067 ], [ 141.649740008965665, 39.006559375633046 ], [ 141.649090194219895, 39.006672923820048 ], [ 141.648903453272766, 39.006099454925021 ], [ 141.649052851337274, 39.006641655234581 ], [ 141.648065419139328, 39.00661334940952 ], [ 141.64798841778628, 39.006240041037181 ], [ 141.648343600682665, 39.005707906341286 ], [ 141.648944332513196, 39.005538895193752 ], [ 141.64835103297338, 39.005648386209117 ], [ 141.648112451537827, 39.004778986641362 ], [ 141.647921242823912, 39.004622672853337 ], [ 141.647692079150403, 39.004569304158395 ], [ 141.647028705329177, 39.004709959397545 ], [ 141.647747055172687, 39.004628389819096 ], [ 141.648059519854115, 39.004795542113413 ], [ 141.648310712590927, 39.005655915472232 ], [ 141.647918831867401, 39.006212656247449 ], [ 141.647939002547133, 39.00635840867578 ], [ 141.645841779700561, 39.006806312846315 ], [ 141.6440650039697, 39.006806967084771 ], [ 141.64479941302659, 39.007123426555005 ], [ 141.645226384526069, 39.007710506718652 ], [ 141.645061129048713, 39.007795473566844 ], [ 141.644756499889326, 39.007203883921065 ], [ 141.644049703081862, 39.00698273559437 ], [ 141.643922447155234, 39.006763758634548 ], [ 141.643836641706031, 39.007028480630034 ], [ 141.644507863996694, 39.007222993468112 ], [ 141.64498064976496, 39.007762392547093 ], [ 141.646497157482884, 39.010646968100993 ], [ 141.647380341846883, 39.011283013882391 ], [ 141.646856441807131, 39.011650651372022 ], [ 141.646660553419963, 39.012138954040772 ], [ 141.647209603289497, 39.012685058402795 ], [ 141.647668677204535, 39.012554407424915 ], [ 141.64792039585538, 39.012652659623122 ], [ 141.647760141021905, 39.013078078859124 ], [ 141.64843235608987, 39.013774699194116 ], [ 141.648790339743215, 39.013263095482593 ], [ 141.648970456595606, 39.013269087428206 ], [ 141.649182268985271, 39.012817266930405 ], [ 141.652313051048452, 39.014587799933892 ], [ 141.654066397775523, 39.015045688372226 ], [ 141.65474886880159, 39.013569105261652 ] ] ] } },
{ "type": "Feature", "properties": { "CITY_NAME": "陸前高田市", "S_NAME": "米崎町字神田", "JINKO": 148, "medical_area": "03_気仙医療圏", "町丁目名": "陸前高田市米崎町字神田" }, "geometry": { "type": "Polygon", "coordinates": [ [ [ 141.661586167708009, 39.015542989827765 ], [ 141.661298570876056, 39.015088001533208 ], [ 141.662875665359905, 39.014925160911922 ], [ 141.666498670010213, 39.015274440599079 ], [ 141.666501836787489, 39.015023243717948 ], [ 141.666167890632494, 39.014526582233231 ], [ 141.665613990081454, 39.012932904747458 ], [ 141.66464280555607, 39.01313707932578 ], [ 141.663556881990075, 39.012927964339404 ], [ 141.662365969575404, 39.011697363671665 ], [ 141.661764978592544, 39.010824308314326 ], [ 141.661028706586421, 39.01043668093007 ], [ 141.660861785070779, 39.009940369918496 ], [ 141.660597005260286, 39.009690787496787 ], [ 141.65980283790563, 39.009133251061762 ], [ 141.658693531660049, 39.009054525859746 ], [ 141.658199238017318, 39.008776647322343 ], [ 141.656904265405757, 39.009945162741282 ], [ 141.656910183196686, 39.010452397119998 ], [ 141.656613075973155, 39.011034042124798 ], [ 141.655772667540788, 39.012087373980918 ], [ 141.65600363717212, 39.012463179479134 ], [ 141.65474886880159, 39.013569105261652 ], [ 141.654066397775523, 39.015045688372226 ], [ 141.655852694766168, 39.015263543804295 ], [ 141.65714677383653, 39.015723911389401 ], [ 141.658172819583939, 39.015571275613432 ], [ 141.659676126567632, 39.015924223019695 ], [ 141.661586167708009, 39.015542989827765 ] ] ] } },
{ "type": "Feature", "properties": { "CITY_NAME": "陸前高田市", "S_NAME": "米崎町字脇の沢", "JINKO": 150, "medical_area": "03_気仙医療圏", "町丁目名": "陸前高田市米崎町字脇の沢" }, "geometry": { "type": "Polygon", "coordinates": [ [ [ 141.661363264746825, 39.008392455964788 ], [ 141.661704147754278, 39.008576454329557 ], [ 141.663309671590895, 39.007432081432434 ], [ 141.663373497315234, 39.00724373105583 ], [ 141.663042611761767, 39.006643068637338 ], [ 141.663260078019988, 39.006316893267474 ], [ 141.664324152661294, 39.006456887441843 ], [ 141.665185507238363, 39.005903399478434 ], [ 141.665692849641658, 39.005358657710325 ], [ 141.665385266982923, 39.005411309054615 ], [ 141.664454810077359, 39.004829719067736 ], [ 141.664586691010214, 39.004463030954305 ], [ 141.66446186359471, 39.004156723655782 ], [ 141.663281286760622, 39.004193969627806 ], [ 141.663133006776434, 39.003856297747681 ], [ 141.662763686865418, 39.003674250794219 ], [ 141.662727535698366, 39.003245701046382 ], [ 141.662135605388499, 39.002685121590517 ], [ 141.662042461340945, 39.0023254455215 ], [ 141.661568096791825, 39.002136888524547 ], [ 141.661401121561255, 39.002273198584838 ], [ 141.66131434013792, 39.00205585147507 ], [ 141.661215382277106, 39.002278103766002 ], [ 141.660491901163027, 39.0021120685157 ], [ 141.660417681963366, 39.001294656745543 ], [ 141.659695192845078, 39.000617802780837 ], [ 141.657656590306033, 39.00023314601593 ], [ 141.657187564691952, 39.000399516918861 ], [ 141.657238532469989, 39.000911723079817 ], [ 141.657831178201036, 39.001052598647249 ], [ 141.658201572923531, 39.00133016375004 ], [ 141.658322880830923, 39.001640099435782 ], [ 141.658643668464009, 39.001824270099043 ], [ 141.658619158114846, 39.00219737752041 ], [ 141.658842397756104, 39.002430937538634 ], [ 141.658529996443207, 39.00315922926913 ], [ 141.657505349730314, 39.0037015267825 ], [ 141.658068378896502, 39.003474183431628 ], [ 141.658869685295571, 39.003979256884563 ], [ 141.659186343176515, 39.003908613105928 ], [ 141.659469064627018, 39.004190373641038 ], [ 141.659120739836283, 39.004808070380349 ], [ 141.658192851972188, 39.00542809356277 ], [ 141.657772862685647, 39.004759940288757 ], [ 141.657890195779402, 39.004326717910558 ], [ 141.657665126822849, 39.004138215340859 ], [ 141.657837254835499, 39.004342362231107 ], [ 141.657729146684915, 39.004770170929135 ], [ 141.658178507799931, 39.005489422556067 ], [ 141.657676457146124, 39.005780591088666 ], [ 141.658094150667182, 39.00639844105514 ], [ 141.65851613415947, 39.006410314450314 ], [ 141.658635001528637, 39.006810413047695 ], [ 141.660472966362533, 39.00869681929592 ], [ 141.66075420343401, 39.008873023132239 ], [ 141.661363264746825, 39.008392455964788 ] ] ] } },
{ "type": "Feature", "properties": { "CITY_NAME": "陸前高田市", "S_NAME": "米崎町字樋の口", "JINKO": 183, "medical_area": "03_気仙医療圏", "町丁目名": "陸前高田市米崎町字樋の口" }, "geometry": { "type": "Polygon", "coordinates": [ [ [ 141.675401771950987, 39.016281023671354 ], [ 141.673904897414332, 39.01519729486148 ], [ 141.673266285905072, 39.014194863648477 ], [ 141.673459064266041, 39.014005712735461 ], [ 141.673493221503236, 39.013616424391152 ], [ 141.673285430803332, 39.013362661328294 ], [ 141.673541704198414, 39.013096906362051 ], [ 141.67277767700071, 39.012370686970705 ], [ 141.672395721262149, 39.011614556232587 ], [ 141.672664534112187, 39.011504455901473 ], [ 141.672035867805334, 39.010543746463121 ], [ 141.670893786145456, 39.009986734743308 ], [ 141.669724303166447, 39.009840770611397 ], [ 141.667654320247635, 39.01006718654677 ], [ 141.668022712803975, 39.010731871722633 ], [ 141.666241916943846, 39.010463275214207 ], [ 141.665473755728669, 39.010493945795062 ], [ 141.665703136987418, 39.010845228113077 ], [ 141.665708868380165, 39.011331408310348 ], [ 141.665674265782968, 39.012542435502553 ], [ 141.665460760883548, 39.01264446185219 ], [ 141.66589282542742, 39.013453818922024 ], [ 141.666498670010213, 39.015274440599079 ], [ 141.668847217833189, 39.016285465783298 ], [ 141.670090745719392, 39.016131668254388 ], [ 141.671315472492211, 39.016233741749076 ], [ 141.672984119787799, 39.016000153908635 ], [ 141.675401771950987, 39.016281023671354 ] ] ] } },
{ "type": "Feature", "properties": { "CITY_NAME": "陸前高田市", "S_NAME": "米崎町字和方", "JINKO": 216, "medical_area": "03_気仙医療圏", "町丁目名": "陸前高田市米崎町字和方" }, "geometry": { "type": "Polygon", "coordinates": [ [ [ 141.689710466904273, 39.017776545908085 ], [ 141.691235089069153, 39.01643546143665 ], [ 141.689767774726448, 39.015621804941503 ], [ 141.688529669465623, 39.013940817554712 ], [ 141.686911616576282, 39.013277083280421 ], [ 141.685818480018327, 39.013014807783783 ], [ 141.68480027996759, 39.012361033896347 ], [ 141.683976803059011, 39.011576131422245 ], [ 141.682672097722929, 39.009657843400028 ], [ 141.679991986556445, 39.008377059438459 ], [ 141.678502262419443, 39.006713490317431 ], [ 141.676339741843549, 39.005351886520991 ], [ 141.675677540396862, 39.004733538414463 ], [ 141.675390718803868, 39.004652458424388 ], [ 141.675253669204437, 39.005639120603924 ], [ 141.674649490997496, 39.005693522846244 ], [ 141.674831433404933, 39.006085976731342 ], [ 141.673913271249575, 39.006156541185767 ], [ 141.67268343515002, 39.007066896890507 ], [ 141.671985186237123, 39.006860001209688 ], [ 141.671402725492186, 39.008064744974661 ], [ 141.670895839939163, 39.00828084672753 ], [ 141.671469708696122, 39.008715746548233 ], [ 141.67141735873912, 39.00907026009444 ], [ 141.671759792797388, 39.009330945329665 ], [ 141.671316715200703, 39.010219890372397 ], [ 141.672035867805334, 39.010543746463121 ], [ 141.672664534112187, 39.011504455901473 ], [ 141.677153676929493, 39.009363494222384 ], [ 141.678344966939221, 39.009699820754648 ], [ 141.678778732911496, 39.010436912658513 ], [ 141.678264015281883, 39.010729390843416 ], [ 141.679220497694473, 39.012043803874505 ], [ 141.679331308699943, 39.012363147025852 ], [ 141.679203593497505, 39.013305361063516 ], [ 141.679465932707359, 39.014029118536996 ], [ 141.679305734738989, 39.014571897548755 ], [ 141.678797491619491, 39.015256820720474 ], [ 141.678792674775679, 39.015780810251826 ], [ 141.679323106200002, 39.01605137377765 ], [ 141.680031000025764, 39.016706454584082 ], [ 141.681101005730511, 39.016812290484062 ], [ 141.683486985906171, 39.016719947683391 ], [ 141.684312649592073, 39.016948721828875 ], [ 141.685382537367587, 39.017626972251009 ], [ 141.686090615082378, 39.017709576565643 ], [ 141.687453741300544, 39.017443114574952 ], [ 141.689234798729871, 39.016736680922335 ], [ 141.689710466904273, 39.017776545908085 ] ] ] } },
{ "type": "Feature", "properties": { "CITY_NAME": "陸前高田市", "S_NAME": "米崎町字堂の前", "JINKO": 133, "medical_area": "03_気仙医療圏", "町丁目名": "陸前高田市米崎町字堂の前" }, "geometry": { "type": "Polygon", "coordinates": [ [ [ 141.67131671520076, 39.010219890372397 ], [ 141.671759792797388, 39.009330945329665 ], [ 141.67141735873912, 39.00907026009444 ], [ 141.671469708696122, 39.008715746548233 ], [ 141.670895839939163, 39.00828084672753 ], [ 141.671402725492186, 39.008064744974661 ], [ 141.671985186237123, 39.006860001209688 ], [ 141.67268343515002, 39.007066896890507 ], [ 141.673913271249575, 39.006156541185767 ], [ 141.674831433404933, 39.006085976731342 ], [ 141.674649490997496, 39.005693522846244 ], [ 141.675275557125019, 39.005617511662614 ], [ 141.675390718803868, 39.004652458424388 ], [ 141.67507929747822, 39.004538889287964 ], [ 141.673878622946802, 39.003341683000265 ], [ 141.671237378052354, 39.004725401174952 ], [ 141.669946286702498, 39.005179647002976 ], [ 141.670144874983748, 39.005839982539229 ], [ 141.668513532150001, 39.00708789833763 ], [ 141.667564241947559, 39.007458669133079 ], [ 141.668829351521509, 39.009919517888136 ], [ 141.670330120149174, 39.009865359667067 ], [ 141.67131671520076, 39.010219890372397 ] ] ] } },
{ "type": "Feature", "properties": { "CITY_NAME": "陸前高田市", "S_NAME": "米崎町字堂の前", "JINKO": 53, "medical_area": "03_気仙医療圏", "町丁目名": "陸前高田市米崎町字堂の前" }, "geometry": { "type": "Polygon", "coordinates": [ [ [ 141.668022712803975, 39.010731871722633 ], [ 141.667654320247635, 39.01006718654677 ], [ 141.668829351521509, 39.009919517888136 ], [ 141.667564241947559, 39.007458669133079 ], [ 141.668513532150001, 39.00708789833763 ], [ 141.670144874983748, 39.005839982539221 ], [ 141.669849611503651, 39.005203775274715 ], [ 141.667256363260464, 39.005775403707119 ], [ 141.66655271126163, 39.005727288626794 ], [ 141.666600688354038, 39.005589148149291 ], [ 141.666023176127965, 39.005468063226438 ], [ 141.666236814745901, 39.004883677541059 ], [ 141.66682138491916, 39.004624603424425 ], [ 141.666199592172063, 39.004863251977746 ], [ 141.665977714344081, 39.005429609929472 ], [ 141.665692849641658, 39.005358657710325 ], [ 141.665185507238363, 39.005903399478434 ], [ 141.664324152661294, 39.006456887441843 ], [ 141.66331001779659, 39.006287248618406 ], [ 141.663077608404905, 39.006488394410276 ], [ 141.663372577609181, 39.007346252370574 ], [ 141.662556225389181, 39.007888587785665 ], [ 141.663473526084317, 39.008827015860511 ], [ 141.663941982857409, 39.009675568216025 ], [ 141.665108564139672, 39.010163029298099 ], [ 141.665473755728669, 39.010493945795062 ], [ 141.666241916943846, 39.010463275214207 ], [ 141.668022712803975, 39.010731871722633 ] ] ] } },
{ "type": "Feature", "properties": { "CITY_NAME": "陸前高田市", "S_NAME": "米崎町字地竹沢", "JINKO": 285, "medical_area": "03_気仙医療圏", "町丁目名": "陸前高田市米崎町字地竹沢" }, "geometry": { "type": "Polygon", "coordinates": [ [ [ 141.654066397775523, 39.015045688372226 ], [ 141.652313051048452, 39.014587799933892 ], [ 141.649182268985243, 39.012817266930384 ], [ 141.648970456595606, 39.013269087428206 ], [ 141.648790339743186, 39.013263095482607 ], [ 141.64843235608987, 39.013774699194116 ], [ 141.648683225788744, 39.014126945853448 ], [ 141.650503524965785, 39.014277717058299 ], [ 141.651028067103965, 39.014900121074334 ], [ 141.650760557811736, 39.015332557939082 ], [ 141.649937200153403, 39.015914559781343 ], [ 141.649990638957775, 39.016237638421742 ], [ 141.64961846810823, 39.017933294886483 ], [ 141.649744848817136, 39.018962728293417 ], [ 141.650238275503625, 39.020137171505382 ], [ 141.651723193344708, 39.021397350816706 ], [ 141.652373039203383, 39.023140869991764 ], [ 141.655089617838229, 39.026211290975894 ], [ 141.656605708662028, 39.028770091863379 ], [ 141.656928085734734, 39.029581422279065 ], [ 141.656951357309566, 39.030082890800742 ], [ 141.65692359078443, 39.030679655457966 ], [ 141.656662096702092, 39.031366250393155 ], [ 141.657298422265001, 39.032256643719457 ], [ 141.6575141493621, 39.032865268347564 ], [ 141.657433671842085, 39.033421728911819 ], [ 141.656734757232385, 39.034759991304021 ], [ 141.657936853427771, 39.035130597718869 ], [ 141.657950988808409, 39.034981374163507 ], [ 141.658263151848217, 39.035000346311023 ], [ 141.659512703707833, 39.032844311682361 ], [ 141.659544840062324, 39.032114228672029 ], [ 141.660192463807817, 39.030094754970868 ], [ 141.659881297130795, 39.028996925289839 ], [ 141.660037263970651, 39.028424591555797 ], [ 141.659765213804945, 39.02777603722506 ], [ 141.65809716586611, 39.025640237310185 ], [ 141.658259294311563, 39.025431976070365 ], [ 141.655890180837076, 39.022475025150669 ], [ 141.653679842200773, 39.015952461232047 ], [ 141.654241047701703, 39.015333428570784 ], [ 141.654066397775523, 39.015045688372226 ] ] ] } },
{ "type": "Feature", "properties": { "CITY_NAME": "陸前高田市", "S_NAME": "米崎町字樋の口", "JINKO": 293, "medical_area": "03_気仙医療圏", "町丁目名": "陸前高田市米崎町字樋の口" }, "geometry": { "type": "Polygon", "coordinates": [ [ [ 141.655772667540788, 39.012087373980918 ], [ 141.656613075973155, 39.011034042124798 ], [ 141.656910183196686, 39.010452397119998 ], [ 141.656904265405757, 39.009945162741282 ], [ 141.654610565418238, 39.009628271585335 ], [ 141.654393807503254, 39.009239835605413 ], [ 141.654828978199191, 39.008980254784063 ], [ 141.654990013140548, 39.008695997003308 ], [ 141.654688987089003, 39.008390987166088 ], [ 141.654519820835731, 39.008565442682645 ], [ 141.65421167520131, 39.008462322094474 ], [ 141.652713044337361, 39.008860187076664 ], [ 141.652752026211999, 39.009351075966158 ], [ 141.652620588017186, 39.009396545615459 ], [ 141.652074852626129, 39.009223157878068 ], [ 141.652983764746921, 39.010114168175647 ], [ 141.654227080595632, 39.010516658471083 ], [ 141.654916555757893, 39.011088272957913 ], [ 141.65449535476148, 39.011308978234851 ], [ 141.654335235329398, 39.011626235163938 ], [ 141.655415751726025, 39.012344788850122 ], [ 141.65600363717212, 39.012463179479134 ], [ 141.655772667540788, 39.012087373980918 ] ] ] } },
{ "type": "Feature", "properties": { "CITY_NAME": "陸前高田市", "S_NAME": "米崎町字沼田", "JINKO": 310, "medical_area": "03_気仙医療圏", "町丁目名": "陸前高田市米崎町字沼田" }, "geometry": { "type": "Polygon", "coordinates": [ [ [ 141.663507854422818, 39.008888741677772 ], [ 141.662556225389181, 39.007888587785665 ], [ 141.661704147754278, 39.008576454329557 ], [ 141.661375795666544, 39.008387933441554 ], [ 141.66075420343401, 39.008873023132239 ], [ 141.660180016700991, 39.008467563786212 ], [ 141.658635001528637, 39.006810413047695 ], [ 141.65851613415947, 39.006410314450314 ], [ 141.658094150667182, 39.00639844105514 ], [ 141.657676457146124, 39.005780591088666 ], [ 141.657075682843328, 39.006060208439379 ], [ 141.656556446763148, 39.0060772347464 ], [ 141.656562872707582, 39.006605157205527 ], [ 141.653349999071708, 39.00708665397832 ], [ 141.653688570592266, 39.007542434585815 ], [ 141.655040713517138, 39.008007072587525 ], [ 141.654688987089003, 39.008390987166088 ], [ 141.654990013140548, 39.008695997003308 ], [ 141.654930400723231, 39.008867361965208 ], [ 141.654393807503254, 39.009239835605413 ], [ 141.654748500704329, 39.009707462588679 ], [ 141.655563027056019, 39.009685691368141 ], [ 141.656904265405757, 39.009945162741282 ], [ 141.658199238017318, 39.008776647322343 ], [ 141.658693531660049, 39.009054525859746 ], [ 141.65980283790563, 39.009133251061762 ], [ 141.66086178507075, 39.009940369918475 ], [ 141.661028706586421, 39.01043668093007 ], [ 141.661764978592515, 39.010824308314326 ], [ 141.662365969575404, 39.011697363671665 ], [ 141.663556881990075, 39.012927964339404 ], [ 141.66464280555607, 39.01313707932578 ], [ 141.665613990081454, 39.012932904747458 ], [ 141.665460760883548, 39.01264446185219 ], [ 141.665674265782968, 39.012542435502553 ], [ 141.665652576727382, 39.010702582065797 ], [ 141.665108564139672, 39.010163029298099 ], [ 141.663941982857409, 39.009675568216025 ], [ 141.663507854422818, 39.008888741677772 ] ] ] } },
{ "type": "Feature", "properties": { "CITY_NAME": "陸前高田市", "S_NAME": "米崎町字和野", "JINKO": 127, "medical_area": "03_気仙医療圏", "町丁目名": "陸前高田市米崎町字和野" }, "geometry": { "type": "Polygon", "coordinates": [ [ [ 141.678344966939221, 39.009699820754648 ], [ 141.677153676929493, 39.009363494222384 ], [ 141.672395721262149, 39.011614556232587 ], [ 141.67277767700071, 39.012370686970705 ], [ 141.673541704198414, 39.013096906362023 ], [ 141.673285430803332, 39.013362661328294 ], [ 141.673493221503236, 39.013616424391124 ], [ 141.673459064266069, 39.014005712735461 ], [ 141.673266285905072, 39.014194863648449 ], [ 141.673769653109247, 39.014991007519811 ], [ 141.675401771950987, 39.016281023671382 ], [ 141.677536990687514, 39.016244375180904 ], [ 141.678869304927986, 39.015882232176047 ], [ 141.678797491619491, 39.015256820720474 ], [ 141.67945315356701, 39.014295024241406 ], [ 141.679203593497505, 39.013305361063516 ], [ 141.679331308699943, 39.012363147025852 ], [ 141.679070236018191, 39.011706659644084 ], [ 141.678264015281883, 39.010729390843416 ], [ 141.678778732911496, 39.010436912658513 ], [ 141.678344966939221, 39.009699820754648 ] ] ] } },
{ "type": "Feature", "properties": { "CITY_NAME": "陸前高田市", "S_NAME": "小友町字茗荷", "JINKO": 0, "medical_area": "03_気仙医療圏", "町丁目名": "陸前高田市小友町字茗荷" }, "geometry": { "type": "Polygon", "coordinates": [ [ [ 141.698782182966312, 39.007333051276127 ], [ 141.69998420271807, 39.004816394269234 ], [ 141.681051562925035, 39.008834506474585 ], [ 141.682672097722929, 39.009657843400028 ], [ 141.683976803059011, 39.011576131422245 ], [ 141.68480027996759, 39.012361033896347 ], [ 141.685818480018327, 39.013014807783783 ], [ 141.688426897709292, 39.013879213869238 ], [ 141.689995413798499, 39.015811143356594 ], [ 141.691235089069153, 39.01643546143665 ], [ 141.691353649215387, 39.016333459306125 ], [ 141.692156176199205, 39.016683403376796 ], [ 141.693048219821804, 39.016064006432671 ], [ 141.692710260036733, 39.015364680940714 ], [ 141.693151164160582, 39.01515389888543 ], [ 141.694582502166242, 39.015123526412999 ], [ 141.694747419102981, 39.014104224932325 ], [ 141.694989353940286, 39.013682357138961 ], [ 141.69581741227185, 39.013013997993198 ], [ 141.696336451577366, 39.011942533121932 ], [ 141.696737535221814, 39.011583742446554 ], [ 141.696743997796432, 39.011079578103264 ], [ 141.697323316987962, 39.010279619768085 ], [ 141.697763235979863, 39.007923800488854 ], [ 141.698782182966312, 39.007333051276127 ] ] ] } },
{ "type": "Feature", "properties": { "CITY_NAME": "陸前高田市", "S_NAME": "小友町字三日市", "JINKO": 95, "medical_area": "03_気仙医療圏", "町丁目名": "陸前高田市小友町字三日市" }, "geometry": { "type": "Polygon", "coordinates": [ [ [ 141.686160643115272, 38.999862572652681 ], [ 141.687088496682833, 38.999749320764053 ], [ 141.689689515263325, 39.000074102333159 ], [ 141.68979638249067, 38.99901666425361 ], [ 141.690010469864717, 38.998494159025618 ], [ 141.689407171448778, 38.996078628202838 ], [ 141.688696987545228, 38.995096489771441 ], [ 141.689690469471856, 38.994316678042445 ], [ 141.689447090904878, 38.993558227317571 ], [ 141.685999102711122, 38.992315044668985 ], [ 141.684840687674097, 38.992564741949536 ], [ 141.682829175758826, 38.993544336451734 ], [ 141.681112085085658, 38.9940830919371 ], [ 141.679394357432528, 38.994238543097659 ], [ 141.681229716118878, 38.998282690843098 ], [ 141.680371449715125, 38.998911334954705 ], [ 141.680103123975698, 38.998480875538057 ], [ 141.680233037136446, 38.998823169076864 ], [ 141.680767382473647, 38.999212710495591 ], [ 141.681995718652644, 38.99963113723674 ], [ 141.681992613996329, 39.000071093452298 ], [ 141.681787304204818, 39.000481268448517 ], [ 141.681881828167946, 39.000684467562152 ], [ 141.685573531321467, 39.001508378568296 ], [ 141.686768335315918, 39.001184412683273 ], [ 141.686160643115272, 38.999862572652681 ] ] ] } },
{ "type": "Feature", "properties": { "CITY_NAME": "陸前高田市", "S_NAME": "小友町字両替", "JINKO": 263, "medical_area": "03_気仙医療圏", "町丁目名": "陸前高田市小友町字両替" }, "geometry": { "type": "Polygon", "coordinates": [ [ [ 141.681788189358997, 39.000555018163908 ], [ 141.681995718652644, 38.99963113723674 ], [ 141.680767382473647, 38.999212710495591 ], [ 141.680233037136446, 38.998823169076864 ], [ 141.679524859881013, 38.999266117586345 ], [ 141.679556013761811, 38.999457742737924 ], [ 141.679408497081141, 38.999279557849455 ], [ 141.678636038968477, 38.999755410929488 ], [ 141.678374215829734, 38.999385214006921 ], [ 141.678737916465877, 38.999970875805559 ], [ 141.675724682156442, 39.001795214710597 ], [ 141.674981653338648, 39.002611320151694 ], [ 141.673878622946802, 39.003341683000265 ], [ 141.67507929747822, 39.004538889287964 ], [ 141.675677540396833, 39.004733538414442 ], [ 141.676339741843549, 39.005351886520991 ], [ 141.678502262419443, 39.006713490317395 ], [ 141.679991986556445, 39.008377059438459 ], [ 141.681051562925035, 39.008834506474585 ], [ 141.688643530006175, 39.007211847115613 ], [ 141.688424879408416, 39.006436691319038 ], [ 141.687704027032623, 39.005908500350046 ], [ 141.687136427130355, 39.005096479575698 ], [ 141.687169406463397, 39.004422446174011 ], [ 141.68752064443774, 39.003924494949928 ], [ 141.687094550185918, 39.002692200680954 ], [ 141.686249174711605, 39.002438393481292 ], [ 141.685542415028976, 39.001781732812695 ], [ 141.685573531321467, 39.001508378568296 ], [ 141.682052573435499, 39.000813286842771 ], [ 141.681788189358997, 39.000555018163908 ] ] ] } },
{ "type": "Feature", "properties": { "CITY_NAME": "陸前高田市", "S_NAME": "小友町字中西", "JINKO": 379, "medical_area": "03_気仙医療圏", "町丁目名": "陸前高田市小友町字中西" }, "geometry": { "type": "Polygon", "coordinates": [ [ [ 141.696041456671878, 39.002288521731927 ], [ 141.695912025511035, 39.000032810341153 ], [ 141.696592071407252, 38.999984580497092 ], [ 141.697001503245815, 38.999465474766033 ], [ 141.694562770935335, 38.998234884556275 ], [ 141.694461621154915, 38.99773495988601 ], [ 141.694037701043811, 38.997398155124067 ], [ 141.694206853492148, 38.997135737558573 ], [ 141.694143425390592, 38.996970815574457 ], [ 141.693924423410493, 38.99687199830985 ], [ 141.691824358421542, 38.997762088386665 ], [ 141.690699836593552, 38.998729870363192 ], [ 141.690010469864717, 38.998494159025618 ], [ 141.68979638249067, 38.99901666425361 ], [ 141.689689515263268, 39.000074102333166 ], [ 141.687088496682804, 38.999749320764039 ], [ 141.686160643115272, 38.999862572652681 ], [ 141.686768335315918, 39.001184412683273 ], [ 141.685654265560913, 39.001431739654343 ], [ 141.685504528873054, 39.001679519906283 ], [ 141.686249174711605, 39.002438393481313 ], [ 141.687094550185918, 39.002692200680954 ], [ 141.68752064443774, 39.003924494949928 ], [ 141.687169406463397, 39.004422446174011 ], [ 141.687136427130355, 39.005096479575698 ], [ 141.687704027032623, 39.005908500350046 ], [ 141.688424879408416, 39.006436691319038 ], [ 141.688643530006175, 39.007211847115613 ], [ 141.699671406956895, 39.004882544480317 ], [ 141.698305116526598, 39.004292549228474 ], [ 141.696908892998124, 39.003170988961678 ], [ 141.696370489609109, 39.002924279839782 ], [ 141.696041456671878, 39.002288521731927 ] ] ] } },
{ "type": "Feature", "properties": { "CITY_NAME": "陸前高田市", "S_NAME": "小友町字柳沢", "JINKO": 204, "medical_area": "03_気仙医療圏", "町丁目名": "陸前高田市小友町字柳沢" }, "geometry": { "type": "Polygon", "coordinates": [ [ [ 141.702338347046549, 39.000002960436063 ], [ 141.703337377578663, 38.998786787311531 ], [ 141.705013977288615, 38.997814411947104 ], [ 141.704883840080726, 38.995956413754605 ], [ 141.706251121745964, 38.99461930148118 ], [ 141.704378740858829, 38.994787184679353 ], [ 141.703268699862463, 38.994319763918391 ], [ 141.702500134527867, 38.995021732553759 ], [ 141.698995596102122, 38.994349937165005 ], [ 141.698797700359677, 38.993573366886196 ], [ 141.698175613179899, 38.993800648289621 ], [ 141.69749347353266, 38.994479217069319 ], [ 141.696769190075031, 38.991107796217115 ], [ 141.689407171448778, 38.996078628202838 ], [ 141.690010469864717, 38.998494159025618 ], [ 141.690699836593552, 38.998729870363192 ], [ 141.692054448034725, 38.99763055194294 ], [ 141.69408099752485, 38.996887877642145 ], [ 141.694206853492148, 38.997135737558573 ], [ 141.694037701043811, 38.997398155124067 ], [ 141.694461621154915, 38.99773495988601 ], [ 141.694562770935335, 38.998234884556275 ], [ 141.697001503245815, 38.999465474766033 ], [ 141.696592071407252, 38.999984580497092 ], [ 141.695912025511035, 39.000032810341153 ], [ 141.6961726250629, 39.002667453132247 ], [ 141.698305116526598, 39.004292549228474 ], [ 141.699671406956895, 39.004882544480317 ], [ 141.700721808071307, 39.004558623584579 ], [ 141.701434837920118, 39.003982290589803 ], [ 141.701397856322501, 39.002881579443894 ], [ 141.702192362191795, 39.001758710168211 ], [ 141.702338347046549, 39.000002960436063 ] ] ] } },
{ "type": "Feature", "properties": { "CITY_NAME": "陸前高田市", "S_NAME": "小友町字財当", "JINKO": 210, "medical_area": "03_気仙医療圏", "町丁目名": "陸前高田市小友町字財当" }, "geometry": { "type": "Polygon", "coordinates": [ [ [ 141.703102449889712, 38.994338314025178 ], [ 141.704378740858886, 38.994787184679375 ], [ 141.706251121745964, 38.994619301481222 ], [ 141.70682324409313, 38.993779991681684 ], [ 141.707834119302021, 38.993264657576148 ], [ 141.708139299643278, 38.992937368267789 ], [ 141.708169627943022, 38.992429644843469 ], [ 141.708393397130521, 38.992140618098794 ], [ 141.708991349955994, 38.991810922862783 ], [ 141.71014569247555, 38.990570568593853 ], [ 141.711029031827366, 38.989992737237429 ], [ 141.711351031022446, 38.989416943581546 ], [ 141.711671612043091, 38.989184745390148 ], [ 141.709587084514453, 38.988303874147249 ], [ 141.709500096850604, 38.988029701045917 ], [ 141.709617918175638, 38.987903050789875 ], [ 141.710433728343276, 38.987757218191838 ], [ 141.71047819248875, 38.987016293546986 ], [ 141.710375543786398, 38.986919239849655 ], [ 141.708600247475999, 38.987899071930542 ], [ 141.708589656579676, 38.988486034075088 ], [ 141.706036227370646, 38.987832083079596 ], [ 141.70482399209925, 38.987771233531831 ], [ 141.703434069897526, 38.987823453767092 ], [ 141.701919386334168, 38.988158520223188 ], [ 141.700110854148875, 38.988872834126475 ], [ 141.696769190075031, 38.991107796217115 ], [ 141.69749347353266, 38.994479217069319 ], [ 141.698175613179956, 38.993800648289607 ], [ 141.698797700359677, 38.993573366886196 ], [ 141.698995596102122, 38.994349937165005 ], [ 141.702500134527867, 38.995021732553759 ], [ 141.703102449889712, 38.994338314025178 ] ] ] } },
{ "type": "Feature", "properties": { "CITY_NAME": "陸前高田市", "S_NAME": "小友町字谷地館", "JINKO": 238, "medical_area": "03_気仙医療圏", "町丁目名": "陸前高田市小友町字谷地館" }, "geometry": { "type": "Polygon", "coordinates": [ [ [ 141.713116258336839, 38.98720629098186 ], [ 141.713486454810749, 38.987194489456826 ], [ 141.714033129723418, 38.986516559474815 ], [ 141.713802667789594, 38.98635882212244 ], [ 141.714006755503078, 38.985411379419332 ], [ 141.714603686974698, 38.985432137165596 ], [ 141.714529369962065, 38.985206568231852 ], [ 141.715777265104066, 38.984577370103345 ], [ 141.71619898805568, 38.984612887476565 ], [ 141.716318603895616, 38.984212015330549 ], [ 141.716775292517866, 38.98408694138093 ], [ 141.716816297119323, 38.983947912133807 ], [ 141.716449312262426, 38.983767775136933 ], [ 141.716524057766861, 38.98347084023073 ], [ 141.716839744819396, 38.983427911036515 ], [ 141.717011752921081, 38.982962665889318 ], [ 141.716899330189108, 38.982740132562107 ], [ 141.717383758509413, 38.982533769411354 ], [ 141.717635907749354, 38.982204805119004 ], [ 141.716805524793301, 38.982253464694857 ], [ 141.717417761247162, 38.982021782360455 ], [ 141.716945513097556, 38.981729906290873 ], [ 141.716647110008552, 38.981769959119127 ], [ 141.716635542056423, 38.981580021678511 ], [ 141.715856827033889, 38.981606605980659 ], [ 141.715911684124706, 38.981197215238232 ], [ 141.715377658318232, 38.981127354666761 ], [ 141.71512779935739, 38.981452637498755 ], [ 141.714966122697206, 38.981444850648295 ], [ 141.714979340471359, 38.981673625690192 ], [ 141.714398771260022, 38.981856353612741 ], [ 141.713946466878127, 38.982420132310203 ], [ 141.714059826940144, 38.98263182354475 ], [ 141.713743873010543, 38.982928818229034 ], [ 141.713673619219435, 38.983312214540703 ], [ 141.713025575292107, 38.98354499310274 ], [ 141.712748016068502, 38.984153408515361 ], [ 141.712392346794587, 38.984419098407663 ], [ 141.711896842201668, 38.984483217889277 ], [ 141.711386040319809, 38.984339337740728 ], [ 141.711097418923714, 38.983955053671892 ], [ 141.710540640713674, 38.983643940331007 ], [ 141.711212495526382, 38.984210933433509 ], [ 141.710998567668611, 38.984549452533756 ], [ 141.71021372591909, 38.984644526796977 ], [ 141.709449074935208, 38.984462640314135 ], [ 141.708851201860909, 38.984692626081568 ], [ 141.70865714772998, 38.985384716965214 ], [ 141.708340288561317, 38.985348378091359 ], [ 141.707763896522408, 38.98576989949045 ], [ 141.707316569545753, 38.985931667336565 ], [ 141.706275131619577, 38.98571556277669 ], [ 141.7049820609341, 38.985992435105977 ], [ 141.704579545336458, 38.986293279251662 ], [ 141.70473820342113, 38.98684618666767 ], [ 141.701497596537564, 38.98746448106867 ], [ 141.701919386334168, 38.988158520223188 ], [ 141.703434069897526, 38.987823453767092 ], [ 141.70482399209925, 38.987771233531831 ], [ 141.706036227370646, 38.987832083079596 ], [ 141.708589656579676, 38.988486034075088 ], [ 141.708600247475999, 38.987899071930542 ], [ 141.710375543786398, 38.986919239849655 ], [ 141.710527483280714, 38.987137114074557 ], [ 141.710433728343276, 38.987757218191838 ], [ 141.709617918175638, 38.987903050789875 ], [ 141.709500096850604, 38.988029701045917 ], [ 141.709587084514453, 38.988303874147249 ], [ 141.711671612043091, 38.989184745390148 ], [ 141.712051586522165, 38.988674244757185 ], [ 141.712413222324273, 38.987624501744889 ], [ 141.713116258336839, 38.98720629098186 ] ] ] } },
{ "type": "Feature", "properties": { "CITY_NAME": "陸前高田市", "S_NAME": "小友町字小ケ口前", "JINKO": 170, "medical_area": "03_気仙医療圏", "町丁目名": "陸前高田市小友町字小ケ口前" }, "geometry": { "type": "Polygon", "coordinates": [ [ [ 141.705162892156039, 38.984333292181226 ], [ 141.704124961996257, 38.983329806977501 ], [ 141.70409882500104, 38.983125618824509 ], [ 141.699976952559041, 38.982364672950546 ], [ 141.699226950887805, 38.982512465262587 ], [ 141.698422487634247, 38.983331933572494 ], [ 141.697511552486247, 38.98384406173728 ], [ 141.697011684986308, 38.983905393764623 ], [ 141.695840245727851, 38.983626608552441 ], [ 141.693888630968104, 38.982854073058142 ], [ 141.693674105027156, 38.98498863151891 ], [ 141.693956473448935, 38.985763610640191 ], [ 141.694467367783716, 38.986495946339012 ], [ 141.69458900982292, 38.987659469862976 ], [ 141.694753161449427, 38.987891848794611 ], [ 141.696363499331937, 38.988551464087003 ], [ 141.696769190075031, 38.991107796217115 ], [ 141.700110854148875, 38.988872834126475 ], [ 141.701919386334168, 38.988158520223188 ], [ 141.701497596537564, 38.98746448106867 ], [ 141.70473820342113, 38.98684618666767 ], [ 141.704647782066104, 38.9861742517135 ], [ 141.706275131619577, 38.98571556277669 ], [ 141.705237319126553, 38.984951375662014 ], [ 141.705162892156039, 38.984333292181226 ] ] ] } },
{ "type": "Feature", "properties": { "CITY_NAME": "陸前高田市", "S_NAME": "小友町字腰廻", "JINKO": 95, "medical_area": "03_気仙医療圏", "町丁目名": "陸前高田市小友町字腰廻" }, "geometry": { "type": "Polygon", "coordinates": [ [ [ 141.679973336390873, 38.98970054361353 ], [ 141.681670448417464, 38.98849665508812 ], [ 141.683156455490177, 38.988776247015792 ], [ 141.684091623779494, 38.989231062259094 ], [ 141.684712699777236, 38.989863895861404 ], [ 141.685203951209189, 38.98995167072836 ], [ 141.685791724537552, 38.989547706491166 ], [ 141.686421052373731, 38.989554519958254 ], [ 141.687616094728639, 38.989751375521536 ], [ 141.688395745320236, 38.990094055152902 ], [ 141.68867432350595, 38.989685299165558 ], [ 141.688756238864443, 38.988920032847957 ], [ 141.688510116587167, 38.988357251708422 ], [ 141.690493176114586, 38.988189383254998 ], [ 141.691529136937788, 38.987657183486171 ], [ 141.690452794400898, 38.986031296344578 ], [ 141.690150184480103, 38.984795404302176 ], [ 141.688947721271518, 38.983090404333694 ], [ 141.689146239656424, 38.982551045311851 ], [ 141.690256544881038, 38.981820545665336 ], [ 141.690559773947115, 38.981239806883373 ], [ 141.687851402394728, 38.979873437195714 ], [ 141.687333001934803, 38.979883979749175 ], [ 141.685721615802748, 38.980266702322965 ], [ 141.683819316640609, 38.981022486334929 ], [ 141.680210721442222, 38.982106341930667 ], [ 141.678313320499115, 38.982398422313238 ], [ 141.677622114083817, 38.981824620062724 ], [ 141.67837795115949, 38.983386286356001 ], [ 141.677073892237246, 38.985091909031226 ], [ 141.676807732507967, 38.985736951635239 ], [ 141.676562009032068, 38.985728871833459 ], [ 141.675808999075656, 38.986987537525508 ], [ 141.675724861164099, 38.987926716868174 ], [ 141.676327084751165, 38.989603868603126 ], [ 141.677407023242409, 38.990858533644833 ], [ 141.677986079340428, 38.991147691128923 ], [ 141.678800700653511, 38.991219291104152 ], [ 141.679371733490484, 38.990844333441025 ], [ 141.679973336390873, 38.98970054361353 ] ] ] } },
{ "type": "Feature", "properties": { "CITY_NAME": "陸前高田市", "S_NAME": "小友町字茂里花", "JINKO": 97, "medical_area": "03_気仙医療圏", "町丁目名": "陸前高田市小友町字茂里花" }, "geometry": { "type": "Polygon", "coordinates": [ [ [ 141.689407171448778, 38.996078628202838 ], [ 141.696769190075031, 38.991107796217115 ], [ 141.696363499331937, 38.988551464087003 ], [ 141.694858889105461, 38.98796208251553 ], [ 141.69458900982292, 38.987659469862976 ], [ 141.694467367783716, 38.986495946339012 ], [ 141.693956473448935, 38.985763610640191 ], [ 141.693674105027156, 38.98498863151891 ], [ 141.693888630968104, 38.982854073058142 ], [ 141.693325474425109, 38.982440373581184 ], [ 141.6905597739472, 38.981239806883373 ], [ 141.690256544881038, 38.981820545665336 ], [ 141.689146239656424, 38.982551045311851 ], [ 141.688947721271518, 38.983090404333723 ], [ 141.690150184480103, 38.984795404302176 ], [ 141.690452794400926, 38.986031296344578 ], [ 141.691529136937788, 38.987657183486171 ], [ 141.690493176114614, 38.988189383254998 ], [ 141.688510116587196, 38.988357251708422 ], [ 141.688756238864443, 38.988920032847957 ], [ 141.68867432350595, 38.989685299165536 ], [ 141.688395745320236, 38.990094055152881 ], [ 141.687616094728639, 38.989751375521507 ], [ 141.686421052373731, 38.989554519958254 ], [ 141.685791724537552, 38.989547706491145 ], [ 141.685203951209189, 38.98995167072836 ], [ 141.684712699777208, 38.989863895861383 ], [ 141.684091623779494, 38.989231062259094 ], [ 141.683156455490177, 38.988776247015792 ], [ 141.681670448417492, 38.98849665508812 ], [ 141.679973336390873, 38.98970054361353 ], [ 141.679371733490484, 38.990844333441025 ], [ 141.678800700653511, 38.991219291104152 ], [ 141.677986079340428, 38.991147691128923 ], [ 141.677407023242409, 38.990858533644833 ], [ 141.676702734330888, 38.990093952461862 ], [ 141.676629932993876, 38.990507883144019 ], [ 141.675712516497185, 38.991754571974887 ], [ 141.674024833517478, 38.992962807121657 ], [ 141.673621375830834, 38.993449632598008 ], [ 141.674084431861814, 38.993364311808634 ], [ 141.675113338976075, 38.993594718907296 ], [ 141.676014706346621, 38.993580132428001 ], [ 141.676375518668181, 38.993246891935364 ], [ 141.677983032658631, 38.993409197620714 ], [ 141.678605671552418, 38.993736182651617 ], [ 141.678680558481489, 38.993913136731464 ], [ 141.678543116290825, 38.994003299726039 ], [ 141.678732945805734, 38.994433420667775 ], [ 141.678860605940088, 38.994400052445776 ], [ 141.678639290823185, 38.994036808630199 ], [ 141.678806040416788, 38.993886118396027 ], [ 141.678906083650105, 38.993949298981477 ], [ 141.678794005245322, 38.994041109806631 ], [ 141.679188023042769, 38.994268891176461 ], [ 141.681112085085658, 38.9940830919371 ], [ 141.682829175758826, 38.993544336451734 ], [ 141.684840687674097, 38.992564741949536 ], [ 141.686167723881539, 38.992313815331578 ], [ 141.689447090904878, 38.993558227317571 ], [ 141.689690469471856, 38.994316678042445 ], [ 141.688696987545228, 38.995096489771441 ], [ 141.689407171448778, 38.996078628202838 ] ] ] } },
{ "type": "Feature", "properties": { "CITY_NAME": "陸前高田市", "S_NAME": "小友町字矢の浦", "JINKO": 120, "medical_area": "03_気仙医療圏", "町丁目名": "陸前高田市小友町字矢の浦" }, "geometry": { "type": "Polygon", "coordinates": [ [ [ 141.676327084751165, 38.989603868603119 ], [ 141.675724861164099, 38.987926716868195 ], [ 141.675808999075656, 38.986987537525494 ], [ 141.676562009032068, 38.985728871833444 ], [ 141.676807732507967, 38.985736951635239 ], [ 141.677073892237274, 38.985091909031226 ], [ 141.67837795115949, 38.983386286356016 ], [ 141.67750505882384, 38.981724822980645 ], [ 141.67651118990193, 38.98128804621048 ], [ 141.673034483331492, 38.981050066830392 ], [ 141.670077153854152, 38.981300995708189 ], [ 141.667787201620257, 38.980403855707522 ], [ 141.666651097412057, 38.98124349146169 ], [ 141.66620593809526, 38.981372784587712 ], [ 141.66617108878296, 38.981545108720667 ], [ 141.665718798453554, 38.98145909154475 ], [ 141.666208140390694, 38.982242088258239 ], [ 141.667058881495052, 38.982649495866696 ], [ 141.666918697082764, 38.983287424536172 ], [ 141.667061352582266, 38.982859347934024 ], [ 141.667878358355438, 38.982943600197657 ], [ 141.6681973654307, 38.983379148632906 ], [ 141.668189033873574, 38.983743136531615 ], [ 141.667876024916637, 38.984313822812666 ], [ 141.668340427355645, 38.98474474236022 ], [ 141.668404078299432, 38.985049660623559 ], [ 141.668023948144963, 38.98570190313059 ], [ 141.667037448503237, 38.986610708378997 ], [ 141.666849987868432, 38.987354331185784 ], [ 141.667315449661203, 38.988065354893784 ], [ 141.667591568945255, 38.989167837568331 ], [ 141.668119819736575, 38.989328892491919 ], [ 141.669238439430927, 38.989343417945634 ], [ 141.669319164070117, 38.989528429935248 ], [ 141.669320145553883, 38.989321227761465 ], [ 141.669879472556943, 38.989181182575166 ], [ 141.670772704144753, 38.98955856142711 ], [ 141.671407296217012, 38.989537825224453 ], [ 141.671813395414091, 38.989815090771366 ], [ 141.672380233231706, 38.990894716963624 ], [ 141.672749296444096, 38.992131650055583 ], [ 141.672698047665364, 38.992387844319282 ], [ 141.67310329352415, 38.992591214956263 ], [ 141.673621375830834, 38.993449632598008 ], [ 141.674024833517478, 38.992962807121657 ], [ 141.675712516497185, 38.991754571974887 ], [ 141.676629932993876, 38.990507883144019 ], [ 141.676702734330888, 38.990093952461862 ], [ 141.676327084751165, 38.989603868603119 ] ] ] } },
{ "type": "Feature", "properties": { "CITY_NAME": "陸前高田市", "S_NAME": "広田町字大祝", "JINKO": 117, "medical_area": "03_気仙医療圏", "町丁目名": "陸前高田市広田町字大祝" }, "geometry": { "type": "Polygon", "coordinates": [ [ [ 141.720464480574208, 38.960864606058379 ], [ 141.721267006552438, 38.960663070013148 ], [ 141.721918255050497, 38.960855464347262 ], [ 141.722975930979175, 38.960507630559405 ], [ 141.723173817765229, 38.960093562318285 ], [ 141.723521060366068, 38.959908918600959 ], [ 141.724083202467256, 38.95992539836756 ], [ 141.724699443519711, 38.959656710550043 ], [ 141.72437235072357, 38.959063726203304 ], [ 141.7248600373714, 38.958665463847936 ], [ 141.7246782207244, 38.95861462874818 ], [ 141.724922630380206, 38.958052408195996 ], [ 141.724537504846438, 38.958162531659383 ], [ 141.724090137686318, 38.957996608872975 ], [ 141.724275791837073, 38.957807774966376 ], [ 141.724082534577633, 38.957850700995039 ], [ 141.723998891773505, 38.957621621449618 ], [ 141.723677939001846, 38.957515963680557 ], [ 141.723643127638894, 38.956947777846132 ], [ 141.723979633625419, 38.956462416103406 ], [ 141.724615116183287, 38.956715161005697 ], [ 141.724128489633273, 38.95627928243367 ], [ 141.72484405524861, 38.95647835036219 ], [ 141.724623511676185, 38.956286348836137 ], [ 141.724717968748422, 38.956178371431527 ], [ 141.724990158178713, 38.956262792504681 ], [ 141.725054739847309, 38.955621781217239 ], [ 141.725335342040665, 38.955551232692848 ], [ 141.725526898969207, 38.956010964557407 ], [ 141.725817808385671, 38.955656497679698 ], [ 141.725950274746225, 38.95582580338062 ], [ 141.72627163027002, 38.955691812212351 ], [ 141.726155650944406, 38.955457561518351 ], [ 141.726519444358757, 38.955579987727958 ], [ 141.72697563652082, 38.95543145079148 ], [ 141.727227389870166, 38.955632217525732 ], [ 141.727664741362787, 38.955640627069705 ], [ 141.727654811715468, 38.955218218392716 ], [ 141.727894090207997, 38.95507309680309 ], [ 141.72723182588868, 38.954983572265199 ], [ 141.727517065509204, 38.954816564158918 ], [ 141.727089281180923, 38.954658597230754 ], [ 141.727366464746325, 38.954588914641114 ], [ 141.727079897625117, 38.95445773678901 ], [ 141.727424896413766, 38.954369518761752 ], [ 141.725686747547172, 38.954410736650686 ], [ 141.72557856087866, 38.954251239071496 ], [ 141.725824416129342, 38.954077285980645 ], [ 141.726826377857179, 38.954116506868175 ], [ 141.727011806073278, 38.954004243759741 ], [ 141.726667659857611, 38.953702414342914 ], [ 141.725911206468879, 38.953818966996877 ], [ 141.725852324454252, 38.953723911713467 ], [ 141.726119095293058, 38.953657971315288 ], [ 141.725707209754006, 38.953559277428617 ], [ 141.725757045287054, 38.953121984927861 ], [ 141.727416924058844, 38.953280467594169 ], [ 141.727524024718718, 38.953082376231947 ], [ 141.727921337156829, 38.953118961404151 ], [ 141.727971769766327, 38.952823125834108 ], [ 141.728337804762162, 38.952574351785934 ], [ 141.728345141523846, 38.952327478912267 ], [ 141.728122939134778, 38.952089540059696 ], [ 141.727430260090131, 38.952051625608455 ], [ 141.727661270718755, 38.95180212698294 ], [ 141.727577600134879, 38.951571221654547 ], [ 141.726242687160322, 38.951377887268961 ], [ 141.726077228336067, 38.95179438344033 ], [ 141.725997899773489, 38.951542752579968 ], [ 141.725839679785878, 38.951532277378249 ], [ 141.725470698113241, 38.952277374997117 ], [ 141.725176253594469, 38.952349928376925 ], [ 141.725088941995836, 38.952015451986895 ], [ 141.725518251203539, 38.951659018409686 ], [ 141.725544583974539, 38.951459787211071 ], [ 141.724271787804497, 38.952170319373032 ], [ 141.72371184446996, 38.951857458499212 ], [ 141.723151471092052, 38.951237466737048 ], [ 141.723102377007933, 38.951002706436341 ], [ 141.723745042459683, 38.950920327825692 ], [ 141.723692691359417, 38.95069917502942 ], [ 141.723163011829172, 38.950692368232602 ], [ 141.723208522479382, 38.950268625162259 ], [ 141.722760241450629, 38.950126070532363 ], [ 141.721438367658692, 38.951063141302143 ], [ 141.72060401599856, 38.952420736880526 ], [ 141.718646662256162, 38.952550842645529 ], [ 141.717820469191935, 38.952163395137497 ], [ 141.717256823521552, 38.951558742612256 ], [ 141.717688190462439, 38.951364476386331 ], [ 141.716846740102227, 38.95123387787369 ], [ 141.716270920123151, 38.950945451906485 ], [ 141.71644926947414, 38.951558929133675 ], [ 141.717537196646788, 38.952951097631548 ], [ 141.717493735630541, 38.953997331849287 ], [ 141.715430032494567, 38.955319641243548 ], [ 141.715351160801561, 38.955695920058382 ], [ 141.715037188054254, 38.955881695984864 ], [ 141.714931499466047, 38.956464528901797 ], [ 141.714646229271125, 38.956588435386067 ], [ 141.71750894534452, 38.957925711152114 ], [ 141.717977767113183, 38.958627437080835 ], [ 141.718157502849181, 38.960626612858142 ], [ 141.719167382416401, 38.960910264998034 ], [ 141.720464480574208, 38.960864606058379 ] ] ] } },
{ "type": "Feature", "properties": { "CITY_NAME": "陸前高田市", "S_NAME": "広田町字蒲田", "JINKO": 273, "medical_area": "03_気仙医療圏", "町丁目名": "陸前高田市広田町字蒲田" }, "geometry": { "type": "Polygon", "coordinates": [ [ [ 141.714160456353227, 38.967243507133404 ], [ 141.714894290444533, 38.967237971846565 ], [ 141.715160303208336, 38.967106183905464 ], [ 141.714986651953154, 38.966872426123707 ], [ 141.7157933315614, 38.966787932543006 ], [ 141.716539249970594, 38.967665138833155 ], [ 141.716697199364773, 38.967094572816023 ], [ 141.71716209838371, 38.967087467754133 ], [ 141.717082783314225, 38.96757277209916 ], [ 141.717692953285137, 38.967828489427085 ], [ 141.71789756792802, 38.967487288060084 ], [ 141.717525403853841, 38.967347797807314 ], [ 141.718197045026272, 38.967169719265186 ], [ 141.717756270766898, 38.967080296631281 ], [ 141.717861637482201, 38.966833521455918 ], [ 141.717419637643928, 38.966826099594968 ], [ 141.717802210207225, 38.966506987530387 ], [ 141.716902600611576, 38.966266973615099 ], [ 141.716999016623674, 38.965945523627056 ], [ 141.717802696066627, 38.965347549552945 ], [ 141.717501072255573, 38.964936352348481 ], [ 141.717771037061084, 38.964840633381804 ], [ 141.717595350720131, 38.964725766744266 ], [ 141.717701491438248, 38.964541201617713 ], [ 141.718467343086473, 38.964423640102652 ], [ 141.71882868287841, 38.964159653377386 ], [ 141.718840825324691, 38.964482111672076 ], [ 141.719283489481199, 38.9645435753893 ], [ 141.719385129423671, 38.964093290890268 ], [ 141.719695111256243, 38.964336001745615 ], [ 141.719766017845501, 38.964837199210805 ], [ 141.720537266748607, 38.964689953954711 ], [ 141.721739579279159, 38.964139389371049 ], [ 141.721693399257589, 38.96385688593891 ], [ 141.722342320010767, 38.963710488589989 ], [ 141.722850685146454, 38.963397654761941 ], [ 141.722925290501649, 38.963545728163197 ], [ 141.723115495157316, 38.96344518601876 ], [ 141.722934372639855, 38.963077213834119 ], [ 141.723058540861956, 38.962764557811226 ], [ 141.723619231238473, 38.962671118190308 ], [ 141.723675361798854, 38.962819331799402 ], [ 141.723925365486224, 38.962700315873093 ], [ 141.723743870963148, 38.962575578896285 ], [ 141.724040285590632, 38.962476900738672 ], [ 141.723895559172064, 38.962251029638274 ], [ 141.723051625918231, 38.961941242517661 ], [ 141.723597869240393, 38.961516355658922 ], [ 141.723410265373815, 38.961278141938372 ], [ 141.723476461232593, 38.96112991276312 ], [ 141.723049212001996, 38.961009790159729 ], [ 141.723342307624506, 38.960920148324021 ], [ 141.723449198932229, 38.960617549050106 ], [ 141.723114253937098, 38.960769654899813 ], [ 141.722920339018714, 38.960674711284362 ], [ 141.722975930979175, 38.960507630559405 ], [ 141.721826824256141, 38.96086770199765 ], [ 141.721267006552438, 38.960663070013148 ], [ 141.720209031305217, 38.960915738924761 ], [ 141.719167382416401, 38.960910264998034 ], [ 141.718157502849181, 38.960626612858142 ], [ 141.717977767113183, 38.958627437080835 ], [ 141.71750894534452, 38.957925711152114 ], [ 141.714646229271125, 38.956588435386067 ], [ 141.714931499466047, 38.956464528901797 ], [ 141.715037188054254, 38.955881695984864 ], [ 141.715351160801561, 38.955695920058382 ], [ 141.715430032494567, 38.955319641243548 ], [ 141.717493735630541, 38.953997331849287 ], [ 141.717537196646788, 38.952951097631548 ], [ 141.716654130710566, 38.951869651001282 ], [ 141.716150688624566, 38.950923838240868 ], [ 141.715986084154281, 38.950957525097294 ], [ 141.715822791802424, 38.951552395663342 ], [ 141.715483254396247, 38.951709928722153 ], [ 141.714383650563491, 38.951323675062987 ], [ 141.714657015087056, 38.951041441761618 ], [ 141.714125776980183, 38.951090484364279 ], [ 141.713529848746759, 38.951845057084455 ], [ 141.712718361002516, 38.952363580474326 ], [ 141.712226722896702, 38.952946345481671 ], [ 141.707113070127804, 38.955694316511064 ], [ 141.707677673114574, 38.957009917379075 ], [ 141.707584728702926, 38.959098572217677 ], [ 141.708771210856241, 38.959959225167886 ], [ 141.709025206043265, 38.960381009674343 ], [ 141.709069661939026, 38.961206445851381 ], [ 141.709531000618085, 38.962518177969478 ], [ 141.710514448155209, 38.962599755126327 ], [ 141.71153955573044, 38.962375128301311 ], [ 141.71155673848429, 38.962635301136075 ], [ 141.712297800110804, 38.96300870036351 ], [ 141.712835289338955, 38.963528494286187 ], [ 141.711927828261878, 38.965289049821024 ], [ 141.711705147154703, 38.966145067521566 ], [ 141.711238500413884, 38.966708940914991 ], [ 141.711108332289143, 38.96742948354747 ], [ 141.712280926813293, 38.968099970185577 ], [ 141.712892059426366, 38.968151181463611 ], [ 141.713818264385282, 38.967752329214342 ], [ 141.714160456353227, 38.967243507133404 ] ] ] } },
{ "type": "Feature", "properties": { "CITY_NAME": "陸前高田市", "S_NAME": "広田町字六ケ浦", "JINKO": 154, "medical_area": "03_気仙医療圏", "町丁目名": "陸前高田市広田町字六ケ浦" }, "geometry": { "type": "Polygon", "coordinates": [ [ [ 141.709984993747753, 38.967568546992858 ], [ 141.71038086848489, 38.967570994280273 ], [ 141.710118686868555, 38.967364849070471 ], [ 141.710430526088032, 38.967205771791292 ], [ 141.710623111146845, 38.967477328341261 ], [ 141.710652951251433, 38.96727349561192 ], [ 141.711108332289143, 38.96742948354747 ], [ 141.711238500413884, 38.966708940914991 ], [ 141.711705147154703, 38.966145067521566 ], [ 141.711927828261878, 38.965289049821024 ], [ 141.712835289338955, 38.963528494286187 ], [ 141.712297800110804, 38.96300870036351 ], [ 141.71155673848429, 38.962635301136075 ], [ 141.71153955573044, 38.962375128301311 ], [ 141.710514448155209, 38.962599755126327 ], [ 141.709531000618085, 38.962518177969478 ], [ 141.709069661939026, 38.961206445851381 ], [ 141.709025206043265, 38.960381009674343 ], [ 141.708771210856241, 38.959959225167886 ], [ 141.707584728702926, 38.959098572217677 ], [ 141.707677673114574, 38.957009917379075 ], [ 141.707113070127804, 38.955694316511064 ], [ 141.705004674660529, 38.959784083961885 ], [ 141.704124454467234, 38.960867956719959 ], [ 141.704058094062674, 38.96173940210371 ], [ 141.70329114160981, 38.962558780708392 ], [ 141.702689273992945, 38.962831621690086 ], [ 141.702212384300566, 38.963284265441445 ], [ 141.702589526135455, 38.963510756040876 ], [ 141.702223690469197, 38.964206085942486 ], [ 141.702627244099176, 38.965085857152076 ], [ 141.704086903476764, 38.964801978809973 ], [ 141.70414377636655, 38.96623842983167 ], [ 141.70439074746821, 38.966433933228252 ], [ 141.704205807759308, 38.966217275626249 ], [ 141.70416899235849, 38.96529057766115 ], [ 141.705131043232228, 38.965262637282912 ], [ 141.705154675619241, 38.965688611626689 ], [ 141.706738727008911, 38.965666851733943 ], [ 141.706815712791865, 38.966953595826681 ], [ 141.704914880303676, 38.967109259754203 ], [ 141.707323511770454, 38.966960635529347 ], [ 141.707535853487684, 38.967519340522898 ], [ 141.707386416083608, 38.967565502085925 ], [ 141.707528393763027, 38.967667194224148 ], [ 141.707754693635678, 38.967581678272246 ], [ 141.707958632496229, 38.967744136558217 ], [ 141.708723698762299, 38.96728255342299 ], [ 141.709029615687399, 38.967570366262706 ], [ 141.709845434020167, 38.967480423754374 ], [ 141.709552182111025, 38.967655618390772 ], [ 141.709801799144884, 38.967866362402653 ], [ 141.710214615804631, 38.967751499916844 ], [ 141.709984993747753, 38.967568546992858 ] ] ] } },
{ "type": "Feature", "properties": { "CITY_NAME": "陸前高田市", "S_NAME": "広田町字赤坂角地", "JINKO": 199, "medical_area": "03_気仙医療圏", "町丁目名": "陸前高田市広田町字赤坂角地" }, "geometry": { "type": "Polygon", "coordinates": [ [ [ 141.713529848746759, 38.951845057084455 ], [ 141.714125776980183, 38.951090484364279 ], [ 141.713090718494215, 38.951161330887672 ], [ 141.712741966236791, 38.950671166630308 ], [ 141.712241232015884, 38.95075959459556 ], [ 141.711943640748046, 38.950389813449576 ], [ 141.712051345490636, 38.950143103719185 ], [ 141.713655369932411, 38.949441901234152 ], [ 141.714005221538372, 38.949092444967512 ], [ 141.714557587546096, 38.949076532264108 ], [ 141.714579967746801, 38.948926809767812 ], [ 141.714367479361385, 38.948820309836051 ], [ 141.714776329361086, 38.948671336343388 ], [ 141.714524973004359, 38.948309304884951 ], [ 141.714795993499592, 38.948028002519273 ], [ 141.715619486014276, 38.948015459196021 ], [ 141.715771205094768, 38.947873770023243 ], [ 141.715704357239986, 38.947506759866499 ], [ 141.715177849604004, 38.947470193312988 ], [ 141.715091695941908, 38.947318614560267 ], [ 141.714559144765502, 38.947535170366962 ], [ 141.714116346280207, 38.947453841785965 ], [ 141.713747822205534, 38.947692664511202 ], [ 141.713638406316477, 38.947612412670104 ], [ 141.713499318439005, 38.947000889363345 ], [ 141.71418982279468, 38.946687575288664 ], [ 141.713815678839495, 38.946560685656571 ], [ 141.714441014661759, 38.946565899465405 ], [ 141.714459815414926, 38.946410785309766 ], [ 141.713932309884342, 38.946387733694152 ], [ 141.714221377725039, 38.946347762953415 ], [ 141.714196583319477, 38.946209164207559 ], [ 141.714436215532857, 38.946092995033872 ], [ 141.713784987046154, 38.945947431995002 ], [ 141.713790998666155, 38.945691562017743 ], [ 141.711375573383805, 38.945881801943884 ], [ 141.711655274072996, 38.945369811937468 ], [ 141.711342360514521, 38.945252379535667 ], [ 141.710778490916113, 38.94526829638982 ], [ 141.710386630934693, 38.945485608344029 ], [ 141.710453731433404, 38.945220273378652 ], [ 141.709984533960551, 38.945334637839863 ], [ 141.710220736236693, 38.945035589922476 ], [ 141.70913807153255, 38.94526525647818 ], [ 141.707459907395759, 38.944817558460713 ], [ 141.706437282750869, 38.94477115910616 ], [ 141.706197777917993, 38.944525218984907 ], [ 141.706698986768657, 38.945136364451109 ], [ 141.706596949762542, 38.946384788373514 ], [ 141.706513393999131, 38.94680796212716 ], [ 141.706111578169669, 38.947308539812752 ], [ 141.706048107233443, 38.947738249142489 ], [ 141.70554823740332, 38.948181355813396 ], [ 141.705876999534325, 38.949533885403362 ], [ 141.705597848866063, 38.949999903848465 ], [ 141.706199170380188, 38.950584683188936 ], [ 141.705803820383181, 38.950800040140308 ], [ 141.705742571352374, 38.951176175939324 ], [ 141.70502484651891, 38.951839927392669 ], [ 141.70334915715722, 38.952374570194266 ], [ 141.704638579148394, 38.953168177632897 ], [ 141.705523062136223, 38.953456317269342 ], [ 141.707173063749053, 38.954602067179117 ], [ 141.707083196417955, 38.955332718859935 ], [ 141.707221222567227, 38.955591315791068 ], [ 141.712226722896702, 38.952946345481671 ], [ 141.712718361002516, 38.952363580474326 ], [ 141.713529848746759, 38.951845057084455 ] ] ] } },
{ "type": "Feature", "properties": { "CITY_NAME": "陸前高田市", "S_NAME": "広田町字集", "JINKO": 136, "medical_area": "03_気仙医療圏", "町丁目名": "陸前高田市広田町字集" }, "geometry": { "type": "Polygon", "coordinates": [ [ [ 141.705876999534325, 38.949533885403362 ], [ 141.70554823740332, 38.948181355813396 ], [ 141.705994785481494, 38.947821341924168 ], [ 141.706111578169669, 38.947308539812752 ], [ 141.706513393999131, 38.94680796212716 ], [ 141.706698986768657, 38.945136364451109 ], [ 141.706313876085233, 38.944768422127893 ], [ 141.705398177899127, 38.944974364555421 ], [ 141.704931069302575, 38.94525894230172 ], [ 141.70437508574409, 38.945168503082485 ], [ 141.704126214292927, 38.944915378857011 ], [ 141.703649650955214, 38.943682105697349 ], [ 141.703927422316383, 38.942532378505717 ], [ 141.704985658325626, 38.941447064685065 ], [ 141.705284824009112, 38.941291688567702 ], [ 141.706790671757688, 38.941431749321005 ], [ 141.707147805620195, 38.941022855195648 ], [ 141.706727825779581, 38.940544047034436 ], [ 141.705625215424277, 38.940085609933554 ], [ 141.705505920145754, 38.939669439614278 ], [ 141.705914163195814, 38.939379035756403 ], [ 141.704927871011762, 38.939283647587054 ], [ 141.705277695522852, 38.939210799176188 ], [ 141.705182366611325, 38.939152956101076 ], [ 141.704335246880305, 38.939206992585483 ], [ 141.705168030332857, 38.9389251784431 ], [ 141.70448373683692, 38.938897840215084 ], [ 141.704969206267293, 38.93879780032578 ], [ 141.703333033957904, 38.9384676785468 ], [ 141.703934188416326, 38.938292953957024 ], [ 141.701954938021203, 38.938202262286318 ], [ 141.701624737318383, 38.938273195927515 ], [ 141.702006261292155, 38.938441519315276 ], [ 141.701894894297538, 38.938479295536332 ], [ 141.699884069917488, 38.938636535452083 ], [ 141.699863891471523, 38.93878447971106 ], [ 141.699199491666519, 38.93896866113873 ], [ 141.699528114150667, 38.939240066213664 ], [ 141.699114561892287, 38.93937825889757 ], [ 141.699404659151753, 38.939520243055497 ], [ 141.699302497905421, 38.93965521264326 ], [ 141.699987264454251, 38.939816789489832 ], [ 141.700092990126961, 38.940069155297081 ], [ 141.699796294568415, 38.940235338290996 ], [ 141.700701931657619, 38.940344811407115 ], [ 141.701132748166657, 38.940578504616468 ], [ 141.701288414583672, 38.9409494374164 ], [ 141.70108283069419, 38.941307642272115 ], [ 141.7000712780833, 38.941874591490887 ], [ 141.69678151924461, 38.941403496818126 ], [ 141.696038649703439, 38.941584651783984 ], [ 141.696896161416902, 38.942003540016636 ], [ 141.696692503134926, 38.942329349523042 ], [ 141.696091843350104, 38.942356310104557 ], [ 141.696464479766831, 38.942548996467629 ], [ 141.695967624079174, 38.942575189325069 ], [ 141.696221834819767, 38.94308503294468 ], [ 141.695697584001721, 38.943037529903798 ], [ 141.6964778014665, 38.943361487097931 ], [ 141.69584359491995, 38.94347610482847 ], [ 141.696876091294286, 38.943669333411727 ], [ 141.698279840244652, 38.944228304952105 ], [ 141.698355722141912, 38.944966434627759 ], [ 141.698140257262395, 38.945366162369908 ], [ 141.698904688125879, 38.945855257656767 ], [ 141.699661599762351, 38.945912914251046 ], [ 141.700939984258611, 38.946370028959933 ], [ 141.700965123336942, 38.947318963917233 ], [ 141.700236074437271, 38.94844227035383 ], [ 141.700243233244663, 38.949299636276663 ], [ 141.701575134041008, 38.949360254211875 ], [ 141.702141343739868, 38.949547116765451 ], [ 141.702701613987273, 38.950116245095835 ], [ 141.702845975630652, 38.950613659016334 ], [ 141.702552717674507, 38.950989693063178 ], [ 141.702216084252228, 38.952171950330218 ], [ 141.70236487267141, 38.95278770782447 ], [ 141.705206383127745, 38.951702177719817 ], [ 141.705742571352374, 38.951176175939324 ], [ 141.705803820383181, 38.950800040140308 ], [ 141.706199170380188, 38.950584683188936 ], [ 141.705597848866063, 38.949999903848465 ], [ 141.705876999534325, 38.949533885403362 ] ] ] } },
{ "type": "Feature", "properties": { "CITY_NAME": "陸前高田市", "S_NAME": "広田町字久保", "JINKO": 201, "medical_area": "03_気仙医療圏", "町丁目名": "陸前高田市広田町字久保" }, "geometry": { "type": "Polygon", "coordinates": [ [ [ 141.697841917029166, 38.950332729312557 ], [ 141.699061750420299, 38.950388996857626 ], [ 141.699909522077263, 38.949463773692777 ], [ 141.700243233244663, 38.949299636276663 ], [ 141.700236074437271, 38.94844227035383 ], [ 141.700965123336942, 38.947318963917233 ], [ 141.700939984258611, 38.946370028959933 ], [ 141.699661599762351, 38.945912914251046 ], [ 141.698904688125879, 38.945855257656767 ], [ 141.698140257262395, 38.945366162369908 ], [ 141.697039326056029, 38.946466164542507 ], [ 141.696701202219685, 38.946452407651648 ], [ 141.696689305392994, 38.946703887860842 ], [ 141.696071171257216, 38.947008411136807 ], [ 141.695807801929988, 38.947353594062037 ], [ 141.69550397181095, 38.947410803465772 ], [ 141.69461343575756, 38.947319128448022 ], [ 141.693272091496084, 38.946676818553158 ], [ 141.693303917863176, 38.946447782629392 ], [ 141.692862921773553, 38.946423090512432 ], [ 141.692629488152761, 38.946198681781844 ], [ 141.693256915921836, 38.946094968846808 ], [ 141.692732816087101, 38.94577184885614 ], [ 141.692419372431232, 38.945801181158565 ], [ 141.692381598308202, 38.945636632295297 ], [ 141.691450518186855, 38.945908315108781 ], [ 141.691720501224495, 38.94610001244758 ], [ 141.690857523039028, 38.946660375333359 ], [ 141.690248585600585, 38.946482847316936 ], [ 141.690481494384244, 38.946954996614629 ], [ 141.689920002795816, 38.946878041593784 ], [ 141.689544233689872, 38.94700058267658 ], [ 141.689332437266529, 38.946850821637206 ], [ 141.688702240498486, 38.946815818075237 ], [ 141.688978307499639, 38.946944417904383 ], [ 141.68884383664556, 38.946988615929406 ], [ 141.688903572676054, 38.947248508426469 ], [ 141.688614128881909, 38.947161460055177 ], [ 141.688787095156385, 38.947446703879137 ], [ 141.68850164689826, 38.947496511995979 ], [ 141.688821556146905, 38.947621202208651 ], [ 141.688921057057513, 38.94793485408573 ], [ 141.688632029051405, 38.948263106901294 ], [ 141.688861631623183, 38.948551455576194 ], [ 141.688658769983874, 38.948761051340625 ], [ 141.688717041513598, 38.948996674476803 ], [ 141.688443997688523, 38.949029290181961 ], [ 141.688724184322297, 38.949207406837772 ], [ 141.688580635273809, 38.949552539449677 ], [ 141.68902504519744, 38.949858315907896 ], [ 141.688899347499955, 38.950054678324896 ], [ 141.689965402103724, 38.950348643891807 ], [ 141.689760424676706, 38.950763693322678 ], [ 141.689858335986997, 38.950937725816999 ], [ 141.690024424068525, 38.950362638926514 ], [ 141.69085858956683, 38.950656537797265 ], [ 141.691893778403966, 38.951547945683458 ], [ 141.692256624858771, 38.95226053519761 ], [ 141.6918459400286, 38.952359975329372 ], [ 141.692053454792614, 38.952838782667044 ], [ 141.693776387018573, 38.951971838950655 ], [ 141.695067140267923, 38.951647583693777 ], [ 141.695156994219531, 38.951410306808953 ], [ 141.695813009148765, 38.95094187742766 ], [ 141.697841917029166, 38.950332729312557 ] ] ] } },
{ "type": "Feature", "properties": { "CITY_NAME": "陸前高田市", "S_NAME": "広田町字中沢", "JINKO": 244, "medical_area": "03_気仙医療圏", "町丁目名": "陸前高田市広田町字中沢" }, "geometry": { "type": "Polygon", "coordinates": [ [ [ 141.693543783109902, 38.956611812629831 ], [ 141.694265803229939, 38.95671170640496 ], [ 141.694969105494266, 38.956443509798156 ], [ 141.695118395727093, 38.956608783959062 ], [ 141.695222461396952, 38.956546445434206 ], [ 141.695035335510255, 38.95634259539176 ], [ 141.695396523340179, 38.956053716934278 ], [ 141.695434167658448, 38.955706303188506 ], [ 141.695845145344407, 38.955253741260364 ], [ 141.697139797080411, 38.954984882101158 ], [ 141.697446830769451, 38.954779090665831 ], [ 141.698406682254983, 38.954746195575474 ], [ 141.698697387408515, 38.954130850945425 ], [ 141.70025360837252, 38.953770497375089 ], [ 141.700480160745116, 38.953332813264488 ], [ 141.701427456303463, 38.95317262213262 ], [ 141.70236487267141, 38.95278770782447 ], [ 141.702216084252228, 38.952171950330218 ], [ 141.702552717674507, 38.950989693063178 ], [ 141.702845975630652, 38.950613659016334 ], [ 141.702701613987273, 38.950116245095835 ], [ 141.702141343739868, 38.949547116765451 ], [ 141.701575134041008, 38.949360254211875 ], [ 141.70009620220037, 38.949340843988033 ], [ 141.699061750420299, 38.950388996857626 ], [ 141.697841917029166, 38.950332729312557 ], [ 141.695813009148765, 38.95094187742766 ], [ 141.695156994219531, 38.951410306808953 ], [ 141.695067140267923, 38.951647583693777 ], [ 141.693776387018573, 38.951971838950655 ], [ 141.692053454792614, 38.952838782667044 ], [ 141.69218419394042, 38.953140309591554 ], [ 141.691212292057088, 38.953383508521014 ], [ 141.69186894673723, 38.955685707589609 ], [ 141.69157329490173, 38.955751504451271 ], [ 141.691855621481892, 38.956549568172605 ], [ 141.692515501886163, 38.956832282527806 ], [ 141.693543783109902, 38.956611812629831 ] ] ] } },
{ "type": "Feature", "properties": { "CITY_NAME": "陸前高田市", "S_NAME": "広田町字後浜", "JINKO": 107, "medical_area": "03_気仙医療圏", "町丁目名": "陸前高田市広田町字後浜" }, "geometry": { "type": "Polygon", "coordinates": [ [ [ 141.690604804324124, 38.960769330832534 ], [ 141.690689777704875, 38.960417092842398 ], [ 141.690475704269716, 38.959680599124304 ], [ 141.691107930142095, 38.959233834310545 ], [ 141.691511645282333, 38.958332758966243 ], [ 141.691820783171124, 38.958635016484799 ], [ 141.692128392570254, 38.958632753875335 ], [ 141.692376361321863, 38.95849178920971 ], [ 141.692218282308517, 38.958352194080341 ], [ 141.692762631393407, 38.957982075712295 ], [ 141.692620976399382, 38.957688019063553 ], [ 141.695244529658567, 38.956977448623725 ], [ 141.695272925899445, 38.956676916946506 ], [ 141.694969105494266, 38.956443509798156 ], [ 141.694265803229939, 38.95671170640496 ], [ 141.693740893519703, 38.956581011816354 ], [ 141.692389898867418, 38.956806251210537 ], [ 141.691855621481892, 38.956549568172605 ], [ 141.69157329490173, 38.955751504451271 ], [ 141.690701082015579, 38.955945685536243 ], [ 141.691018383406714, 38.956900932249965 ], [ 141.689793887917347, 38.956959469751148 ], [ 141.689892021267383, 38.956204708419371 ], [ 141.689205166614983, 38.955978270376328 ], [ 141.68857924587914, 38.954019914959524 ], [ 141.689158468297535, 38.956223601726442 ], [ 141.688781214604404, 38.956220103856246 ], [ 141.688447405453729, 38.956574796290504 ], [ 141.688085317862573, 38.956588216776325 ], [ 141.687876304133482, 38.955998773709155 ], [ 141.687719914804035, 38.9559458673899 ], [ 141.687185723637043, 38.956038102141548 ], [ 141.686644319651094, 38.956399656033661 ], [ 141.687142154541363, 38.956446478446352 ], [ 141.687123089351587, 38.956779017491989 ], [ 141.686816696084065, 38.956821796174033 ], [ 141.687046276526189, 38.956912032555785 ], [ 141.68694471960336, 38.957101039603494 ], [ 141.687341418935802, 38.95708736981048 ], [ 141.686745397525556, 38.957412375098833 ], [ 141.686756224170978, 38.957734843529003 ], [ 141.68679645405382, 38.957438182858191 ], [ 141.687442856370694, 38.957082968023705 ], [ 141.687963160775297, 38.957079159898761 ], [ 141.688563938842407, 38.957909877497144 ], [ 141.688644260320416, 38.958731738657555 ], [ 141.688485980030151, 38.959000479500048 ], [ 141.688188108849403, 38.958988233999342 ], [ 141.68830232326539, 38.959175661026215 ], [ 141.688043148662132, 38.959113654695898 ], [ 141.688253721619816, 38.959353512972854 ], [ 141.688040732461303, 38.95948837051364 ], [ 141.688156919522896, 38.959749682345638 ], [ 141.687981698125327, 38.959951896906524 ], [ 141.687642611851857, 38.959960643095322 ], [ 141.6873790083892, 38.96030130550615 ], [ 141.686326951404482, 38.960312586281418 ], [ 141.686465243890098, 38.960590839817144 ], [ 141.689789305041728, 38.960582618338783 ], [ 141.690604804324124, 38.960769330832534 ] ] ] } },
{ "type": "Feature", "properties": { "CITY_NAME": "陸前高田市", "S_NAME": "広田町字泊", "JINKO": 298, "medical_area": "03_気仙医療圏", "町丁目名": "陸前高田市広田町字泊" }, "geometry": { "type": "Polygon", "coordinates": [ [ [ 141.691949852277446, 38.961124925605624 ], [ 141.692948236003986, 38.961213294333824 ], [ 141.693427118010987, 38.960735622409622 ], [ 141.693982157401024, 38.960561777392833 ], [ 141.695142756291062, 38.960714243151521 ], [ 141.69559161059675, 38.959830062689491 ], [ 141.697273397592539, 38.958328614685534 ], [ 141.697218866234863, 38.957493617058432 ], [ 141.697722695892168, 38.956715645055255 ], [ 141.697575874541144, 38.956066147094845 ], [ 141.698183053869855, 38.955507975164743 ], [ 141.698482846147499, 38.954656752274737 ], [ 141.697405076924582, 38.954787637005275 ], [ 141.697139797080411, 38.954984882101158 ], [ 141.695845145344407, 38.955253741260364 ], [ 141.695434167658448, 38.955706303188506 ], [ 141.695396523340179, 38.956053716934278 ], [ 141.695035335510255, 38.95634259539176 ], [ 141.695272925899445, 38.956676916946506 ], [ 141.695244529658567, 38.956977448623725 ], [ 141.692620976399382, 38.957688019063553 ], [ 141.692762631393407, 38.957982075712295 ], [ 141.692218282308517, 38.958352194080341 ], [ 141.692376361321863, 38.95849178920971 ], [ 141.692128392570254, 38.958632753875335 ], [ 141.691820783171124, 38.958635016484799 ], [ 141.691511645282333, 38.958332758966243 ], [ 141.691107930142095, 38.959233834310545 ], [ 141.690475704269716, 38.959680599124304 ], [ 141.690689777704875, 38.960417092842398 ], [ 141.690604258880001, 38.961022207480859 ], [ 141.691105505021511, 38.96158592287788 ], [ 141.691949852277446, 38.961124925605624 ] ] ] } },
{ "type": "Feature", "properties": { "CITY_NAME": "陸前高田市", "S_NAME": "広田町字大久保", "JINKO": 218, "medical_area": "03_気仙医療圏", "町丁目名": "陸前高田市広田町字大久保" }, "geometry": { "type": "Polygon", "coordinates": [ [ [ 141.699996694777781, 38.966329663011017 ], [ 141.702627244099176, 38.965085857152076 ], [ 141.702223690469197, 38.96420608594245 ], [ 141.702589526135455, 38.963510756040876 ], [ 141.702212384300566, 38.963284265441445 ], [ 141.702689273992945, 38.962831621690086 ], [ 141.70329114160981, 38.962558780708392 ], [ 141.704058094062674, 38.96173940210371 ], [ 141.704124454467234, 38.960867956719959 ], [ 141.705004674660529, 38.959784083961885 ], [ 141.707221222567227, 38.955591315791068 ], [ 141.707083196417955, 38.955332718859935 ], [ 141.707173063749053, 38.954602067179117 ], [ 141.705523062136223, 38.953456317269342 ], [ 141.704638579148394, 38.953168177632897 ], [ 141.70334915715722, 38.952374570194266 ], [ 141.701427456303463, 38.95317262213262 ], [ 141.700480160745116, 38.953332813264488 ], [ 141.70025360837252, 38.953770497375089 ], [ 141.698697387408515, 38.954130850945425 ], [ 141.698183053869855, 38.955507975164743 ], [ 141.697575874541144, 38.956066147094845 ], [ 141.697722695892168, 38.956715645055255 ], [ 141.697218866234863, 38.957493617058432 ], [ 141.697273397592539, 38.958328614685534 ], [ 141.69559161059675, 38.959830062689491 ], [ 141.695142756291062, 38.960714243151521 ], [ 141.693982157400995, 38.960561777392847 ], [ 141.693427118010987, 38.960735622409622 ], [ 141.692948236003986, 38.961213294333824 ], [ 141.691722407782322, 38.961204930084634 ], [ 141.691105505021511, 38.961585922877909 ], [ 141.691334870936402, 38.961895103352525 ], [ 141.690446834101294, 38.962821273479996 ], [ 141.691374020345279, 38.963757477388576 ], [ 141.693156848006879, 38.964379116266834 ], [ 141.694123270852629, 38.965268350753696 ], [ 141.694575121179952, 38.964767648003722 ], [ 141.694581606795566, 38.965083570831943 ], [ 141.694078688844542, 38.965778500297951 ], [ 141.694768125906648, 38.966613610915807 ], [ 141.696458864592216, 38.966695757406349 ], [ 141.696546533441676, 38.966339450322543 ], [ 141.698620811348832, 38.966730332309623 ], [ 141.699211846096915, 38.966976011109061 ], [ 141.699182850579689, 38.966868122770521 ], [ 141.699996694777781, 38.966329663011017 ] ] ] } },
{ "type": "Feature", "properties": { "CITY_NAME": "陸前高田市", "S_NAME": "広田町字前花貝", "JINKO": 187, "medical_area": "03_気仙医療圏", "町丁目名": "陸前高田市広田町字前花貝" }, "geometry": { "type": "Polygon", "coordinates": [ [ [ 141.69158673577607, 38.972784666372739 ], [ 141.695435737746692, 38.972980571512579 ], [ 141.697324307884941, 38.973520299387971 ], [ 141.698020138930247, 38.973233211637172 ], [ 141.697967662757634, 38.972996632741093 ], [ 141.697432358060155, 38.972822251373088 ], [ 141.697459770938195, 38.972608517257605 ], [ 141.698492154588735, 38.972669355606627 ], [ 141.6987236646886, 38.972536102200166 ], [ 141.698123882066341, 38.972374799034625 ], [ 141.698105022503796, 38.972247904148503 ], [ 141.69764824073539, 38.972353967517414 ], [ 141.697467016497654, 38.972160779163204 ], [ 141.696644493417409, 38.972090287306479 ], [ 141.69630712548593, 38.971586469718623 ], [ 141.69634831672164, 38.970513231255673 ], [ 141.696867513521397, 38.969183372770637 ], [ 141.697440777026202, 38.968215212767745 ], [ 141.6984270073267, 38.967144896573799 ], [ 141.698978890040905, 38.967174097520598 ], [ 141.698972565135193, 38.967032750930827 ], [ 141.699211846096915, 38.966976011109061 ], [ 141.698620811348832, 38.966730332309623 ], [ 141.696546533441676, 38.966339450322543 ], [ 141.696458864592216, 38.966695757406349 ], [ 141.694768125906648, 38.966613610915807 ], [ 141.694078688844542, 38.965778500297951 ], [ 141.694581606795566, 38.965083570831943 ], [ 141.694575121179952, 38.964767648003722 ], [ 141.694123270852629, 38.965268350753696 ], [ 141.693156848006879, 38.964379116266834 ], [ 141.691374020345279, 38.963757477388576 ], [ 141.690446834101294, 38.962821273479996 ], [ 141.691334870936402, 38.961895103352525 ], [ 141.690723267943781, 38.9612623115597 ], [ 141.690604804324124, 38.960769330832534 ], [ 141.689789305041728, 38.960582618338783 ], [ 141.686465243890098, 38.960590839817144 ], [ 141.687922254810786, 38.960956781813543 ], [ 141.688023025649471, 38.961180342677459 ], [ 141.68789243519771, 38.9619217576371 ], [ 141.687246133643612, 38.961907624477519 ], [ 141.68720785225986, 38.962179005021092 ], [ 141.687592104196085, 38.962371707881076 ], [ 141.687716982174777, 38.962680674340135 ], [ 141.68859758938649, 38.96318145019665 ], [ 141.688896898577639, 38.963982778079249 ], [ 141.688521362429071, 38.964609862257703 ], [ 141.687893161266175, 38.965141459849789 ], [ 141.68715546475849, 38.965205410305771 ], [ 141.686731007442063, 38.965410289765025 ], [ 141.68658609076823, 38.965256373660942 ], [ 141.68605983202508, 38.96543679736908 ], [ 141.686331768008216, 38.965501461369072 ], [ 141.686029262135349, 38.965682925035402 ], [ 141.685006591850424, 38.965745352545461 ], [ 141.684731257194102, 38.966072580569012 ], [ 141.686940441864749, 38.966504421541579 ], [ 141.687428037232252, 38.967206338366779 ], [ 141.687827655082174, 38.967422505975684 ], [ 141.688912850541158, 38.96690734018555 ], [ 141.689377591925762, 38.96679801466378 ], [ 141.689976888678672, 38.966913448837389 ], [ 141.690601203907249, 38.966722354883323 ], [ 141.691386148883453, 38.968658034443557 ], [ 141.689510189866894, 38.96917142447267 ], [ 141.689411772026318, 38.970072581068003 ], [ 141.689016379076691, 38.970453623596235 ], [ 141.688858041782595, 38.971569727595863 ], [ 141.688190997665174, 38.973942861041593 ], [ 141.688776126995805, 38.974578397062402 ], [ 141.690052317833448, 38.974692145098686 ], [ 141.69158673577607, 38.972784666372739 ] ] ] } },
{ "type": "Feature", "properties": { "CITY_NAME": "陸前高田市", "S_NAME": "広田町字大陽里", "JINKO": 106, "medical_area": "03_気仙医療圏", "町丁目名": "陸前高田市広田町字大陽里" }, "geometry": { "type": "Polygon", "coordinates": [ [ [ 141.688776126995805, 38.974578397062402 ], [ 141.68813306062674, 38.973811253728108 ], [ 141.688858041782595, 38.971569727595863 ], [ 141.689016379076719, 38.970453623596242 ], [ 141.689411772026318, 38.970072581068003 ], [ 141.689510189866894, 38.96917142447267 ], [ 141.691386148883481, 38.96865803444355 ], [ 141.690601203907249, 38.966722354883323 ], [ 141.689976888678672, 38.966913448837389 ], [ 141.689377591925762, 38.96679801466378 ], [ 141.688912850541158, 38.96690734018555 ], [ 141.687827655082174, 38.967422505975684 ], [ 141.687428037232252, 38.967206338366779 ], [ 141.686940441864749, 38.966504421541579 ], [ 141.684731257194102, 38.966072580569012 ], [ 141.684883376987045, 38.966630915051176 ], [ 141.685432872980101, 38.967324153123137 ], [ 141.685244197482035, 38.967848938668183 ], [ 141.684406966615626, 38.968469378168443 ], [ 141.682597764054321, 38.969242916773119 ], [ 141.681499527935699, 38.969368004688057 ], [ 141.679706097650694, 38.969060293582032 ], [ 141.678468413130304, 38.96929263503025 ], [ 141.67739988861544, 38.968901310940225 ], [ 141.677784662988728, 38.968653471539483 ], [ 141.677366478106421, 38.96851869144065 ], [ 141.677138421653211, 38.968845558695541 ], [ 141.676296179943023, 38.968953405956945 ], [ 141.676256249465894, 38.969476186279053 ], [ 141.676736619180474, 38.969888939401415 ], [ 141.676855125315939, 38.9702484225406 ], [ 141.67616545917133, 38.970762377285936 ], [ 141.676779391409525, 38.970384096197854 ], [ 141.677056335318241, 38.970671212217987 ], [ 141.677206550750952, 38.97058996676985 ], [ 141.67747314810029, 38.970788057216353 ], [ 141.677610814243906, 38.971400552631216 ], [ 141.678562555248419, 38.972457164063101 ], [ 141.678631079139592, 38.973589694611157 ], [ 141.680179568829971, 38.973738665183532 ], [ 141.680415444105108, 38.973545244766008 ], [ 141.680481291054548, 38.972945774565225 ], [ 141.682188706907681, 38.972432851210158 ], [ 141.683265651859642, 38.973780939519607 ], [ 141.685639061378538, 38.974842073354637 ], [ 141.68645668363007, 38.97590305404519 ], [ 141.688252546493061, 38.975074809106012 ], [ 141.688776126995805, 38.974578397062402 ] ] ] } },
{ "type": "Feature", "properties": { "CITY_NAME": "陸前高田市", "S_NAME": "広田町字長船崎", "JINKO": 123, "medical_area": "03_気仙医療圏", "町丁目名": "陸前高田市広田町字長船崎" }, "geometry": { "type": "Polygon", "coordinates": [ [ [ 141.688126274959956, 38.980019928664156 ], [ 141.687656686318434, 38.97878574289566 ], [ 141.687737823772608, 38.977784218809461 ], [ 141.687578917705878, 38.977175686994265 ], [ 141.68597219778124, 38.975403801293197 ], [ 141.685639061378538, 38.974842073354637 ], [ 141.683606656013353, 38.974024222059775 ], [ 141.682188706907681, 38.972432851210158 ], [ 141.680481291054463, 38.972945774565254 ], [ 141.680415444105137, 38.973545244766008 ], [ 141.680179568829971, 38.973738665183539 ], [ 141.678631079139592, 38.973589694611157 ], [ 141.678562555248419, 38.972457164063101 ], [ 141.677610814243906, 38.971400552631216 ], [ 141.677431185546112, 38.971623402239793 ], [ 141.67701210244212, 38.971414729844305 ], [ 141.677406300480357, 38.971668624312905 ], [ 141.676835825152068, 38.972214166777562 ], [ 141.675710147654087, 38.972454746577199 ], [ 141.674703238308069, 38.972403445535406 ], [ 141.671913537845285, 38.973036072114091 ], [ 141.671564571463449, 38.973677261059976 ], [ 141.672181776560507, 38.974247543226078 ], [ 141.672197529942622, 38.974504170882675 ], [ 141.67171929239197, 38.974949016440902 ], [ 141.670809048002724, 38.975267250030974 ], [ 141.670521255648424, 38.975617053371316 ], [ 141.669058548358919, 38.975572560013248 ], [ 141.668834269671919, 38.975339030169735 ], [ 141.669059200050611, 38.975139235468511 ], [ 141.669010809143003, 38.974950404202417 ], [ 141.668617652985972, 38.974585699223056 ], [ 141.66833257057084, 38.97458499180027 ], [ 141.668235486757794, 38.97476951433238 ], [ 141.668532131180683, 38.975360121832473 ], [ 141.668372069358895, 38.97558647723698 ], [ 141.66846381613496, 38.975828135159198 ], [ 141.667874854799351, 38.976282766324793 ], [ 141.66772273466853, 38.976693737304515 ], [ 141.667865205896589, 38.97723055210475 ], [ 141.668721726779552, 38.977734321834092 ], [ 141.66887951512615, 38.978101626337811 ], [ 141.668202322982609, 38.979096487517445 ], [ 141.668204005189835, 38.979437884100001 ], [ 141.667933916109348, 38.979724495994105 ], [ 141.667997471728683, 38.980029416500777 ], [ 141.667787201620257, 38.980403855707522 ], [ 141.670077153854152, 38.981300995708189 ], [ 141.672691562092865, 38.981032682959636 ], [ 141.676511189902044, 38.981288046210508 ], [ 141.677329887009364, 38.981612778295833 ], [ 141.67837579612879, 38.982405149341787 ], [ 141.680698847859418, 38.982005470897278 ], [ 141.686746101398882, 38.979949000715443 ], [ 141.687851402394728, 38.979873437195714 ], [ 141.688126274959956, 38.980019928664156 ] ] ] } },
{ "type": "Feature", "properties": { "CITY_NAME": "陸前高田市", "S_NAME": "広田町字袖野", "JINKO": 201, "medical_area": "03_気仙医療圏", "町丁目名": "陸前高田市広田町字袖野" }, "geometry": { "type": "Polygon", "coordinates": [ [ [ 141.701609018880959, 38.977464917324113 ], [ 141.70081477299712, 38.976499717092445 ], [ 141.700292903230093, 38.97648282682178 ], [ 141.699407322869632, 38.976826369950466 ], [ 141.698675714130388, 38.976453429047012 ], [ 141.698478929578272, 38.976117064388163 ], [ 141.698287999341545, 38.975041952936309 ], [ 141.698850300282544, 38.974782805013731 ], [ 141.698019760594718, 38.974427695302182 ], [ 141.698416449167667, 38.974309477497997 ], [ 141.698451407695018, 38.974152484052453 ], [ 141.69740668799551, 38.974124180039041 ], [ 141.697324307884941, 38.973520299387971 ], [ 141.695435737746692, 38.972980571512579 ], [ 141.694481995939356, 38.972995624172377 ], [ 141.692960221906702, 38.972694481779321 ], [ 141.69158673577607, 38.972784666372739 ], [ 141.690273434471408, 38.974562505118804 ], [ 141.689879695768241, 38.974746546591568 ], [ 141.688776126995805, 38.974578397062402 ], [ 141.688252546493061, 38.975074809106005 ], [ 141.68645668363007, 38.97590305404519 ], [ 141.687578917705878, 38.977175686994265 ], [ 141.687737823772608, 38.977784218809461 ], [ 141.687656686318462, 38.97878574289566 ], [ 141.688126274959956, 38.980019928664156 ], [ 141.691803421420673, 38.981864802818386 ], [ 141.693325474425109, 38.982440373581184 ], [ 141.693613865830372, 38.982740531507922 ], [ 141.696674768874942, 38.983872057949156 ], [ 141.69778572040758, 38.980659412547631 ], [ 141.699090315571738, 38.980232058040698 ], [ 141.700057916064452, 38.979676281474418 ], [ 141.701609018880959, 38.977464917324113 ] ] ] } },
{ "type": "Feature", "properties": { "CITY_NAME": "陸前高田市", "S_NAME": "広田町字長根洞", "JINKO": 230, "medical_area": "03_気仙医療圏", "町丁目名": "陸前高田市広田町字長根洞" }, "geometry": { "type": "Polygon", "coordinates": [ [ [ 141.707316569545753, 38.985931667336565 ], [ 141.708340288561317, 38.985348378091359 ], [ 141.708698812572095, 38.985348793525347 ], [ 141.708851201860909, 38.984692626081568 ], [ 141.709449074935208, 38.984462640314135 ], [ 141.709049931954866, 38.984145198316945 ], [ 141.709657667108587, 38.983823501593484 ], [ 141.709142816707555, 38.984007541402278 ], [ 141.708576456898925, 38.983656858500844 ], [ 141.707970965392093, 38.982947875154977 ], [ 141.708106844746737, 38.981801916955945 ], [ 141.708498852550377, 38.981485441492687 ], [ 141.708870845751363, 38.981614196814981 ], [ 141.709161167730059, 38.981379623395362 ], [ 141.708599169167712, 38.981387425467823 ], [ 141.708141198106688, 38.980845829382893 ], [ 141.708324396156058, 38.980632755500878 ], [ 141.708414512166144, 38.980081638140753 ], [ 141.709095499928821, 38.979802688171162 ], [ 141.708921062879654, 38.979695893425891 ], [ 141.708676400802915, 38.979794075404719 ], [ 141.708389955878005, 38.979495345413874 ], [ 141.709142889138718, 38.97925280474518 ], [ 141.708554834466639, 38.979295920921352 ], [ 141.708248019472904, 38.97949373324299 ], [ 141.708058484902551, 38.979383457796423 ], [ 141.709049102034299, 38.979039975395352 ], [ 141.709534669232795, 38.978452598102542 ], [ 141.708741931414522, 38.978742317862817 ], [ 141.709077342823633, 38.978334414066786 ], [ 141.708658616712029, 38.97845016053904 ], [ 141.708481779370771, 38.978236191343136 ], [ 141.708753806677095, 38.978302563882494 ], [ 141.709349561725162, 38.978044094103993 ], [ 141.708989933609871, 38.977988236766429 ], [ 141.708209920679053, 38.978095848038564 ], [ 141.706895503524692, 38.97884530108081 ], [ 141.706263982750443, 38.978733821734835 ], [ 141.706210783123993, 38.978536029106621 ], [ 141.705730038017009, 38.978763003611348 ], [ 141.704749050892218, 38.978482958859395 ], [ 141.704735072363917, 38.9782848734691 ], [ 141.704401862526396, 38.978404468924197 ], [ 141.703670278187872, 38.978036976325676 ], [ 141.703421615132356, 38.97771451783747 ], [ 141.704055768747565, 38.977198064093812 ], [ 141.703914603458401, 38.976980234694238 ], [ 141.704411602480718, 38.97675582086476 ], [ 141.70434140144522, 38.976677941008589 ], [ 141.703559423340067, 38.976903632154716 ], [ 141.702728954170624, 38.977784490914459 ], [ 141.7022682422147, 38.977770814983671 ], [ 141.701609018880959, 38.977464917324113 ], [ 141.700057916064452, 38.979676281474418 ], [ 141.699090315571738, 38.980232058040698 ], [ 141.69778572040758, 38.980659412547631 ], [ 141.696674768874942, 38.983872057949156 ], [ 141.697511552486247, 38.98384406173728 ], [ 141.698422487634247, 38.983331933572494 ], [ 141.699226950887805, 38.982512465262587 ], [ 141.699976952559041, 38.982364672950546 ], [ 141.70409882500104, 38.983125618824509 ], [ 141.704542119302516, 38.983809294598174 ], [ 141.705162892156039, 38.984333292181226 ], [ 141.705237319126553, 38.984951375662014 ], [ 141.706275131619577, 38.98571556277669 ], [ 141.707316569545753, 38.985931667336565 ] ] ] } },
{ "type": "Feature", "properties": { "CITY_NAME": "住田町", "S_NAME": "世田米字大平", "JINKO": 25, "medical_area": "03_気仙医療圏", "町丁目名": "住田町世田米字大平" }, "geometry": { "type": "Polygon", "coordinates": [ [ [ 141.59528072328564, 39.173070259196919 ], [ 141.597194226827725, 39.170853356311191 ], [ 141.597638690450708, 39.170606816083378 ], [ 141.597768746050406, 39.168675750250955 ], [ 141.59823841125538, 39.167685057551608 ], [ 141.598157336536161, 39.167017322165748 ], [ 141.59851819838741, 39.165626772510429 ], [ 141.598571513490413, 39.163922962402069 ], [ 141.598878010297881, 39.162985125778896 ], [ 141.598778981955547, 39.162651008411146 ], [ 141.598290578544322, 39.162091079254971 ], [ 141.598300829754464, 39.161218238965247 ], [ 141.597983811071316, 39.160694965004055 ], [ 141.597498018634781, 39.160370338598426 ], [ 141.5969016821644, 39.158805294520306 ], [ 141.596372462897023, 39.157958410458392 ], [ 141.595500207130129, 39.157501807369663 ], [ 141.594818050433616, 39.156151530838358 ], [ 141.594088103156565, 39.155703843665556 ], [ 141.593156508948937, 39.1547460465924 ], [ 141.591619203303537, 39.154923455314631 ], [ 141.590268801585694, 39.154226771126659 ], [ 141.588782167987773, 39.153820405618667 ], [ 141.588555374249836, 39.153566902975889 ], [ 141.588361430740207, 39.153165540784705 ], [ 141.588331168769031, 39.151146106251431 ], [ 141.587865852958544, 39.1495387827499 ], [ 141.586652047338788, 39.14884876834774 ], [ 141.586182012269688, 39.148408994351016 ], [ 141.584253035599431, 39.148528724029561 ], [ 141.582862691246305, 39.147437254181206 ], [ 141.581580295206265, 39.146774508072141 ], [ 141.582283504329581, 39.148104749014536 ], [ 141.58082561251112, 39.149477113905171 ], [ 141.580558250820673, 39.150573443506545 ], [ 141.580936080978944, 39.151218060605821 ], [ 141.580170920457817, 39.151361591083841 ], [ 141.580030516947232, 39.151647508634674 ], [ 141.580216806281783, 39.15195442212891 ], [ 141.580667293152999, 39.152223052202338 ], [ 141.582583971856252, 39.152915595989967 ], [ 141.583551716284802, 39.153446632709482 ], [ 141.583687487687882, 39.154115871957032 ], [ 141.584643603621458, 39.154943531394224 ], [ 141.584930786132844, 39.15543078987416 ], [ 141.584937160640493, 39.155798599140724 ], [ 141.586171248769062, 39.157637294296066 ], [ 141.586228508416639, 39.158594024503863 ], [ 141.586594431240741, 39.159042206685285 ], [ 141.586622085250468, 39.159315505992595 ], [ 141.586224066647361, 39.160718037703738 ], [ 141.586370373828174, 39.161674119784607 ], [ 141.586047606007611, 39.162481069420899 ], [ 141.586713617345794, 39.162998673719876 ], [ 141.587244842123908, 39.163863665408122 ], [ 141.587388521829098, 39.165264591427395 ], [ 141.587050226007136, 39.166464542977749 ], [ 141.587322033683392, 39.166897982085331 ], [ 141.587159654392934, 39.167438167056751 ], [ 141.587243672246757, 39.168121238679227 ], [ 141.587865224616962, 39.170228026235932 ], [ 141.587606202898257, 39.173027228862246 ], [ 141.588736740075518, 39.173883480283799 ], [ 141.591073584078288, 39.174785798492586 ], [ 141.591485946357409, 39.173640309996024 ], [ 141.591752136079407, 39.173441320076549 ], [ 141.593432293623465, 39.173059162117056 ], [ 141.59495420832269, 39.173200050465198 ], [ 141.59528072328564, 39.173070259196919 ] ] ] } },
{ "type": "Feature", "properties": { "CITY_NAME": "住田町", "S_NAME": "世田米字松ケ平", "JINKO": 55, "medical_area": "03_気仙医療圏", "町丁目名": "住田町世田米字松ケ平" }, "geometry": { "type": "Polygon", "coordinates": [ [ [ 141.581580295206265, 39.146774508072141 ], [ 141.581649465424846, 39.146331473130715 ], [ 141.580987152068815, 39.145351438568404 ], [ 141.578270447969629, 39.144688674151894 ], [ 141.576312351425827, 39.145642056948425 ], [ 141.577392958565383, 39.146672307724735 ], [ 141.578274625171986, 39.147015755220558 ], [ 141.579217885446724, 39.147882538007757 ], [ 141.580796279303428, 39.148745254911091 ], [ 141.581100284123778, 39.149162678242256 ], [ 141.58192808730368, 39.148572067371063 ], [ 141.582283504329581, 39.148104749014536 ], [ 141.581580295206265, 39.146774508072141 ] ] ] } },
{ "type": "Feature", "properties": { "CITY_NAME": "住田町", "S_NAME": "世田米字小口洞", "JINKO": 91, "medical_area": "03_気仙医療圏", "町丁目名": "住田町世田米字小口洞" }, "geometry": { "type": "Polygon", "coordinates": [ [ [ 141.582347051009009, 39.146412230217948 ], [ 141.584226591681244, 39.14603013696933 ], [ 141.583972157795046, 39.145274176808883 ], [ 141.583422525192418, 39.144947362308152 ], [ 141.583831900401663, 39.144253995929247 ], [ 141.583925520826199, 39.142254434540796 ], [ 141.582876294028807, 39.14216552531439 ], [ 141.58214548116689, 39.141824592237285 ], [ 141.580944900862789, 39.141707216841269 ], [ 141.57803712645358, 39.1420144579888 ], [ 141.578372132543507, 39.143392542206293 ], [ 141.578430108488618, 39.144224793358056 ], [ 141.578270447969629, 39.144688674151872 ], [ 141.580987152068815, 39.145351438568404 ], [ 141.581569188187586, 39.146269986651994 ], [ 141.581839106517492, 39.146380647896699 ], [ 141.582347051009009, 39.146412230217948 ] ] ] } },
{ "type": "Feature", "properties": { "CITY_NAME": "住田町", "S_NAME": "世田米字鉢ケ森", "JINKO": 11, "medical_area": "03_気仙医療圏", "町丁目名": "住田町世田米字鉢ケ森" }, "geometry": { "type": "Polygon", "coordinates": [ [ [ 141.583925520826199, 39.142254434540796 ], [ 141.58412362140956, 39.141348549208359 ], [ 141.583835224574955, 39.140872405903849 ], [ 141.583091348646434, 39.140314097693526 ], [ 141.581214125521569, 39.140445336892668 ], [ 141.580500816469197, 39.140856743282811 ], [ 141.579725283070616, 39.140625372071653 ], [ 141.579937113899035, 39.141741244359245 ], [ 141.58188060019117, 39.141782162140011 ], [ 141.582876294028807, 39.14216552531439 ], [ 141.583925520826199, 39.142254434540796 ] ] ] } },
{ "type": "Feature", "properties": { "CITY_NAME": "住田町", "S_NAME": "世田米字世田米駅", "JINKO": 288, "medical_area": "03_気仙医療圏", "町丁目名": "住田町世田米字世田米駅" }, "geometry": { "type": "Polygon", "coordinates": [ [ [ 141.578729676204262, 39.138506283909145 ], [ 141.578550695538951, 39.13833077951427 ], [ 141.577858269782752, 39.138481854546463 ], [ 141.577537322927157, 39.137665347739379 ], [ 141.576347407234749, 39.138443254112609 ], [ 141.57803712645358, 39.1420144579888 ], [ 141.579937113899035, 39.141741244359245 ], [ 141.579725283070616, 39.140625372071653 ], [ 141.578862600372105, 39.139141147188326 ], [ 141.578729676204262, 39.138506283909145 ] ] ] } },
{ "type": "Feature", "properties": { "CITY_NAME": "住田町", "S_NAME": "世田米字大崎", "JINKO": 124, "medical_area": "03_気仙医療圏", "町丁目名": "住田町世田米字大崎" }, "geometry": { "type": "Polygon", "coordinates": [ [ [ 141.580909721723344, 39.140599296343488 ], [ 141.582088583688034, 39.140299973279305 ], [ 141.583091348646434, 39.140314097693576 ], [ 141.584329674718873, 39.139901417621594 ], [ 141.584091869010848, 39.139376882452524 ], [ 141.583540464965125, 39.139129741388587 ], [ 141.583435388061474, 39.138678388965126 ], [ 141.584683961725659, 39.137915868929099 ], [ 141.58500256627795, 39.137409153439528 ], [ 141.584513513610062, 39.137123402091184 ], [ 141.584358982056159, 39.136843594415204 ], [ 141.583834522446011, 39.13528346804101 ], [ 141.584705962552448, 39.134369649242274 ], [ 141.58596665809506, 39.133835536230784 ], [ 141.583559625502744, 39.133752340340244 ], [ 141.582266172025953, 39.134179796932564 ], [ 141.581672798187469, 39.134947962767455 ], [ 141.580458995233414, 39.134931089125949 ], [ 141.578441379422458, 39.135243976242592 ], [ 141.578328358810552, 39.135532328407059 ], [ 141.578583753935959, 39.136682492339482 ], [ 141.577537322927157, 39.137665347739379 ], [ 141.577858269782752, 39.138481854546463 ], [ 141.578660530460724, 39.138411294081919 ], [ 141.578862600372105, 39.139141147188326 ], [ 141.579725283070616, 39.140625372071653 ], [ 141.580500816469112, 39.140856743282811 ], [ 141.580909721723344, 39.140599296343488 ] ] ] } },
{ "type": "Feature", "properties": { "CITY_NAME": "住田町", "S_NAME": "世田米字火石", "JINKO": 121, "medical_area": "03_気仙医療圏", "町丁目名": "住田町世田米字火石" }, "geometry": { "type": "Polygon", "coordinates": [ [ [ 141.577956464446714, 39.134293591521562 ], [ 141.578399052252706, 39.134233275186538 ], [ 141.57826998313999, 39.134003962523344 ], [ 141.579364917709967, 39.132846173588696 ], [ 141.579923070414964, 39.132547660937718 ], [ 141.580714296408559, 39.132491092736792 ], [ 141.581745499221, 39.131982496991959 ], [ 141.579800033487771, 39.130075383777154 ], [ 141.578987419319702, 39.129487988004897 ], [ 141.577936826182309, 39.130199088060159 ], [ 141.577073707014364, 39.131586298765022 ], [ 141.576381944447576, 39.132333528815259 ], [ 141.576070353024562, 39.133152658829651 ], [ 141.576008305500977, 39.137167791354138 ], [ 141.576347407234749, 39.138443254112609 ], [ 141.577537322927157, 39.137665347739379 ], [ 141.578583753935959, 39.136682492339482 ], [ 141.578328358810552, 39.135532328407059 ], [ 141.577931053392859, 39.13488555617753 ], [ 141.577956464446714, 39.134293591521562 ] ] ] } },
{ "type": "Feature", "properties": { "CITY_NAME": "住田町", "S_NAME": "世田米字和山", "JINKO": 49, "medical_area": "03_気仙医療圏", "町丁目名": "住田町世田米字和山" }, "geometry": { "type": "Polygon", "coordinates": [ [ [ 141.57832835881058, 39.135532328407017 ], [ 141.578441379422458, 39.135243976242592 ], [ 141.578914512131689, 39.135076560179307 ], [ 141.581672798187469, 39.134947962767455 ], [ 141.582266172025953, 39.134179796932536 ], [ 141.583559625502744, 39.133752340340244 ], [ 141.585966658095003, 39.133835536230748 ], [ 141.587220412197979, 39.133233118279279 ], [ 141.590092353126465, 39.133018342733742 ], [ 141.589902491781572, 39.131900286070248 ], [ 141.589446346244841, 39.130807106826822 ], [ 141.589589718859827, 39.130367655785932 ], [ 141.590323595139381, 39.129728307759983 ], [ 141.590495353319369, 39.129173322845496 ], [ 141.590302110502563, 39.127732183552439 ], [ 141.589232462478748, 39.12691392931967 ], [ 141.587589156683947, 39.127630442072928 ], [ 141.584740074389714, 39.128199928294144 ], [ 141.582064838956313, 39.129362905261523 ], [ 141.580985914286885, 39.12946650508097 ], [ 141.579694425289006, 39.128841426036367 ], [ 141.578987419319731, 39.129487988004897 ], [ 141.579800033487771, 39.130075383777154 ], [ 141.581745499221, 39.131982496991924 ], [ 141.580714296408559, 39.132491092736821 ], [ 141.579691420125613, 39.132648653367305 ], [ 141.578675590931311, 39.133442511989735 ], [ 141.57826998313999, 39.134003962523344 ], [ 141.578399052252735, 39.134233275186531 ], [ 141.577956464446771, 39.134293591521562 ], [ 141.577915700626818, 39.134433619934015 ], [ 141.577931053392859, 39.13488555617753 ], [ 141.57832835881058, 39.135532328407017 ] ] ] } },
{ "type": "Feature", "properties": { "CITY_NAME": "住田町", "S_NAME": "世田米字山谷", "JINKO": 30, "medical_area": "03_気仙医療圏", "町丁目名": "住田町世田米字山谷" }, "geometry": { "type": "Polygon", "coordinates": [ [ [ 141.589232462478748, 39.12691392931967 ], [ 141.588955589636072, 39.12655799090264 ], [ 141.589031284104607, 39.125513234100538 ], [ 141.589469950744302, 39.124673601664128 ], [ 141.590150117798316, 39.124035722484649 ], [ 141.590589358096508, 39.123159130977598 ], [ 141.591341840632992, 39.122728317969042 ], [ 141.592393212535541, 39.122710506539732 ], [ 141.594120585749494, 39.122961418122351 ], [ 141.595122641723748, 39.122786044473081 ], [ 141.596951113650505, 39.121620875942 ], [ 141.597491846652133, 39.119308508427963 ], [ 141.595960833817344, 39.118912368165859 ], [ 141.594260891521344, 39.117236236773856 ], [ 141.591517519584102, 39.116055072293271 ], [ 141.590199240040022, 39.116387578906917 ], [ 141.588204606010521, 39.115568916026092 ], [ 141.586573621583113, 39.115096029393406 ], [ 141.585536196556831, 39.115001165249659 ], [ 141.581999690233999, 39.116242196226274 ], [ 141.582680054774784, 39.117195118343332 ], [ 141.583225792769497, 39.118322945260637 ], [ 141.583243356851142, 39.119391239357014 ], [ 141.582957509393253, 39.121684706190607 ], [ 141.581144458031417, 39.126279505283783 ], [ 141.580751166630421, 39.127819412643809 ], [ 141.579694425289006, 39.128841426036367 ], [ 141.580985914286885, 39.12946650508097 ], [ 141.582064838956313, 39.129362905261523 ], [ 141.584740074389714, 39.128199928294144 ], [ 141.587589156683947, 39.127630442072928 ], [ 141.589232462478748, 39.12691392931967 ] ] ] } },
{ "type": "Feature", "properties": { "CITY_NAME": "住田町", "S_NAME": "世田米字野形", "JINKO": 48, "medical_area": "03_気仙医療圏", "町丁目名": "住田町世田米字野形" }, "geometry": { "type": "Polygon", "coordinates": [ [ [ 141.610286770714367, 39.132452929495322 ], [ 141.610725233183558, 39.131907680860358 ], [ 141.612474352511668, 39.130661313066661 ], [ 141.613975209911189, 39.129064695309062 ], [ 141.614416568058942, 39.128784807202919 ], [ 141.618024026659555, 39.128137547619012 ], [ 141.619084126332694, 39.128118729503619 ], [ 141.61932873980669, 39.127634999398524 ], [ 141.619307143485202, 39.126922228395465 ], [ 141.619767593539621, 39.126154974314041 ], [ 141.619817056276759, 39.12571351858363 ], [ 141.619482956233128, 39.125415753673934 ], [ 141.619406791253368, 39.124881543618606 ], [ 141.618556128624192, 39.123163177465841 ], [ 141.617480450108218, 39.122385143378288 ], [ 141.616644021133908, 39.120712479454021 ], [ 141.617545473480732, 39.118260604647702 ], [ 141.617639755925524, 39.115732854165017 ], [ 141.617538815002376, 39.115218297047377 ], [ 141.617020415136693, 39.114524334780988 ], [ 141.616339678208675, 39.114252388612542 ], [ 141.614513857131811, 39.114129211151052 ], [ 141.612259632855512, 39.114550421002612 ], [ 141.611095885270515, 39.114819208822375 ], [ 141.61029551615087, 39.11539501943097 ], [ 141.609640486632912, 39.115650764866629 ], [ 141.608594644914348, 39.115348332813184 ], [ 141.607476621923496, 39.115259048347049 ], [ 141.606219893459212, 39.114779160043774 ], [ 141.605243074013799, 39.114746840781386 ], [ 141.604985218841136, 39.114999932785878 ], [ 141.604940514203093, 39.115454727444401 ], [ 141.604551455267512, 39.116192109434017 ], [ 141.602494148438012, 39.117607734719769 ], [ 141.601312177944266, 39.117920104663817 ], [ 141.60046369135182, 39.118650849413498 ], [ 141.598025455680443, 39.119295304994424 ], [ 141.597491846652133, 39.119308508427963 ], [ 141.596951113650505, 39.121620875942 ], [ 141.596471170470522, 39.121993641478021 ], [ 141.595122641723748, 39.122786044473081 ], [ 141.594457020454172, 39.122959224686596 ], [ 141.592393212535541, 39.122710506539732 ], [ 141.591090455283251, 39.122817289526253 ], [ 141.590589358096508, 39.123159130977598 ], [ 141.590150117798316, 39.124035722484649 ], [ 141.589469950744302, 39.124673601664128 ], [ 141.589031284104607, 39.125513234100538 ], [ 141.588955589636072, 39.12655799090264 ], [ 141.590302110502563, 39.127732183552439 ], [ 141.590425491318712, 39.128181379059789 ], [ 141.590495353319369, 39.129173322845496 ], [ 141.590323595139381, 39.129728307759983 ], [ 141.589589718859827, 39.130367655785932 ], [ 141.589446346244841, 39.130807106826822 ], [ 141.589902491781572, 39.131900286070248 ], [ 141.590092353126465, 39.133018342733742 ], [ 141.59108015516307, 39.134633161645915 ], [ 141.592019816986863, 39.135215562922404 ], [ 141.593694771897162, 39.135285471842096 ], [ 141.594269868325739, 39.135027877173073 ], [ 141.595106514893303, 39.134306966820297 ], [ 141.595831367576636, 39.132836832775205 ], [ 141.595969781294997, 39.131935867305081 ], [ 141.595659651140295, 39.130668626585823 ], [ 141.5959900194662, 39.130395304669975 ], [ 141.596316510371281, 39.13043934089724 ], [ 141.598344598705381, 39.131660692224145 ], [ 141.599054793012812, 39.131575237218875 ], [ 141.599790505703055, 39.131120408276928 ], [ 141.600564119672271, 39.131415339961507 ], [ 141.601704941885146, 39.131419369583547 ], [ 141.604621065392394, 39.131878964353518 ], [ 141.605389384554314, 39.13168927982872 ], [ 141.607286751541068, 39.131780506614653 ], [ 141.608017377585981, 39.132214175721614 ], [ 141.610286770714367, 39.132452929495322 ] ] ] } },
{ "type": "Feature", "properties": { "CITY_NAME": "住田町", "S_NAME": "世田米字田ノ上", "JINKO": 12, "medical_area": "03_気仙医療圏", "町丁目名": "住田町世田米字田ノ上" }, "geometry": { "type": "Polygon", "coordinates": [ [ [ 141.582506442727464, 39.122777815189259 ], [ 141.582957509393253, 39.121684706190607 ], [ 141.583243356851142, 39.119391239357014 ], [ 141.583225792769497, 39.118322945260637 ], [ 141.582680054774784, 39.117195118343332 ], [ 141.581999690233999, 39.116242196226274 ], [ 141.581313655791234, 39.115663717694744 ], [ 141.580144012626761, 39.115000351805207 ], [ 141.57949245655729, 39.114975093952374 ], [ 141.578264409236738, 39.114129663101579 ], [ 141.578058582608719, 39.113497784718412 ], [ 141.577357960654354, 39.112644690509612 ], [ 141.577330042174736, 39.112041095303177 ], [ 141.577637500971832, 39.111601528166219 ], [ 141.575998415657665, 39.110766642692475 ], [ 141.574449415448385, 39.110239627544296 ], [ 141.570846397346344, 39.110635477153998 ], [ 141.569873207803198, 39.111140861784733 ], [ 141.567202964088807, 39.110676868957711 ], [ 141.566234092796009, 39.110987669210623 ], [ 141.565212240859921, 39.111577279831963 ], [ 141.563265757325297, 39.111354359461515 ], [ 141.560795939414788, 39.111844212025716 ], [ 141.559059872704694, 39.111935632350757 ], [ 141.559526883573, 39.113485711397061 ], [ 141.557665411993383, 39.114529300111222 ], [ 141.557071296659245, 39.115152246076384 ], [ 141.556725400345528, 39.11586992732601 ], [ 141.557388696124519, 39.118535334042306 ], [ 141.558162500094596, 39.120780317738287 ], [ 141.556732224593247, 39.122550539668772 ], [ 141.557211246070807, 39.123613943996958 ], [ 141.557131704034873, 39.124467631923991 ], [ 141.559082883089445, 39.126959874069001 ], [ 141.560544060729427, 39.127868804951248 ], [ 141.561738032535942, 39.128348024271205 ], [ 141.562820763292876, 39.129761826814935 ], [ 141.565066053505177, 39.127169522724138 ], [ 141.566736326064841, 39.125973963788454 ], [ 141.567042266998328, 39.125359900061973 ], [ 141.56727476651912, 39.12398100998908 ], [ 141.567424226786471, 39.123823059440831 ], [ 141.571016079319776, 39.121889361640974 ], [ 141.571820484216772, 39.121735226902153 ], [ 141.573968778144518, 39.121949243397275 ], [ 141.575717650169622, 39.121545730858259 ], [ 141.578013262142008, 39.121397698950432 ], [ 141.578957687981443, 39.121623222495884 ], [ 141.580234264932045, 39.12228999537021 ], [ 141.582506442727464, 39.122777815189259 ] ] ] } },
{ "type": "Feature", "properties": { "CITY_NAME": "住田町", "S_NAME": "世田米字田谷", "JINKO": 61, "medical_area": "03_気仙医療圏", "町丁目名": "住田町世田米字田谷" }, "geometry": { "type": "Polygon", "coordinates": [ [ [ 141.586573621583113, 39.115096029393406 ], [ 141.585849875734482, 39.113954664467876 ], [ 141.584081147247417, 39.112652309642172 ], [ 141.580349889202949, 39.110834280283953 ], [ 141.579356305283369, 39.111306245453306 ], [ 141.577637500971832, 39.111601528166219 ], [ 141.577382149339883, 39.111877205893784 ], [ 141.577357960654354, 39.112644690509612 ], [ 141.578058582608719, 39.113497784718412 ], [ 141.578264409236738, 39.114129663101579 ], [ 141.578550135671662, 39.114427652159769 ], [ 141.57949245655729, 39.114975093952374 ], [ 141.580144012626761, 39.115000351805207 ], [ 141.581999690233999, 39.116242196226274 ], [ 141.585078070149905, 39.115100816944164 ], [ 141.58603880153791, 39.114993139574544 ], [ 141.586573621583113, 39.115096029393406 ] ] ] } },
{ "type": "Feature", "properties": { "CITY_NAME": "住田町", "S_NAME": "世田米字窪田", "JINKO": 50, "medical_area": "03_気仙医療圏", "町丁目名": "住田町世田米字窪田" }, "geometry": { "type": "Polygon", "coordinates": [ [ [ 141.604551455267512, 39.116192109434024 ], [ 141.605095176956638, 39.114844516868615 ], [ 141.60542882488528, 39.114706975325724 ], [ 141.606219893459212, 39.114779160043774 ], [ 141.606228254097346, 39.113680227215909 ], [ 141.606037008341445, 39.113012693363466 ], [ 141.605660545096669, 39.112234835333943 ], [ 141.605371942637959, 39.112013857080804 ], [ 141.600967033228329, 39.110139885956016 ], [ 141.599811679765054, 39.109160152792434 ], [ 141.598290638050969, 39.108373875025016 ], [ 141.595832219113163, 39.107848466595144 ], [ 141.594051714202124, 39.107637194105557 ], [ 141.591415114195627, 39.107638363477569 ], [ 141.590923029540363, 39.107498268837681 ], [ 141.590039745719679, 39.107089963970147 ], [ 141.588948920300027, 39.106380372120498 ], [ 141.58816440210822, 39.105652954239432 ], [ 141.58564279857859, 39.104226545857564 ], [ 141.583069953871416, 39.106735442636541 ], [ 141.582149602440523, 39.10798414390495 ], [ 141.583038372661207, 39.108628036456146 ], [ 141.582912807348123, 39.10912810291822 ], [ 141.580349889202949, 39.110834280283953 ], [ 141.584081147247417, 39.112652309642172 ], [ 141.585849875734482, 39.113954664467904 ], [ 141.586573621583113, 39.115096029393406 ], [ 141.588952020908067, 39.11582518068402 ], [ 141.590199240040022, 39.116387578906917 ], [ 141.591517519584102, 39.116055072293271 ], [ 141.594260891521344, 39.117236236773856 ], [ 141.595960833817344, 39.118912368165859 ], [ 141.597118915627306, 39.119251126148249 ], [ 141.598025455680443, 39.119295304994424 ], [ 141.60046369135182, 39.118650849413456 ], [ 141.601127154057622, 39.118027661828208 ], [ 141.602494148438069, 39.117607734719769 ], [ 141.604551455267512, 39.116192109434024 ] ] ] } },
{ "type": "Feature", "properties": { "CITY_NAME": "住田町", "S_NAME": "世田米字田畑", "JINKO": 38, "medical_area": "03_気仙医療圏", "町丁目名": "住田町世田米字田畑" }, "geometry": { "type": "Polygon", "coordinates": [ [ [ 141.617020415136693, 39.114524334780988 ], [ 141.618567228528889, 39.114196609739899 ], [ 141.619366800684219, 39.114196579567803 ], [ 141.620447675870849, 39.113621068657039 ], [ 141.623646877935101, 39.113608115725881 ], [ 141.625598577807807, 39.112401428234122 ], [ 141.622913602731472, 39.112179062272382 ], [ 141.621138237431296, 39.111570603497128 ], [ 141.620622712790663, 39.110705758559156 ], [ 141.618887585607268, 39.109804503474749 ], [ 141.616175969226134, 39.109761140148692 ], [ 141.615270908093265, 39.109938152816426 ], [ 141.614800996248874, 39.109611792088423 ], [ 141.614623228665181, 39.109262010128937 ], [ 141.613792707825041, 39.109032012759833 ], [ 141.612936374047052, 39.108257180964124 ], [ 141.611312566447793, 39.107935485282603 ], [ 141.609815067976598, 39.107066379682536 ], [ 141.608651159323074, 39.106703090274053 ], [ 141.6071154195362, 39.10522458713524 ], [ 141.605045164120213, 39.104368419422372 ], [ 141.60430281728344, 39.104239392643272 ], [ 141.60396480360933, 39.104410950387333 ], [ 141.603514028082571, 39.104389290166495 ], [ 141.602637482621077, 39.10373309774964 ], [ 141.6014329153451, 39.103616314829296 ], [ 141.600527483661011, 39.102660065413133 ], [ 141.59916097173172, 39.102000864634533 ], [ 141.598557033928984, 39.101513727397261 ], [ 141.596790254233781, 39.101295923684873 ], [ 141.595405631192392, 39.101880720262578 ], [ 141.595046404586867, 39.102280273908192 ], [ 141.594140438407095, 39.102737226145663 ], [ 141.592560087483207, 39.102949207259705 ], [ 141.591301630512987, 39.102412372749356 ], [ 141.590458655953881, 39.102294676742297 ], [ 141.589729339723078, 39.100967148061052 ], [ 141.588993614688007, 39.101745008205555 ], [ 141.586244313267741, 39.103647051784229 ], [ 141.58564279857859, 39.104226545857586 ], [ 141.58816440210822, 39.105652954239432 ], [ 141.588948920300027, 39.106380372120498 ], [ 141.59003974571965, 39.107089963970139 ], [ 141.590923029540363, 39.107498268837681 ], [ 141.591415114195627, 39.107638363477605 ], [ 141.594051714202124, 39.107637194105557 ], [ 141.595832219113163, 39.107848466595144 ], [ 141.598290638050969, 39.108373875024995 ], [ 141.599235836698284, 39.108829497457094 ], [ 141.600967033228329, 39.110139885956016 ], [ 141.605660545096669, 39.112234835333943 ], [ 141.606228254097346, 39.113680227215909 ], [ 141.606219893459212, 39.114779160043774 ], [ 141.607003511767203, 39.115126845868311 ], [ 141.609640486632912, 39.115650764866629 ], [ 141.61029551615087, 39.11539501943097 ], [ 141.611095885270515, 39.114819208822375 ], [ 141.613956291203266, 39.114210285732128 ], [ 141.615233274467386, 39.114085758993795 ], [ 141.616339678208675, 39.114252388612542 ], [ 141.617020415136693, 39.114524334780988 ] ] ] } },
{ "type": "Feature", "properties": { "CITY_NAME": "住田町", "S_NAME": "世田米字日向", "JINKO": 100, "medical_area": "03_気仙医療圏", "町丁目名": "住田町世田米字日向" }, "geometry": { "type": "Polygon", "coordinates": [ [ [ 141.588534064705385, 39.14513241248973 ], [ 141.589029292558564, 39.144531653888208 ], [ 141.589153568815277, 39.144178758939006 ], [ 141.588971819346426, 39.143908845402102 ], [ 141.589027856130372, 39.143724026891441 ], [ 141.589999710069065, 39.141701465407039 ], [ 141.587675486515764, 39.141066771760876 ], [ 141.586002086411639, 39.139986937060115 ], [ 141.585698675737802, 39.139467964843163 ], [ 141.585622739537087, 39.138231310047132 ], [ 141.58500256627795, 39.137409153439528 ], [ 141.584683961725659, 39.137915868929099 ], [ 141.583435388061474, 39.138678388965126 ], [ 141.583540464965125, 39.139129741388587 ], [ 141.584091869010848, 39.139376882452524 ], [ 141.584329674718873, 39.139901417621594 ], [ 141.583091348646434, 39.140314097693526 ], [ 141.583835224574955, 39.140872405903849 ], [ 141.58412362140956, 39.141348549208359 ], [ 141.583925520826199, 39.142254434540796 ], [ 141.583831900401663, 39.144253995929247 ], [ 141.583422525192418, 39.144947362308159 ], [ 141.584412164744549, 39.145003994783394 ], [ 141.586108548121729, 39.145411539318765 ], [ 141.588534064705385, 39.14513241248973 ] ] ] } },
{ "type": "Feature", "properties": { "CITY_NAME": "住田町", "S_NAME": "世田米字西風", "JINKO": 42, "medical_area": "03_気仙医療圏", "町丁目名": "住田町世田米字西風" }, "geometry": { "type": "Polygon", "coordinates": [ [ [ 141.596464275070446, 39.144077222862208 ], [ 141.597306442399827, 39.141804325620342 ], [ 141.597875481668609, 39.140992885426911 ], [ 141.598493814011789, 39.140619564047817 ], [ 141.599945706226379, 39.139248522056647 ], [ 141.601297791325123, 39.138235700446266 ], [ 141.601968420820015, 39.137914022203546 ], [ 141.603226127407538, 39.137755678611562 ], [ 141.604111589420114, 39.137438269095846 ], [ 141.607130141637811, 39.135058593712031 ], [ 141.60785250803184, 39.134730694452834 ], [ 141.608571438230882, 39.134091323375749 ], [ 141.608817157834864, 39.133535821090753 ], [ 141.609257034563086, 39.133117458843991 ], [ 141.610286770714367, 39.132452929495322 ], [ 141.608017377585981, 39.132214175721614 ], [ 141.607286751541068, 39.131780506614653 ], [ 141.605389384554314, 39.13168927982872 ], [ 141.604621065392394, 39.131878964353518 ], [ 141.601704941885146, 39.131419369583547 ], [ 141.600564119672271, 39.131415339961507 ], [ 141.599790505703055, 39.131120408276928 ], [ 141.599054793012812, 39.131575237218875 ], [ 141.598344598705381, 39.131660692224145 ], [ 141.596316510371281, 39.13043934089724 ], [ 141.5959900194662, 39.130395304669975 ], [ 141.595659651140295, 39.130668626585823 ], [ 141.595969781294997, 39.131935867305081 ], [ 141.595688064738397, 39.133287763564098 ], [ 141.595106514893303, 39.134306966820297 ], [ 141.593901485541693, 39.135214875191807 ], [ 141.592687731737414, 39.135326644745788 ], [ 141.591662760383599, 39.135079376948731 ], [ 141.59108015516307, 39.134633161645915 ], [ 141.590092353126465, 39.133018342733742 ], [ 141.587220412197979, 39.133233118279279 ], [ 141.58470596255242, 39.134369649242274 ], [ 141.583834522446011, 39.135283468041031 ], [ 141.584513513610062, 39.137123402091163 ], [ 141.585494056234836, 39.137922835131334 ], [ 141.585843651469872, 39.139829258634961 ], [ 141.586592472460467, 39.140463310917461 ], [ 141.587916905334453, 39.141162895437645 ], [ 141.590847165280621, 39.141998594519954 ], [ 141.591456889944709, 39.142324284958704 ], [ 141.592061876295276, 39.143183101632218 ], [ 141.592501745324853, 39.143511929357693 ], [ 141.596464275070446, 39.144077222862208 ] ] ] } },
{ "type": "Feature", "properties": { "CITY_NAME": "住田町", "S_NAME": "世田米字上日向", "JINKO": 74, "medical_area": "03_気仙医療圏", "町丁目名": "住田町世田米字上日向" }, "geometry": { "type": "Polygon", "coordinates": [ [ [ 141.59030685261979, 39.150253985536509 ], [ 141.591920844068738, 39.148412003763127 ], [ 141.593568494328508, 39.146874015913994 ], [ 141.595061414237648, 39.146486031063276 ], [ 141.595596559293654, 39.146170359411926 ], [ 141.595932469203632, 39.145692925574927 ], [ 141.596464275070446, 39.144077222862208 ], [ 141.592501745324853, 39.143511929357693 ], [ 141.592061876295276, 39.143183101632218 ], [ 141.591456889944709, 39.142324284958704 ], [ 141.589999710069065, 39.141701465407039 ], [ 141.589027856130372, 39.143724026891441 ], [ 141.588971819346426, 39.143908845402102 ], [ 141.589153568815277, 39.144178758939006 ], [ 141.589029292558564, 39.144531653888208 ], [ 141.588534064705385, 39.14513241248973 ], [ 141.588551391355878, 39.145466724788506 ], [ 141.589071277008514, 39.146034180681781 ], [ 141.590319587152948, 39.146867512098481 ], [ 141.59081276021405, 39.147402759820586 ], [ 141.590400241485355, 39.148399835887204 ], [ 141.59030685261979, 39.150253985536509 ] ] ] } },
{ "type": "Feature", "properties": { "CITY_NAME": "住田町", "S_NAME": "世田米字向村", "JINKO": 51, "medical_area": "03_気仙医療圏", "町丁目名": "住田町世田米字向村" }, "geometry": { "type": "Polygon", "coordinates": [ [ [ 141.600736765388859, 39.154624002986331 ], [ 141.601481285436137, 39.153986012494293 ], [ 141.601758237528003, 39.15339909091599 ], [ 141.602923160493987, 39.150086946411868 ], [ 141.603072185365079, 39.149069179433297 ], [ 141.603350892177104, 39.148645298844258 ], [ 141.603651543933807, 39.147410688556114 ], [ 141.604191050016084, 39.146489569081602 ], [ 141.602230549856813, 39.146040348967524 ], [ 141.600647187565102, 39.146077515690664 ], [ 141.598492250698826, 39.14454094839521 ], [ 141.596464275070446, 39.144077222862208 ], [ 141.595932469203632, 39.145692925574927 ], [ 141.595596559293625, 39.146170359411954 ], [ 141.595061414237648, 39.146486031063276 ], [ 141.593568494328508, 39.146874015913994 ], [ 141.591920844068738, 39.148412003763127 ], [ 141.59030685261979, 39.150253985536509 ], [ 141.590472272509601, 39.151582724421239 ], [ 141.590241776243801, 39.152631612401059 ], [ 141.590372206890208, 39.153513412455254 ], [ 141.591619203303537, 39.154923455314609 ], [ 141.593022469718647, 39.154662889643149 ], [ 141.594088103156565, 39.155703843665556 ], [ 141.594699778197054, 39.156030482000794 ], [ 141.595398304551168, 39.157398808656943 ], [ 141.596480108659023, 39.158099160944431 ], [ 141.597498018634781, 39.160370338598426 ], [ 141.599399443710013, 39.157966106571791 ], [ 141.60017328541835, 39.155486212501955 ], [ 141.600736765388859, 39.154624002986331 ] ] ] } },
{ "type": "Feature", "properties": { "CITY_NAME": "住田町", "S_NAME": "世田米字城内", "JINKO": 62, "medical_area": "03_気仙医療圏", "町丁目名": "住田町世田米字城内" }, "geometry": { "type": "Polygon", "coordinates": [ [ [ 141.644642187419151, 39.162315421055503 ], [ 141.642859997531531, 39.161171808497954 ], [ 141.641694723905772, 39.15961193683264 ], [ 141.640502432298661, 39.15848089030424 ], [ 141.639274058687533, 39.156982229796213 ], [ 141.638085547548911, 39.156796828695455 ], [ 141.636531984727128, 39.155427615511307 ], [ 141.634689786521534, 39.15460513492237 ], [ 141.633091892899955, 39.154325729336875 ], [ 141.632876809113526, 39.152905766141153 ], [ 141.631826770584865, 39.152075065344576 ], [ 141.631947457831956, 39.150818736612138 ], [ 141.631875151096153, 39.148197665800318 ], [ 141.631467709648348, 39.147973702964059 ], [ 141.630086631235145, 39.147695520415191 ], [ 141.630315377817396, 39.146258714173975 ], [ 141.631208152436869, 39.14543955915574 ], [ 141.63132125330975, 39.145076560493919 ], [ 141.631162215903743, 39.143578775195003 ], [ 141.631365206252468, 39.143004944832555 ], [ 141.631095281075574, 39.142376218495002 ], [ 141.631563485236398, 39.141385773303512 ], [ 141.630861555627405, 39.140234642060278 ], [ 141.631264525801953, 39.139134012418161 ], [ 141.631197380115111, 39.138216338422779 ], [ 141.629475003643591, 39.137578249893444 ], [ 141.629131626232379, 39.136723263970744 ], [ 141.626279560455202, 39.136662525621546 ], [ 141.625731282503807, 39.136539009851518 ], [ 141.625152111539421, 39.136183457479071 ], [ 141.62282951005443, 39.13362178467343 ], [ 141.623150734646799, 39.131871870652532 ], [ 141.621828391595329, 39.131100958198296 ], [ 141.61917989660202, 39.128936711949414 ], [ 141.619084126332694, 39.128118729503619 ], [ 141.618024026659555, 39.128137547619012 ], [ 141.614416568058942, 39.128784807202919 ], [ 141.613975209911189, 39.129064695309062 ], [ 141.612474352511668, 39.130661313066661 ], [ 141.609257034563086, 39.133117458843991 ], [ 141.608817157834864, 39.133535821090753 ], [ 141.608571438230882, 39.134091323375749 ], [ 141.60785250803184, 39.134730694452834 ], [ 141.607130141637811, 39.135058593712031 ], [ 141.604111589420114, 39.137438269095846 ], [ 141.603226127407538, 39.137755678611562 ], [ 141.601968420820015, 39.137914022203546 ], [ 141.601297791325123, 39.138235700446266 ], [ 141.597875481668609, 39.140992885426911 ], [ 141.597306442399827, 39.141804325620342 ], [ 141.596464275070446, 39.144077222862208 ], [ 141.598492250698826, 39.14454094839521 ], [ 141.600647187565102, 39.146077515690664 ], [ 141.602230549856785, 39.146040348967524 ], [ 141.604191050016084, 39.146489569081602 ], [ 141.610752662634752, 39.148888276551986 ], [ 141.612992518275007, 39.148605750625173 ], [ 141.614318982105118, 39.148772037735867 ], [ 141.61599269833863, 39.149271600052487 ], [ 141.616780511946473, 39.149324720980644 ], [ 141.61720395500862, 39.149195338706299 ], [ 141.617265308527692, 39.151335541603579 ], [ 141.61712057073305, 39.152363013336355 ], [ 141.617224432107832, 39.152712645211622 ], [ 141.61877060502664, 39.154648182801068 ], [ 141.61979244723031, 39.156223046982753 ], [ 141.620531412975708, 39.156523557676266 ], [ 141.62166993145587, 39.157470364577136 ], [ 141.622261549744792, 39.157752720590601 ], [ 141.623788874135187, 39.157903328148002 ], [ 141.62438278286217, 39.159151064389775 ], [ 141.625752724214664, 39.160260166679826 ], [ 141.626839720907924, 39.161396865612794 ], [ 141.627556808846094, 39.161874198172015 ], [ 141.629337347274742, 39.161985216684599 ], [ 141.629536659654121, 39.16212749249646 ], [ 141.629808036023263, 39.162813137539963 ], [ 141.632517216147079, 39.16519046277439 ], [ 141.63461297422424, 39.165196565387944 ], [ 141.636528711618212, 39.165593898400793 ], [ 141.638774092457169, 39.166757004243436 ], [ 141.639015143993618, 39.166618601304243 ], [ 141.639509303715471, 39.166651151708237 ], [ 141.641560490255813, 39.167084980333328 ], [ 141.642026008671195, 39.166788571215726 ], [ 141.642515751664718, 39.165825606037593 ], [ 141.643319065233214, 39.16524485344123 ], [ 141.643563044753762, 39.16391854814978 ], [ 141.644642187419151, 39.162315421055503 ] ] ] } },
{ "type": "Feature", "properties": { "CITY_NAME": "住田町", "S_NAME": "世田米字上城", "JINKO": 55, "medical_area": "03_気仙医療圏", "町丁目名": "住田町世田米字上城" }, "geometry": { "type": "Polygon", "coordinates": [ [ [ 141.636710356707425, 39.17290118965883 ], [ 141.638541147888418, 39.172094038024035 ], [ 141.639870631095562, 39.171111081303074 ], [ 141.639704498115037, 39.170618902733331 ], [ 141.639677666360569, 39.169559171609997 ], [ 141.638584909307212, 39.168131475492842 ], [ 141.638774092457169, 39.166757004243436 ], [ 141.636528711618212, 39.165593898400793 ], [ 141.63461297422424, 39.165196565387944 ], [ 141.632291933535072, 39.165079124888116 ], [ 141.629808036023263, 39.162813137539963 ], [ 141.629536659654121, 39.16212749249646 ], [ 141.629337347274742, 39.161985216684599 ], [ 141.627556808846094, 39.161874198172015 ], [ 141.626839720907924, 39.161396865612794 ], [ 141.625752724214664, 39.160260166679826 ], [ 141.62438278286217, 39.159151064389775 ], [ 141.623788874135187, 39.157903328148002 ], [ 141.622261549744792, 39.157752720590601 ], [ 141.62166993145587, 39.157470364577136 ], [ 141.620531412975708, 39.156523557676266 ], [ 141.61979244723031, 39.156223046982753 ], [ 141.61877060502664, 39.154648182801068 ], [ 141.617224432107832, 39.152712645211622 ], [ 141.61712057073305, 39.152363013336355 ], [ 141.617265308527692, 39.151335541603579 ], [ 141.61720395500862, 39.149195338706299 ], [ 141.616780511946473, 39.149324720980644 ], [ 141.61599269833863, 39.149271600052487 ], [ 141.614318982105118, 39.148772037735867 ], [ 141.612992518275007, 39.148605750625173 ], [ 141.610752662634752, 39.148888276551986 ], [ 141.604191050016084, 39.146489569081602 ], [ 141.603651543933807, 39.147410688556114 ], [ 141.603350892177104, 39.148645298844258 ], [ 141.603072185365079, 39.149069179433297 ], [ 141.602923160493987, 39.150086946411868 ], [ 141.601481285436165, 39.153986012494293 ], [ 141.600736765388859, 39.154624002986353 ], [ 141.600173285418322, 39.155486212501955 ], [ 141.599399443710013, 39.157966106571791 ], [ 141.597498018634781, 39.160370338598426 ], [ 141.597983811071316, 39.160694965004055 ], [ 141.598300829754464, 39.161218238965247 ], [ 141.598290578544322, 39.162091079254971 ], [ 141.598778981955547, 39.162651008411146 ], [ 141.598878010297881, 39.162985125778896 ], [ 141.598571513490413, 39.163922962402069 ], [ 141.59851819838741, 39.165626772510429 ], [ 141.598157336536161, 39.167017322165748 ], [ 141.59823841125538, 39.167685057551608 ], [ 141.597768746050406, 39.168675750250955 ], [ 141.597638690450708, 39.170606816083378 ], [ 141.599029367157812, 39.170336698405343 ], [ 141.600552469868802, 39.170593574217811 ], [ 141.602452419924788, 39.171230790185817 ], [ 141.60426902914628, 39.172425471947008 ], [ 141.606216029312435, 39.172592428965473 ], [ 141.608345615897804, 39.172427521605215 ], [ 141.611137548996112, 39.172849865083215 ], [ 141.61161632137663, 39.173009101396168 ], [ 141.612267248506555, 39.173909712423594 ], [ 141.61332570801514, 39.174592955447466 ], [ 141.617342474615754, 39.175894525182436 ], [ 141.619417641048017, 39.176182271835636 ], [ 141.620042842248182, 39.17610839060643 ], [ 141.622578543614765, 39.175057184449962 ], [ 141.624399026337784, 39.174511693005364 ], [ 141.625364244525827, 39.174348348537173 ], [ 141.627566482140651, 39.174312473450186 ], [ 141.629265046051813, 39.173082912978543 ], [ 141.631921378220454, 39.172824354255425 ], [ 141.635577004279611, 39.173039674166752 ], [ 141.636710356707425, 39.17290118965883 ] ] ] } },
{ "type": "Feature", "properties": { "CITY_NAME": "住田町", "S_NAME": "世田米字梅ノ木", "JINKO": 21, "medical_area": "03_気仙医療圏", "町丁目名": "住田町世田米字梅ノ木" }, "geometry": { "type": "Polygon", "coordinates": [ [ [ 141.59040024148527, 39.148399835887204 ], [ 141.59081276021405, 39.147402759820586 ], [ 141.590319587152948, 39.146867512098481 ], [ 141.589071277008514, 39.146034180681795 ], [ 141.588551391355878, 39.145466724788442 ], [ 141.588534064705385, 39.14513241248973 ], [ 141.586108548121729, 39.145411539318793 ], [ 141.584412164744549, 39.145003994783394 ], [ 141.583422525192418, 39.144947362308152 ], [ 141.583972157795046, 39.145274176808883 ], [ 141.584226591681244, 39.14603013696933 ], [ 141.582193032991995, 39.146436511882413 ], [ 141.581649465424903, 39.146331473130729 ], [ 141.58159028433397, 39.146485975093739 ], [ 141.581580295206265, 39.146774508072141 ], [ 141.582862691246305, 39.147437254181227 ], [ 141.583924032961193, 39.148383259369929 ], [ 141.584632630163185, 39.148566540315841 ], [ 141.586182012269632, 39.148408994351016 ], [ 141.586652047338788, 39.14884876834774 ], [ 141.587865852958544, 39.149538782749929 ], [ 141.588331168769031, 39.151146106251431 ], [ 141.588361430740207, 39.153165540784705 ], [ 141.588555374249836, 39.153566902975889 ], [ 141.588782167987745, 39.153820405618667 ], [ 141.590268801585694, 39.154226771126659 ], [ 141.591619203303537, 39.154923455314609 ], [ 141.590541711948134, 39.153818305570248 ], [ 141.590232256717684, 39.153149494612265 ], [ 141.590472272509601, 39.151582724421239 ], [ 141.59030685261979, 39.150253985536509 ], [ 141.59040024148527, 39.148399835887204 ] ] ] } },
{ "type": "Feature", "properties": { "CITY_NAME": "住田町", "S_NAME": "世田米字川向", "JINKO": 547, "medical_area": "03_気仙医療圏", "町丁目名": "住田町世田米字川向" }, "geometry": { "type": "Polygon", "coordinates": [ [ [ 141.574963240302026, 39.14621609104293 ], [ 141.57789147943123, 39.144951336978728 ], [ 141.578398212495443, 39.144536762605206 ], [ 141.578430108488618, 39.144224793358056 ], [ 141.578177396035215, 39.142408093473733 ], [ 141.576651501156618, 39.139312231903155 ], [ 141.576008305500977, 39.137167791354138 ], [ 141.576070353024562, 39.133152658829651 ], [ 141.576381944447576, 39.132333528815259 ], [ 141.577073707014364, 39.131586298765022 ], [ 141.578130446765982, 39.129958501771007 ], [ 141.578995063927863, 39.129484420951187 ], [ 141.580751166630421, 39.127819412643809 ], [ 141.581144458031417, 39.126279505283783 ], [ 141.582506442727464, 39.122777815189259 ], [ 141.580234264932045, 39.12228999537021 ], [ 141.578957687981443, 39.121623222495913 ], [ 141.578013262142008, 39.121397698950432 ], [ 141.575717650169707, 39.121545730858209 ], [ 141.573968778144518, 39.121949243397275 ], [ 141.571820484216772, 39.121735226902153 ], [ 141.571016079319776, 39.121889361640974 ], [ 141.568676221740247, 39.123108885044893 ], [ 141.567274766519034, 39.123981009989087 ], [ 141.5671493556587, 39.124998190872532 ], [ 141.566736326064813, 39.125973963788461 ], [ 141.565066053505177, 39.127169522724138 ], [ 141.562820763292876, 39.129761826814956 ], [ 141.562766823389296, 39.130389995036012 ], [ 141.562049713034696, 39.132176055829873 ], [ 141.562315991181634, 39.135019444663143 ], [ 141.561846374638151, 39.136870672594938 ], [ 141.562104956507852, 39.137512586514596 ], [ 141.563745480768318, 39.139735267458249 ], [ 141.563638775335534, 39.14063028017263 ], [ 141.562847483419233, 39.142146835696586 ], [ 141.56113882248988, 39.143533267526863 ], [ 141.559534563797314, 39.145451900432541 ], [ 141.568905984428142, 39.146916500388762 ], [ 141.572189449158259, 39.146784618456543 ], [ 141.574963240302026, 39.14621609104293 ] ], [ [ 141.568207721001954, 39.14567636038295 ], [ 141.569064986650943, 39.145519853087976 ], [ 141.569157169860603, 39.145698822281268 ], [ 141.568787106781372, 39.145773716453554 ], [ 141.568714893449993, 39.145953924231549 ], [ 141.568215543641543, 39.145965085553634 ], [ 141.568207721001954, 39.14567636038295 ] ] ] } },
{ "type": "Feature", "properties": { "CITY_NAME": "住田町", "S_NAME": "世田米字本町", "JINKO": 49, "medical_area": "03_気仙医療圏", "町丁目名": "住田町世田米字本町" }, "geometry": { "type": "Polygon", "coordinates": [ [ [ 141.580028962808711, 39.151501137523169 ], [ 141.580936080978944, 39.151218060605821 ], [ 141.580558250820673, 39.150573443506545 ], [ 141.580705051457727, 39.149758541816851 ], [ 141.581100284123778, 39.149162678242256 ], [ 141.580796279303428, 39.148745254911091 ], [ 141.579217885446724, 39.147882538007757 ], [ 141.578274625171986, 39.147015755220558 ], [ 141.577392958565383, 39.146672307724735 ], [ 141.576312351425827, 39.145642056948425 ], [ 141.574442402475711, 39.146388645961004 ], [ 141.57218944915823, 39.146784618456543 ], [ 141.572452318812879, 39.147524011011079 ], [ 141.572194343796639, 39.148256279178348 ], [ 141.572223931040128, 39.14870213184448 ], [ 141.576298136752143, 39.14962997440896 ], [ 141.577129544915238, 39.150516908876448 ], [ 141.577605611385934, 39.150778983712982 ], [ 141.580028962808711, 39.151501137523169 ] ] ] } },
{ "type": "Feature", "properties": { "CITY_NAME": "住田町", "S_NAME": "世田米字中村", "JINKO": 41, "medical_area": "03_気仙医療圏", "町丁目名": "住田町世田米字中村" }, "geometry": { "type": "Polygon", "coordinates": [ [ [ 141.576298136752143, 39.14962997440896 ], [ 141.572223931040128, 39.14870213184448 ], [ 141.571910195694016, 39.148872241163907 ], [ 141.571029438588738, 39.150397133008937 ], [ 141.570785280653951, 39.152448144563962 ], [ 141.570263345002161, 39.153356597689907 ], [ 141.5702699942739, 39.153990143890375 ], [ 141.570626061870541, 39.154686163809522 ], [ 141.571752351739264, 39.1543946073702 ], [ 141.572849978982021, 39.152965318339483 ], [ 141.573559036952162, 39.15248235091201 ], [ 141.576235522457466, 39.151359849360794 ], [ 141.57807190321671, 39.150898819667702 ], [ 141.577129544915238, 39.150516908876462 ], [ 141.576298136752143, 39.14962997440896 ] ] ] } },
{ "type": "Feature", "properties": { "CITY_NAME": "住田町", "S_NAME": "世田米字狐石", "JINKO": 6, "medical_area": "03_気仙医療圏", "町丁目名": "住田町世田米字狐石" }, "geometry": { "type": "Polygon", "coordinates": [ [ [ 141.587395444835693, 39.177895760131769 ], [ 141.589338199757577, 39.176966628661006 ], [ 141.589766448036102, 39.176592628118406 ], [ 141.591073584078288, 39.174785798492586 ], [ 141.588736740075518, 39.173883480283799 ], [ 141.587606202898257, 39.173027228862246 ], [ 141.587865224616962, 39.170228026235932 ], [ 141.587243672246757, 39.168121238679227 ], [ 141.587159654392934, 39.167438167056751 ], [ 141.587322033683392, 39.166897982085331 ], [ 141.587050226007136, 39.166464542977749 ], [ 141.587388521829098, 39.165264591427395 ], [ 141.587244842123908, 39.163863665408122 ], [ 141.586713617345794, 39.162998673719876 ], [ 141.586047606007611, 39.162481069420899 ], [ 141.586370373828174, 39.161674119784607 ], [ 141.586224066647361, 39.160718037703738 ], [ 141.586622085250468, 39.159315505992595 ], [ 141.586594431240741, 39.159042206685285 ], [ 141.586228508416639, 39.158594024503863 ], [ 141.586171248769062, 39.157637294296066 ], [ 141.584937160640493, 39.155798599140724 ], [ 141.584930786132844, 39.15543078987416 ], [ 141.584643603621458, 39.154943531394224 ], [ 141.583687487687882, 39.154115871957032 ], [ 141.583551716284802, 39.153446632709482 ], [ 141.582583971856252, 39.152915595989967 ], [ 141.58171105913533, 39.152693944645748 ], [ 141.580408687985113, 39.152089935812398 ], [ 141.580081349444754, 39.151774282130233 ], [ 141.580028962808711, 39.151501137523169 ], [ 141.57807190321671, 39.150898819667702 ], [ 141.577086696406695, 39.151071740201509 ], [ 141.574238893355357, 39.152136936157504 ], [ 141.57452473810423, 39.152659773725432 ], [ 141.575685327302409, 39.153385791150789 ], [ 141.577823394811475, 39.15380014737211 ], [ 141.581445698971351, 39.156212281161679 ], [ 141.581277027766305, 39.157069189506252 ], [ 141.581331686884084, 39.157647814302692 ], [ 141.58162639501333, 39.157998295325861 ], [ 141.582843541525023, 39.158443570851269 ], [ 141.582943886013879, 39.158757573976708 ], [ 141.582677061029443, 39.161773508194806 ], [ 141.581571840821113, 39.162737121465277 ], [ 141.581692844608853, 39.164227725217067 ], [ 141.581440221455239, 39.169339029867785 ], [ 141.581127691983909, 39.171915059870422 ], [ 141.580210554807735, 39.172631295326433 ], [ 141.578691778317079, 39.172849385183007 ], [ 141.577816143949917, 39.174934975893429 ], [ 141.580590971146933, 39.175149262816674 ], [ 141.581537814113858, 39.175874106361491 ], [ 141.583808754114585, 39.176358405053072 ], [ 141.584864220311374, 39.177477040073505 ], [ 141.585208809459203, 39.177637243947025 ], [ 141.587395444835693, 39.177895760131769 ] ] ] } },
{ "type": "Feature", "properties": { "CITY_NAME": "住田町", "S_NAME": "世田米字高貝", "JINKO": 13, "medical_area": "03_気仙医療圏", "町丁目名": "住田町世田米字高貝" }, "geometry": { "type": "Polygon", "coordinates": [ [ [ 141.563888884137953, 39.15949488194137 ], [ 141.562969330390814, 39.159997177093572 ], [ 141.561284426167902, 39.161740222401399 ], [ 141.562332379671147, 39.162042797963657 ], [ 141.564760077375212, 39.162401782301195 ], [ 141.567226883038757, 39.16250022045498 ], [ 141.568979504958122, 39.162245234442203 ], [ 141.571559140698014, 39.161155358780412 ], [ 141.572264261085394, 39.160646596006387 ], [ 141.572572207376197, 39.160124014885575 ], [ 141.57258606330069, 39.159456982148512 ], [ 141.572891603361342, 39.158706752099889 ], [ 141.574160623860195, 39.158178082509963 ], [ 141.575045302613887, 39.15805410311777 ], [ 141.574681532558571, 39.15755906916916 ], [ 141.574611057220636, 39.157009676068398 ], [ 141.573727094515846, 39.156257688305764 ], [ 141.573754319303163, 39.155770590489325 ], [ 141.573361581613057, 39.1545705767114 ], [ 141.573358043303813, 39.15423483928496 ], [ 141.57420261682114, 39.153299766392578 ], [ 141.574517234842688, 39.152462558408089 ], [ 141.574238893355357, 39.152136936157504 ], [ 141.573559036952162, 39.15248235091201 ], [ 141.572849978981992, 39.152965318339483 ], [ 141.571752351739264, 39.1543946073702 ], [ 141.570590965552299, 39.154606298439276 ], [ 141.570125447430854, 39.155655002790297 ], [ 141.569673469341893, 39.156125911300023 ], [ 141.569028951365993, 39.156579307216724 ], [ 141.568333550915696, 39.156770941366062 ], [ 141.566740593548047, 39.158522215791784 ], [ 141.563888884137953, 39.15949488194137 ] ] ] } },
{ "type": "Feature", "properties": { "CITY_NAME": "住田町", "S_NAME": "世田米字大通", "JINKO": 17, "medical_area": "03_気仙医療圏", "町丁目名": "住田町世田米字大通" }, "geometry": { "type": "Polygon", "coordinates": [ [ [ 141.578691778317079, 39.172849385183007 ], [ 141.580210554807735, 39.172631295326433 ], [ 141.581127691983909, 39.171915059870422 ], [ 141.581440221455239, 39.169339029867785 ], [ 141.581692844608853, 39.164227725217067 ], [ 141.581571840821113, 39.162737121465277 ], [ 141.582677061029443, 39.161773508194806 ], [ 141.582943886013879, 39.158757573976708 ], [ 141.582843541525023, 39.158443570851269 ], [ 141.58162639501333, 39.157998295325861 ], [ 141.581331686884084, 39.157647814302692 ], [ 141.581277027766305, 39.157069189506252 ], [ 141.581445698971351, 39.156212281161679 ], [ 141.579436029607905, 39.154960274321112 ], [ 141.578310959519797, 39.154048702863598 ], [ 141.577369609161224, 39.153689732169056 ], [ 141.575977550073958, 39.153509766641704 ], [ 141.57452473810423, 39.152659773725432 ], [ 141.57420261682114, 39.153299766392578 ], [ 141.573358043303813, 39.15423483928496 ], [ 141.57343058488874, 39.154981482708877 ], [ 141.573754319303163, 39.155770590489325 ], [ 141.573727094515846, 39.156257688305764 ], [ 141.574611057220636, 39.157009676068398 ], [ 141.574681532558571, 39.15755906916916 ], [ 141.575045302613887, 39.15805410311777 ], [ 141.574902913954418, 39.158373101647328 ], [ 141.575350475599151, 39.159033898032753 ], [ 141.575869555829797, 39.159383743533894 ], [ 141.57694453487764, 39.159665798463408 ], [ 141.577662347788248, 39.160287145074022 ], [ 141.57861855541222, 39.161512894171274 ], [ 141.578695803563591, 39.161993835571877 ], [ 141.578167866072079, 39.165179057395186 ], [ 141.578531299817314, 39.166396545341854 ], [ 141.5792786166258, 39.167844238288062 ], [ 141.579306743602331, 39.168550268551037 ], [ 141.578691778317079, 39.172849385183007 ] ] ] } },
{ "type": "Feature", "properties": { "CITY_NAME": "住田町", "S_NAME": "世田米字登戸", "JINKO": 4, "medical_area": "03_気仙医療圏", "町丁目名": "住田町世田米字登戸" }, "geometry": { "type": "Polygon", "coordinates": [ [ [ 141.562433370940482, 39.170977108308556 ], [ 141.564359449866203, 39.170150479930768 ], [ 141.565093343638836, 39.169627500266714 ], [ 141.566618403233974, 39.167742017929157 ], [ 141.56734735585232, 39.166548101518941 ], [ 141.56800373142022, 39.165931786396186 ], [ 141.57136537599132, 39.165652643704846 ], [ 141.571690293024034, 39.16557191192895 ], [ 141.572525324301637, 39.164858235295867 ], [ 141.573273943686928, 39.163410525524412 ], [ 141.573281970591069, 39.163104413334999 ], [ 141.572908732955881, 39.162467981313767 ], [ 141.573215145753949, 39.161200555838938 ], [ 141.57434828744266, 39.160495258126154 ], [ 141.574534003213103, 39.160054167055918 ], [ 141.574408243480974, 39.159551360075753 ], [ 141.574682332402716, 39.158610678632975 ], [ 141.575045302613887, 39.15805410311777 ], [ 141.574160623860195, 39.158178082509963 ], [ 141.572891603361342, 39.158706752099889 ], [ 141.57258606330069, 39.159456982148512 ], [ 141.572572207376197, 39.160124014885575 ], [ 141.572264261085394, 39.160646596006387 ], [ 141.570686205018291, 39.161600069977332 ], [ 141.568979504958122, 39.162245234442203 ], [ 141.567226883038757, 39.16250022045498 ], [ 141.564760077375212, 39.162401782301195 ], [ 141.562332379671147, 39.162042797963657 ], [ 141.561284426167902, 39.161740222401399 ], [ 141.56062391614185, 39.161938069996452 ], [ 141.559917270619735, 39.162495330139016 ], [ 141.559860803057632, 39.163361940630274 ], [ 141.559339104017482, 39.164596549328685 ], [ 141.559389049598934, 39.165207668353595 ], [ 141.558545930277205, 39.165960228726036 ], [ 141.558250883021373, 39.166964152024782 ], [ 141.55829941905634, 39.167439453041148 ], [ 141.558501562528875, 39.167998671721833 ], [ 141.560315000546268, 39.170492593859507 ], [ 141.561212675736812, 39.170911942842935 ], [ 141.562433370940482, 39.170977108308556 ] ] ] } },
{ "type": "Feature", "properties": { "CITY_NAME": "住田町", "S_NAME": "世田米字仁田代", "JINKO": 15, "medical_area": "03_気仙医療圏", "町丁目名": "住田町世田米字仁田代" }, "geometry": { "type": "Polygon", "coordinates": [ [ [ 141.577816143949917, 39.174934975893429 ], [ 141.578808325251345, 39.172365587476492 ], [ 141.579306743602331, 39.168550268551037 ], [ 141.5792786166258, 39.167844238288062 ], [ 141.578531299817314, 39.166396545341854 ], [ 141.578167866072079, 39.165179057395186 ], [ 141.578695803563591, 39.161993835571877 ], [ 141.57861855541222, 39.161512894171274 ], [ 141.577662347788248, 39.160287145074022 ], [ 141.57694453487764, 39.159665798463408 ], [ 141.575610631737874, 39.159264975884014 ], [ 141.574902913954418, 39.158373101647328 ], [ 141.574682332402716, 39.158610678632975 ], [ 141.574408243480974, 39.159551360075753 ], [ 141.574534003213103, 39.160054167055918 ], [ 141.57434828744266, 39.160495258126154 ], [ 141.573215145753949, 39.161200555838938 ], [ 141.572908732955881, 39.162467981313767 ], [ 141.573281970591069, 39.163104413334999 ], [ 141.573273943686928, 39.163410525524412 ], [ 141.572525324301637, 39.164858235295867 ], [ 141.571690293024034, 39.16557191192895 ], [ 141.57136537599132, 39.165652643704846 ], [ 141.56800373142022, 39.165931786396186 ], [ 141.56734735585232, 39.166548101518941 ], [ 141.566618403233974, 39.167742017929157 ], [ 141.565093343638836, 39.169627500266714 ], [ 141.564359449866203, 39.170150479930768 ], [ 141.562433370940482, 39.170977108308556 ], [ 141.564172751289135, 39.172083962544903 ], [ 141.566641336811301, 39.174256487108849 ], [ 141.567392960062392, 39.174569091914542 ], [ 141.567551611458583, 39.175771025611695 ], [ 141.567774597932669, 39.176148525964457 ], [ 141.568105229991914, 39.176345328156927 ], [ 141.570041392814716, 39.176465786925554 ], [ 141.570600421829937, 39.176395894905042 ], [ 141.571520135515414, 39.175907028569419 ], [ 141.572407521583386, 39.175816186080638 ], [ 141.574303779850794, 39.176187772773275 ], [ 141.575728082313702, 39.176235510227485 ], [ 141.576407903001581, 39.176079664612928 ], [ 141.577816143949917, 39.174934975893429 ] ] ] } },
{ "type": "Feature", "properties": { "CITY_NAME": "住田町", "S_NAME": "世田米字清水沢", "JINKO": 101, "medical_area": "03_気仙医療圏", "町丁目名": "住田町世田米字清水沢" }, "geometry": { "type": "Polygon", "coordinates": [ [ [ 141.572452318812907, 39.147524011011093 ], [ 141.572189449158259, 39.146784618456543 ], [ 141.568905984428142, 39.146916500388762 ], [ 141.566559229402458, 39.146501516190703 ], [ 141.5663683753979, 39.147222862870464 ], [ 141.566732840653231, 39.149146541344315 ], [ 141.566349421772543, 39.149846362819204 ], [ 141.566225065801859, 39.150605505686869 ], [ 141.566377058877777, 39.1524955379465 ], [ 141.566805293969111, 39.153204347827895 ], [ 141.568310210611088, 39.153967275545568 ], [ 141.568411766989527, 39.154481502479491 ], [ 141.568174735829899, 39.154810656661247 ], [ 141.566349795794963, 39.155641260631469 ], [ 141.564535897959615, 39.156963192798223 ], [ 141.563888884137953, 39.15949488194137 ], [ 141.566740593548047, 39.158522215791784 ], [ 141.568333550915696, 39.156770941366062 ], [ 141.569387471201907, 39.156371136245674 ], [ 141.570125447430854, 39.155655002790297 ], [ 141.570590965552242, 39.154606298439276 ], [ 141.5702699942739, 39.153990143890375 ], [ 141.570263345002161, 39.153356597689907 ], [ 141.570785280653951, 39.152448144563962 ], [ 141.571029438588738, 39.150397133008937 ], [ 141.571910195694016, 39.148872241163907 ], [ 141.572223931040128, 39.14870213184448 ], [ 141.572194343796639, 39.148256279178348 ], [ 141.572452318812907, 39.147524011011093 ] ] ] } },
{ "type": "Feature", "properties": { "CITY_NAME": "住田町", "S_NAME": "世田米字赤畑", "JINKO": 173, "medical_area": "03_気仙医療圏", "町丁目名": "住田町世田米字赤畑" }, "geometry": { "type": "Polygon", "coordinates": [ [ [ 141.556057384989884, 39.143581718486118 ], [ 141.553692895074335, 39.142707159324438 ], [ 141.553673847703323, 39.145003650169066 ], [ 141.554285641841659, 39.145369213598833 ], [ 141.55587208486179, 39.145908640225095 ], [ 141.556203129440235, 39.146171770264687 ], [ 141.556015231154021, 39.14681686452959 ], [ 141.554592952854478, 39.148056711470069 ], [ 141.554441650497381, 39.148720508986358 ], [ 141.554558067213236, 39.150503592218165 ], [ 141.555499090531953, 39.150803568721408 ], [ 141.555809890614313, 39.151328126703788 ], [ 141.55592329948422, 39.151752070566943 ], [ 141.55575790683676, 39.152636228882066 ], [ 141.556008132067348, 39.15363675497295 ], [ 141.556727268539817, 39.154625934268061 ], [ 141.556084794088008, 39.155784832884713 ], [ 141.556087766706014, 39.156073563446881 ], [ 141.556839561514209, 39.157054020102386 ], [ 141.557764338324944, 39.157880471083232 ], [ 141.557794886980531, 39.158729494435597 ], [ 141.557951280859868, 39.159085182403558 ], [ 141.558974700690698, 39.159953512164932 ], [ 141.55908797115876, 39.160360490356119 ], [ 141.559011944497826, 39.161447900734402 ], [ 141.559917270619735, 39.162495330138995 ], [ 141.56062391614185, 39.161938069996452 ], [ 141.561284426167902, 39.161740222401399 ], [ 141.562969330390814, 39.159997177093572 ], [ 141.563888884137953, 39.15949488194137 ], [ 141.564535897959615, 39.156963192798223 ], [ 141.566349795794963, 39.155641260631469 ], [ 141.568174735829899, 39.154810656661247 ], [ 141.568411766989527, 39.154481502479491 ], [ 141.568310210611088, 39.153967275545568 ], [ 141.566805293969111, 39.153204347827895 ], [ 141.566377058877777, 39.1524955379465 ], [ 141.566225065801859, 39.150605505686869 ], [ 141.566349421772543, 39.149846362819204 ], [ 141.566732840653231, 39.149146541344315 ], [ 141.5663683753979, 39.147222862870464 ], [ 141.566559229402458, 39.146501516190703 ], [ 141.560628431446304, 39.145634698219354 ], [ 141.558276416240943, 39.145147516464029 ], [ 141.557025555145174, 39.144408008608636 ], [ 141.556057384989884, 39.143581718486118 ] ] ] } },
{ "type": "Feature", "properties": { "CITY_NAME": "住田町", "S_NAME": "世田米字赤畑", "JINKO": 0, "medical_area": "03_気仙医療圏", "町丁目名": "住田町世田米字赤畑" }, "geometry": { "type": "Polygon", "coordinates": [ [ [ 141.569157169860603, 39.145698822281268 ], [ 141.569064986650943, 39.145519853087976 ], [ 141.568359702363523, 39.145602090038722 ], [ 141.568207721001954, 39.14567636038295 ], [ 141.568215543641543, 39.145965085553634 ], [ 141.568714893449993, 39.145953924231549 ], [ 141.568787106781372, 39.145773716453554 ], [ 141.569157169860603, 39.145698822281268 ] ] ] } },
{ "type": "Feature", "properties": { "CITY_NAME": "住田町", "S_NAME": "世田米字小府金", "JINKO": 69, "medical_area": "03_気仙医療圏", "町丁目名": "住田町世田米字小府金" }, "geometry": { "type": "Polygon", "coordinates": [ [ [ 141.554558067213236, 39.150503592218165 ], [ 141.554441650497381, 39.148720508986358 ], [ 141.554592952854478, 39.148056711470069 ], [ 141.556015231154021, 39.14681686452959 ], [ 141.556203129440235, 39.146171770264687 ], [ 141.55587208486179, 39.145908640225088 ], [ 141.554285641841659, 39.145369213598833 ], [ 141.553673847703294, 39.145003650169066 ], [ 141.553692895074335, 39.142707159324438 ], [ 141.552023042166923, 39.142578993590874 ], [ 141.549063255074287, 39.143208557660557 ], [ 141.54843405573331, 39.143535077770601 ], [ 141.546432814912492, 39.146213893130408 ], [ 141.546065493614321, 39.14770203823867 ], [ 141.546875143549414, 39.147884164335331 ], [ 141.55003874491419, 39.147966738868405 ], [ 141.551437208671985, 39.148212925886234 ], [ 141.552072337997373, 39.148463786025964 ], [ 141.552709910288854, 39.148952426281653 ], [ 141.553022202773207, 39.14962990942221 ], [ 141.553596099809567, 39.150288750043657 ], [ 141.554558067213236, 39.150503592218165 ] ] ] } },
{ "type": "Feature", "properties": { "CITY_NAME": "住田町", "S_NAME": "世田米字合地沢", "JINKO": 50, "medical_area": "03_気仙医療圏", "町丁目名": "住田町世田米字合地沢" }, "geometry": { "type": "Polygon", "coordinates": [ [ [ 141.563745480768318, 39.139735267458249 ], [ 141.562104956507852, 39.137512586514596 ], [ 141.561846374638151, 39.136870672594938 ], [ 141.562315991181634, 39.135019444663143 ], [ 141.562049713034696, 39.132176055829873 ], [ 141.562766823389296, 39.130389995036012 ], [ 141.562820763292876, 39.129761826814935 ], [ 141.561738032535942, 39.128348024271205 ], [ 141.560544060729427, 39.127868804951248 ], [ 141.559082883089445, 39.126959874069001 ], [ 141.557131704034873, 39.124467631923991 ], [ 141.557211246070807, 39.123613943996958 ], [ 141.556732224593247, 39.122550539668772 ], [ 141.558162500094596, 39.120780317738287 ], [ 141.557388696124519, 39.118535334042306 ], [ 141.556725400345528, 39.11586992732601 ], [ 141.557071296659245, 39.115152246076384 ], [ 141.557665411993383, 39.114529300111222 ], [ 141.559526883573, 39.113485711397061 ], [ 141.559059872704694, 39.111935632350757 ], [ 141.558795871835002, 39.111847891235506 ], [ 141.55903471205761, 39.110294724196194 ], [ 141.558797585516658, 39.108213462430335 ], [ 141.557709224816421, 39.106135381839245 ], [ 141.557224429364481, 39.105711837281284 ], [ 141.556804025597813, 39.105026720763398 ], [ 141.556765965335643, 39.104583019038728 ], [ 141.557164459543856, 39.103679509693826 ], [ 141.557116759078951, 39.103383870766031 ], [ 141.556684724434263, 39.102655332527455 ], [ 141.555081152904108, 39.102073322578867 ], [ 141.554672567870767, 39.101449071545439 ], [ 141.553890175039129, 39.100866258222489 ], [ 141.553528129476177, 39.099327659599368 ], [ 141.551680623879747, 39.098368545930192 ], [ 141.550133045078184, 39.097786049186944 ], [ 141.549199424165522, 39.097156273661781 ], [ 141.548599145440107, 39.096350404895588 ], [ 141.548061751598397, 39.096231803332977 ], [ 141.544303241254255, 39.097399440241766 ], [ 141.540583834404515, 39.100246887873041 ], [ 141.539783478828753, 39.100643449734797 ], [ 141.53784432361681, 39.101116552057427 ], [ 141.536186224032463, 39.101770698272354 ], [ 141.534020571975105, 39.103063365255558 ], [ 141.532401395648378, 39.104608699149914 ], [ 141.531484736712429, 39.105077263783997 ], [ 141.529036625095841, 39.103957184931353 ], [ 141.527780026811939, 39.103107893550913 ], [ 141.527597584705802, 39.102692136733609 ], [ 141.528089097607022, 39.101299836543376 ], [ 141.528341427533093, 39.099770035140978 ], [ 141.527139540892364, 39.09843404017775 ], [ 141.526473513826431, 39.097187538631793 ], [ 141.525963314100693, 39.096681176064997 ], [ 141.524497767405052, 39.09571724596573 ], [ 141.523484658344074, 39.096635670769778 ], [ 141.521689193513424, 39.097524145570901 ], [ 141.521322817527704, 39.097855457895179 ], [ 141.520990300675436, 39.098505449541186 ], [ 141.519524759358774, 39.098939294587346 ], [ 141.519192740708775, 39.09918812925735 ], [ 141.519253556623511, 39.102263592699714 ], [ 141.518123724810891, 39.103288578254357 ], [ 141.517925213270587, 39.104599663075348 ], [ 141.517435876758952, 39.104965956037695 ], [ 141.516668654002018, 39.106174027418334 ], [ 141.517398744393489, 39.107027011461604 ], [ 141.516792759325483, 39.10762376225555 ], [ 141.516719445483204, 39.109132923164331 ], [ 141.515949708582269, 39.11008729188174 ], [ 141.515537188162142, 39.11111839175809 ], [ 141.512509226341393, 39.112497299296223 ], [ 141.510619922022357, 39.112837407580926 ], [ 141.509033652060168, 39.11384761541769 ], [ 141.508870234748144, 39.116545862518151 ], [ 141.509020617741442, 39.117350656702989 ], [ 141.509566541413022, 39.118486603862934 ], [ 141.510436619551427, 39.11995404270062 ], [ 141.512173928308385, 39.120735765330664 ], [ 141.512856125226733, 39.12120409608896 ], [ 141.513396440798914, 39.121756645182998 ], [ 141.513438297506156, 39.122395419425672 ], [ 141.513092624087705, 39.123536542629608 ], [ 141.512860388342915, 39.125343750789618 ], [ 141.511485177387101, 39.126990939867575 ], [ 141.511183175075502, 39.128965259033677 ], [ 141.510653788150137, 39.129551741530477 ], [ 141.509270358361618, 39.130351544848843 ], [ 141.509060452267846, 39.130783386559756 ], [ 141.50884355003862, 39.132340508024193 ], [ 141.507007522599139, 39.134157475019862 ], [ 141.507764880736374, 39.134240428086542 ], [ 141.509782793812434, 39.133787700360536 ], [ 141.5116039127862, 39.133903192894081 ], [ 141.515020919861314, 39.135930759718512 ], [ 141.516239102870458, 39.136427613326816 ], [ 141.517576510082705, 39.136703341444978 ], [ 141.51854592551615, 39.136571619950466 ], [ 141.520839213086617, 39.135329676475259 ], [ 141.521607659833705, 39.135325156132616 ], [ 141.523361195284309, 39.136795329577495 ], [ 141.524254669854827, 39.13716805085916 ], [ 141.527172542998613, 39.137749267582485 ], [ 141.528305295733503, 39.137774073175571 ], [ 141.531032297487769, 39.137458601295272 ], [ 141.531761265899064, 39.13754876820424 ], [ 141.533103129551762, 39.138265205971415 ], [ 141.536649766354714, 39.141047493259336 ], [ 141.537951610360778, 39.141795661413248 ], [ 141.538808885640861, 39.142577946990123 ], [ 141.54124672096782, 39.141086479433028 ], [ 141.541745894407597, 39.141016818674515 ], [ 141.54472685886077, 39.141340167501987 ], [ 141.547168492747801, 39.141267401818851 ], [ 141.549398823124449, 39.141820728331865 ], [ 141.550770847255109, 39.142800549437084 ], [ 141.55291739322081, 39.142590459417725 ], [ 141.555311867038142, 39.143195659753722 ], [ 141.557954286502763, 39.144986732547522 ], [ 141.559534563797314, 39.145451900432541 ], [ 141.561138822489909, 39.143533267526848 ], [ 141.562847483419233, 39.142146835696565 ], [ 141.563638775335534, 39.14063028017263 ], [ 141.563745480768318, 39.139735267458249 ] ] ] } },
{ "type": "Feature", "properties": { "CITY_NAME": "住田町", "S_NAME": "世田米字大渡", "JINKO": 32, "medical_area": "03_気仙医療圏", "町丁目名": "住田町世田米字大渡" }, "geometry": { "type": "Polygon", "coordinates": [ [ [ 141.53998761786761, 39.149782522404074 ], [ 141.542408930409835, 39.149792160224813 ], [ 141.545129635722077, 39.148687992001925 ], [ 141.545680439098078, 39.148316788657162 ], [ 141.546065493614321, 39.14770203823867 ], [ 141.546432814912492, 39.146213893130408 ], [ 141.54843405573331, 39.143535077770601 ], [ 141.549063255074287, 39.143208557660557 ], [ 141.550770847255109, 39.142800549437084 ], [ 141.549398823124449, 39.141820728331865 ], [ 141.548181598921389, 39.14145017789982 ], [ 141.547168492747801, 39.141267401818851 ], [ 141.543794134455027, 39.14130655292702 ], [ 141.541745894407597, 39.141016818674515 ], [ 141.54124672096782, 39.141086479433028 ], [ 141.538808885640861, 39.142577946990123 ], [ 141.537951610360778, 39.141795661413248 ], [ 141.536649766354714, 39.141047493259336 ], [ 141.533103129551762, 39.138265205971415 ], [ 141.531761265899064, 39.13754876820424 ], [ 141.531032297487769, 39.137458601295272 ], [ 141.528305295733503, 39.137774073175571 ], [ 141.527172542998613, 39.137749267582485 ], [ 141.524254669854827, 39.13716805085916 ], [ 141.523361195284309, 39.136795329577495 ], [ 141.521607659833705, 39.135325156132616 ], [ 141.520839213086617, 39.135329676475259 ], [ 141.51854592551615, 39.136571619950466 ], [ 141.517576510082705, 39.136703341444978 ], [ 141.516239102870458, 39.136427613326816 ], [ 141.515020919861314, 39.135930759718512 ], [ 141.5116039127862, 39.133903192894081 ], [ 141.510591312185397, 39.133751561981263 ], [ 141.509782793812434, 39.133787700360536 ], [ 141.507764880736374, 39.134240428086542 ], [ 141.507007522599139, 39.134157475019862 ], [ 141.50662603414392, 39.134509307344743 ], [ 141.506522214459665, 39.134826246119374 ], [ 141.506676152007856, 39.135274916564036 ], [ 141.507518039268689, 39.136119198345511 ], [ 141.50762988232222, 39.136634759692782 ], [ 141.507150453336607, 39.137919577405256 ], [ 141.507008192797088, 39.139810213229687 ], [ 141.507123383614157, 39.140675383728656 ], [ 141.508001232266196, 39.14303465015351 ], [ 141.508092834788044, 39.143666869939892 ], [ 141.50793986440604, 39.144471873572677 ], [ 141.50866286666664, 39.144678244108455 ], [ 141.51067972435709, 39.145877300674087 ], [ 141.512960906278408, 39.146443075123983 ], [ 141.51400141166414, 39.146858167562989 ], [ 141.514660917403063, 39.147485968365622 ], [ 141.514914544305753, 39.148081081461115 ], [ 141.515037223130321, 39.149115550854226 ], [ 141.5154460163549, 39.14944654438267 ], [ 141.51677813546172, 39.149719497450441 ], [ 141.519644566145757, 39.149044743461332 ], [ 141.520788888053914, 39.1485467189557 ], [ 141.522947956620499, 39.148130468770425 ], [ 141.525306684457007, 39.147397146828361 ], [ 141.526117828490754, 39.147392345301078 ], [ 141.526302053861684, 39.147794795152677 ], [ 141.52663396951553, 39.150608955744318 ], [ 141.527025685804603, 39.151483950764948 ], [ 141.527572872555737, 39.152129860974398 ], [ 141.528130983544685, 39.151676136968362 ], [ 141.529022519326872, 39.151433247582887 ], [ 141.530525355932383, 39.152649423676642 ], [ 141.531600481043029, 39.152917905042479 ], [ 141.532581715461816, 39.152714920156178 ], [ 141.534331672421104, 39.151093027727143 ], [ 141.537250611216137, 39.149642353959564 ], [ 141.538662529498367, 39.149362342994003 ], [ 141.53998761786761, 39.149782522404074 ] ] ] } },
{ "type": "Feature", "properties": { "CITY_NAME": "住田町", "S_NAME": "世田米字向川口", "JINKO": 114, "medical_area": "03_気仙医療圏", "町丁目名": "住田町世田米字向川口" }, "geometry": { "type": "Polygon", "coordinates": [ [ [ 141.556727268539817, 39.154625934268061 ], [ 141.556008132067348, 39.15363675497295 ], [ 141.55575790683676, 39.152636228882066 ], [ 141.55592329948422, 39.151752070566943 ], [ 141.555499090531953, 39.150803568721408 ], [ 141.555104226559905, 39.150585167647485 ], [ 141.553596099809539, 39.150288750043686 ], [ 141.553022202773235, 39.14962990942221 ], [ 141.552709910288854, 39.148952426281653 ], [ 141.552072337997345, 39.14846378602595 ], [ 141.55003874491419, 39.147966738868405 ], [ 141.546875143549386, 39.147884164335331 ], [ 141.54606549361435, 39.147702038238648 ], [ 141.545680439098078, 39.148316788657162 ], [ 141.545129635722077, 39.148687992001925 ], [ 141.542408930409835, 39.149792160224813 ], [ 141.540826448888623, 39.149850505549658 ], [ 141.539624539387347, 39.150585666178117 ], [ 141.538431841095274, 39.152039164972138 ], [ 141.537751162279022, 39.153622094218655 ], [ 141.537205174336435, 39.154437739073892 ], [ 141.537165701422964, 39.154823640544478 ], [ 141.537244862942799, 39.155128457886399 ], [ 141.537616346788582, 39.155307793036727 ], [ 141.541039391710768, 39.156128410700738 ], [ 141.542706100538368, 39.15531996032604 ], [ 141.543730820719759, 39.155001408587395 ], [ 141.54610868088642, 39.154616055423396 ], [ 141.548181643603499, 39.155062113266872 ], [ 141.549138848838339, 39.155505256449153 ], [ 141.54997313708401, 39.156183355072017 ], [ 141.550558711099427, 39.157058195728723 ], [ 141.551134819845515, 39.159455669079655 ], [ 141.552522529827343, 39.162056594415567 ], [ 141.552818412682882, 39.163362084238372 ], [ 141.552758503529191, 39.164805806663743 ], [ 141.555174123395545, 39.165188011120442 ], [ 141.558456716786822, 39.166189013886523 ], [ 141.559389049598934, 39.165207668353595 ], [ 141.559339104017482, 39.164596549328664 ], [ 141.559860803057632, 39.163361940630274 ], [ 141.559917270619735, 39.162495330138995 ], [ 141.559011944497826, 39.161447900734402 ], [ 141.55908797115876, 39.160360490356119 ], [ 141.558974700690698, 39.159953512164932 ], [ 141.557951280859868, 39.159085182403558 ], [ 141.557794886980531, 39.158729494435597 ], [ 141.557764338324944, 39.157880471083232 ], [ 141.556839561514209, 39.157054020102386 ], [ 141.556087766706014, 39.156073563446881 ], [ 141.556084794088008, 39.155784832884713 ], [ 141.556727268539817, 39.154625934268061 ] ] ] } },
{ "type": "Feature", "properties": { "CITY_NAME": "住田町", "S_NAME": "世田米字川口", "JINKO": 21, "medical_area": "03_気仙医療圏", "町丁目名": "住田町世田米字川口" }, "geometry": { "type": "Polygon", "coordinates": [ [ [ 141.537205174336407, 39.154437739073892 ], [ 141.537751162278965, 39.153622094218655 ], [ 141.538431841095274, 39.152039164972138 ], [ 141.539311423401472, 39.150847878158757 ], [ 141.540826448888623, 39.149850505549658 ], [ 141.53998761786761, 39.149782522404074 ], [ 141.538662529498367, 39.149362342994003 ], [ 141.537250611216137, 39.149642353959564 ], [ 141.534331672421104, 39.151093027727143 ], [ 141.532581715461816, 39.152714920156178 ], [ 141.531970671447908, 39.152897045726121 ], [ 141.531228746927837, 39.15291076243367 ], [ 141.530525355932383, 39.152649423676642 ], [ 141.529022519326872, 39.151433247582887 ], [ 141.528130983544685, 39.151676136968362 ], [ 141.527572872555737, 39.152129860974398 ], [ 141.531436206004088, 39.155405505594146 ], [ 141.532017011914661, 39.156024941987191 ], [ 141.532296686521448, 39.156734427461835 ], [ 141.535287406710381, 39.156199250356984 ], [ 141.535509050998144, 39.155797688639808 ], [ 141.535687138492875, 39.154801071180337 ], [ 141.537205174336407, 39.154437739073892 ] ] ] } },
{ "type": "Feature", "properties": { "CITY_NAME": "住田町", "S_NAME": "世田米字天風", "JINKO": 35, "medical_area": "03_気仙医療圏", "町丁目名": "住田町世田米字天風" }, "geometry": { "type": "Polygon", "coordinates": [ [ [ 141.544445353149143, 39.162678883458014 ], [ 141.544976132846983, 39.161814947979607 ], [ 141.545087359409905, 39.160565578084729 ], [ 141.544724532074326, 39.1595939855032 ], [ 141.544615580446731, 39.158309853792709 ], [ 141.544394562687586, 39.157580829623214 ], [ 141.543216451573471, 39.156807017858398 ], [ 141.542333534728101, 39.156441137968976 ], [ 141.537371107341215, 39.155220383971439 ], [ 141.537165701422964, 39.154823640544478 ], [ 141.537205174336407, 39.154437739073892 ], [ 141.535687138492875, 39.154801071180337 ], [ 141.535509050998144, 39.155797688639808 ], [ 141.535287406710381, 39.156199250356984 ], [ 141.532296686521448, 39.156734427461835 ], [ 141.532091363417607, 39.1582697239608 ], [ 141.531634050958814, 39.159254419748109 ], [ 141.529617781930597, 39.162021401947648 ], [ 141.533688214233024, 39.163015579246505 ], [ 141.536555739405742, 39.162755506393971 ], [ 141.539927676107681, 39.163026615490914 ], [ 141.544445353149143, 39.162678883458014 ] ] ] } },
{ "type": "Feature", "properties": { "CITY_NAME": "住田町", "S_NAME": "世田米字竹の原", "JINKO": 90, "medical_area": "03_気仙医療圏", "町丁目名": "住田町世田米字竹の原" }, "geometry": { "type": "Polygon", "coordinates": [ [ [ 141.530350251316463, 39.173557346882497 ], [ 141.534345101639929, 39.169243104496857 ], [ 141.535228067928671, 39.168816400414826 ], [ 141.536401145883616, 39.168832795629164 ], [ 141.537922678290329, 39.169104588375994 ], [ 141.540696709472684, 39.17055697463045 ], [ 141.541345316622568, 39.170752078859437 ], [ 141.542955710262618, 39.170882796978873 ], [ 141.545199685599158, 39.170465275728603 ], [ 141.545193314015904, 39.168358235677246 ], [ 141.543961216034887, 39.165016641793834 ], [ 141.544137322334763, 39.163486427932256 ], [ 141.544445353149143, 39.162678883458014 ], [ 141.539927676107681, 39.163026615490914 ], [ 141.536555739405742, 39.162755506393971 ], [ 141.533688214233024, 39.163015579246505 ], [ 141.529617781930597, 39.162021401947648 ], [ 141.527884616932852, 39.163904708142759 ], [ 141.527518300100809, 39.164652381583224 ], [ 141.527407807094932, 39.165289522892614 ], [ 141.527774276203928, 39.167657834990827 ], [ 141.527379286270389, 39.16934274081413 ], [ 141.527453226032122, 39.170576154237331 ], [ 141.527809151311686, 39.171182945550804 ], [ 141.528724382486644, 39.172138929420434 ], [ 141.530350251316463, 39.173557346882497 ] ] ] } },
{ "type": "Feature", "properties": { "CITY_NAME": "住田町", "S_NAME": "世田米字向竹の原", "JINKO": 4, "medical_area": "03_気仙医療圏", "町丁目名": "住田町世田米字向竹の原" }, "geometry": { "type": "Polygon", "coordinates": [ [ [ 141.552758503529191, 39.164805806663743 ], [ 141.552818412682882, 39.163362084238372 ], [ 141.552522529827343, 39.162056594415567 ], [ 141.551134819845515, 39.159455669079655 ], [ 141.550558711099427, 39.157058195728709 ], [ 141.54997313708401, 39.156183355072017 ], [ 141.549138848838339, 39.155505256449146 ], [ 141.548181643603499, 39.155062113266872 ], [ 141.54610868088642, 39.154616055423389 ], [ 141.543730820719759, 39.155001408587395 ], [ 141.542706100538368, 39.15531996032604 ], [ 141.541039391710797, 39.156128410700738 ], [ 141.543216451573471, 39.156807017858398 ], [ 141.544144807815798, 39.157375088875042 ], [ 141.544530213275237, 39.157828293360375 ], [ 141.544724532074326, 39.1595939855032 ], [ 141.545087359409905, 39.160565578084729 ], [ 141.544976132846983, 39.161814947979607 ], [ 141.544137322334763, 39.163486427932256 ], [ 141.543961216034887, 39.165016641793834 ], [ 141.545193314015904, 39.168358235677246 ], [ 141.546122387705026, 39.168036519813739 ], [ 141.548242255840023, 39.166513403993108 ], [ 141.550320229924125, 39.165318316829939 ], [ 141.552758503529191, 39.164805806663743 ] ] ] } },
{ "type": "Feature", "properties": { "CITY_NAME": "住田町", "S_NAME": "世田米字下柏里", "JINKO": 19, "medical_area": "03_気仙医療圏", "町丁目名": "住田町世田米字下柏里" }, "geometry": { "type": "Polygon", "coordinates": [ [ [ 141.530350251316463, 39.173557346882497 ], [ 141.528724382486644, 39.172138929420434 ], [ 141.527809151311686, 39.171182945550804 ], [ 141.527453226032122, 39.170576154237331 ], [ 141.527379286270389, 39.16934274081413 ], [ 141.527774276203928, 39.167657834990827 ], [ 141.527407807094932, 39.165289522892614 ], [ 141.527518300100809, 39.164652381583224 ], [ 141.527884616932852, 39.163904708142759 ], [ 141.529617781930597, 39.162021401947648 ], [ 141.531634050958814, 39.159254419748109 ], [ 141.532091363417607, 39.1582697239608 ], [ 141.532296686521448, 39.156734427461835 ], [ 141.532017011914661, 39.156024941987191 ], [ 141.530844899078204, 39.154865090625506 ], [ 141.528573520380974, 39.153053879296046 ], [ 141.527025685804603, 39.151483950764948 ], [ 141.52663396951553, 39.150608955744318 ], [ 141.526302053861684, 39.147794795152677 ], [ 141.526117828490754, 39.147392345301078 ], [ 141.525306684457007, 39.147397146828361 ], [ 141.517092824198699, 39.149642915286236 ], [ 141.518216988447108, 39.151531376300504 ], [ 141.519734153870871, 39.152972652961438 ], [ 141.519646817689107, 39.154067249068476 ], [ 141.520776671701981, 39.155994207600337 ], [ 141.522059329480243, 39.15877759281544 ], [ 141.522333523884924, 39.159804114514749 ], [ 141.522342849114693, 39.16075513380715 ], [ 141.522086540624343, 39.161553519940846 ], [ 141.520244333952661, 39.163087324037726 ], [ 141.520267246532228, 39.164758914994238 ], [ 141.519278559009962, 39.16651985044183 ], [ 141.518813863569761, 39.16865568936052 ], [ 141.517367966807967, 39.171162399953509 ], [ 141.516114028265719, 39.172626395722965 ], [ 141.514207425761526, 39.173562555215078 ], [ 141.513731746494642, 39.173896731061042 ], [ 141.51322345671025, 39.174588889591057 ], [ 141.513888518192118, 39.174936197777356 ], [ 141.514132322128944, 39.175262593126156 ], [ 141.515090969318379, 39.175637390091268 ], [ 141.517258684512115, 39.175847184598112 ], [ 141.520231037019443, 39.175291226710449 ], [ 141.520860232158583, 39.175041699797795 ], [ 141.521874928982044, 39.174228010606761 ], [ 141.523426226900824, 39.173697933436259 ], [ 141.529030163422675, 39.173893027055314 ], [ 141.529841276110034, 39.17379452605536 ], [ 141.530350251316463, 39.173557346882497 ] ] ] } },
{ "type": "Feature", "properties": { "CITY_NAME": "住田町", "S_NAME": "世田米字柏里", "JINKO": 16, "medical_area": "03_気仙医療圏", "町丁目名": "住田町世田米字柏里" }, "geometry": { "type": "Polygon", "coordinates": [ [ [ 141.51322345671025, 39.174588889591057 ], [ 141.513731746494642, 39.173896731061042 ], [ 141.514207425761526, 39.173562555215078 ], [ 141.516114028265719, 39.172626395722965 ], [ 141.517927043235204, 39.170289265901111 ], [ 141.518813863569761, 39.16865568936052 ], [ 141.519481685352616, 39.166005611448831 ], [ 141.520267246532228, 39.164758914994238 ], [ 141.520244333952661, 39.163087324037726 ], [ 141.522086540624343, 39.161553519940846 ], [ 141.522342849114693, 39.16075513380715 ], [ 141.522333523884924, 39.159804114514749 ], [ 141.522059329480243, 39.15877759281544 ], [ 141.520776671701981, 39.155994207600337 ], [ 141.519646817689107, 39.154067249068476 ], [ 141.519734153870871, 39.152972652961438 ], [ 141.518216988447108, 39.151531376300504 ], [ 141.517092824198699, 39.149642915286236 ], [ 141.516079146615255, 39.149670940635225 ], [ 141.515037223130321, 39.149115550854226 ], [ 141.514914544305753, 39.148081081461115 ], [ 141.514660917403063, 39.147485968365622 ], [ 141.51400141166414, 39.146858167562989 ], [ 141.512960906278408, 39.146443075123983 ], [ 141.51067972435709, 39.145877300674087 ], [ 141.50866286666664, 39.144678244108455 ], [ 141.50793986440604, 39.144471873572677 ], [ 141.506975514540841, 39.146652155256255 ], [ 141.506696927753893, 39.14797666878107 ], [ 141.506413715987406, 39.150085502760234 ], [ 141.506656281148366, 39.151340844154646 ], [ 141.50727443631925, 39.152527930489804 ], [ 141.508430862606247, 39.154165400444036 ], [ 141.509950922895058, 39.155744027389964 ], [ 141.51284909743319, 39.158295816964305 ], [ 141.513160513311504, 39.159147326023806 ], [ 141.513169291253632, 39.160055000874301 ], [ 141.512674188607178, 39.161909780510705 ], [ 141.511083033034652, 39.165200874979774 ], [ 141.509644449832621, 39.1675749711968 ], [ 141.50874849232784, 39.17090310669154 ], [ 141.509984126764579, 39.172728986778985 ], [ 141.510370464366474, 39.17505030601771 ], [ 141.512801812061667, 39.174532788645358 ], [ 141.51322345671025, 39.174588889591057 ] ] ] } },
{ "type": "Feature", "properties": { "CITY_NAME": "住田町", "S_NAME": "世田米字小股", "JINKO": 81, "medical_area": "03_気仙医療圏", "町丁目名": "住田町世田米字小股" }, "geometry": { "type": "Polygon", "coordinates": [ [ [ 141.473147974212822, 39.157001972650704 ], [ 141.475042397869231, 39.157681398609483 ], [ 141.476376217483249, 39.157789329382823 ], [ 141.480540569219471, 39.157708651507008 ], [ 141.483052567261609, 39.158105474984104 ], [ 141.488238011432372, 39.159337562556018 ], [ 141.488954111384459, 39.159701049134028 ], [ 141.489144202381112, 39.160233227688188 ], [ 141.48895664541044, 39.16046258510665 ], [ 141.488342610432369, 39.160372645291574 ], [ 141.487908684009653, 39.160763000746599 ], [ 141.487210224694252, 39.160790707588497 ], [ 141.485982609155144, 39.161346667158739 ], [ 141.485339209065387, 39.162237857108067 ], [ 141.485289960119275, 39.162512601419166 ], [ 141.485556087534434, 39.16304731225663 ], [ 141.485451123422422, 39.163650042391289 ], [ 141.484849840119466, 39.164518966562696 ], [ 141.483841354636837, 39.164868671211451 ], [ 141.482828810319205, 39.165538673190646 ], [ 141.481947659479658, 39.166680024126293 ], [ 141.480940848413354, 39.167467086763089 ], [ 141.480181201215117, 39.167244340534367 ], [ 141.479645642323959, 39.167342461452868 ], [ 141.47904918427318, 39.168237020852786 ], [ 141.477889001191443, 39.16847406911829 ], [ 141.477145002733693, 39.169190046273982 ], [ 141.476797841357552, 39.169309141919356 ], [ 141.476372217312672, 39.169829746933928 ], [ 141.476082931409877, 39.169624646760447 ], [ 141.476121437950923, 39.169495152423544 ], [ 141.477192821057884, 39.16889307264119 ], [ 141.479046061475174, 39.167429744828532 ], [ 141.479718023954831, 39.166336233219553 ], [ 141.479714597917479, 39.165963676959855 ], [ 141.478627509193473, 39.164851973463499 ], [ 141.478503766615631, 39.164405553425084 ], [ 141.480473286715437, 39.165195667725072 ], [ 141.480806412661394, 39.164988880566582 ], [ 141.482096190537078, 39.162131449303615 ], [ 141.48199890743021, 39.160669626658638 ], [ 141.477243461146003, 39.158739914451239 ], [ 141.474805683230443, 39.158115098290551 ], [ 141.473955883306587, 39.15769610017643 ], [ 141.473147974212822, 39.157001972650704 ], [ 141.470809330422128, 39.157685401099073 ], [ 141.46870418181183, 39.157734179945223 ], [ 141.467049728645549, 39.157351949192297 ], [ 141.463195680204564, 39.157520603808621 ], [ 141.460927896462437, 39.158301405017639 ], [ 141.459736942404305, 39.159510753466506 ], [ 141.459144103464979, 39.160416162556899 ], [ 141.458684163173729, 39.161788656258921 ], [ 141.459223148443385, 39.167919612931563 ], [ 141.459012144129645, 39.168859782907752 ], [ 141.458578062032643, 39.169374385480488 ], [ 141.456101087155275, 39.170383687846694 ], [ 141.454933803092587, 39.170674450318671 ], [ 141.452715141271341, 39.171966829713412 ], [ 141.451255646912927, 39.172287606202971 ], [ 141.447123402953565, 39.172167125653061 ], [ 141.445993869719587, 39.172599966187875 ], [ 141.444797375642992, 39.173744507270037 ], [ 141.443821216055625, 39.175001749987011 ], [ 141.44227313721214, 39.177770194652126 ], [ 141.441580699244469, 39.178029905597612 ], [ 141.44063065544151, 39.178091788500197 ], [ 141.438103568998741, 39.177592649160204 ], [ 141.436253413502669, 39.177565489882305 ], [ 141.434035366678842, 39.179870203446654 ], [ 141.431962164267532, 39.181680649154245 ], [ 141.431745102858258, 39.182465539249073 ], [ 141.431618422284458, 39.185107823886533 ], [ 141.428841222082553, 39.187502350216448 ], [ 141.428140914653426, 39.188492941709107 ], [ 141.426076005797512, 39.193539963650977 ], [ 141.425374130997028, 39.194356295171978 ], [ 141.423568391678941, 39.195793796150376 ], [ 141.424593627671868, 39.195342281648777 ], [ 141.426715095568824, 39.195807683474072 ], [ 141.433776053892075, 39.195155574601465 ], [ 141.437357814003491, 39.193956394184553 ], [ 141.439254762750579, 39.192326018032951 ], [ 141.440853113738228, 39.192274991216891 ], [ 141.441912789224887, 39.192616563841639 ], [ 141.44104420904381, 39.193742387976243 ], [ 141.441049612431982, 39.19396932193132 ], [ 141.442626720227736, 39.197397147680988 ], [ 141.442803256122687, 39.199553469739307 ], [ 141.443559934459273, 39.200553362003255 ], [ 141.443810388914557, 39.201339632339952 ], [ 141.448305774513159, 39.200987680792217 ], [ 141.450089391685339, 39.200134623364107 ], [ 141.451127650401588, 39.1999716434795 ], [ 141.452289288936754, 39.199404814989315 ], [ 141.453827628286973, 39.199535520559365 ], [ 141.454337824751974, 39.199805100415055 ], [ 141.456010815967915, 39.200028522836959 ], [ 141.456664529450421, 39.200227938415189 ], [ 141.456880524315892, 39.200595210467618 ], [ 141.458552538755981, 39.202244296806739 ], [ 141.459173531498493, 39.202620093608402 ], [ 141.461857560609189, 39.205368927786687 ], [ 141.465133849592434, 39.206795638415365 ], [ 141.468152696527824, 39.208576030585327 ], [ 141.469108001725346, 39.208720308222837 ], [ 141.470245645268278, 39.208532602724887 ], [ 141.472062221757625, 39.209040573824744 ], [ 141.472875317122998, 39.210552382534352 ], [ 141.477890355336228, 39.209916331482731 ], [ 141.478828510517985, 39.209686858366751 ], [ 141.479245224772541, 39.209418952159915 ], [ 141.479788685396471, 39.20838344728832 ], [ 141.480506729000297, 39.206174142357611 ], [ 141.482679081716896, 39.204123539547332 ], [ 141.482934880705756, 39.203454942483269 ], [ 141.483148852349615, 39.202128693832321 ], [ 141.482491761004724, 39.200612704364637 ], [ 141.48256949170991, 39.198722019039828 ], [ 141.482827161570327, 39.198257292731469 ], [ 141.484233982572647, 39.197146783446591 ], [ 141.486331564564637, 39.194781459201387 ], [ 141.487379693296191, 39.192255255294114 ], [ 141.488129623677764, 39.190953792287694 ], [ 141.488304431489411, 39.189266366392339 ], [ 141.488569346450646, 39.188310495199815 ], [ 141.490324174330084, 39.187522253403081 ], [ 141.491393422013715, 39.187275254189856 ], [ 141.495770586706328, 39.186805760412518 ], [ 141.49983459196082, 39.18596716222693 ], [ 141.500260735972262, 39.185705318549857 ], [ 141.500754050200072, 39.184675626001386 ], [ 141.501795294171245, 39.183452210349159 ], [ 141.50419012573667, 39.182221005136213 ], [ 141.504985986560968, 39.182087634068388 ], [ 141.506394060664007, 39.181482502429191 ], [ 141.506933377131816, 39.179688273947193 ], [ 141.508457484974969, 39.178649335729148 ], [ 141.508805577509435, 39.178091261769097 ], [ 141.509003602423462, 39.176790748198236 ], [ 141.509254666392565, 39.176309328506711 ], [ 141.510370464366446, 39.175050306017688 ], [ 141.509984126764579, 39.172728986778985 ], [ 141.50874849232784, 39.17090310669154 ], [ 141.509644449832592, 39.1675749711968 ], [ 141.51108303303468, 39.165200874979774 ], [ 141.512674188607178, 39.161909780510705 ], [ 141.513169291253632, 39.160055000874301 ], [ 141.513160513311504, 39.159147326023763 ], [ 141.51284909743319, 39.158295816964305 ], [ 141.509950922895058, 39.15574402739 ], [ 141.508430862606247, 39.154165400444036 ], [ 141.50727443631925, 39.152527930489804 ], [ 141.506656281148423, 39.15134084415461 ], [ 141.506413715987406, 39.15008550276027 ], [ 141.506696927753893, 39.14797666878107 ], [ 141.506975514540841, 39.146652155256255 ], [ 141.50793986440604, 39.144471873572677 ], [ 141.505288921143148, 39.145294393966111 ], [ 141.504752691601965, 39.145771206200159 ], [ 141.503742640463372, 39.148549360274799 ], [ 141.50336258593066, 39.148867334156257 ], [ 141.501610571918945, 39.149456472854908 ], [ 141.49878842636474, 39.151262330232882 ], [ 141.494647510571639, 39.151922804732173 ], [ 141.493908128171, 39.151725996701622 ], [ 141.492659239587368, 39.152249905062718 ], [ 141.49113829109362, 39.153263466421713 ], [ 141.490055159391744, 39.153772058609555 ], [ 141.489263133191827, 39.153862654350434 ], [ 141.48801646128436, 39.153647122194407 ], [ 141.4863095168825, 39.152508134518101 ], [ 141.485838493225828, 39.152417449759554 ], [ 141.48475236720023, 39.152610154265709 ], [ 141.483135693578646, 39.153250873029783 ], [ 141.480497274571718, 39.155438660718914 ], [ 141.479798206095296, 39.155699557285615 ], [ 141.47711689908499, 39.155794763087002 ], [ 141.47394009277474, 39.156418630102159 ], [ 141.473147974212822, 39.157001972650704 ] ] ] } },
{ "type": "Feature", "properties": { "CITY_NAME": "住田町", "S_NAME": "世田米字畷畑", "JINKO": 19, "medical_area": "03_気仙医療圏", "町丁目名": "住田町世田米字畷畑" }, "geometry": { "type": "Polygon", "coordinates": [ [ [ 141.473147974212822, 39.157001972650683 ], [ 141.473955883306587, 39.157696100176423 ], [ 141.474805683230443, 39.158115098290523 ], [ 141.477243461146003, 39.158739914451239 ], [ 141.48199890743021, 39.160669626658638 ], [ 141.482096190537078, 39.162131449303615 ], [ 141.480806412661394, 39.164988880566582 ], [ 141.480473286715437, 39.165195667725044 ], [ 141.478503766615631, 39.164405553425084 ], [ 141.478627509193586, 39.164851973463499 ], [ 141.479714597917479, 39.165963676959855 ], [ 141.479718023954831, 39.166336233219553 ], [ 141.479046061475174, 39.167429744828553 ], [ 141.477192821057884, 39.16889307264119 ], [ 141.476121437950923, 39.169495152423536 ], [ 141.476082931409877, 39.169624646760447 ], [ 141.476372217312672, 39.169829746933928 ], [ 141.476797841357552, 39.169309141919342 ], [ 141.477145002733693, 39.169190046273975 ], [ 141.477889001191443, 39.16847406911829 ], [ 141.479049184273151, 39.168237020852786 ], [ 141.479645642323959, 39.167342461452868 ], [ 141.480181201215117, 39.167244340534332 ], [ 141.480940848413326, 39.167467086763118 ], [ 141.481947659479601, 39.166680024126308 ], [ 141.482828810319205, 39.165538673190646 ], [ 141.483841354636837, 39.164868671211451 ], [ 141.484849840119466, 39.164518966562696 ], [ 141.485451123422422, 39.163650042391289 ], [ 141.485556087534434, 39.16304731225663 ], [ 141.485289960119275, 39.162512601419166 ], [ 141.485339209065387, 39.162237857108046 ], [ 141.485982609155144, 39.161346667158739 ], [ 141.487210224694252, 39.160790707588518 ], [ 141.487908684009653, 39.160763000746599 ], [ 141.488342610432369, 39.160372645291581 ], [ 141.48895664541044, 39.160462585106629 ], [ 141.489144202381112, 39.160233227688188 ], [ 141.488954111384459, 39.159701049134028 ], [ 141.488238011432372, 39.159337562556018 ], [ 141.483052567261609, 39.158105474984104 ], [ 141.480540569219471, 39.157708651507029 ], [ 141.476376217483249, 39.157789329382823 ], [ 141.475042397869231, 39.15768139860949 ], [ 141.473147974212822, 39.157001972650683 ] ] ] } },
{ "type": "Feature", "properties": { "CITY_NAME": "住田町", "S_NAME": "世田米字下大股", "JINKO": 29, "medical_area": "03_気仙医療圏", "町丁目名": "住田町世田米字下大股" }, "geometry": { "type": "Polygon", "coordinates": [ [ [ 141.50793986440604, 39.144471873572677 ], [ 141.508092834788044, 39.143666869939892 ], [ 141.508001232266196, 39.14303465015351 ], [ 141.507123383614157, 39.140675383728656 ], [ 141.507008192797088, 39.139810213229687 ], [ 141.507150453336607, 39.137919577405256 ], [ 141.50762988232222, 39.136634759692782 ], [ 141.507518039268689, 39.136119198345511 ], [ 141.506676152007856, 39.135274916564036 ], [ 141.506522214459665, 39.134826246119374 ], [ 141.50662603414392, 39.134509307344743 ], [ 141.50884355003862, 39.132340508024193 ], [ 141.509060452267846, 39.130783386559756 ], [ 141.509270358361618, 39.130351544848843 ], [ 141.510653788150137, 39.129551741530477 ], [ 141.511183175075502, 39.128965259033677 ], [ 141.511485177387101, 39.126990939867575 ], [ 141.512860388342915, 39.125343750789618 ], [ 141.513092624087705, 39.123536542629608 ], [ 141.513438297506156, 39.122395419425672 ], [ 141.513396440798914, 39.121756645182998 ], [ 141.512856125226733, 39.12120409608896 ], [ 141.512173928308385, 39.120735765330664 ], [ 141.510436619551427, 39.11995404270062 ], [ 141.509566541413022, 39.118486603862934 ], [ 141.509020617741442, 39.117350656702989 ], [ 141.508870234748144, 39.116545862518151 ], [ 141.509033652060168, 39.11384761541769 ], [ 141.5074393044776, 39.113922212152808 ], [ 141.505392555060524, 39.113453977033508 ], [ 141.503825386813418, 39.112502839375829 ], [ 141.501858628359003, 39.113035326398673 ], [ 141.501523421812749, 39.112961801201571 ], [ 141.500761454693617, 39.112438120812868 ], [ 141.500379141975884, 39.111572767630932 ], [ 141.499650249266438, 39.110829388296594 ], [ 141.498423855415666, 39.110527777608517 ], [ 141.497385426568655, 39.110554304973647 ], [ 141.496366715893117, 39.109874274621305 ], [ 141.494954737223679, 39.110170337394116 ], [ 141.493741521152401, 39.109947710598377 ], [ 141.493372192205072, 39.110119758082284 ], [ 141.490357938799292, 39.11273373845394 ], [ 141.489344679021372, 39.114065486781058 ], [ 141.487896097335636, 39.114936442654127 ], [ 141.485440611268615, 39.114899231188822 ], [ 141.484074018332592, 39.114609300838104 ], [ 141.482958181836153, 39.11607338430268 ], [ 141.482286759022685, 39.116629652011341 ], [ 141.481696291648859, 39.117678528770703 ], [ 141.481606784165081, 39.118622572942556 ], [ 141.480788889148073, 39.118678138359378 ], [ 141.480411126095532, 39.119130787965197 ], [ 141.480070125219157, 39.120025199919837 ], [ 141.480033098061597, 39.121338778575236 ], [ 141.47987135168097, 39.121552213054436 ], [ 141.476873845955879, 39.121925805311029 ], [ 141.476475114112134, 39.122480531642388 ], [ 141.47639197602976, 39.123966152512445 ], [ 141.476100848501517, 39.124408173978892 ], [ 141.474239767460858, 39.125432188473773 ], [ 141.473930608876628, 39.126173474839831 ], [ 141.474034145735232, 39.127010882838853 ], [ 141.472966601905171, 39.128423570416722 ], [ 141.472953731653234, 39.128821904041757 ], [ 141.47337578908099, 39.129885939795869 ], [ 141.473282766606758, 39.13054165816974 ], [ 141.47727777084117, 39.130967703095962 ], [ 141.479677633982817, 39.131791078799587 ], [ 141.480854586839371, 39.132354890022427 ], [ 141.48272114560163, 39.13358040977193 ], [ 141.484600310430892, 39.136155721524702 ], [ 141.486044313770833, 39.136546886469418 ], [ 141.487123202144971, 39.137054235535821 ], [ 141.487910740670117, 39.137734229420076 ], [ 141.488332497761832, 39.138454418909525 ], [ 141.488701464236414, 39.141045244306291 ], [ 141.488513209852215, 39.141150882719487 ], [ 141.487736632335555, 39.140998377325786 ], [ 141.487074094556903, 39.141150943474791 ], [ 141.486612299766676, 39.141413999325778 ], [ 141.485946296461748, 39.142134027232537 ], [ 141.486153325541665, 39.143603392911722 ], [ 141.487385052520494, 39.145912647654001 ], [ 141.487849377183011, 39.147315666185953 ], [ 141.487573004534909, 39.149577420844835 ], [ 141.486894146889568, 39.151577867327397 ], [ 141.4863095168825, 39.152508134518101 ], [ 141.48801646128436, 39.153647122194407 ], [ 141.489263133191827, 39.153862654350434 ], [ 141.490055159391716, 39.15377205860954 ], [ 141.49113829109362, 39.153263466421713 ], [ 141.492659239587368, 39.152249905062718 ], [ 141.493908128171, 39.151725996701622 ], [ 141.494647510571639, 39.151922804732173 ], [ 141.49878842636474, 39.151262330232882 ], [ 141.501610571918945, 39.149456472854908 ], [ 141.50336258593066, 39.148867334156265 ], [ 141.503742640463372, 39.148549360274799 ], [ 141.504752691601965, 39.145771206200159 ], [ 141.505288921143148, 39.145294393966104 ], [ 141.50793986440604, 39.144471873572677 ] ] ] } },
{ "type": "Feature", "properties": { "CITY_NAME": "住田町", "S_NAME": "世田米字金成", "JINKO": 15, "medical_area": "03_気仙医療圏", "町丁目名": "住田町世田米字金成" }, "geometry": { "type": "Polygon", "coordinates": [ [ [ 141.485946296461748, 39.142134027232537 ], [ 141.486612299766676, 39.141413999325778 ], [ 141.487074094556903, 39.141150943474791 ], [ 141.487736632335555, 39.140998377325786 ], [ 141.488513209852215, 39.141150882719487 ], [ 141.488701464236414, 39.141045244306291 ], [ 141.488332497761832, 39.138454418909525 ], [ 141.487910740670117, 39.137734229420076 ], [ 141.487123202144971, 39.137054235535821 ], [ 141.486044313770833, 39.136546886469418 ], [ 141.484600310430892, 39.136155721524702 ], [ 141.48272114560163, 39.13358040977193 ], [ 141.480854586839371, 39.132354890022427 ], [ 141.479677633982817, 39.131791078799587 ], [ 141.47727777084117, 39.130967703095962 ], [ 141.473282766606758, 39.13054165816974 ], [ 141.472634682789135, 39.131829938137571 ], [ 141.473784882968204, 39.132547880314782 ], [ 141.475274490068955, 39.134616797586489 ], [ 141.475755389939451, 39.135744333136145 ], [ 141.476055155263793, 39.137430326306273 ], [ 141.476385225181076, 39.138138755309001 ], [ 141.476713747031141, 39.138380309787877 ], [ 141.477801485534854, 39.138656027877346 ], [ 141.482362982679518, 39.138615127001103 ], [ 141.483587223710913, 39.139523845713342 ], [ 141.483914572187956, 39.140148093973302 ], [ 141.483558193778094, 39.140729141325735 ], [ 141.482308630820199, 39.14204510856807 ], [ 141.483736969253528, 39.142144338542479 ], [ 141.485355160761145, 39.142108482769331 ], [ 141.48574972873746, 39.141972276510799 ], [ 141.485946296461748, 39.142134027232537 ] ] ] } },
{ "type": "Feature", "properties": { "CITY_NAME": "住田町", "S_NAME": "世田米字里古屋", "JINKO": 11, "medical_area": "03_気仙医療圏", "町丁目名": "住田町世田米字里古屋" }, "geometry": { "type": "Polygon", "coordinates": [ [ [ 141.47394009277474, 39.156418630102159 ], [ 141.47711689908499, 39.155794763087002 ], [ 141.479798206095325, 39.155699557285615 ], [ 141.480958582190055, 39.155115108289664 ], [ 141.483135693578646, 39.153250873029783 ], [ 141.48475236720023, 39.152610154265716 ], [ 141.485838493225828, 39.152417449759554 ], [ 141.4863095168825, 39.152508134518101 ], [ 141.486894146889568, 39.151577867327397 ], [ 141.487573004534909, 39.149577420844835 ], [ 141.487849377183011, 39.147315666185953 ], [ 141.487385052520494, 39.145912647654001 ], [ 141.486153325541665, 39.143603392911722 ], [ 141.485946296461748, 39.142134027232537 ], [ 141.48574972873746, 39.141972276510799 ], [ 141.485355160761145, 39.142108482769331 ], [ 141.483736969253528, 39.142144338542479 ], [ 141.482308630820199, 39.14204510856807 ], [ 141.48092337586084, 39.142684509510694 ], [ 141.479665468145214, 39.143583584415119 ], [ 141.479854107092137, 39.144427696863168 ], [ 141.481281110498173, 39.145523135532549 ], [ 141.481527512885606, 39.146085197037515 ], [ 141.481587654743407, 39.147156971360431 ], [ 141.481333461426658, 39.147925271732944 ], [ 141.480937390609654, 39.148569090271472 ], [ 141.479171155068741, 39.149932710823926 ], [ 141.478185744585943, 39.152066617333119 ], [ 141.476513716527847, 39.153860043741879 ], [ 141.475433737811898, 39.154460755239839 ], [ 141.472477362218655, 39.155280777199309 ], [ 141.472629367609699, 39.155526122995212 ], [ 141.47394009277474, 39.156418630102159 ] ] ] } },
{ "type": "Feature", "properties": { "CITY_NAME": "住田町", "S_NAME": "世田米字高屋敷", "JINKO": 13, "medical_area": "03_気仙医療圏", "町丁目名": "住田町世田米字高屋敷" }, "geometry": { "type": "Polygon", "coordinates": [ [ [ 141.482308630820199, 39.14204510856807 ], [ 141.483558193778094, 39.140729141325735 ], [ 141.483914572187956, 39.140148093973302 ], [ 141.483587223710913, 39.139523845713342 ], [ 141.482969493593544, 39.139003048365723 ], [ 141.482362982679518, 39.138615127001103 ], [ 141.481698992336476, 39.138524935192613 ], [ 141.477338710259005, 39.138596017040371 ], [ 141.476385225181076, 39.138138755309001 ], [ 141.475982741345661, 39.139164256912622 ], [ 141.475340087593793, 39.141809966847831 ], [ 141.475031301484023, 39.14236152227322 ], [ 141.472766415543305, 39.143473605333341 ], [ 141.472067494974425, 39.144264042243996 ], [ 141.471876106102314, 39.144784330468148 ], [ 141.471888632880848, 39.145620472829819 ], [ 141.472747646014795, 39.147341532369509 ], [ 141.47279326639935, 39.148043848106205 ], [ 141.473714577485964, 39.150400968674418 ], [ 141.473888454419665, 39.151216517533506 ], [ 141.473919059739529, 39.151831929985811 ], [ 141.473550423580861, 39.153389134060781 ], [ 141.472477362218655, 39.155280777199309 ], [ 141.475433737811898, 39.154460755239839 ], [ 141.476513716527847, 39.153860043741879 ], [ 141.478185744585943, 39.152066617333119 ], [ 141.479171155068741, 39.149932710823926 ], [ 141.480937390609654, 39.148569090271472 ], [ 141.481587654743407, 39.147156971360431 ], [ 141.481527512885606, 39.146085197037515 ], [ 141.481281110498173, 39.145523135532549 ], [ 141.479854107092137, 39.144427696863168 ], [ 141.479665468145214, 39.143583584415119 ], [ 141.48092337586084, 39.142684509510694 ], [ 141.482308630820199, 39.14204510856807 ] ] ] } },
{ "type": "Feature", "properties": { "CITY_NAME": "住田町", "S_NAME": "世田米字中井", "JINKO": 13, "medical_area": "03_気仙医療圏", "町丁目名": "住田町世田米字中井" }, "geometry": { "type": "Polygon", "coordinates": [ [ [ 141.473147974212822, 39.157001972650683 ], [ 141.47394009277474, 39.156418630102159 ], [ 141.472629367609699, 39.155526122995212 ], [ 141.472477362218655, 39.155280777199309 ], [ 141.473550423580861, 39.153389134060781 ], [ 141.473919059739529, 39.151831929985811 ], [ 141.473888454419665, 39.151216517533506 ], [ 141.473714577485964, 39.150400968674418 ], [ 141.47279326639935, 39.148043848106205 ], [ 141.472747646014795, 39.147341532369509 ], [ 141.471888632880848, 39.145620472829819 ], [ 141.471876106102314, 39.144784330468148 ], [ 141.472067494974425, 39.144264042243996 ], [ 141.472766415543305, 39.143473605333341 ], [ 141.475031301484023, 39.14236152227322 ], [ 141.475340087593793, 39.141809966847831 ], [ 141.475982741345661, 39.139164256912622 ], [ 141.476385225181076, 39.138138755309001 ], [ 141.476055155263793, 39.137430326306273 ], [ 141.475755389939451, 39.135744333136145 ], [ 141.475274490068955, 39.134616797586489 ], [ 141.473784882968204, 39.132547880314782 ], [ 141.472634682789135, 39.131829938137571 ], [ 141.470353724725697, 39.13314002260757 ], [ 141.46921932993402, 39.134475915239626 ], [ 141.468310658968534, 39.136151052915459 ], [ 141.466244224088484, 39.14244360864155 ], [ 141.465822001105437, 39.142896455369225 ], [ 141.464532709768889, 39.143448936877917 ], [ 141.463467562953724, 39.143525779694002 ], [ 141.463286051245035, 39.141961641533705 ], [ 141.463025113531927, 39.141725880000045 ], [ 141.462476772102008, 39.141705123449697 ], [ 141.461838174607152, 39.14180343724292 ], [ 141.460777700827862, 39.142402007379808 ], [ 141.460075989895643, 39.143111313139777 ], [ 141.459962726569927, 39.144072359015851 ], [ 141.463386303343384, 39.148891562858296 ], [ 141.463827118163096, 39.149653956758833 ], [ 141.463908375467952, 39.150222648058644 ], [ 141.463821372310633, 39.15070927598444 ], [ 141.461653568881133, 39.154355132223877 ], [ 141.459710156716255, 39.156889081435914 ], [ 141.46092789646238, 39.158301405017639 ], [ 141.463195680204592, 39.157520603808635 ], [ 141.467049728645492, 39.157351949192275 ], [ 141.46870418181183, 39.157734179945223 ], [ 141.470809330422128, 39.157685401099101 ], [ 141.473147974212822, 39.157001972650683 ] ] ] } },
{ "type": "Feature", "properties": { "CITY_NAME": "住田町", "S_NAME": "世田米字津付", "JINKO": 13, "medical_area": "03_気仙医療圏", "町丁目名": "住田町世田米字津付" }, "geometry": { "type": "Polygon", "coordinates": [ [ [ 141.459710156716255, 39.156889081435914 ], [ 141.461653568881133, 39.154355132223877 ], [ 141.463821372310633, 39.15070927598444 ], [ 141.463908375467952, 39.150222648058644 ], [ 141.463827118163096, 39.149653956758833 ], [ 141.463386303343384, 39.148891562858296 ], [ 141.459962726569927, 39.144072359015851 ], [ 141.460075989895643, 39.143111313139777 ], [ 141.460777700827862, 39.142402007379808 ], [ 141.461838174607152, 39.14180343724292 ], [ 141.462476772102008, 39.141705123449697 ], [ 141.463025113531927, 39.141725880000045 ], [ 141.463286051245035, 39.141961641533705 ], [ 141.463374501015409, 39.143336616043129 ], [ 141.463467562953724, 39.143525779694002 ], [ 141.463818385150432, 39.143595034952916 ], [ 141.4651246779583, 39.143244099647141 ], [ 141.465822001105437, 39.142896455369225 ], [ 141.466244224088484, 39.14244360864155 ], [ 141.467562082807831, 39.138204306058078 ], [ 141.468747930401179, 39.135249323639357 ], [ 141.470353724725697, 39.13314002260757 ], [ 141.472634682789135, 39.131829938137571 ], [ 141.472960129365703, 39.131339951104103 ], [ 141.47337578908099, 39.129885939795869 ], [ 141.472953731653234, 39.128821904041757 ], [ 141.472966601905171, 39.128423570416722 ], [ 141.474034145735232, 39.127010882838853 ], [ 141.473930608876628, 39.126173474839831 ], [ 141.471489501665928, 39.125920333592276 ], [ 141.470160218354863, 39.125612941340528 ], [ 141.469111510023765, 39.125722747104113 ], [ 141.468097386368612, 39.125440849667221 ], [ 141.467627180975455, 39.125148528718881 ], [ 141.466731069508285, 39.12525248676905 ], [ 141.466159519248521, 39.124123648429467 ], [ 141.463309021363443, 39.12504510220338 ], [ 141.459865738348327, 39.126590462620101 ], [ 141.457635255440749, 39.128268095475043 ], [ 141.456163647981015, 39.130314584309289 ], [ 141.455838182340017, 39.131174292776201 ], [ 141.455690941107775, 39.134806624839115 ], [ 141.455417210465043, 39.135725945657697 ], [ 141.454240629583069, 39.13739832242333 ], [ 141.452259452337017, 39.139364276287033 ], [ 141.452320523667993, 39.140481331621714 ], [ 141.453240716314184, 39.14240696538976 ], [ 141.453398088220467, 39.144465647070696 ], [ 141.453087535923771, 39.146613497926538 ], [ 141.452298833991222, 39.148903795516958 ], [ 141.450995231122391, 39.150567023230217 ], [ 141.45108355767394, 39.152094571251645 ], [ 141.4519195921782, 39.155169394207782 ], [ 141.453051429835426, 39.156953830952382 ], [ 141.454008549929569, 39.157607740914543 ], [ 141.454746007539995, 39.157988769589679 ], [ 141.456155792750735, 39.158156195667502 ], [ 141.456933744803365, 39.158035347783446 ], [ 141.459710156716255, 39.156889081435914 ] ] ] } },
{ "type": "Feature", "properties": { "CITY_NAME": "住田町", "S_NAME": "世田米字子飼沢", "JINKO": 4, "medical_area": "03_気仙医療圏", "町丁目名": "住田町世田米字子飼沢" }, "geometry": { "type": "Polygon", "coordinates": [ [ [ 141.412329360873116, 39.200498135454602 ], [ 141.414141954941783, 39.198848951924845 ], [ 141.417235990056724, 39.197703491224281 ], [ 141.421327393660022, 39.196775947338125 ], [ 141.423568391678941, 39.195793796150376 ], [ 141.425374130997028, 39.194356295171978 ], [ 141.426076005797512, 39.193539963650977 ], [ 141.426479477439756, 39.192725072886319 ], [ 141.428140914653426, 39.188492941709107 ], [ 141.428841222082553, 39.187502350216448 ], [ 141.431618422284458, 39.185107823886533 ], [ 141.431745102858258, 39.182465539249073 ], [ 141.431962164267532, 39.181680649154245 ], [ 141.434035366678842, 39.179870203446654 ], [ 141.436253413502669, 39.177565489882305 ], [ 141.438103568998741, 39.177592649160204 ], [ 141.44063065544151, 39.178091788500197 ], [ 141.441580699244469, 39.178029905597612 ], [ 141.44227313721214, 39.177770194652126 ], [ 141.443821216055625, 39.175001749987011 ], [ 141.444797375642992, 39.173744507270037 ], [ 141.445993869719587, 39.172599966187875 ], [ 141.447123402953565, 39.172167125653061 ], [ 141.451255646912927, 39.172287606202971 ], [ 141.452715141271341, 39.171966829713412 ], [ 141.454933803092587, 39.170674450318671 ], [ 141.456101087155275, 39.170383687846694 ], [ 141.458578062032643, 39.169374385480488 ], [ 141.459012144129645, 39.168859782907752 ], [ 141.459223148443385, 39.167919612931563 ], [ 141.45917215017522, 39.166297767555804 ], [ 141.458684163173729, 39.161788656258921 ], [ 141.459144103464979, 39.160416162556899 ], [ 141.459736942404305, 39.159510753466506 ], [ 141.460927896462437, 39.158301405017639 ], [ 141.459710156716255, 39.156889081435914 ], [ 141.456933744803365, 39.158035347783446 ], [ 141.456155792750735, 39.158156195667502 ], [ 141.454746007539995, 39.157988769589679 ], [ 141.453051429835426, 39.156953830952382 ], [ 141.4519195921782, 39.155169394207782 ], [ 141.451550640037766, 39.154098249429232 ], [ 141.45108355767394, 39.152094571251645 ], [ 141.450995231122391, 39.150567023230217 ], [ 141.452298833991222, 39.148903795516958 ], [ 141.453087535923771, 39.146613497926538 ], [ 141.453398088220467, 39.144465647070696 ], [ 141.453240716314212, 39.14240696538976 ], [ 141.452320523667993, 39.140481331621714 ], [ 141.452259452337017, 39.139364276287033 ], [ 141.454240629583069, 39.13739832242333 ], [ 141.455417210465043, 39.135725945657697 ], [ 141.455690941107747, 39.134806624839129 ], [ 141.455838182340017, 39.131174292776201 ], [ 141.456163647981015, 39.130314584309289 ], [ 141.457635255440749, 39.128268095475043 ], [ 141.459865738348327, 39.126590462620079 ], [ 141.463309021363443, 39.12504510220338 ], [ 141.466159519248521, 39.124123648429475 ], [ 141.465887886057345, 39.123103955223129 ], [ 141.466025522147447, 39.121078892709036 ], [ 141.465878608620102, 39.119952324733866 ], [ 141.466574632811842, 39.119246117077424 ], [ 141.46663181181242, 39.118908983128605 ], [ 141.466433120982146, 39.118624893556067 ], [ 141.466536447618068, 39.118481749047774 ], [ 141.467667233544205, 39.11774227772132 ], [ 141.468068256672296, 39.117271596702871 ], [ 141.468072333753838, 39.115545225933573 ], [ 141.468328610830753, 39.114973495395546 ], [ 141.467335565829899, 39.113583532064396 ], [ 141.467127864721419, 39.113019462744916 ], [ 141.467375573908555, 39.110044124615548 ], [ 141.46729738383118, 39.109346832222045 ], [ 141.467617385175885, 39.108591426705281 ], [ 141.467349464550637, 39.107869759642256 ], [ 141.467505209072669, 39.107746668457636 ], [ 141.466586885182721, 39.107384992552603 ], [ 141.464030461027789, 39.105835482957751 ], [ 141.46374311175046, 39.104400991027383 ], [ 141.463257856722038, 39.104220277957126 ], [ 141.46274208510502, 39.103550817579759 ], [ 141.462738994055883, 39.101575000267296 ], [ 141.460825067896451, 39.101943593488436 ], [ 141.459800913734597, 39.101835225626992 ], [ 141.459331989939983, 39.102065550693425 ], [ 141.458882428812984, 39.102650047688414 ], [ 141.458412998280721, 39.102829774116564 ], [ 141.457230134500378, 39.103139787268582 ], [ 141.455387892670501, 39.103269905313262 ], [ 141.454788524691054, 39.103450241607732 ], [ 141.453512530238413, 39.104254268797526 ], [ 141.451262508269451, 39.106961728857748 ], [ 141.450450860687369, 39.107016698011599 ], [ 141.449401889481862, 39.105933862422447 ], [ 141.448945900593571, 39.105797065317944 ], [ 141.446437130563055, 39.105867287941884 ], [ 141.444239400279514, 39.107156912124346 ], [ 141.443022010431008, 39.107251873360205 ], [ 141.441390777466722, 39.108323339360673 ], [ 141.441085900141189, 39.108755207181787 ], [ 141.440583906010204, 39.108934952666971 ], [ 141.440297574489449, 39.109632463899864 ], [ 141.439909514151481, 39.109836950037661 ], [ 141.439277900662177, 39.110055365144483 ], [ 141.438912050815958, 39.110012993820831 ], [ 141.437592178806199, 39.109526270684839 ], [ 141.436804670118931, 39.110504767381073 ], [ 141.435281464981472, 39.110930229252155 ], [ 141.434355742583335, 39.110947656550515 ], [ 141.433442558895251, 39.110534732280733 ], [ 141.431817236852197, 39.110416520217768 ], [ 141.431294039757063, 39.110014250688117 ], [ 141.430479213572937, 39.109702001062281 ], [ 141.430199317979287, 39.109260553526497 ], [ 141.42746928012636, 39.108746556651724 ], [ 141.42630109706306, 39.10878562937409 ], [ 141.425489685963498, 39.108301400863773 ], [ 141.424419141099293, 39.10857994222193 ], [ 141.42290921199745, 39.108405496798078 ], [ 141.421869891109736, 39.109242500245493 ], [ 141.421551587963961, 39.109293714949303 ], [ 141.419329189808735, 39.109031826144253 ], [ 141.418613503206899, 39.108555380162713 ], [ 141.41836517517072, 39.108076590263707 ], [ 141.415916203250617, 39.107385347822408 ], [ 141.415337027498907, 39.106448220541218 ], [ 141.412292850663675, 39.10844612337138 ], [ 141.410351186772601, 39.111583824745146 ], [ 141.409501858160098, 39.112239992422033 ], [ 141.40970308105841, 39.112890972666868 ], [ 141.408176213959308, 39.115617380857685 ], [ 141.405869787173913, 39.116655249790703 ], [ 141.40561356534144, 39.119090991072675 ], [ 141.40804076542301, 39.119744957644656 ], [ 141.408446461184582, 39.121449185357257 ], [ 141.409395114212344, 39.122041023961792 ], [ 141.410250943107854, 39.125428423288923 ], [ 141.410142841664992, 39.128958017960478 ], [ 141.408721614593958, 39.130006887768388 ], [ 141.406512967668306, 39.134912480771256 ], [ 141.405762284763654, 39.136191536139251 ], [ 141.404911719591468, 39.136536971842773 ], [ 141.404202406484785, 39.137240988057428 ], [ 141.40216136573315, 39.138688007810082 ], [ 141.398224096539366, 39.138105426721673 ], [ 141.397279147754659, 39.138199804908247 ], [ 141.396198908578071, 39.13867205246693 ], [ 141.395418155394395, 39.139106959178541 ], [ 141.395076200584583, 39.139611526559726 ], [ 141.393492750105622, 39.140625063983229 ], [ 141.391157095137913, 39.14277385229127 ], [ 141.390405146489513, 39.143945012382041 ], [ 141.390100381397588, 39.144781707396348 ], [ 141.389479536913569, 39.147946079790152 ], [ 141.393054748271908, 39.150802927946827 ], [ 141.394323499915117, 39.155134787869592 ], [ 141.392327583283105, 39.157991408757226 ], [ 141.391250189265918, 39.158867765719798 ], [ 141.390857221113095, 39.159502825469382 ], [ 141.387037294190918, 39.161492421280421 ], [ 141.384522440805, 39.162198536583404 ], [ 141.384067693315501, 39.162941684847198 ], [ 141.384028431913833, 39.163318386234188 ], [ 141.385215369136347, 39.165888356372079 ], [ 141.387478629104493, 39.165977696441345 ], [ 141.388766991701743, 39.170961279378837 ], [ 141.388841110045092, 39.172157468868498 ], [ 141.388519722037529, 39.173188327467962 ], [ 141.387400627490251, 39.174370767092022 ], [ 141.386327278969901, 39.175007421585725 ], [ 141.384816968974349, 39.176844363280438 ], [ 141.389325705042495, 39.180924139548004 ], [ 141.38932470224043, 39.182114207688755 ], [ 141.38814265393404, 39.183264437214952 ], [ 141.38678256237344, 39.183796963575944 ], [ 141.386676296110664, 39.184344572889628 ], [ 141.386238383328759, 39.184892207430551 ], [ 141.384777432559304, 39.185076122899538 ], [ 141.382933630665576, 39.186261239208264 ], [ 141.381830599889156, 39.186438363716171 ], [ 141.379919920126412, 39.185964909843172 ], [ 141.376345952003334, 39.186422658508064 ], [ 141.373450261417645, 39.187566283623212 ], [ 141.373570342165806, 39.189357574990801 ], [ 141.377052894971172, 39.191598556440148 ], [ 141.378392388900153, 39.192137785663377 ], [ 141.384176870710746, 39.193331547475054 ], [ 141.385111563872925, 39.193327127476522 ], [ 141.38709394374024, 39.192837129585108 ], [ 141.387528510100594, 39.192913041924101 ], [ 141.388504600398193, 39.193921461674933 ], [ 141.389140475882698, 39.19412625292312 ], [ 141.391678929852702, 39.194295977106172 ], [ 141.392081796769361, 39.194579774487941 ], [ 141.392053193740168, 39.195177404033274 ], [ 141.392401933069209, 39.197046116751238 ], [ 141.392706573160638, 39.197564171397865 ], [ 141.397350740236959, 39.200100512980768 ], [ 141.400389788715472, 39.200215690780688 ], [ 141.402511294756408, 39.201449615138252 ], [ 141.403250839140725, 39.201604775357985 ], [ 141.407604867628265, 39.201855511818735 ], [ 141.412329360873116, 39.200498135454602 ] ] ] } },
{ "type": "Feature", "properties": { "CITY_NAME": "住田町", "S_NAME": "下有住字火の土", "JINKO": 98, "medical_area": "03_気仙医療圏", "町丁目名": "住田町下有住字火の土" }, "geometry": { "type": "Polygon", "coordinates": [ [ [ 141.50502795410091, 39.225482907550067 ], [ 141.505798695257312, 39.223111648567617 ], [ 141.508574567276611, 39.219751962799698 ], [ 141.510096339671264, 39.217295838663134 ], [ 141.512845343123786, 39.216898779474718 ], [ 141.513490293056549, 39.216530053369041 ], [ 141.515012462704533, 39.214138319849475 ], [ 141.521093609008716, 39.213045296493377 ], [ 141.523779860844428, 39.211907720740115 ], [ 141.524421534801093, 39.211216985482494 ], [ 141.525208202676936, 39.209838377173739 ], [ 141.526191982645116, 39.206768016679298 ], [ 141.526573272244036, 39.206261225080745 ], [ 141.527449624765865, 39.205590536058061 ], [ 141.52796176416885, 39.204363784096529 ], [ 141.529374214568264, 39.202804335562803 ], [ 141.530240972640485, 39.202562974165645 ], [ 141.532357512770659, 39.203140687133235 ], [ 141.534936543777746, 39.203060807264663 ], [ 141.53656711880015, 39.2026377497792 ], [ 141.539147330240297, 39.202675808744658 ], [ 141.54047677229579, 39.201809037719542 ], [ 141.540626220741871, 39.201582718433407 ], [ 141.540619408475493, 39.200906518014982 ], [ 141.54022512196866, 39.199422284383211 ], [ 141.540696759436202, 39.198313821884319 ], [ 141.541159726255927, 39.197709933751852 ], [ 141.541412849537096, 39.196666130653021 ], [ 141.542365604396196, 39.19561082907903 ], [ 141.543253818109747, 39.193896273325969 ], [ 141.543637032940211, 39.19368407839471 ], [ 141.543582996846283, 39.192155128149857 ], [ 141.543733141581583, 39.191764398466411 ], [ 141.544391043602673, 39.19109322208309 ], [ 141.543892369619954, 39.189417077695062 ], [ 141.54471389132533, 39.188737372052429 ], [ 141.545035434958265, 39.188150651722459 ], [ 141.544955345444123, 39.187851336348643 ], [ 141.544018970603332, 39.186702588885922 ], [ 141.542121817521803, 39.185799593318215 ], [ 141.541294403247633, 39.184942508606227 ], [ 141.540961180829697, 39.18437483418559 ], [ 141.541788729911502, 39.182390762932201 ], [ 141.541878852001759, 39.181775479508957 ], [ 141.541792975339149, 39.179954381433049 ], [ 141.541487681385689, 39.178337014536012 ], [ 141.541670915449174, 39.177406368836223 ], [ 141.542051874038577, 39.17698426066822 ], [ 141.542349781327516, 39.175962903064601 ], [ 141.543287451221573, 39.175357530890629 ], [ 141.543457014493441, 39.174981674458508 ], [ 141.543472326615102, 39.174591763354357 ], [ 141.542818603518697, 39.17396677288113 ], [ 141.5439381517794, 39.173660874439321 ], [ 141.54456459854714, 39.173293922178047 ], [ 141.544478175303055, 39.173138773608017 ], [ 141.543985783145303, 39.172976732553977 ], [ 141.5423570034487, 39.173166008415301 ], [ 141.542201548343712, 39.173260621899281 ], [ 141.542168787333537, 39.173588566182218 ], [ 141.540017417921973, 39.172925964063559 ], [ 141.538401423292754, 39.173115670656152 ], [ 141.533729967320937, 39.173046264103192 ], [ 141.532996889739792, 39.172930730318377 ], [ 141.531564668434527, 39.172365715564105 ], [ 141.530350251316463, 39.173557346882497 ], [ 141.529841276110034, 39.17379452605536 ], [ 141.526127583174883, 39.173886826237975 ], [ 141.523426226900824, 39.173697933436259 ], [ 141.521874928982044, 39.174228010606761 ], [ 141.520860232158526, 39.175041699797795 ], [ 141.520231037019357, 39.17529122671047 ], [ 141.517258684512058, 39.175847184598112 ], [ 141.515090969318379, 39.175637390091268 ], [ 141.514132322128944, 39.175262593126156 ], [ 141.513585618208452, 39.174715570809795 ], [ 141.512801812061667, 39.174532788645358 ], [ 141.510370464366446, 39.175050306017688 ], [ 141.51049399794951, 39.175634138126526 ], [ 141.511173365441721, 39.176569305533846 ], [ 141.512954625685353, 39.178228583779671 ], [ 141.514822796320118, 39.17962653320992 ], [ 141.515327663023783, 39.18099757803089 ], [ 141.518270022820275, 39.182545650301201 ], [ 141.519054645350536, 39.182801941684346 ], [ 141.522827042520845, 39.182379719403315 ], [ 141.523382235678866, 39.18202856493096 ], [ 141.524531844426463, 39.180769540187583 ], [ 141.525267136006249, 39.18055652141566 ], [ 141.525871125293037, 39.180622478136705 ], [ 141.526121036098175, 39.181038407606273 ], [ 141.526094094080605, 39.181708211344649 ], [ 141.525663762697661, 39.183763114622053 ], [ 141.526110140215195, 39.185045846399404 ], [ 141.525769183459573, 39.185995644010902 ], [ 141.522997172575941, 39.187414232610536 ], [ 141.52260420971092, 39.188169511452912 ], [ 141.522564782242767, 39.190097780407712 ], [ 141.521985466791136, 39.190568568831139 ], [ 141.52010095908156, 39.191494984678897 ], [ 141.519905746955686, 39.192002421342075 ], [ 141.520178376024802, 39.192585085182962 ], [ 141.51976866814519, 39.193340523593861 ], [ 141.518242449508961, 39.194232292138551 ], [ 141.517350522615004, 39.195159314642574 ], [ 141.516512509258519, 39.195625117604926 ], [ 141.51570738084132, 39.196902162425737 ], [ 141.513769552555686, 39.198380608596622 ], [ 141.511174733338464, 39.199213613015658 ], [ 141.510910054564079, 39.199448798206603 ], [ 141.510566912058181, 39.200203813872292 ], [ 141.510466935026017, 39.20108078944655 ], [ 141.508205172920441, 39.201859862786307 ], [ 141.506037193026373, 39.20372892673511 ], [ 141.504707050249635, 39.204230005177472 ], [ 141.50426880720903, 39.204641485808466 ], [ 141.503563606259775, 39.205930825525677 ], [ 141.502168514229567, 39.206626976176516 ], [ 141.499425209939062, 39.209033352524941 ], [ 141.497818663822954, 39.211349929137619 ], [ 141.497334638784707, 39.212628112102877 ], [ 141.496357801878247, 39.214261469198298 ], [ 141.497020441143775, 39.21703502414266 ], [ 141.49690115448422, 39.218109712374577 ], [ 141.496461211575649, 39.218981150303591 ], [ 141.494602999526933, 39.220530755646642 ], [ 141.492829678828201, 39.221212466629105 ], [ 141.491090786799475, 39.222880835125203 ], [ 141.490030073109665, 39.223154030679702 ], [ 141.487313925903834, 39.223357200169005 ], [ 141.486507310933831, 39.224301377552919 ], [ 141.481767241112664, 39.227921130944097 ], [ 141.479589041379825, 39.230564760352287 ], [ 141.478657941208382, 39.232382216018088 ], [ 141.477665689441608, 39.233204469353737 ], [ 141.477151078476453, 39.233918730455649 ], [ 141.477791756186718, 39.234582566350113 ], [ 141.486487563380024, 39.2363857523791 ], [ 141.487564740554831, 39.23758100116207 ], [ 141.492639669076141, 39.239581447960006 ], [ 141.496690914341173, 39.239665297571037 ], [ 141.49728333634576, 39.239176341315478 ], [ 141.499369127232683, 39.236585561932543 ], [ 141.501145864901872, 39.235089923839098 ], [ 141.502565819917749, 39.23413917853803 ], [ 141.504245559396423, 39.231680888407752 ], [ 141.505446570054488, 39.230278569923804 ], [ 141.505663470572756, 39.229869423781629 ], [ 141.505725807053494, 39.229171362987209 ], [ 141.505096523331474, 39.226877927939199 ], [ 141.50502795410091, 39.225482907550067 ] ] ] } },
{ "type": "Feature", "properties": { "CITY_NAME": "住田町", "S_NAME": "下有住字奥火の土", "JINKO": 48, "medical_area": "03_気仙医療圏", "町丁目名": "住田町下有住字奥火の土" }, "geometry": { "type": "Polygon", "coordinates": [ [ [ 141.481767241112721, 39.227921130944097 ], [ 141.486507310933831, 39.224301377552919 ], [ 141.487313925903834, 39.223357200168998 ], [ 141.490030073109665, 39.223154030679702 ], [ 141.491090786799475, 39.22288083512521 ], [ 141.492829678828201, 39.221212466629105 ], [ 141.494602999526933, 39.220530755646642 ], [ 141.496461211575649, 39.21898115030357 ], [ 141.49690115448422, 39.218109712374577 ], [ 141.497020441143775, 39.21703502414266 ], [ 141.496357801878247, 39.214261469198298 ], [ 141.497334638784707, 39.212628112102891 ], [ 141.497818663822954, 39.211349929137619 ], [ 141.499425209939091, 39.209033352524941 ], [ 141.502168514229595, 39.206626976176516 ], [ 141.503563606259718, 39.205930825525712 ], [ 141.504268807209002, 39.204641485808466 ], [ 141.504707050249635, 39.204230005177472 ], [ 141.506037193026401, 39.203728926735103 ], [ 141.508205172920441, 39.201859862786307 ], [ 141.510466935026017, 39.20108078944655 ], [ 141.510566912058181, 39.200203813872285 ], [ 141.510910054564079, 39.199448798206603 ], [ 141.511174733338464, 39.199213613015658 ], [ 141.513769552555686, 39.198380608596622 ], [ 141.51570738084132, 39.196902162425737 ], [ 141.516512509258519, 39.195625117604926 ], [ 141.517350522614976, 39.195159314642545 ], [ 141.518242449508961, 39.194232292138551 ], [ 141.51976866814519, 39.193340523593875 ], [ 141.520178376024802, 39.192585085182962 ], [ 141.519905746955686, 39.192002421342075 ], [ 141.520100959081503, 39.191494984678911 ], [ 141.521985466791136, 39.190568568831139 ], [ 141.522564782242767, 39.190097780407712 ], [ 141.52260420971092, 39.188169511452912 ], [ 141.522997172575941, 39.187414232610536 ], [ 141.525769183459573, 39.185995644010902 ], [ 141.525998523527051, 39.18556582498006 ], [ 141.526074726439163, 39.18483830159343 ], [ 141.525663762697661, 39.183763114622053 ], [ 141.526094094080605, 39.181708211344649 ], [ 141.526121036098175, 39.18103840760628 ], [ 141.525871125293037, 39.180622478136705 ], [ 141.525267136006221, 39.18055652141566 ], [ 141.524531844426463, 39.180769540187583 ], [ 141.523382235678866, 39.18202856493096 ], [ 141.522827042520845, 39.182379719403301 ], [ 141.519054645350593, 39.182801941684325 ], [ 141.518270022820275, 39.182545650301208 ], [ 141.515327663023783, 39.180997578030862 ], [ 141.514822796320118, 39.179626533209913 ], [ 141.512954625685353, 39.178228583779671 ], [ 141.511173365441721, 39.176569305533846 ], [ 141.51049399794951, 39.175634138126554 ], [ 141.510370464366474, 39.17505030601771 ], [ 141.50925466639265, 39.176309328506711 ], [ 141.509003602423462, 39.176790748198236 ], [ 141.508805577509435, 39.178091261769097 ], [ 141.508457484974969, 39.178649335729148 ], [ 141.506933377131872, 39.179688273947214 ], [ 141.506394060664007, 39.181482502429191 ], [ 141.504985986560968, 39.182087634068388 ], [ 141.50419012573667, 39.182221005136235 ], [ 141.501795294171245, 39.183452210349159 ], [ 141.500754050200072, 39.184675626001386 ], [ 141.500260735972262, 39.185705318549857 ], [ 141.49983459196082, 39.18596716222693 ], [ 141.495770586706328, 39.186805760412518 ], [ 141.491393422013715, 39.187275254189863 ], [ 141.490324174330084, 39.187522253403067 ], [ 141.488569346450646, 39.188310495199815 ], [ 141.488304431489411, 39.189266366392339 ], [ 141.488129623677764, 39.190953792287694 ], [ 141.487379693296134, 39.1922552552941 ], [ 141.486331564564637, 39.19478145920138 ], [ 141.484233982572647, 39.197146783446591 ], [ 141.482827161570356, 39.198257292731469 ], [ 141.48256949170991, 39.198722019039842 ], [ 141.482491761004724, 39.200612704364637 ], [ 141.483148852349615, 39.202128693832321 ], [ 141.482934880705727, 39.203454942483269 ], [ 141.482679081716896, 39.204123539547332 ], [ 141.480506729000297, 39.206174142357611 ], [ 141.479788685396471, 39.20838344728832 ], [ 141.479245224772541, 39.209418952159915 ], [ 141.479382666048593, 39.209491595185767 ], [ 141.479032778190145, 39.211715953828723 ], [ 141.479158086064615, 39.212332391872046 ], [ 141.478207303770972, 39.212836052448239 ], [ 141.476534674276081, 39.214274342988872 ], [ 141.475826111293173, 39.215282375086723 ], [ 141.477157796063409, 39.216829021277874 ], [ 141.477116059310106, 39.218112565507184 ], [ 141.477396976186839, 39.218532288951131 ], [ 141.478520912789747, 39.219041588562362 ], [ 141.480153158262681, 39.220385674314272 ], [ 141.480381466875912, 39.220728545617924 ], [ 141.480372836751656, 39.222013091227502 ], [ 141.480098808659051, 39.222853417150631 ], [ 141.479792185932126, 39.223235988892554 ], [ 141.480366107818185, 39.224179361672938 ], [ 141.479723709663119, 39.226733687438028 ], [ 141.480842434007883, 39.227683820899941 ], [ 141.481767241112721, 39.227921130944097 ] ] ] } },
{ "type": "Feature", "properties": { "CITY_NAME": "住田町", "S_NAME": "下有住字高瀬", "JINKO": 136, "medical_area": "03_気仙医療圏", "町丁目名": "住田町下有住字高瀬" }, "geometry": { "type": "Polygon", "coordinates": [ [ [ 141.550650942508753, 39.181514923718595 ], [ 141.549244427420973, 39.179618478543624 ], [ 141.54854414348145, 39.179001284275571 ], [ 141.551059932424693, 39.176624833307478 ], [ 141.552291979052228, 39.175767371600763 ], [ 141.554021243971647, 39.175003310341864 ], [ 141.554838538057794, 39.174843777763122 ], [ 141.556935296089222, 39.174821066685851 ], [ 141.557674537618908, 39.174314267407787 ], [ 141.559873369933825, 39.173373456964008 ], [ 141.560462308533204, 39.172732323919483 ], [ 141.560792860066329, 39.171107738990067 ], [ 141.558501562528875, 39.167998671721833 ], [ 141.558250883021373, 39.166964152024789 ], [ 141.558456716786822, 39.166189013886523 ], [ 141.556254847012355, 39.165460921413413 ], [ 141.553705804772733, 39.164905522240204 ], [ 141.552292376500617, 39.164808681687965 ], [ 141.550634668794316, 39.165187664579129 ], [ 141.548242255840023, 39.166513403993108 ], [ 141.546122387705054, 39.168036519813739 ], [ 141.545193314015933, 39.168358235677246 ], [ 141.545199685599158, 39.170465275728617 ], [ 141.542955710262618, 39.170882796978873 ], [ 141.541345316622568, 39.170752078859486 ], [ 141.540696709472684, 39.17055697463045 ], [ 141.537922678290329, 39.16910458837598 ], [ 141.536401145883616, 39.168832795629164 ], [ 141.535228067928671, 39.168816400414826 ], [ 141.534345101639929, 39.169243104496857 ], [ 141.531564668434527, 39.172365715564105 ], [ 141.532996889739792, 39.172930730318377 ], [ 141.533729967320937, 39.173046264103192 ], [ 141.538401423292754, 39.173115670656152 ], [ 141.540017417921973, 39.172925964063559 ], [ 141.542168787333537, 39.173588566182218 ], [ 141.542201548343712, 39.173260621899281 ], [ 141.5423570034487, 39.173166008415301 ], [ 141.544343914109305, 39.173040569633891 ], [ 141.54456459854714, 39.173293922178047 ], [ 141.5439381517794, 39.173660874439321 ], [ 141.542818603518697, 39.17396677288113 ], [ 141.543472326615102, 39.174591763354357 ], [ 141.543457014493441, 39.174981674458508 ], [ 141.543287451221573, 39.175357530890629 ], [ 141.542349781327516, 39.175962903064601 ], [ 141.542051874038577, 39.17698426066822 ], [ 141.541670915449174, 39.177406368836223 ], [ 141.541487681385689, 39.178337014536012 ], [ 141.541792975339149, 39.179954381433049 ], [ 141.541788729911502, 39.182390762932201 ], [ 141.543962147822839, 39.18149735967161 ], [ 141.546068951952236, 39.181744838570829 ], [ 141.547073104907412, 39.182015842881967 ], [ 141.547499079414877, 39.18232500162226 ], [ 141.546996491657524, 39.183334380948693 ], [ 141.547668087294937, 39.182919348393455 ], [ 141.548574607420932, 39.182757632309681 ], [ 141.549909843116467, 39.182182350986871 ], [ 141.550065266119105, 39.18189376872261 ], [ 141.550650942508753, 39.181514923718595 ] ] ] } },
{ "type": "Feature", "properties": { "CITY_NAME": "住田町", "S_NAME": "下有住字中上", "JINKO": 202, "medical_area": "03_気仙医療圏", "町丁目名": "住田町下有住字中上" }, "geometry": { "type": "Polygon", "coordinates": [ [ [ 141.548957795101188, 39.190966861948667 ], [ 141.550794263191023, 39.191006688559952 ], [ 141.55202096499707, 39.190731224249667 ], [ 141.552475781438062, 39.190320171752838 ], [ 141.552888400634544, 39.18943292977503 ], [ 141.55390843250936, 39.188805360027025 ], [ 141.554504295060894, 39.189171932715915 ], [ 141.555269668687714, 39.189221324454351 ], [ 141.555650263324509, 39.18904310198311 ], [ 141.556527115658866, 39.188104276263907 ], [ 141.55705062612833, 39.188526247434524 ], [ 141.557346316560029, 39.187889762540301 ], [ 141.558864861075563, 39.189699987523873 ], [ 141.559307851507839, 39.18981398518784 ], [ 141.560409014691771, 39.188213948520136 ], [ 141.56108964014183, 39.187829881040201 ], [ 141.561504332863308, 39.187339865752122 ], [ 141.561695593357882, 39.186543207868603 ], [ 141.560842183034595, 39.186453176939615 ], [ 141.561159217014875, 39.184969408711964 ], [ 141.562338925015183, 39.183658302332482 ], [ 141.563061156880082, 39.182492845077377 ], [ 141.565155814060773, 39.177612949384248 ], [ 141.566176923626017, 39.176517127111005 ], [ 141.567651318744169, 39.175997712070064 ], [ 141.567392960062392, 39.174569091914542 ], [ 141.566641336811301, 39.174256487108828 ], [ 141.564639075165644, 39.172459950802711 ], [ 141.563082055475263, 39.171342466610405 ], [ 141.562433370940482, 39.170977108308563 ], [ 141.561212675736812, 39.170911942842935 ], [ 141.560315000546268, 39.170492593859507 ], [ 141.560792860066329, 39.171107738990067 ], [ 141.560462308533204, 39.172732323919483 ], [ 141.559873369933825, 39.173373456964008 ], [ 141.557674537618908, 39.174314267407787 ], [ 141.556935296089222, 39.174821066685851 ], [ 141.554838538057794, 39.174843777763122 ], [ 141.554021243971647, 39.175003310341864 ], [ 141.552291979052228, 39.175767371600763 ], [ 141.551059932424693, 39.176624833307478 ], [ 141.54854414348145, 39.179001284275571 ], [ 141.549244427420973, 39.179618478543624 ], [ 141.550650942508753, 39.181514923718595 ], [ 141.550065266119105, 39.18189376872261 ], [ 141.549909843116467, 39.182182350986871 ], [ 141.548574607420932, 39.182757632309681 ], [ 141.547668087294937, 39.182919348393455 ], [ 141.546996491657524, 39.183334380948693 ], [ 141.547499079414877, 39.18232500162226 ], [ 141.547073104907412, 39.182015842881967 ], [ 141.546068951952236, 39.181744838570829 ], [ 141.543962147822839, 39.18149735967161 ], [ 141.541788729911502, 39.182390762932201 ], [ 141.540961180829697, 39.18437483418559 ], [ 141.541294403247633, 39.184942508606227 ], [ 141.542121817521803, 39.185799593318215 ], [ 141.544018970603332, 39.186702588885922 ], [ 141.544955345444123, 39.187851336348643 ], [ 141.544923219595972, 39.188481191606058 ], [ 141.543892369619954, 39.189417077695062 ], [ 141.544391043602673, 39.19109322208309 ], [ 141.54519152854769, 39.191389623146883 ], [ 141.546700818920499, 39.19149103802841 ], [ 141.548957795101188, 39.190966861948667 ] ] ] } },
{ "type": "Feature", "properties": { "CITY_NAME": "住田町", "S_NAME": "下有住字十文字", "JINKO": 77, "medical_area": "03_気仙医療圏", "町丁目名": "住田町下有住字十文字" }, "geometry": { "type": "Polygon", "coordinates": [ [ [ 141.543538406608377, 39.203133791934093 ], [ 141.544592377103811, 39.202435721499604 ], [ 141.545308110240086, 39.202319742975362 ], [ 141.546742964107608, 39.202422601121398 ], [ 141.548028771219606, 39.201968482159558 ], [ 141.550383044058918, 39.202244066755 ], [ 141.556608953793841, 39.199773680499092 ], [ 141.557293652177265, 39.19943472808589 ], [ 141.55802922879019, 39.198470728536158 ], [ 141.561066949922377, 39.198295658040088 ], [ 141.562080307639491, 39.197854196868882 ], [ 141.562959890834804, 39.196956260501182 ], [ 141.561911085458689, 39.195811041809698 ], [ 141.561560960561167, 39.194587840737036 ], [ 141.561783681465982, 39.19437159234738 ], [ 141.562792545679656, 39.194039093815149 ], [ 141.5634703258809, 39.193334610113574 ], [ 141.563990262783676, 39.193188137962423 ], [ 141.564576424057549, 39.192523982966662 ], [ 141.565482456626654, 39.191856198194657 ], [ 141.565374171972223, 39.190969009715715 ], [ 141.56502687822595, 39.190749645072707 ], [ 141.564421209122912, 39.189739883092699 ], [ 141.563339106002758, 39.187286658182089 ], [ 141.563024446084313, 39.18688593530149 ], [ 141.561695593357882, 39.186543207868603 ], [ 141.561419212593961, 39.187485583608535 ], [ 141.560409014691771, 39.188213948520136 ], [ 141.559307851507839, 39.18981398518784 ], [ 141.558864861075563, 39.189699987523873 ], [ 141.557346316560029, 39.187889762540301 ], [ 141.55705062612833, 39.188526247434524 ], [ 141.556527115658866, 39.188104276263907 ], [ 141.555650263324509, 39.18904310198311 ], [ 141.555269668687714, 39.189221324454351 ], [ 141.554504295060894, 39.189171932715915 ], [ 141.55390843250936, 39.188805360027025 ], [ 141.552888400634544, 39.18943292977503 ], [ 141.552475781438062, 39.190320171752838 ], [ 141.55202096499707, 39.190731224249667 ], [ 141.551492800870477, 39.190917310629011 ], [ 141.548662990992881, 39.19099421387557 ], [ 141.546700818920499, 39.19149103802841 ], [ 141.54519152854769, 39.191389623146883 ], [ 141.544391043602673, 39.19109322208309 ], [ 141.543733141581583, 39.191764398466411 ], [ 141.543582996846283, 39.192155128149857 ], [ 141.543637032940211, 39.19368407839471 ], [ 141.543253818109747, 39.193896273325969 ], [ 141.542365604396196, 39.19561082907903 ], [ 141.541412849537096, 39.196666130653021 ], [ 141.541159726255927, 39.197709933751852 ], [ 141.540359045476436, 39.199024341943669 ], [ 141.54022512196866, 39.199422284383211 ], [ 141.540619408475493, 39.200906518014982 ], [ 141.540626220741871, 39.201582718433407 ], [ 141.539147330240297, 39.202675808744658 ], [ 141.541041930406607, 39.203126922555398 ], [ 141.541756242086336, 39.202720672935293 ], [ 141.543223427115919, 39.203180326395994 ], [ 141.543538406608377, 39.203133791934093 ] ] ] } },
{ "type": "Feature", "properties": { "CITY_NAME": "住田町", "S_NAME": "下有住字新切", "JINKO": 75, "medical_area": "03_気仙医療圏", "町丁目名": "住田町下有住字新切" }, "geometry": { "type": "Polygon", "coordinates": [ [ [ 141.562633389822423, 39.213257216446117 ], [ 141.563015700284922, 39.21258421562721 ], [ 141.563429197594104, 39.212235519008402 ], [ 141.564547137313895, 39.210108439242809 ], [ 141.565263097800539, 39.209433332799421 ], [ 141.565424927766145, 39.208956364345099 ], [ 141.56541838401867, 39.208329076204755 ], [ 141.56484905797322, 39.20698488498963 ], [ 141.564945778814888, 39.205151832943123 ], [ 141.564804295146104, 39.202689354243759 ], [ 141.564604713149663, 39.202059756868188 ], [ 141.565195719488059, 39.2013501089952 ], [ 141.566857836124029, 39.200611135899592 ], [ 141.567258635318865, 39.200173057540738 ], [ 141.567370042953428, 39.199751790108635 ], [ 141.56680037778986, 39.198809099495961 ], [ 141.56595047848225, 39.197830585505628 ], [ 141.564748236976214, 39.195628043891602 ], [ 141.564701388742634, 39.194669113551484 ], [ 141.564941957562411, 39.193676214515193 ], [ 141.564776530483385, 39.192373530389865 ], [ 141.564142473490534, 39.193075778703594 ], [ 141.5634703258809, 39.193334610113574 ], [ 141.562792545679656, 39.194039093815149 ], [ 141.561783681465982, 39.19437159234738 ], [ 141.561560960561167, 39.194587840737036 ], [ 141.561911085458689, 39.195811041809698 ], [ 141.562959890834804, 39.196956260501182 ], [ 141.561595860790902, 39.198147311646323 ], [ 141.559692238118174, 39.19846039021342 ], [ 141.55802922879019, 39.198470728536158 ], [ 141.557293652177265, 39.19943472808589 ], [ 141.556608953793841, 39.199773680499092 ], [ 141.550383044058918, 39.202244066755 ], [ 141.548028771219606, 39.201968482159558 ], [ 141.546742964107608, 39.202422601121398 ], [ 141.545308110240086, 39.202319742975362 ], [ 141.544592377103811, 39.202435721499604 ], [ 141.543538406608377, 39.203133791934093 ], [ 141.542476489805694, 39.203051009921815 ], [ 141.541756242086336, 39.202720672935293 ], [ 141.541041930406607, 39.203126922555398 ], [ 141.54111026657543, 39.204330083191415 ], [ 141.541397685959907, 39.204941035572872 ], [ 141.543161727360541, 39.206943568595072 ], [ 141.545454505822903, 39.208373849505818 ], [ 141.546776162904393, 39.210718436153968 ], [ 141.548471169837939, 39.210850514274817 ], [ 141.549779639904585, 39.211234280366192 ], [ 141.553960112280009, 39.21451074281908 ], [ 141.55452463552578, 39.214433854584172 ], [ 141.555363843821596, 39.213301108631356 ], [ 141.558759335927249, 39.215270971358756 ], [ 141.559061105481987, 39.216654003588232 ], [ 141.560721364075249, 39.218039477902188 ], [ 141.561757436732051, 39.218689400991579 ], [ 141.56294363188411, 39.216348833971288 ], [ 141.562317223322708, 39.214946584397566 ], [ 141.562633389822423, 39.213257216446117 ] ] ] } },
{ "type": "Feature", "properties": { "CITY_NAME": "住田町", "S_NAME": "下有住字奥新切", "JINKO": 37, "medical_area": "03_気仙医療圏", "町丁目名": "住田町下有住字奥新切" }, "geometry": { "type": "Polygon", "coordinates": [ [ [ 141.540893696117081, 39.243371425021884 ], [ 141.542090657950041, 39.242199806375048 ], [ 141.543952293362082, 39.241005476563664 ], [ 141.546332027186054, 39.240594246386024 ], [ 141.54651577351467, 39.240420001091174 ], [ 141.546562458804885, 39.239539676532004 ], [ 141.546799793848265, 39.239163125995042 ], [ 141.551119650940734, 39.238905795745026 ], [ 141.551757350688064, 39.238678288662143 ], [ 141.552214296310382, 39.238011836579787 ], [ 141.55211769218397, 39.2376373326018 ], [ 141.550586403803806, 39.235749656740353 ], [ 141.550395439368458, 39.235217034581268 ], [ 141.55040645337067, 39.234481265190269 ], [ 141.551087458729512, 39.23395770619819 ], [ 141.554337981206231, 39.232567093645585 ], [ 141.554769644293145, 39.232153290121516 ], [ 141.555571019647118, 39.230720057705902 ], [ 141.556527791369064, 39.229963921840643 ], [ 141.556748354020755, 39.227971697944426 ], [ 141.557631411497709, 39.226372073080171 ], [ 141.56054913490766, 39.225127624270804 ], [ 141.562957139643061, 39.223035181524963 ], [ 141.563208682034542, 39.222254552975748 ], [ 141.562128709216893, 39.220955701049284 ], [ 141.561757436732023, 39.218689400991579 ], [ 141.560721364075249, 39.218039477902167 ], [ 141.559061105481959, 39.216654003588232 ], [ 141.558759335927277, 39.215270971358756 ], [ 141.555363843821596, 39.213301108631356 ], [ 141.55452463552578, 39.214433854584172 ], [ 141.553960112280038, 39.214510742819094 ], [ 141.549779639904585, 39.211234280366192 ], [ 141.548471169837939, 39.210850514274838 ], [ 141.546776162904393, 39.210718436153968 ], [ 141.545454505822903, 39.208373849505797 ], [ 141.543161727360598, 39.206943568595072 ], [ 141.541397685959907, 39.204941035572872 ], [ 141.54111026657543, 39.204330083191415 ], [ 141.541041930406607, 39.203126922555434 ], [ 141.538277490539372, 39.202605971841578 ], [ 141.53656711880015, 39.20263774977925 ], [ 141.534936543777746, 39.203060807264663 ], [ 141.532357512770659, 39.203140687133228 ], [ 141.530240972640485, 39.202562974165645 ], [ 141.52975876085145, 39.202630250233376 ], [ 141.528800341140311, 39.203365915240745 ], [ 141.52796176416885, 39.204363784096529 ], [ 141.527449624765808, 39.205590536058089 ], [ 141.526573272244008, 39.206261225080716 ], [ 141.526191982645116, 39.206768016679298 ], [ 141.525208202676936, 39.209838377173725 ], [ 141.524421534801093, 39.21121698548248 ], [ 141.523779860844456, 39.211907720740115 ], [ 141.521093609008716, 39.213045296493377 ], [ 141.515012462704533, 39.214138319849518 ], [ 141.513490293056549, 39.216530053369041 ], [ 141.512845343123843, 39.216898779474718 ], [ 141.510096339671264, 39.217295838663134 ], [ 141.508574567276611, 39.219751962799698 ], [ 141.505798695257312, 39.223111648567603 ], [ 141.505158149459646, 39.224666358852502 ], [ 141.50502795410091, 39.225482907550067 ], [ 141.505096523331474, 39.226877927939199 ], [ 141.505725807053523, 39.229171362987216 ], [ 141.505663470572756, 39.229869423781629 ], [ 141.502565819917749, 39.234139178538058 ], [ 141.503112625485699, 39.234353851622714 ], [ 141.505208976115199, 39.236276906132879 ], [ 141.506271589278413, 39.236808516257369 ], [ 141.507288081968028, 39.236876400823625 ], [ 141.508483008904733, 39.236730992876424 ], [ 141.509307959860365, 39.237087661167557 ], [ 141.510345085654961, 39.237135623666958 ], [ 141.510637046981401, 39.237891023683986 ], [ 141.511406427692151, 39.238487205757814 ], [ 141.511664858319591, 39.239124146130578 ], [ 141.513044530835032, 39.239887637868065 ], [ 141.513740434954286, 39.240773827213907 ], [ 141.515203461734814, 39.240826372248371 ], [ 141.515847116786119, 39.241097776688541 ], [ 141.516076283035034, 39.241341059755591 ], [ 141.516050264261992, 39.241517431560517 ], [ 141.515136792899796, 39.242060509168397 ], [ 141.514947276607018, 39.242561561334703 ], [ 141.516458945144706, 39.245692717280399 ], [ 141.517213524186872, 39.246177473890718 ], [ 141.51889959263201, 39.246346476715679 ], [ 141.519304622245784, 39.246615392531226 ], [ 141.519517006170844, 39.247921991433934 ], [ 141.521041171920473, 39.248534293318507 ], [ 141.521811907095724, 39.248345788851353 ], [ 141.522183254864757, 39.2480918653823 ], [ 141.523304936864861, 39.246637621948103 ], [ 141.523672677882104, 39.245391215562634 ], [ 141.524864601646783, 39.245589157593592 ], [ 141.526347438887996, 39.245176895264144 ], [ 141.527381066603169, 39.245324025965367 ], [ 141.528642769590761, 39.245229386547862 ], [ 141.531577476337617, 39.245879926203585 ], [ 141.532204929045918, 39.245492130321502 ], [ 141.533101972579175, 39.244442594358098 ], [ 141.534123398651161, 39.244410633968705 ], [ 141.53483458853259, 39.2441687040468 ], [ 141.53656545188673, 39.244469689155295 ], [ 141.537426487198815, 39.244019093696259 ], [ 141.540017186294506, 39.243751977732138 ], [ 141.540893696117081, 39.243371425021884 ] ] ] } },
{ "type": "Feature", "properties": { "CITY_NAME": "住田町", "S_NAME": "上有住字東峰", "JINKO": 0, "medical_area": "03_気仙医療圏", "町丁目名": "住田町上有住字東峰" }, "geometry": { "type": "Polygon", "coordinates": [ [ [ 141.576616371343761, 39.18573069756129 ], [ 141.577223743900078, 39.185129821714824 ], [ 141.579400107059996, 39.184472957969149 ], [ 141.580807761391213, 39.182007037263951 ], [ 141.581691892606869, 39.181362983671953 ], [ 141.583917755972379, 39.180935428812219 ], [ 141.585943361732461, 39.181229993936469 ], [ 141.586602487663413, 39.180869917702864 ], [ 141.587235146039689, 39.180171850115698 ], [ 141.587395444835693, 39.177895760131769 ], [ 141.585208809459203, 39.177637243947025 ], [ 141.584864220311374, 39.177477040073505 ], [ 141.583808754114585, 39.176358405053072 ], [ 141.581537814113858, 39.175874106361491 ], [ 141.580590971146933, 39.175149262816674 ], [ 141.579381587751698, 39.174959742289225 ], [ 141.577816143949917, 39.174934975893429 ], [ 141.576407903001581, 39.176079664612928 ], [ 141.575728082313702, 39.176235510227485 ], [ 141.574303779850794, 39.176187772773275 ], [ 141.572407521583386, 39.175816186080638 ], [ 141.571520135515414, 39.175907028569419 ], [ 141.570600421829937, 39.176395894905042 ], [ 141.569700536950592, 39.176458436110408 ], [ 141.568105229991914, 39.176345328156927 ], [ 141.56765131874414, 39.175997712070078 ], [ 141.566176923626017, 39.176517127111005 ], [ 141.565381735084117, 39.177272181171531 ], [ 141.563061156880082, 39.182492845077377 ], [ 141.562338925015183, 39.183658302332482 ], [ 141.565349471869155, 39.183850082877306 ], [ 141.567492263451385, 39.184742290221237 ], [ 141.570400467482727, 39.184633367843311 ], [ 141.57340907490277, 39.185769046314263 ], [ 141.574861777140484, 39.184665464798009 ], [ 141.575346504115686, 39.184647250094955 ], [ 141.576616371343761, 39.18573069756129 ] ] ] } },
{ "type": "Feature", "properties": { "CITY_NAME": "住田町", "S_NAME": "上有住字大畑", "JINKO": 32, "medical_area": "03_気仙医療圏", "町丁目名": "住田町上有住字大畑" }, "geometry": { "type": "Polygon", "coordinates": [ [ [ 141.566248577160536, 39.191963988236772 ], [ 141.568164540554022, 39.188953119911837 ], [ 141.569476187578914, 39.187980405516569 ], [ 141.569542367800693, 39.186409393010706 ], [ 141.570400467482727, 39.184633367843311 ], [ 141.567492263451385, 39.184742290221237 ], [ 141.565349471869155, 39.183850082877306 ], [ 141.562338925015183, 39.183658302332482 ], [ 141.561159217014875, 39.184969408711964 ], [ 141.560842183034595, 39.186453176939615 ], [ 141.562543450522583, 39.186664021804589 ], [ 141.563024446084313, 39.18688593530149 ], [ 141.563339106002758, 39.187286658182074 ], [ 141.564421209122941, 39.189739883092706 ], [ 141.56502687822595, 39.190749645072707 ], [ 141.56537417197228, 39.190969009715715 ], [ 141.5654817263746, 39.191842549767948 ], [ 141.566248577160536, 39.191963988236772 ] ] ] } },
{ "type": "Feature", "properties": { "CITY_NAME": "住田町", "S_NAME": "上有住字上大畑", "JINKO": 22, "medical_area": "03_気仙医療圏", "町丁目名": "住田町上有住字上大畑" }, "geometry": { "type": "Polygon", "coordinates": [ [ [ 141.566248577160536, 39.191963988236772 ], [ 141.570504797853914, 39.19160273317565 ], [ 141.572351046322694, 39.191877973268205 ], [ 141.573629109687573, 39.191879367067273 ], [ 141.574915172279987, 39.190890989491123 ], [ 141.575502571463289, 39.190657753307057 ], [ 141.575503485201523, 39.18930616386023 ], [ 141.575745822950068, 39.187669701056819 ], [ 141.576616371343761, 39.18573069756129 ], [ 141.575346504115686, 39.184647250094955 ], [ 141.574861777140484, 39.184665464798009 ], [ 141.57340907490277, 39.185769046314263 ], [ 141.570400467482727, 39.184633367843311 ], [ 141.569542367800693, 39.186409393010706 ], [ 141.569476187578914, 39.187980405516569 ], [ 141.568164540554022, 39.188953119911837 ], [ 141.566248577160536, 39.191963988236772 ] ] ] } },
{ "type": "Feature", "properties": { "CITY_NAME": "住田町", "S_NAME": "上有住字小台", "JINKO": 23, "medical_area": "03_気仙医療圏", "町丁目名": "住田町上有住字小台" }, "geometry": { "type": "Polygon", "coordinates": [ [ [ 141.584476052773084, 39.194937177745381 ], [ 141.585204236802525, 39.193521793541748 ], [ 141.585715905949115, 39.191098030280159 ], [ 141.585276530624384, 39.188613116312027 ], [ 141.586361668359274, 39.185961573463516 ], [ 141.587040685301076, 39.184873254478696 ], [ 141.586548854755819, 39.184393227217591 ], [ 141.585584099295119, 39.183972479130837 ], [ 141.58549020717237, 39.183741757834412 ], [ 141.585943361732461, 39.181229993936469 ], [ 141.583917755972379, 39.180935428812219 ], [ 141.58206834433372, 39.181250358537241 ], [ 141.581386919840753, 39.181539473533952 ], [ 141.580563637891856, 39.182357597711594 ], [ 141.579400107059996, 39.184472957969149 ], [ 141.57771710886027, 39.184915473594721 ], [ 141.576849305058431, 39.185435320889404 ], [ 141.575745822950068, 39.187669701056819 ], [ 141.575503485201523, 39.18930616386023 ], [ 141.575502571463289, 39.190657753307057 ], [ 141.576164477996826, 39.190500539402919 ], [ 141.576522733294155, 39.190679968965448 ], [ 141.580208141052509, 39.193453610744363 ], [ 141.583672693071065, 39.19451200219315 ], [ 141.584476052773084, 39.194937177745381 ] ] ] } },
{ "type": "Feature", "properties": { "CITY_NAME": "住田町", "S_NAME": "上有住字葉山", "JINKO": 20, "medical_area": "03_気仙医療圏", "町丁目名": "住田町上有住字葉山" }, "geometry": { "type": "Polygon", "coordinates": [ [ [ 141.582955535209038, 39.200786922600777 ], [ 141.583071498812785, 39.2005086161778 ], [ 141.582829106273124, 39.198227690835132 ], [ 141.582933717341376, 39.197818347712271 ], [ 141.583495918963621, 39.19664269965979 ], [ 141.584517511816898, 39.195367256412581 ], [ 141.584476052773084, 39.194937177745381 ], [ 141.583672693071065, 39.19451200219315 ], [ 141.581651680321954, 39.193989422731917 ], [ 141.580017689224576, 39.193318581313363 ], [ 141.579751957318791, 39.193614105069884 ], [ 141.579653688368268, 39.194222295449229 ], [ 141.579820286748372, 39.195562452204435 ], [ 141.579782929377302, 39.197198359747496 ], [ 141.580208537553119, 39.198976767003941 ], [ 141.580900965854596, 39.19902130953696 ], [ 141.581280457072467, 39.199214659565897 ], [ 141.582955535209038, 39.200786922600777 ] ] ] } },
{ "type": "Feature", "properties": { "CITY_NAME": "住田町", "S_NAME": "上有住字二反田", "JINKO": 62, "medical_area": "03_気仙医療圏", "町丁目名": "住田町上有住字二反田" }, "geometry": { "type": "Polygon", "coordinates": [ [ [ 141.580208537553119, 39.198976767003941 ], [ 141.579782929377302, 39.197198359747496 ], [ 141.579820286748372, 39.195562452204435 ], [ 141.579653688368268, 39.194222295449229 ], [ 141.579751957318791, 39.193614105069884 ], [ 141.580017689224576, 39.193318581313363 ], [ 141.577116708183866, 39.19106824985252 ], [ 141.576164477996826, 39.190500539402919 ], [ 141.574915172279987, 39.190890989491123 ], [ 141.57522292393088, 39.191173493584195 ], [ 141.575525056301103, 39.192913885130899 ], [ 141.575614696969438, 39.195794023803124 ], [ 141.57574768735185, 39.196353508489594 ], [ 141.576200257327343, 39.197092245295508 ], [ 141.577680987383559, 39.198656399318303 ], [ 141.579030159719451, 39.199082203886334 ], [ 141.580208537553119, 39.198976767003941 ] ] ] } },
{ "type": "Feature", "properties": { "CITY_NAME": "住田町", "S_NAME": "上有住字中井", "JINKO": 27, "medical_area": "03_気仙医療圏", "町丁目名": "住田町上有住字中井" }, "geometry": { "type": "Polygon", "coordinates": [ [ [ 141.577680987383559, 39.198656399318303 ], [ 141.576200257327343, 39.197092245295508 ], [ 141.57574768735185, 39.196353508489594 ], [ 141.575542560197249, 39.195186014491092 ], [ 141.575525056301103, 39.192913885130899 ], [ 141.57522292393088, 39.191173493584195 ], [ 141.574915172279987, 39.190890989491123 ], [ 141.573629109687573, 39.191879367067273 ], [ 141.572351046322694, 39.191877973268205 ], [ 141.571401802278814, 39.191686719366373 ], [ 141.571784830883473, 39.196534135573543 ], [ 141.571514639002885, 39.197759541628322 ], [ 141.571068129584035, 39.19866789317819 ], [ 141.571249070262724, 39.199425400270648 ], [ 141.573163432307666, 39.20125492949073 ], [ 141.573793407733376, 39.201336575881811 ], [ 141.576108548503584, 39.200159378360389 ], [ 141.576386054385154, 39.1996314113713 ], [ 141.576390862014904, 39.198603473445921 ], [ 141.577680987383559, 39.198656399318303 ] ] ] } },
{ "type": "Feature", "properties": { "CITY_NAME": "住田町", "S_NAME": "上有住字根岸", "JINKO": 1, "medical_area": "03_気仙医療圏", "町丁目名": "住田町上有住字根岸" }, "geometry": { "type": "Polygon", "coordinates": [ [ [ 141.571606842295978, 39.199796408919546 ], [ 141.571249070262724, 39.199425400270648 ], [ 141.571068129584035, 39.19866789317819 ], [ 141.571514639002885, 39.197759541628322 ], [ 141.571784830883473, 39.196534135573543 ], [ 141.571401802278814, 39.191686719366373 ], [ 141.570504797853914, 39.19160273317565 ], [ 141.568994345720938, 39.191774911274749 ], [ 141.568778052587987, 39.194362680562435 ], [ 141.569189839024062, 39.195391092468164 ], [ 141.568958789050242, 39.195475101306492 ], [ 141.568090591458287, 39.195162403692947 ], [ 141.567777008130662, 39.195250095858995 ], [ 141.567295462008616, 39.197321123679167 ], [ 141.566783188280937, 39.197960685154079 ], [ 141.566330988190487, 39.198226241136098 ], [ 141.567370042953428, 39.199751790108664 ], [ 141.567087255622937, 39.200399409078564 ], [ 141.569712130409613, 39.200579284797094 ], [ 141.57059094819607, 39.200402437989574 ], [ 141.571606842295978, 39.199796408919546 ] ] ] } },
{ "type": "Feature", "properties": { "CITY_NAME": "住田町", "S_NAME": "上有住字宇南田", "JINKO": 5, "medical_area": "03_気仙医療圏", "町丁目名": "住田町上有住字宇南田" }, "geometry": { "type": "Polygon", "coordinates": [ [ [ 141.566330988190487, 39.198226241136098 ], [ 141.566783188280937, 39.197960685154079 ], [ 141.567295462008616, 39.197321123679167 ], [ 141.567777008130662, 39.195250095858995 ], [ 141.568090591458287, 39.195162403692947 ], [ 141.568958789050242, 39.195475101306492 ], [ 141.569189839024062, 39.195391092468164 ], [ 141.568778052587987, 39.194362680562435 ], [ 141.568994345720938, 39.191774911274749 ], [ 141.567172087729375, 39.19195367674407 ], [ 141.5654817263746, 39.191842549767948 ], [ 141.564776530483385, 39.192373530389865 ], [ 141.564941957562411, 39.193676214515193 ], [ 141.564701388742634, 39.194669113551484 ], [ 141.564748236976214, 39.195628043891588 ], [ 141.565675706058073, 39.197396683964321 ], [ 141.566330988190487, 39.198226241136098 ] ] ] } },
{ "type": "Feature", "properties": { "CITY_NAME": "住田町", "S_NAME": "上有住字平沢", "JINKO": 19, "medical_area": "03_気仙医療圏", "町丁目名": "住田町上有住字平沢" }, "geometry": { "type": "Polygon", "coordinates": [ [ [ 141.577223063773744, 39.209722150836264 ], [ 141.577400341864291, 39.208680024880998 ], [ 141.578487542840492, 39.206529441072469 ], [ 141.57983285648865, 39.204423426188839 ], [ 141.580805598272235, 39.201772335459616 ], [ 141.581179034055651, 39.201476895707181 ], [ 141.582779327067698, 39.200988555321203 ], [ 141.582955535209038, 39.200786922600777 ], [ 141.581787577456822, 39.1995784825763 ], [ 141.580900965854596, 39.19902130953696 ], [ 141.579030159719451, 39.199082203886334 ], [ 141.577680987383559, 39.198656399318303 ], [ 141.576720449508088, 39.198540215583257 ], [ 141.576329386673024, 39.198738493936915 ], [ 141.576386054385154, 39.1996314113713 ], [ 141.576108548503584, 39.200159378360389 ], [ 141.573793407733376, 39.201336575881811 ], [ 141.573163432307666, 39.20125492949073 ], [ 141.571606842295978, 39.199796408919546 ], [ 141.57059094819607, 39.200402437989574 ], [ 141.569712130409613, 39.200579284797094 ], [ 141.567087255622937, 39.200399409078564 ], [ 141.565195719488059, 39.2013501089952 ], [ 141.564604713149777, 39.202059756868195 ], [ 141.564804295146104, 39.202689354243759 ], [ 141.564945778814888, 39.205151832943123 ], [ 141.56484905797322, 39.20698488498963 ], [ 141.56541838401867, 39.208329076204755 ], [ 141.565424927766145, 39.208956364345099 ], [ 141.565263097800567, 39.209433332799392 ], [ 141.564547137313895, 39.210108439242809 ], [ 141.563429197594104, 39.212235519008388 ], [ 141.563015700284922, 39.21258421562721 ], [ 141.562633389822423, 39.213257216446117 ], [ 141.562317223322708, 39.214946584397552 ], [ 141.562937623466269, 39.216327829897658 ], [ 141.563573519403718, 39.214393943156622 ], [ 141.564735713488773, 39.212765343164655 ], [ 141.565340869361648, 39.212605026868331 ], [ 141.565932567453842, 39.213725065585578 ], [ 141.565180606693588, 39.214490692229404 ], [ 141.565250159705641, 39.215772919847936 ], [ 141.566228298912534, 39.216414511438813 ], [ 141.567155705899523, 39.216308392184217 ], [ 141.573110225113425, 39.2138082286056 ], [ 141.574660159812083, 39.212930788092017 ], [ 141.577223063773744, 39.209722150836264 ] ] ] } },
{ "type": "Feature", "properties": { "CITY_NAME": "住田町", "S_NAME": "上有住字新田", "JINKO": 28, "medical_area": "03_気仙医療圏", "町丁目名": "住田町上有住字新田" }, "geometry": { "type": "Polygon", "coordinates": [ [ [ 141.570162520190422, 39.260424414345543 ], [ 141.572194009114753, 39.260361941949931 ], [ 141.573829790750096, 39.259415163723709 ], [ 141.574160000660754, 39.258870689909187 ], [ 141.574689640928852, 39.258485964997917 ], [ 141.577417229008546, 39.257981741477927 ], [ 141.577594212798033, 39.257595521723943 ], [ 141.576848614330004, 39.256713556894823 ], [ 141.57690870076334, 39.256315204288157 ], [ 141.579196694447347, 39.255258342262188 ], [ 141.579855838238444, 39.254255505431317 ], [ 141.57961602074613, 39.253520357446547 ], [ 141.57886293688577, 39.252890465272273 ], [ 141.578919904882127, 39.252319927608013 ], [ 141.581390957614161, 39.25024783194818 ], [ 141.582431592791579, 39.250064864469394 ], [ 141.584709652924204, 39.250669288863548 ], [ 141.585911064138912, 39.250367726919407 ], [ 141.586039088233207, 39.250215805967713 ], [ 141.585471779007662, 39.249453371227254 ], [ 141.585556619440069, 39.249051970517648 ], [ 141.587752785427767, 39.246821466136623 ], [ 141.588134697085252, 39.24667211949226 ], [ 141.589625335348984, 39.246895392008135 ], [ 141.589975612433335, 39.246821756689137 ], [ 141.589954203734209, 39.246339195301282 ], [ 141.591042674653579, 39.246092845054719 ], [ 141.591361681372319, 39.245370833801864 ], [ 141.592467207670353, 39.244954401749858 ], [ 141.59337396842983, 39.243636702012317 ], [ 141.594286523892151, 39.243613994268841 ], [ 141.595246355702017, 39.243960295424138 ], [ 141.595465748773165, 39.244261118221452 ], [ 141.596451420989752, 39.244752072835404 ], [ 141.596825325224387, 39.245603840135352 ], [ 141.597216251445019, 39.24603992892245 ], [ 141.598944954238533, 39.24629510392456 ], [ 141.599680639846525, 39.247385868321992 ], [ 141.600576828891008, 39.248320251994315 ], [ 141.602201506817892, 39.249242362797915 ], [ 141.602916058960034, 39.24835894962775 ], [ 141.60320520344257, 39.246939133170784 ], [ 141.604064144920471, 39.246185870488219 ], [ 141.604303963898388, 39.245715239418367 ], [ 141.603495062913282, 39.244152145704959 ], [ 141.603029550547575, 39.241238260394454 ], [ 141.600946088029559, 39.240328536456865 ], [ 141.600431909144049, 39.23947947239914 ], [ 141.60038845501029, 39.238667987314223 ], [ 141.599000188258429, 39.237196078385047 ], [ 141.599309113317588, 39.235737220948828 ], [ 141.599994806347269, 39.235227347855982 ], [ 141.599763301817461, 39.234785998959879 ], [ 141.59933587183329, 39.234434046445955 ], [ 141.598639577115591, 39.234328835291294 ], [ 141.598324434130859, 39.235302293468472 ], [ 141.597381482204071, 39.235988441948706 ], [ 141.596267522550903, 39.237176199697515 ], [ 141.595101575684993, 39.237331680265008 ], [ 141.594306846245644, 39.23716367811258 ], [ 141.590880296893005, 39.238066241431738 ], [ 141.590423707211443, 39.238036975865306 ], [ 141.587981115160488, 39.237171153986466 ], [ 141.587798122354116, 39.2368713433126 ], [ 141.587891654718959, 39.23656967332051 ], [ 141.590243775180397, 39.23481799445242 ], [ 141.590819633787135, 39.234079328706166 ], [ 141.591046090166714, 39.233389448242356 ], [ 141.591069507157897, 39.232467100038392 ], [ 141.59083478962205, 39.231898514978667 ], [ 141.590007242935144, 39.232137322008754 ], [ 141.589175928423771, 39.232019133173786 ], [ 141.588448202416345, 39.23168048646594 ], [ 141.58859928614072, 39.230951476537285 ], [ 141.588064602045932, 39.230501650817125 ], [ 141.587791297508687, 39.22972049494939 ], [ 141.586885509626569, 39.229245616653643 ], [ 141.586641455140693, 39.227901124997359 ], [ 141.586109655603309, 39.227712220432217 ], [ 141.584263366313678, 39.227634883896805 ], [ 141.583482688326058, 39.227296473006525 ], [ 141.583194892438286, 39.226803862361635 ], [ 141.58322655170906, 39.226460224456019 ], [ 141.584466768909806, 39.225188574529497 ], [ 141.584599463462979, 39.224391065183497 ], [ 141.584152321909642, 39.223858241340395 ], [ 141.58245144370531, 39.223333480424934 ], [ 141.582236629789151, 39.223060183624881 ], [ 141.58214315024486, 39.221748977872529 ], [ 141.581549453053157, 39.220722628695377 ], [ 141.582893017772932, 39.220865092918622 ], [ 141.583646951566152, 39.220561917893399 ], [ 141.584389441517516, 39.219998214299203 ], [ 141.584625207587806, 39.219647351860587 ], [ 141.585174656162508, 39.217838821613718 ], [ 141.586051216244527, 39.217215979670087 ], [ 141.586537429835886, 39.216490860850143 ], [ 141.586621525978472, 39.215261771142174 ], [ 141.585013205894626, 39.213245949003529 ], [ 141.584046108541685, 39.211373561609875 ], [ 141.580541030158713, 39.210420103931277 ], [ 141.578333902939164, 39.210169262139594 ], [ 141.577223063773744, 39.209722150836264 ], [ 141.574660159812083, 39.212930788092017 ], [ 141.572136778795368, 39.214246299910521 ], [ 141.566694417568272, 39.216434734390489 ], [ 141.56592955312658, 39.216282675468868 ], [ 141.565250159705641, 39.215772919847907 ], [ 141.565180606693616, 39.214490692229404 ], [ 141.565931386782808, 39.213611979355278 ], [ 141.565340869361648, 39.212605026868317 ], [ 141.564735713488773, 39.212765343164655 ], [ 141.563573519403718, 39.214393943156622 ], [ 141.562781048820995, 39.216760843240088 ], [ 141.561757436732051, 39.218689400991579 ], [ 141.562128709216921, 39.220955701049284 ], [ 141.563208682034542, 39.222254552975727 ], [ 141.562957139643061, 39.223035181524963 ], [ 141.56054913490766, 39.225127624270804 ], [ 141.557631411497709, 39.226372073080171 ], [ 141.556748354020783, 39.227971697944412 ], [ 141.55652779136912, 39.229963921840692 ], [ 141.555571019647118, 39.230720057705902 ], [ 141.554769644293145, 39.232153290121516 ], [ 141.554337981206231, 39.232567093645585 ], [ 141.55108745872954, 39.23395770619819 ], [ 141.55040645337067, 39.234481265190269 ], [ 141.550395439368458, 39.235217034581268 ], [ 141.550586403803834, 39.235749656740353 ], [ 141.552117692183941, 39.237637332601786 ], [ 141.552214296310382, 39.23801183657983 ], [ 141.551996138762689, 39.238445987574693 ], [ 141.551462466363347, 39.238867653889706 ], [ 141.546799793848237, 39.239163125995042 ], [ 141.546562458804885, 39.239539676531983 ], [ 141.546515773514727, 39.240420001091167 ], [ 141.546332027186054, 39.240594246386024 ], [ 141.543952293362082, 39.241005476563664 ], [ 141.542090657950041, 39.242199806375048 ], [ 141.540893696117053, 39.243371425021877 ], [ 141.541688099202588, 39.245427888087917 ], [ 141.542025864383788, 39.245691292479165 ], [ 141.543130644871411, 39.245796894121654 ], [ 141.543888409114516, 39.246336071489374 ], [ 141.5452666357738, 39.248773143462387 ], [ 141.546366643013187, 39.250009536231779 ], [ 141.546723613371995, 39.250221787689277 ], [ 141.550217843789454, 39.251065765596579 ], [ 141.550802557059654, 39.251062169883035 ], [ 141.552598147463726, 39.250606901435297 ], [ 141.554054062502587, 39.251299905714625 ], [ 141.55496866939302, 39.252065137848895 ], [ 141.556246237937984, 39.252343158623376 ], [ 141.556575471133442, 39.252731698989983 ], [ 141.556801727003887, 39.253958127581555 ], [ 141.557846381306092, 39.254584662244817 ], [ 141.558380169881133, 39.255686651257641 ], [ 141.559346535792088, 39.256812192763292 ], [ 141.559898433951929, 39.258002099451616 ], [ 141.562002895883296, 39.259858253001504 ], [ 141.563249813953234, 39.260107246832938 ], [ 141.564294758611425, 39.259868461484501 ], [ 141.565171776581764, 39.260066902844166 ], [ 141.566481092115623, 39.259314672367886 ], [ 141.567435113017069, 39.259212394319469 ], [ 141.568637525211869, 39.25938609880172 ], [ 141.569036020396567, 39.259844256115827 ], [ 141.569834297571475, 39.259952516797831 ], [ 141.570162520190422, 39.260424414345543 ] ] ] } },
{ "type": "Feature", "properties": { "CITY_NAME": "住田町", "S_NAME": "上有住字櫃割", "JINKO": 1, "medical_area": "03_気仙医療圏", "町丁目名": "住田町上有住字櫃割" }, "geometry": { "type": "Polygon", "coordinates": [ [ [ 141.592450664539996, 39.195984192176162 ], [ 141.589740918891351, 39.192908622266458 ], [ 141.589737056879954, 39.192549726725886 ], [ 141.590358690567541, 39.19173200096148 ], [ 141.589968806336287, 39.189084145104317 ], [ 141.589810704132418, 39.188678323316317 ], [ 141.588790706322271, 39.1874824055215 ], [ 141.587644041463193, 39.186652199716612 ], [ 141.587040685301076, 39.184873254478696 ], [ 141.586361668359274, 39.185961573463516 ], [ 141.585276530624384, 39.188613116312027 ], [ 141.585715905949115, 39.191098030280159 ], [ 141.585204236802525, 39.193521793541748 ], [ 141.584476052773084, 39.194937177745381 ], [ 141.58484516300652, 39.195247267484532 ], [ 141.584942800601141, 39.196683282648607 ], [ 141.585271057815106, 39.197463460062565 ], [ 141.58574844356653, 39.197659545072632 ], [ 141.588629587043556, 39.197000865314443 ], [ 141.588929127191506, 39.196806871030958 ], [ 141.590307654390756, 39.196655706087199 ], [ 141.592450664539996, 39.195984192176162 ] ] ] } },
{ "type": "Feature", "properties": { "CITY_NAME": "住田町", "S_NAME": "上有住字山脈地", "JINKO": 84, "medical_area": "03_気仙医療圏", "町丁目名": "住田町上有住字山脈地" }, "geometry": { "type": "Polygon", "coordinates": [ [ [ 141.578896249218161, 39.205817370875046 ], [ 141.580185804747714, 39.206152406853668 ], [ 141.58152808636811, 39.20596405868389 ], [ 141.583175261256059, 39.204825912107019 ], [ 141.584687087537418, 39.204783458383233 ], [ 141.585458726951913, 39.204271924063519 ], [ 141.586537530823676, 39.203022973687183 ], [ 141.587142545158088, 39.202643191470507 ], [ 141.588062962952534, 39.202294092729922 ], [ 141.590755214150363, 39.201680148996658 ], [ 141.593605722080071, 39.201138653273482 ], [ 141.598116869534465, 39.200551645146092 ], [ 141.597956526431062, 39.200296318677132 ], [ 141.597950333041382, 39.199727866079542 ], [ 141.597557207558765, 39.19915083051788 ], [ 141.597110356871269, 39.198897381450443 ], [ 141.59562641682885, 39.198556125742449 ], [ 141.593981012552234, 39.197685479002473 ], [ 141.593487718590609, 39.197308383916784 ], [ 141.592450664539996, 39.195984192176162 ], [ 141.590307654390756, 39.196655706087199 ], [ 141.588929127191506, 39.196806871030958 ], [ 141.588629587043556, 39.197000865314443 ], [ 141.58551964659722, 39.197632589095775 ], [ 141.585271057815106, 39.197463460062565 ], [ 141.584942800601141, 39.196683282648607 ], [ 141.58484516300652, 39.195247267484532 ], [ 141.584476052773084, 39.194937177745381 ], [ 141.584517511816898, 39.195367256412581 ], [ 141.583495918963621, 39.19664269965979 ], [ 141.582933717341376, 39.197818347712271 ], [ 141.582829106273124, 39.198227690835132 ], [ 141.583071498812785, 39.2005086161778 ], [ 141.582955535209038, 39.200786922600777 ], [ 141.582779327067698, 39.200988555321203 ], [ 141.581179034055651, 39.201476895707181 ], [ 141.580805598272235, 39.201772335459616 ], [ 141.57983285648865, 39.204423426188839 ], [ 141.578896249218161, 39.205817370875046 ] ] ] } },
{ "type": "Feature", "properties": { "CITY_NAME": "住田町", "S_NAME": "上有住字恵蘇", "JINKO": 70, "medical_area": "03_気仙医療圏", "町丁目名": "住田町上有住字恵蘇" }, "geometry": { "type": "Polygon", "coordinates": [ [ [ 141.584046108541685, 39.211373561609875 ], [ 141.58452995040534, 39.211370449993055 ], [ 141.587147866429007, 39.210649469727649 ], [ 141.588769645722266, 39.209802429985736 ], [ 141.589699321985933, 39.209587253158638 ], [ 141.590733740790057, 39.209120429326646 ], [ 141.593168540520026, 39.208881516833792 ], [ 141.59502154780543, 39.207879461630668 ], [ 141.595505453309499, 39.207876303298448 ], [ 141.600568581407401, 39.209537184848777 ], [ 141.601411642270591, 39.2096013746023 ], [ 141.603180901828011, 39.209143515391247 ], [ 141.604865335318209, 39.209118371005758 ], [ 141.605612475661019, 39.208611496634134 ], [ 141.608095284416692, 39.205408925041162 ], [ 141.608517834589748, 39.204722897776008 ], [ 141.60864115037748, 39.203937587508619 ], [ 141.607567017298237, 39.20397823160917 ], [ 141.604530731752419, 39.203413123326648 ], [ 141.603116722253873, 39.202508435992904 ], [ 141.600113990741619, 39.201736801115707 ], [ 141.599055510207194, 39.201236567312215 ], [ 141.598116869534465, 39.200551645146092 ], [ 141.593605722080071, 39.201138653273482 ], [ 141.588062962952534, 39.202294092729922 ], [ 141.586537530823676, 39.203022973687183 ], [ 141.585458726951913, 39.204271924063519 ], [ 141.584687087537418, 39.204783458383233 ], [ 141.583175261256059, 39.204825912107019 ], [ 141.582694453126209, 39.205041399377443 ], [ 141.58200833399863, 39.205699529465996 ], [ 141.580774073776269, 39.206164963144218 ], [ 141.579575681883142, 39.206058281380301 ], [ 141.578896249218161, 39.205817370875046 ], [ 141.577400341864291, 39.208680024880998 ], [ 141.577223063773744, 39.209722150836264 ], [ 141.578333902939164, 39.210169262139594 ], [ 141.580541030158685, 39.210420103931284 ], [ 141.584046108541685, 39.211373561609875 ] ] ] } },
{ "type": "Feature", "properties": { "CITY_NAME": "住田町", "S_NAME": "上有住字二度成木", "JINKO": 43, "medical_area": "03_気仙医療圏", "町丁目名": "住田町上有住字二度成木" }, "geometry": { "type": "Polygon", "coordinates": [ [ [ 141.589491713306046, 39.219062784721196 ], [ 141.590639120747994, 39.21562460717935 ], [ 141.591417442962012, 39.214716074188082 ], [ 141.591932022030022, 39.214357756615726 ], [ 141.593193316415181, 39.214010766463403 ], [ 141.596552985740203, 39.214021154459665 ], [ 141.59740412092907, 39.214157523169249 ], [ 141.597401413447045, 39.213842328665322 ], [ 141.596718415329804, 39.213377962817198 ], [ 141.596292384935253, 39.211851910631196 ], [ 141.596594461915629, 39.211612909116923 ], [ 141.600755841727533, 39.210274972778791 ], [ 141.601411642270591, 39.2096013746023 ], [ 141.600065772396476, 39.209442882075457 ], [ 141.598679138779801, 39.208838527276747 ], [ 141.59701724988048, 39.208465950216357 ], [ 141.595505453309499, 39.207876303298448 ], [ 141.59502154780543, 39.207879461630668 ], [ 141.593168540520026, 39.208881516833792 ], [ 141.590733740790057, 39.209120429326646 ], [ 141.589699321985933, 39.209587253158638 ], [ 141.588769645722266, 39.209802429985736 ], [ 141.587147866429007, 39.210649469727649 ], [ 141.58452995040534, 39.211370449993055 ], [ 141.584046108541685, 39.211373561609875 ], [ 141.585013205894626, 39.213245949003529 ], [ 141.586621525978472, 39.215261771142174 ], [ 141.586655720526181, 39.215657483441582 ], [ 141.58634705407357, 39.216888022004348 ], [ 141.585174656162508, 39.217838821613718 ], [ 141.584625207587806, 39.219647351860587 ], [ 141.583944483532179, 39.220385329011762 ], [ 141.585379533797692, 39.220189809339466 ], [ 141.586773352595685, 39.219639281283783 ], [ 141.587418386402561, 39.219763271109564 ], [ 141.58850935443391, 39.219593159834908 ], [ 141.589491713306046, 39.219062784721196 ] ] ] } },
{ "type": "Feature", "properties": { "CITY_NAME": "住田町", "S_NAME": "上有住字蓬畑", "JINKO": 19, "medical_area": "03_気仙医療圏", "町丁目名": "住田町上有住字蓬畑" }, "geometry": { "type": "Polygon", "coordinates": [ [ [ 141.647987389643674, 39.227516017554542 ], [ 141.649009583282634, 39.224291512567135 ], [ 141.64886599150168, 39.221739967219207 ], [ 141.648078881164793, 39.220681892956286 ], [ 141.648078558939233, 39.21672887915264 ], [ 141.647870060602486, 39.216170220861187 ], [ 141.641007220861127, 39.212075684124152 ], [ 141.640544126210813, 39.211427983176968 ], [ 141.6400813486689, 39.210273308037316 ], [ 141.639757518228862, 39.209888907757147 ], [ 141.639114857532235, 39.209562019159819 ], [ 141.637479611924277, 39.209352381756553 ], [ 141.63195804314114, 39.209276350407798 ], [ 141.629434329659404, 39.207281174744082 ], [ 141.626456241827242, 39.206797507857338 ], [ 141.624254346370265, 39.206688174577778 ], [ 141.623768880965969, 39.206125363907525 ], [ 141.623414161502609, 39.204567536587696 ], [ 141.622860514524035, 39.204253676833829 ], [ 141.621440448411079, 39.204221892163439 ], [ 141.618631174011171, 39.204957680561272 ], [ 141.615125530332108, 39.205360196162175 ], [ 141.614250024734076, 39.205221154226308 ], [ 141.612534453350065, 39.204262834006968 ], [ 141.609784332944997, 39.203843702123194 ], [ 141.60864115037748, 39.203937587508619 ], [ 141.608517834589748, 39.204722897776008 ], [ 141.608095284416692, 39.205408925041162 ], [ 141.605612475661019, 39.208611496634134 ], [ 141.605185746016133, 39.208921094848272 ], [ 141.604865335318209, 39.209118371005758 ], [ 141.603180901828011, 39.209143515391247 ], [ 141.601411642270591, 39.2096013746023 ], [ 141.600755841727533, 39.210274972778791 ], [ 141.596594461915629, 39.211612909116923 ], [ 141.596292384935253, 39.211851910631196 ], [ 141.596718415329804, 39.213377962817198 ], [ 141.5972233778092, 39.213767631078625 ], [ 141.598433064943976, 39.213766591704683 ], [ 141.599222992172457, 39.21347532545505 ], [ 141.59988433549313, 39.215723552498702 ], [ 141.600758696242877, 39.217004818836749 ], [ 141.601859510619533, 39.217812715666348 ], [ 141.602561957113409, 39.219506934008884 ], [ 141.60437798523057, 39.222665678172739 ], [ 141.607225123760742, 39.225809376960314 ], [ 141.608161696003975, 39.226170786587609 ], [ 141.6106138493206, 39.228453887028238 ], [ 141.611367220552722, 39.228740564357821 ], [ 141.61517167495461, 39.227616861152235 ], [ 141.617465078827706, 39.227515649753748 ], [ 141.6181845977992, 39.226755751160255 ], [ 141.618682894151533, 39.226547108748903 ], [ 141.621972942970672, 39.225999042962719 ], [ 141.623136236396959, 39.2264175085582 ], [ 141.627072717514864, 39.227136010978562 ], [ 141.627866561148153, 39.227428717344367 ], [ 141.629570483749916, 39.228767892300581 ], [ 141.631599001255125, 39.230072101202886 ], [ 141.635609316264095, 39.23047093101696 ], [ 141.638313756175307, 39.230977019609149 ], [ 141.639029401099407, 39.230873693718799 ], [ 141.640742260744702, 39.229484461067706 ], [ 141.642263968779758, 39.229801868116951 ], [ 141.642727377662368, 39.229765859002889 ], [ 141.644906950249208, 39.228635681633484 ], [ 141.647046940266989, 39.227735313575167 ], [ 141.647987389643674, 39.227516017554542 ] ] ] } },
{ "type": "Feature", "properties": { "CITY_NAME": "住田町", "S_NAME": "上有住字上家", "JINKO": 45, "medical_area": "03_気仙医療圏", "町丁目名": "住田町上有住字上家" }, "geometry": { "type": "Polygon", "coordinates": [ [ [ 141.59740412092907, 39.214157523169249 ], [ 141.594333279252822, 39.21395499445088 ], [ 141.593193316415181, 39.214010766463403 ], [ 141.591932022030022, 39.214357756615726 ], [ 141.591417442962012, 39.214716074188082 ], [ 141.590639120747994, 39.21562460717935 ], [ 141.589752052143353, 39.217985759274406 ], [ 141.590882289026837, 39.218187869329398 ], [ 141.59202370909631, 39.218143440386768 ], [ 141.595983230049029, 39.216933363786694 ], [ 141.598626248380299, 39.21661531899953 ], [ 141.598690876522028, 39.215449053767472 ], [ 141.597546840462627, 39.214702491025825 ], [ 141.59740412092907, 39.214157523169249 ] ] ] } },
{ "type": "Feature", "properties": { "CITY_NAME": "住田町", "S_NAME": "上有住字長者洞", "JINKO": 32, "medical_area": "03_気仙医療圏", "町丁目名": "住田町上有住字長者洞" }, "geometry": { "type": "Polygon", "coordinates": [ [ [ 141.604985996185832, 39.223283274020268 ], [ 141.60437798523057, 39.222665678172739 ], [ 141.602561957113409, 39.219506934008884 ], [ 141.601859510619533, 39.217812715666348 ], [ 141.600758696242877, 39.217004818836749 ], [ 141.59988433549313, 39.215723552498702 ], [ 141.599222992172457, 39.21347532545505 ], [ 141.598433064943976, 39.213766591704683 ], [ 141.597401413447045, 39.213842328665322 ], [ 141.597360343103304, 39.21395885900079 ], [ 141.597546840462627, 39.214702491025825 ], [ 141.598690876522028, 39.215449053767472 ], [ 141.598626248380299, 39.21661531899953 ], [ 141.595983230049029, 39.216933363786694 ], [ 141.59202370909631, 39.218143440386768 ], [ 141.590882289026837, 39.218187869329398 ], [ 141.589752052143353, 39.217985759274406 ], [ 141.589491713306046, 39.219062784721196 ], [ 141.591183031146755, 39.220425903040187 ], [ 141.591755026017893, 39.22071333227246 ], [ 141.592905866099784, 39.220858424188144 ], [ 141.595562941055846, 39.219825377910333 ], [ 141.596938613073348, 39.219538818472351 ], [ 141.597506777011318, 39.220111393369713 ], [ 141.60180601067708, 39.222228131267784 ], [ 141.604985996185832, 39.223283274020268 ] ] ] } },
{ "type": "Feature", "properties": { "CITY_NAME": "住田町", "S_NAME": "上有住字別当", "JINKO": 24, "medical_area": "03_気仙医療圏", "町丁目名": "住田町上有住字別当" }, "geometry": { "type": "Polygon", "coordinates": [ [ [ 141.582893017772932, 39.220865092918622 ], [ 141.583094591032676, 39.221550595034699 ], [ 141.584090316024685, 39.222189745262597 ], [ 141.586288623503776, 39.222999757273591 ], [ 141.588846915890059, 39.222790888434346 ], [ 141.59267578157116, 39.223322359602157 ], [ 141.597616843989243, 39.221394528219697 ], [ 141.597980436187697, 39.220960598640801 ], [ 141.597337213806838, 39.219869008232124 ], [ 141.596938613073348, 39.219538818472351 ], [ 141.595562941055846, 39.219825377910333 ], [ 141.593229456986933, 39.220780593716903 ], [ 141.592581728992684, 39.220885797555326 ], [ 141.591183031146755, 39.220425903040187 ], [ 141.589491713306046, 39.219062784721196 ], [ 141.58850935443391, 39.219593159834908 ], [ 141.587418386402561, 39.219763271109564 ], [ 141.586773352595685, 39.219639281283783 ], [ 141.585379533797692, 39.220189809339466 ], [ 141.583944483532179, 39.220385329011762 ], [ 141.582893017772932, 39.220865092918622 ] ] ] } },
{ "type": "Feature", "properties": { "CITY_NAME": "住田町", "S_NAME": "上有住字西野", "JINKO": 17, "medical_area": "03_気仙医療圏", "町丁目名": "住田町上有住字西野" }, "geometry": { "type": "Polygon", "coordinates": [ [ [ 141.607225123760742, 39.225809376960314 ], [ 141.604985996185832, 39.223283274020268 ], [ 141.602456161999044, 39.222516035585834 ], [ 141.597506777011318, 39.220111393369713 ], [ 141.597980436187697, 39.220960598640801 ], [ 141.597616843989243, 39.221394528219697 ], [ 141.59267578157116, 39.223322359602157 ], [ 141.588846915890059, 39.222790888434346 ], [ 141.586288623503776, 39.222999757273591 ], [ 141.584090316024685, 39.222189745262597 ], [ 141.583094591032676, 39.221550595034699 ], [ 141.582893017772932, 39.220865092918622 ], [ 141.581549453053157, 39.220722628695377 ], [ 141.58214315024486, 39.221748977872529 ], [ 141.582236629789151, 39.223060183624881 ], [ 141.58245144370531, 39.223333480424934 ], [ 141.584152321909642, 39.223858241340395 ], [ 141.584599463462979, 39.224391065183497 ], [ 141.584466768909806, 39.225188574529497 ], [ 141.583226551708975, 39.226460224456019 ], [ 141.583321565830431, 39.227091448696619 ], [ 141.583785236365259, 39.227514309925311 ], [ 141.584263366313678, 39.227634883896791 ], [ 141.586109655603309, 39.227712220432217 ], [ 141.586641455140693, 39.227901124997359 ], [ 141.586885509626569, 39.229245616653643 ], [ 141.587791297508687, 39.229720494949362 ], [ 141.588064602045932, 39.230501650817125 ], [ 141.58859928614072, 39.230951476537285 ], [ 141.588448202416345, 39.23168048646594 ], [ 141.589175928423771, 39.232019133173793 ], [ 141.590007242935144, 39.232137322008754 ], [ 141.590624368725088, 39.232037183446586 ], [ 141.591638948400316, 39.231137811770076 ], [ 141.591950708988435, 39.230572642261933 ], [ 141.591866219617827, 39.229295741473059 ], [ 141.59301178911835, 39.228264960465886 ], [ 141.593406114861182, 39.227163551872636 ], [ 141.593308881138285, 39.226340088778059 ], [ 141.593482563153913, 39.22607793488627 ], [ 141.593834429435105, 39.225952063178319 ], [ 141.598692176843798, 39.224457373647482 ], [ 141.599018933146681, 39.224469018467552 ], [ 141.599397152985119, 39.224536905435464 ], [ 141.59908368530111, 39.225543363388255 ], [ 141.599762377901158, 39.226644632528547 ], [ 141.602620911037093, 39.226821771127135 ], [ 141.605501845756038, 39.227487376121744 ], [ 141.605941341747695, 39.22722639459338 ], [ 141.607225123760742, 39.225809376960314 ] ] ] } },
{ "type": "Feature", "properties": { "CITY_NAME": "住田町", "S_NAME": "上有住字五合畑", "JINKO": 35, "medical_area": "03_気仙医療圏", "町丁目名": "住田町上有住字五合畑" }, "geometry": { "type": "Polygon", "coordinates": [ [ [ 141.590243775180397, 39.23481799445242 ], [ 141.592713816224943, 39.234393408973553 ], [ 141.595004844802759, 39.233394695143794 ], [ 141.596089034481395, 39.232667179463931 ], [ 141.59749785690542, 39.231281763509244 ], [ 141.598103016952024, 39.230998261404011 ], [ 141.602027542837249, 39.230225178400509 ], [ 141.604794332424405, 39.228513428242046 ], [ 141.605501845756038, 39.227487376121744 ], [ 141.602620911037093, 39.226821771127135 ], [ 141.599762377901158, 39.226644632528547 ], [ 141.59908368530111, 39.225543363388255 ], [ 141.599397152985119, 39.224536905435464 ], [ 141.599018933146681, 39.224469018467552 ], [ 141.598692176843798, 39.224457373647482 ], [ 141.593482563153913, 39.22607793488627 ], [ 141.593308881138285, 39.226340088778059 ], [ 141.593406114861182, 39.227163551872636 ], [ 141.59301178911835, 39.228264960465886 ], [ 141.591866219617827, 39.229295741473059 ], [ 141.591950708988435, 39.230572642261933 ], [ 141.591638948400316, 39.231137811770076 ], [ 141.59083478962205, 39.231898514978667 ], [ 141.591069507157897, 39.232467100038392 ], [ 141.591046090166714, 39.233389448242384 ], [ 141.590819633787135, 39.234079328706137 ], [ 141.590243775180397, 39.23481799445242 ] ] ] } },
{ "type": "Feature", "properties": { "CITY_NAME": "住田町", "S_NAME": "上有住字百合ケ沢", "JINKO": 12, "medical_area": "03_気仙医療圏", "町丁目名": "住田町上有住字百合ケ沢" }, "geometry": { "type": "Polygon", "coordinates": [ [ [ 141.599994806347269, 39.235227347856004 ], [ 141.600926967827434, 39.234500850886718 ], [ 141.601608285386163, 39.233593233095746 ], [ 141.601940752104696, 39.231768595457169 ], [ 141.602253047538255, 39.231250469664488 ], [ 141.603685258846781, 39.230746405383293 ], [ 141.60704241685599, 39.230552151885348 ], [ 141.608318281847716, 39.230290947805358 ], [ 141.611035114929535, 39.22863982337855 ], [ 141.609834323757468, 39.227789883520394 ], [ 141.608628808848692, 39.226510896718665 ], [ 141.607225123760742, 39.225809376960314 ], [ 141.605941341747695, 39.22722639459338 ], [ 141.605501845756038, 39.227487376121744 ], [ 141.604794332424405, 39.228513428242046 ], [ 141.602027542837249, 39.230225178400509 ], [ 141.598103016952024, 39.230998261404011 ], [ 141.59749785690542, 39.231281763509244 ], [ 141.596089034481395, 39.232667179463931 ], [ 141.595004844802759, 39.233394695143794 ], [ 141.592713816224943, 39.234393408973553 ], [ 141.590243775180397, 39.23481799445242 ], [ 141.58806955300895, 39.236396455415274 ], [ 141.587798122354116, 39.2368713433126 ], [ 141.587981115160488, 39.237171153986466 ], [ 141.590423707211443, 39.238036975865306 ], [ 141.590880296893005, 39.238066241431767 ], [ 141.594306846245644, 39.23716367811258 ], [ 141.595101575684993, 39.237331680265008 ], [ 141.596267522550903, 39.237176199697515 ], [ 141.597381482204099, 39.235988441948706 ], [ 141.598324434130831, 39.235302293468472 ], [ 141.598639577115591, 39.234328835291279 ], [ 141.599096072457627, 39.234351171927237 ], [ 141.599576593357568, 39.234592990703625 ], [ 141.599994806347269, 39.235227347856004 ] ] ] } },
{ "type": "Feature", "properties": { "CITY_NAME": "住田町", "S_NAME": "上有住字船作", "JINKO": 32, "medical_area": "03_気仙医療圏", "町丁目名": "住田町上有住字船作" }, "geometry": { "type": "Polygon", "coordinates": [ [ [ 141.605496550852479, 39.252164544903181 ], [ 141.609880696397255, 39.251688319767503 ], [ 141.610884855903208, 39.251787751843914 ], [ 141.611553889967695, 39.251108331314647 ], [ 141.612450038380928, 39.249553482961133 ], [ 141.613537450226659, 39.249466618202767 ], [ 141.614577840159598, 39.249172805044218 ], [ 141.61663486004781, 39.249336415672062 ], [ 141.618366267260029, 39.249777488108755 ], [ 141.619748914466669, 39.250698520063864 ], [ 141.620848655192191, 39.250943108938593 ], [ 141.621469394255911, 39.250348612597982 ], [ 141.621841440011167, 39.249274785118203 ], [ 141.622115819579051, 39.248997623753844 ], [ 141.623835171303682, 39.248745508083367 ], [ 141.624757136450455, 39.247795671673977 ], [ 141.627778994786212, 39.247229576331506 ], [ 141.629308315270237, 39.247535900944342 ], [ 141.629500779536528, 39.247755069159034 ], [ 141.629748638500956, 39.249098300856687 ], [ 141.63100078021057, 39.249794538831139 ], [ 141.631786325529959, 39.250558634072036 ], [ 141.633348042080371, 39.250896137617126 ], [ 141.633851404096561, 39.251612399657937 ], [ 141.634699128331192, 39.252236920342213 ], [ 141.637402073388699, 39.250780080672527 ], [ 141.637994711717397, 39.250785423413809 ], [ 141.638930021914717, 39.251286789395863 ], [ 141.639683751029366, 39.250471008572816 ], [ 141.640103538248326, 39.250266271007341 ], [ 141.64265325810868, 39.249617768532026 ], [ 141.644080706073169, 39.248443995989881 ], [ 141.644509745989239, 39.247639936756443 ], [ 141.64528406307727, 39.247211876306707 ], [ 141.64694584001694, 39.2466546716553 ], [ 141.648534206351258, 39.246416464085328 ], [ 141.652273681735892, 39.245125452415088 ], [ 141.654620727818298, 39.244866060687002 ], [ 141.656067097852144, 39.24429447477241 ], [ 141.65815111565442, 39.243152482963076 ], [ 141.657932921959826, 39.241822198530009 ], [ 141.657468681397006, 39.241116464570432 ], [ 141.657077648900724, 39.240817888603715 ], [ 141.655176574327299, 39.240051356547347 ], [ 141.654165563720568, 39.239367126531945 ], [ 141.651649702671989, 39.233756678449936 ], [ 141.651307437778854, 39.231773727663793 ], [ 141.648953780309483, 39.228306901697188 ], [ 141.647987389643674, 39.227516017554542 ], [ 141.647046940266989, 39.227735313575167 ], [ 141.644906950249208, 39.228635681633484 ], [ 141.642727377662368, 39.229765859002889 ], [ 141.642263968779758, 39.229801868116951 ], [ 141.640742260744702, 39.229484461067706 ], [ 141.639029401099407, 39.230873693718799 ], [ 141.638313756175307, 39.230977019609149 ], [ 141.635609316264095, 39.23047093101696 ], [ 141.631599001255125, 39.230072101202886 ], [ 141.629570483749916, 39.228767892300581 ], [ 141.627866561148153, 39.227428717344367 ], [ 141.627072717514864, 39.227136010978562 ], [ 141.624048910153221, 39.226634840993427 ], [ 141.621972942970672, 39.225999042962719 ], [ 141.619890967426016, 39.226254147973833 ], [ 141.6181845977992, 39.226755751160255 ], [ 141.617465078827706, 39.227515649753748 ], [ 141.61517167495461, 39.227616861152235 ], [ 141.611631576531806, 39.228704524735001 ], [ 141.611035114929535, 39.22863982337855 ], [ 141.608318281847716, 39.230290947805358 ], [ 141.60704241685599, 39.230552151885348 ], [ 141.603685258846781, 39.230746405383293 ], [ 141.602679086755842, 39.231021891314235 ], [ 141.602048228487689, 39.231477586462674 ], [ 141.601608285386163, 39.233593233095746 ], [ 141.600557603159842, 39.23485811512046 ], [ 141.599309113317588, 39.235737220948828 ], [ 141.599000188258429, 39.237196078385068 ], [ 141.60038845501029, 39.238667987314223 ], [ 141.600431909144049, 39.239479472399118 ], [ 141.600946088029559, 39.240328536456865 ], [ 141.603029550547575, 39.241238260394439 ], [ 141.603495062913225, 39.244152145704909 ], [ 141.604303963898388, 39.245715239418367 ], [ 141.604064144920471, 39.246185870488219 ], [ 141.60320520344257, 39.246939133170805 ], [ 141.602916058960034, 39.24835894962775 ], [ 141.602201506817892, 39.249242362797915 ], [ 141.602855884374605, 39.249753396271537 ], [ 141.603415257655485, 39.250513616585337 ], [ 141.603516425863461, 39.250873968257089 ], [ 141.603386537763413, 39.251804332637427 ], [ 141.605496550852479, 39.252164544903181 ] ] ] } },
{ "type": "Feature", "properties": { "CITY_NAME": "住田町", "S_NAME": "上有住字八日町", "JINKO": 182, "medical_area": "03_気仙医療圏", "町丁目名": "住田町上有住字八日町" }, "geometry": { "type": "Polygon", "coordinates": [ [ [ 141.607567017298237, 39.20397823160917 ], [ 141.609784332944997, 39.203843702123194 ], [ 141.609623715004432, 39.203239320570674 ], [ 141.609441006869929, 39.202919828468055 ], [ 141.606269224495605, 39.200507776642446 ], [ 141.60612264703164, 39.200215989779515 ], [ 141.606285668620188, 39.198750831969413 ], [ 141.605602200520821, 39.197702624662249 ], [ 141.60426010884899, 39.196247496068217 ], [ 141.60387675707085, 39.195608630773698 ], [ 141.603339980932162, 39.194050476999969 ], [ 141.602390758399082, 39.192624305672354 ], [ 141.601288144275713, 39.193301897266863 ], [ 141.600661144670852, 39.193973046544293 ], [ 141.600065262180152, 39.194960676611046 ], [ 141.598944328331299, 39.195763281710157 ], [ 141.598429695446384, 39.195811206778288 ], [ 141.596942555832896, 39.195186936742843 ], [ 141.598022581696767, 39.193881214596502 ], [ 141.598717836789461, 39.19243302802326 ], [ 141.598704827705461, 39.191985801183527 ], [ 141.598286380326016, 39.191204973904085 ], [ 141.598796033862527, 39.190039158236893 ], [ 141.59880163735366, 39.189183556028652 ], [ 141.598189316166298, 39.186955931699167 ], [ 141.598210253522694, 39.186004657877369 ], [ 141.597617477098538, 39.182800641249855 ], [ 141.597693973693424, 39.18177764320366 ], [ 141.598501620543516, 39.179344379923251 ], [ 141.597845118293947, 39.178057545566595 ], [ 141.597685224506847, 39.17691120369355 ], [ 141.597055588856847, 39.175951539743053 ], [ 141.596756980372817, 39.1749265879672 ], [ 141.595280723285669, 39.173070259196898 ], [ 141.59495420832269, 39.173200050465198 ], [ 141.59343229362355, 39.173059162117035 ], [ 141.591752136079407, 39.173441320076549 ], [ 141.591485946357409, 39.173640309996024 ], [ 141.591073584078288, 39.174785798492614 ], [ 141.589766448036102, 39.176592628118406 ], [ 141.587945295485127, 39.177741391859179 ], [ 141.587395444835693, 39.177895760131769 ], [ 141.587235146039689, 39.180171850115705 ], [ 141.587033222081885, 39.180529047627928 ], [ 141.585943361732461, 39.181229993936469 ], [ 141.58549020717237, 39.183741757834433 ], [ 141.585584099295176, 39.183972479130837 ], [ 141.586900028229053, 39.184658741864141 ], [ 141.58764404146325, 39.18665219971664 ], [ 141.5887907063223, 39.1874824055215 ], [ 141.589810704132418, 39.188678323316317 ], [ 141.590358690567541, 39.191732000961501 ], [ 141.589737056879954, 39.192549726725886 ], [ 141.589740918891351, 39.19290862226643 ], [ 141.591896042853165, 39.195269827670124 ], [ 141.593487718590609, 39.197308383916805 ], [ 141.595178304704604, 39.198376638658125 ], [ 141.597110356871269, 39.198897381450443 ], [ 141.597557207558765, 39.19915083051788 ], [ 141.597950333041382, 39.199727866079542 ], [ 141.597956526431062, 39.200296318677132 ], [ 141.598116869534465, 39.200551645146092 ], [ 141.599055510207194, 39.201236567312193 ], [ 141.600113990741619, 39.201736801115707 ], [ 141.603116722253873, 39.202508435992911 ], [ 141.604530731752419, 39.203413123326662 ], [ 141.607567017298237, 39.20397823160917 ] ] ] } },
{ "type": "Feature", "properties": { "CITY_NAME": "住田町", "S_NAME": "上有住字和田野", "JINKO": 50, "medical_area": "03_気仙医療圏", "町丁目名": "住田町上有住字和田野" }, "geometry": { "type": "Polygon", "coordinates": [ [ [ 141.601288144275628, 39.193301897266863 ], [ 141.600654763702266, 39.191724995101772 ], [ 141.600790089233868, 39.190577537437029 ], [ 141.600173070966036, 39.188913113176248 ], [ 141.600092892175979, 39.186869351247395 ], [ 141.601883079678942, 39.185437121391445 ], [ 141.60316860211887, 39.183335540428175 ], [ 141.603234063889971, 39.182699967126837 ], [ 141.603144455998091, 39.182452551667886 ], [ 141.601964427521835, 39.181393061519088 ], [ 141.601888249751454, 39.180611965028689 ], [ 141.601613065303582, 39.180170333529254 ], [ 141.598501620543487, 39.179344379923251 ], [ 141.597693973693424, 39.181777643203638 ], [ 141.597617477098538, 39.182800641249905 ], [ 141.598210253522694, 39.186004657877348 ], [ 141.598189316166298, 39.186955931699167 ], [ 141.59880163735366, 39.189183556028652 ], [ 141.598796033862527, 39.190039158236893 ], [ 141.598286380326016, 39.191204973904085 ], [ 141.598704827705461, 39.191985801183527 ], [ 141.598717836789461, 39.192433028023281 ], [ 141.598022581696767, 39.193881214596502 ], [ 141.596942555832896, 39.195186936742843 ], [ 141.598429695446384, 39.195811206778274 ], [ 141.598944328331299, 39.195763281710157 ], [ 141.600065262180124, 39.194960676611025 ], [ 141.600661144670852, 39.193973046544293 ], [ 141.601288144275628, 39.193301897266863 ] ] ] } },
{ "type": "Feature", "properties": { "CITY_NAME": "住田町", "S_NAME": "上有住字中和田", "JINKO": 12, "medical_area": "03_気仙医療圏", "町丁目名": "住田町上有住字中和田" }, "geometry": { "type": "Polygon", "coordinates": [ [ [ 141.63195804314114, 39.209276350407798 ], [ 141.629884299031062, 39.204297024908541 ], [ 141.629073573416349, 39.203960180830549 ], [ 141.626904191085345, 39.203461278406124 ], [ 141.626276588077417, 39.203094594518547 ], [ 141.625153244104354, 39.201047766274876 ], [ 141.624512470461269, 39.199080348476038 ], [ 141.62407100729007, 39.198558552356118 ], [ 141.623264128846102, 39.198017408997217 ], [ 141.621068941863967, 39.197086604913515 ], [ 141.616520713018502, 39.194606601658826 ], [ 141.613280640261848, 39.193649182584828 ], [ 141.612140160946865, 39.192927926701131 ], [ 141.609695251903787, 39.190540060117939 ], [ 141.608230398894193, 39.18954898425126 ], [ 141.607710132122691, 39.189269525143814 ], [ 141.607189957022371, 39.18983449902916 ], [ 141.606158309805721, 39.190328259444847 ], [ 141.605060030224337, 39.191392706787411 ], [ 141.602390758399082, 39.192624305672354 ], [ 141.603339980932162, 39.194050476999983 ], [ 141.603876757070907, 39.195608630773698 ], [ 141.60426010884899, 39.196247496068217 ], [ 141.605602200520821, 39.197702624662249 ], [ 141.606285668620188, 39.198750831969413 ], [ 141.60612264703164, 39.200215989779522 ], [ 141.606269224495605, 39.200507776642453 ], [ 141.609441006869929, 39.202919828468055 ], [ 141.609784332944997, 39.203843702123194 ], [ 141.612534453350065, 39.204262834006968 ], [ 141.614250024734076, 39.205221154226308 ], [ 141.615125530332108, 39.205360196162175 ], [ 141.618631174011171, 39.204957680561272 ], [ 141.621440448411079, 39.204221892163439 ], [ 141.622860514524035, 39.204253676833829 ], [ 141.623414161502609, 39.204567536587696 ], [ 141.623768880965969, 39.206125363907525 ], [ 141.624254346370265, 39.206688174577778 ], [ 141.626456241827242, 39.206797507857338 ], [ 141.629434329659404, 39.207281174744082 ], [ 141.63195804314114, 39.209276350407798 ] ] ] } },
{ "type": "Feature", "properties": { "CITY_NAME": "住田町", "S_NAME": "上有住字和野", "JINKO": 34, "medical_area": "03_気仙医療圏", "町丁目名": "住田町上有住字和野" }, "geometry": { "type": "Polygon", "coordinates": [ [ [ 141.602390758399082, 39.192624305672354 ], [ 141.605060030224337, 39.191392706787411 ], [ 141.606158309805721, 39.190328259444847 ], [ 141.607189957022371, 39.18983449902916 ], [ 141.607710132122691, 39.189269525143814 ], [ 141.608207506963339, 39.188327770154679 ], [ 141.607499827628942, 39.188535565813197 ], [ 141.606773664815563, 39.188313766761972 ], [ 141.605898770188162, 39.188545743329918 ], [ 141.604791088520528, 39.189640932175564 ], [ 141.603380913047857, 39.190006693098226 ], [ 141.601026767579384, 39.186118076854612 ], [ 141.600092892175979, 39.186869351247395 ], [ 141.600173070966036, 39.188913113176248 ], [ 141.600790089233868, 39.190577537437029 ], [ 141.600654763702266, 39.191724995101772 ], [ 141.601288144275628, 39.193301897266863 ], [ 141.602390758399082, 39.192624305672354 ] ] ] } },
{ "type": "Feature", "properties": { "CITY_NAME": "住田町", "S_NAME": "上有住字天嶽", "JINKO": 53, "medical_area": "03_気仙医療圏", "町丁目名": "住田町上有住字天嶽" }, "geometry": { "type": "Polygon", "coordinates": [ [ [ 141.608207506963339, 39.188327770154679 ], [ 141.60902514917143, 39.187204360475917 ], [ 141.610371468573447, 39.186111489455953 ], [ 141.611911041190467, 39.185129069127832 ], [ 141.614299761144679, 39.184009350480622 ], [ 141.615266897934191, 39.183372174020008 ], [ 141.615874545834117, 39.182293679562456 ], [ 141.616231020013345, 39.180821144274354 ], [ 141.616623250833157, 39.180228414649662 ], [ 141.617232422621299, 39.180189068912739 ], [ 141.619130142440468, 39.180752831884327 ], [ 141.62091667271963, 39.180921943749041 ], [ 141.622872327061089, 39.180722937089996 ], [ 141.624630625680254, 39.180262873185228 ], [ 141.62769839475439, 39.178815304010755 ], [ 141.632162596304823, 39.17635005229549 ], [ 141.632473213629765, 39.17598042611764 ], [ 141.634712342968982, 39.174515404619548 ], [ 141.637532184837653, 39.173373022889052 ], [ 141.637779809529434, 39.172465238354263 ], [ 141.636710356707425, 39.17290118965883 ], [ 141.635577004279611, 39.173039674166752 ], [ 141.631921378220454, 39.172824354255425 ], [ 141.629265046051813, 39.173082912978543 ], [ 141.627566482140651, 39.174312473450186 ], [ 141.625364244525827, 39.174348348537173 ], [ 141.624399026337784, 39.174511693005364 ], [ 141.622578543614765, 39.175057184449962 ], [ 141.620042842248182, 39.17610839060643 ], [ 141.619417641048017, 39.176182271835636 ], [ 141.617342474615754, 39.175894525182436 ], [ 141.61332570801514, 39.174592955447466 ], [ 141.612267248506555, 39.173909712423594 ], [ 141.61161632137663, 39.173009101396168 ], [ 141.611137548996112, 39.172849865083215 ], [ 141.608345615897804, 39.172427521605215 ], [ 141.606216029312435, 39.172592428965473 ], [ 141.60426902914628, 39.172425471947008 ], [ 141.602452419924788, 39.171230790185817 ], [ 141.600552469868802, 39.170593574217811 ], [ 141.599029367157812, 39.170336698405343 ], [ 141.59738614719214, 39.170678066201681 ], [ 141.59528072328564, 39.173070259196919 ], [ 141.596756980372817, 39.174926587967192 ], [ 141.597055588856847, 39.175951539743011 ], [ 141.597685224506847, 39.17691120369355 ], [ 141.597845118293975, 39.178057545566588 ], [ 141.598501620543487, 39.179344379923251 ], [ 141.601613065303582, 39.180170333529254 ], [ 141.601888249751454, 39.180611965028689 ], [ 141.601964427521835, 39.181393061519088 ], [ 141.603144455998091, 39.182452551667886 ], [ 141.603234063889971, 39.182699967126837 ], [ 141.60316860211887, 39.183335540428175 ], [ 141.602187362335258, 39.184999210857669 ], [ 141.601883079678942, 39.185437121391445 ], [ 141.601026767579384, 39.186118076854612 ], [ 141.601340961651147, 39.186800842990351 ], [ 141.603380913047857, 39.190006693098226 ], [ 141.604791088520528, 39.189640932175564 ], [ 141.605898770188162, 39.188545743329918 ], [ 141.606773664815563, 39.188313766761972 ], [ 141.607499827628942, 39.188535565813197 ], [ 141.608207506963339, 39.188327770154679 ] ] ] } },
{ "type": "Feature", "properties": { "CITY_NAME": "住田町", "S_NAME": "上有住字深渡", "JINKO": 43, "medical_area": "03_気仙医療圏", "町丁目名": "住田町上有住字深渡" }, "geometry": { "type": "Polygon", "coordinates": [ [ [ 141.617917301884091, 39.195424262483236 ], [ 141.61673612054085, 39.193448053771831 ], [ 141.615174166475668, 39.191332224772502 ], [ 141.614289437503743, 39.189351462489 ], [ 141.613228742303022, 39.187601991410759 ], [ 141.611358607203641, 39.18547794297649 ], [ 141.60902514917143, 39.187204360475917 ], [ 141.607710132122691, 39.189269525143814 ], [ 141.609695251903787, 39.190540060117939 ], [ 141.612140160946865, 39.192927926701131 ], [ 141.613280640261848, 39.193649182584828 ], [ 141.616520713018502, 39.194606601658826 ], [ 141.617917301884091, 39.195424262483236 ] ] ] } },
{ "type": "Feature", "properties": { "CITY_NAME": "住田町", "S_NAME": "上有住字小松", "JINKO": 45, "medical_area": "03_気仙医療圏", "町丁目名": "住田町上有住字小松" }, "geometry": { "type": "Polygon", "coordinates": [ [ [ 141.622480816645634, 39.189916377854686 ], [ 141.62154276978697, 39.188800029820527 ], [ 141.620681755053255, 39.186867512586232 ], [ 141.621083974980706, 39.186328193914633 ], [ 141.621790617230033, 39.185832624274887 ], [ 141.62417487764057, 39.184849100998001 ], [ 141.623484283239094, 39.184752299102342 ], [ 141.620592804527575, 39.185259475655407 ], [ 141.620380132494404, 39.184954212903868 ], [ 141.620901269950252, 39.183795272901484 ], [ 141.620925284113554, 39.183203744846445 ], [ 141.621450633811179, 39.181866089861458 ], [ 141.622118184072491, 39.181218978542553 ], [ 141.623631846178256, 39.180552412045621 ], [ 141.621820080114816, 39.180890509704561 ], [ 141.620382071022874, 39.180918862289516 ], [ 141.619130142440468, 39.180752831884327 ], [ 141.617232422621299, 39.180189068912739 ], [ 141.616623250833157, 39.180228414649662 ], [ 141.616231020013345, 39.180821144274354 ], [ 141.615874545834117, 39.182293679562456 ], [ 141.615266897934191, 39.183372174020008 ], [ 141.614299761144679, 39.184009350480622 ], [ 141.611358607203641, 39.18547794297649 ], [ 141.613228742303022, 39.187601991410759 ], [ 141.614289437503743, 39.189351462489 ], [ 141.615174166475668, 39.191332224772502 ], [ 141.61673612054085, 39.193448053771831 ], [ 141.617917301884091, 39.195424262483236 ], [ 141.618066130981902, 39.194920433058279 ], [ 141.618150878417907, 39.191820561931202 ], [ 141.617860017922823, 39.190308405757108 ], [ 141.618024838684732, 39.188722176510268 ], [ 141.618442062637484, 39.187719065088324 ], [ 141.61917019953205, 39.186984944415926 ], [ 141.619635776392101, 39.189051951394568 ], [ 141.621246051129617, 39.189707260035846 ], [ 141.622480816645634, 39.189916377854686 ] ] ] } },
{ "type": "Feature", "properties": { "CITY_NAME": "住田町", "S_NAME": "上有住字小松峠", "JINKO": 0, "medical_area": "03_気仙医療圏", "町丁目名": "住田町上有住字小松峠" }, "geometry": { "type": "Polygon", "coordinates": [ [ [ 141.647547097938002, 39.180659498442296 ], [ 141.64803660733682, 39.179908695777563 ], [ 141.648106399324263, 39.178613856057652 ], [ 141.648649211232964, 39.177869014520383 ], [ 141.648159869279425, 39.176842079731671 ], [ 141.648587375846375, 39.175312330590195 ], [ 141.64796719187342, 39.174064628694389 ], [ 141.647268970789611, 39.17335139714374 ], [ 141.645858504953509, 39.172786754872988 ], [ 141.645138888311834, 39.172651226761829 ], [ 141.642284359948093, 39.172770981684479 ], [ 141.641306139172912, 39.171769291901818 ], [ 141.639870631095562, 39.171111081303074 ], [ 141.638541147888418, 39.172094038024035 ], [ 141.637779809529434, 39.172465238354263 ], [ 141.637532184837653, 39.173373022889052 ], [ 141.634712342968982, 39.174515404619548 ], [ 141.632473213629765, 39.17598042611764 ], [ 141.632162596304823, 39.17635005229549 ], [ 141.62769839475439, 39.178815304010755 ], [ 141.624630625680254, 39.180262873185228 ], [ 141.622672004244833, 39.180904102258935 ], [ 141.621862197764131, 39.181403826371827 ], [ 141.621450633811179, 39.181866089861458 ], [ 141.620956370867475, 39.18309719764715 ], [ 141.620901269950252, 39.183795272901484 ], [ 141.620428125795229, 39.184734528255987 ], [ 141.620419383331267, 39.185164441703172 ], [ 141.621165346309624, 39.185191643920945 ], [ 141.623604847811976, 39.184738674540199 ], [ 141.62417487764057, 39.184849100998001 ], [ 141.621790617230033, 39.185832624274887 ], [ 141.621083974980706, 39.186328193914633 ], [ 141.620681755053255, 39.186867512586232 ], [ 141.62154276978697, 39.188800029820527 ], [ 141.622480816645634, 39.189916377854686 ], [ 141.623624338766007, 39.187511113446142 ], [ 141.624401060241667, 39.186583446331205 ], [ 141.626393407543617, 39.186752962848196 ], [ 141.628129369219693, 39.186656697327443 ], [ 141.629453516918034, 39.186943385408668 ], [ 141.630591550250358, 39.186766641268825 ], [ 141.634694267431598, 39.184767029280387 ], [ 141.637383352200317, 39.184157016841567 ], [ 141.639072655119207, 39.183145603303771 ], [ 141.642248854083505, 39.180856321794586 ], [ 141.643629429855281, 39.180543977989309 ], [ 141.646585886521024, 39.18117120631139 ], [ 141.647547097938002, 39.180659498442296 ] ] ] } },
{ "type": "Feature", "properties": { "CITY_NAME": "住田町", "S_NAME": "上有住字下寒倉", "JINKO": 18, "medical_area": "03_気仙医療圏", "町丁目名": "住田町上有住字下寒倉" }, "geometry": { "type": "Polygon", "coordinates": [ [ [ 141.633553781915225, 39.19541123871884 ], [ 141.632223813786709, 39.194484708570677 ], [ 141.634747313693481, 39.192465081752154 ], [ 141.634639085452051, 39.190755267416478 ], [ 141.634731843087508, 39.190166497205759 ], [ 141.635005938450803, 39.189793239751225 ], [ 141.636004284403953, 39.189267912996989 ], [ 141.636831131560143, 39.188534813317538 ], [ 141.639210324729447, 39.187914854658807 ], [ 141.641195515778662, 39.186748153310383 ], [ 141.64442983348934, 39.185278712293439 ], [ 141.646069611939907, 39.184354241756907 ], [ 141.64793128305061, 39.183706770078921 ], [ 141.647219382489652, 39.182334332716138 ], [ 141.647547097938002, 39.180659498442296 ], [ 141.646585886521024, 39.18117120631139 ], [ 141.643629429855281, 39.180543977989309 ], [ 141.642248854083505, 39.180856321794586 ], [ 141.639072655119207, 39.183145603303771 ], [ 141.637383352200317, 39.184157016841567 ], [ 141.634694267431598, 39.184767029280387 ], [ 141.630591550250358, 39.186766641268825 ], [ 141.629453516918034, 39.186943385408668 ], [ 141.628129369219693, 39.186656697327443 ], [ 141.626393407543617, 39.186752962848196 ], [ 141.624401060241667, 39.186583446331205 ], [ 141.623624338766007, 39.187511113446142 ], [ 141.622480816645634, 39.189916377854686 ], [ 141.621246051129617, 39.189707260035846 ], [ 141.619635776392101, 39.189051951394568 ], [ 141.61917019953205, 39.186984944415926 ], [ 141.618442062637484, 39.187719065088324 ], [ 141.618132339576192, 39.188284145231378 ], [ 141.617860017922823, 39.190308405757108 ], [ 141.618150878417907, 39.191820561931202 ], [ 141.618066130981902, 39.194920433058279 ], [ 141.617917301884091, 39.195424262483236 ], [ 141.623702530237352, 39.198276801674403 ], [ 141.624369217089168, 39.198840777489742 ], [ 141.624699955913457, 39.19988092872525 ], [ 141.630063785249575, 39.197863074346564 ], [ 141.631919512980517, 39.19684355912883 ], [ 141.633553781915225, 39.19541123871884 ] ] ] } },
{ "type": "Feature", "properties": { "CITY_NAME": "住田町", "S_NAME": "上有住字上寒倉", "JINKO": 37, "medical_area": "03_気仙医療圏", "町丁目名": "住田町上有住字上寒倉" }, "geometry": { "type": "Polygon", "coordinates": [ [ [ 141.639775219090325, 39.197972611418429 ], [ 141.639694226195815, 39.197150629632603 ], [ 141.639848587561289, 39.196731746835816 ], [ 141.640240622686491, 39.196233807263901 ], [ 141.641899884551293, 39.195247340647398 ], [ 141.642948432429733, 39.193042446784609 ], [ 141.643223563075026, 39.192761989012681 ], [ 141.647506941418413, 39.191695259506325 ], [ 141.647996661563383, 39.19105733846245 ], [ 141.647910355118057, 39.190469880898007 ], [ 141.648272168922489, 39.18908996640058 ], [ 141.648229308869475, 39.187968266384146 ], [ 141.64840214852515, 39.187440861854789 ], [ 141.649068344585942, 39.186585091504668 ], [ 141.649123886535619, 39.18622874402412 ], [ 141.648752078919756, 39.185039665923483 ], [ 141.64793128305061, 39.183706770078921 ], [ 141.646069611939907, 39.184354241756907 ], [ 141.64442983348934, 39.185278712293439 ], [ 141.641195515778662, 39.186748153310383 ], [ 141.639210324729447, 39.187914854658807 ], [ 141.636831131560143, 39.188534813317538 ], [ 141.636004284403953, 39.189267912996989 ], [ 141.635005938450803, 39.189793239751225 ], [ 141.634731843087508, 39.190166497205759 ], [ 141.634747313693481, 39.192465081752154 ], [ 141.632223813786709, 39.194484708570677 ], [ 141.633946069570896, 39.195693075614869 ], [ 141.637433811455736, 39.197766316105309 ], [ 141.638261321986732, 39.197983064795771 ], [ 141.639775219090325, 39.197972611418429 ] ] ] } },
{ "type": "Feature", "properties": { "CITY_NAME": "住田町", "S_NAME": "上有住字金の倉", "JINKO": 13, "medical_area": "03_気仙医療圏", "町丁目名": "住田町上有住字金の倉" }, "geometry": { "type": "Polygon", "coordinates": [ [ [ 141.640330453256752, 39.210664699166934 ], [ 141.641139938227525, 39.209814542631818 ], [ 141.642388714318542, 39.207989467668398 ], [ 141.644525009585863, 39.206763649216526 ], [ 141.645072926897456, 39.206329643836092 ], [ 141.645232938967496, 39.20599390164552 ], [ 141.645182190107931, 39.20514976044219 ], [ 141.644186160658563, 39.2040253381507 ], [ 141.644141319361921, 39.203691019264141 ], [ 141.644824270907975, 39.202539026374204 ], [ 141.644901789195757, 39.20215606880663 ], [ 141.644295991012655, 39.200240228357671 ], [ 141.64341402152607, 39.199234497483303 ], [ 141.643181940356442, 39.198646575100305 ], [ 141.643093290415436, 39.198057587443373 ], [ 141.643206486892694, 39.197662488956794 ], [ 141.640601140903925, 39.198050787108272 ], [ 141.637908744304923, 39.197901609855485 ], [ 141.637136866092476, 39.197622476131805 ], [ 141.633553781915225, 39.19541123871884 ], [ 141.631919512980517, 39.19684355912883 ], [ 141.630063785249575, 39.197863074346564 ], [ 141.624699955913457, 39.19988092872525 ], [ 141.625153244104354, 39.201047766274876 ], [ 141.626276588077417, 39.203094594518547 ], [ 141.626904191085345, 39.203461278406124 ], [ 141.629073573416349, 39.203960180830549 ], [ 141.629884299031062, 39.204297024908541 ], [ 141.63195804314114, 39.209276350407798 ], [ 141.637479611924277, 39.209352381756553 ], [ 141.639114857532235, 39.209562019159819 ], [ 141.639757518228862, 39.209888907757147 ], [ 141.640330453256752, 39.210664699166934 ] ] ] } },
{ "type": "Feature", "properties": { "CITY_NAME": "住田町", "S_NAME": "上有住字中埣", "JINKO": 25, "medical_area": "03_気仙医療圏", "町丁目名": "住田町上有住字中埣" }, "geometry": { "type": "Polygon", "coordinates": [ [ [ 141.650878328324723, 39.202309584290184 ], [ 141.650825486886248, 39.201888546307529 ], [ 141.651297881509208, 39.201390427639517 ], [ 141.653334886849223, 39.20006954686027 ], [ 141.653802712717408, 39.198502098164958 ], [ 141.654518313032355, 39.197683317559402 ], [ 141.655940988547655, 39.196873838587869 ], [ 141.657580378644099, 39.196631163037672 ], [ 141.657519632925926, 39.195709465278576 ], [ 141.657662926817352, 39.195381349581858 ], [ 141.658786491379885, 39.194391959863765 ], [ 141.66044793417143, 39.193570539934825 ], [ 141.663386473008075, 39.193206185744657 ], [ 141.664495442321254, 39.192772948961824 ], [ 141.665037257512807, 39.192376537597212 ], [ 141.66524295696226, 39.191998846148564 ], [ 141.665234237569081, 39.191262854367167 ], [ 141.665985892201292, 39.190832146217751 ], [ 141.666213040760283, 39.190487023738875 ], [ 141.666329895326044, 39.18882596558727 ], [ 141.667350420867564, 39.188033498222595 ], [ 141.668961627366713, 39.187416741782762 ], [ 141.670952317572301, 39.186911739294338 ], [ 141.672842878186287, 39.186816383652157 ], [ 141.673720882381048, 39.186417512669429 ], [ 141.675758735444731, 39.186337380079607 ], [ 141.678000970067416, 39.184906294430796 ], [ 141.680124763930735, 39.184113902253145 ], [ 141.683747908416422, 39.183915854522255 ], [ 141.686613263420412, 39.183167527587443 ], [ 141.684617680445484, 39.182526426560727 ], [ 141.683448730387084, 39.181873353058691 ], [ 141.68303067970956, 39.181139568492917 ], [ 141.682687335053004, 39.179621541709629 ], [ 141.682324245790255, 39.178787421699369 ], [ 141.681448385898449, 39.178341065459371 ], [ 141.680520001518829, 39.177205056042361 ], [ 141.679585806360421, 39.176912104315278 ], [ 141.678930545480085, 39.176461033549835 ], [ 141.674331509063052, 39.175954059496405 ], [ 141.67234838302619, 39.175496888062156 ], [ 141.670823164928663, 39.175420432586478 ], [ 141.66914235103792, 39.17473618248426 ], [ 141.668213583469509, 39.174892725683662 ], [ 141.667513359508064, 39.174697933455178 ], [ 141.665647503503521, 39.174645657583689 ], [ 141.664348423479254, 39.174017944335844 ], [ 141.663450193981532, 39.174043052708029 ], [ 141.662682625071142, 39.174941494717537 ], [ 141.662575602376506, 39.175732142655463 ], [ 141.661380109085457, 39.176396306698066 ], [ 141.660921478078194, 39.176967834580232 ], [ 141.660474072497095, 39.177127095059738 ], [ 141.659710837456174, 39.177032564598584 ], [ 141.658201191193228, 39.177258718667282 ], [ 141.657547318228438, 39.176913639953156 ], [ 141.655976912340094, 39.177093247850038 ], [ 141.653778602074283, 39.176743453888932 ], [ 141.652314578331612, 39.177090882943268 ], [ 141.650667470199124, 39.177230421635699 ], [ 141.64890292193752, 39.17795458042734 ], [ 141.648649211232964, 39.177869014520383 ], [ 141.648106399324263, 39.178613856057652 ], [ 141.64803660733682, 39.179908695777563 ], [ 141.647547097938002, 39.180659498442296 ], [ 141.647219382489652, 39.182334332716138 ], [ 141.647567313713978, 39.183183105796886 ], [ 141.648466766326862, 39.184438113091609 ], [ 141.649123886535619, 39.18622874402412 ], [ 141.649068344585942, 39.186585091504668 ], [ 141.64840214852515, 39.187440861854789 ], [ 141.648229308869475, 39.187968266384146 ], [ 141.648272168922489, 39.18908996640058 ], [ 141.647910355118057, 39.190469880898007 ], [ 141.647996661563383, 39.19105733846245 ], [ 141.647506941418413, 39.191695259506325 ], [ 141.643223563075026, 39.192761989012681 ], [ 141.642948432429733, 39.193042446784609 ], [ 141.641899884551293, 39.195247340647398 ], [ 141.640240622686491, 39.196233807263901 ], [ 141.639848587561289, 39.196731746835816 ], [ 141.63967913604111, 39.197568549570448 ], [ 141.639775219090325, 39.197972611418429 ], [ 141.640601140903925, 39.198050787108272 ], [ 141.643206486892694, 39.197662488956794 ], [ 141.644277445928964, 39.197312463028908 ], [ 141.645066687392671, 39.197378616434335 ], [ 141.645460006353915, 39.197971466439839 ], [ 141.645794659315612, 39.199684045676918 ], [ 141.6470884490316, 39.200656981965558 ], [ 141.647591248789354, 39.20185056177268 ], [ 141.649880251918091, 39.202770703012582 ], [ 141.650878328324723, 39.202309584290184 ] ] ] } },
{ "type": "Feature", "properties": { "CITY_NAME": "住田町", "S_NAME": "上有住字檜山", "JINKO": 34, "medical_area": "03_気仙医療圏", "町丁目名": "住田町上有住字檜山" }, "geometry": { "type": "Polygon", "coordinates": [ [ [ 141.728261090249902, 39.203447053798797 ], [ 141.727761386164076, 39.202894793955714 ], [ 141.725953453917725, 39.202135213018629 ], [ 141.722045918878308, 39.201263089272281 ], [ 141.718286262358873, 39.199892593312462 ], [ 141.715399917887567, 39.197660518441438 ], [ 141.713822403012898, 39.195493413602073 ], [ 141.712683152650413, 39.194445642451825 ], [ 141.711705329330783, 39.192218265872974 ], [ 141.709943879996786, 39.190292414089512 ], [ 141.708750832408214, 39.189784966738898 ], [ 141.708346008606071, 39.18933162218093 ], [ 141.706989424834177, 39.188516857009219 ], [ 141.702067958067943, 39.187293782490379 ], [ 141.698668754600391, 39.185594169362375 ], [ 141.697761992147719, 39.185296666382257 ], [ 141.696331857871144, 39.184293793066317 ], [ 141.695523570637107, 39.183273423545202 ], [ 141.694035127474308, 39.183571548734605 ], [ 141.692180144278808, 39.184302979828615 ], [ 141.690020255104116, 39.184860966196595 ], [ 141.689590605690569, 39.184851243203717 ], [ 141.686613263420412, 39.183167527587443 ], [ 141.683747908416422, 39.183915854522255 ], [ 141.680124763930735, 39.184113902253145 ], [ 141.678000970067416, 39.184906294430796 ], [ 141.675758735444731, 39.186337380079607 ], [ 141.673720882381048, 39.186417512669429 ], [ 141.672842878186287, 39.186816383652157 ], [ 141.670952317572301, 39.186911739294338 ], [ 141.668961627366713, 39.187416741782762 ], [ 141.667350420867564, 39.188033498222595 ], [ 141.666329895326044, 39.18882596558727 ], [ 141.666213040760283, 39.190487023738875 ], [ 141.665985892201292, 39.190832146217751 ], [ 141.665234237569081, 39.191262854367167 ], [ 141.66524295696226, 39.191998846148564 ], [ 141.665037257512807, 39.192376537597212 ], [ 141.664495442321254, 39.192772948961824 ], [ 141.663386473008075, 39.193206185744657 ], [ 141.659903494494841, 39.193754274166373 ], [ 141.658786491379885, 39.194391959863765 ], [ 141.657662926817352, 39.195381349581858 ], [ 141.657519632925926, 39.195709465278576 ], [ 141.657557796449396, 39.197165048121363 ], [ 141.657416802539558, 39.197689423941426 ], [ 141.656921668822264, 39.19849442201614 ], [ 141.655445378773805, 39.199878904278997 ], [ 141.65522083136841, 39.200452988165857 ], [ 141.653960387714221, 39.202326589917085 ], [ 141.655503470761062, 39.202529529834344 ], [ 141.658981337206825, 39.200077669607815 ], [ 141.660028372533901, 39.199588394314262 ], [ 141.661110017611634, 39.199412033417232 ], [ 141.663832363186089, 39.199856520224898 ], [ 141.667021324526331, 39.201134705862302 ], [ 141.670077964457988, 39.201046587366577 ], [ 141.671397182073434, 39.201314103194605 ], [ 141.67712773953906, 39.204712023280109 ], [ 141.678090388846954, 39.204933919080815 ], [ 141.680290786934563, 39.205086664485307 ], [ 141.682147751641622, 39.206277769477687 ], [ 141.683918054813432, 39.206710559212837 ], [ 141.684544665686559, 39.207308316591565 ], [ 141.685169764921113, 39.209253526668412 ], [ 141.685571794017932, 39.209783810916129 ], [ 141.686805233763323, 39.210825540434087 ], [ 141.690361955484065, 39.212799909428774 ], [ 141.693098023034111, 39.213597019542327 ], [ 141.693893838397514, 39.214149212592893 ], [ 141.694821738191706, 39.215230480157281 ], [ 141.696964238305441, 39.215193726481324 ], [ 141.698304052491608, 39.215497663782514 ], [ 141.698846304492008, 39.215842342486702 ], [ 141.699939285100157, 39.217215379240386 ], [ 141.701689236235552, 39.218481751804617 ], [ 141.702599896237899, 39.218365817421827 ], [ 141.703743457998854, 39.2184494762502 ], [ 141.704662342474393, 39.218166116395494 ], [ 141.706404246841828, 39.217030631615152 ], [ 141.708837302155473, 39.217367917195695 ], [ 141.711718251242047, 39.217316599479688 ], [ 141.712315848833384, 39.217733418468811 ], [ 141.714451365457904, 39.218299908625596 ], [ 141.715697373318108, 39.216440554790395 ], [ 141.716537000207012, 39.214232111933619 ], [ 141.717468293896474, 39.213593010479286 ], [ 141.719297061160745, 39.211324305831177 ], [ 141.720434988691181, 39.210634267404799 ], [ 141.721698083778932, 39.209472526774498 ], [ 141.72299213986895, 39.207760839916652 ], [ 141.724841348964645, 39.20578815613176 ], [ 141.725421383116327, 39.205487501994391 ], [ 141.726466009819774, 39.204465594689253 ], [ 141.728261090249902, 39.203447053798797 ] ] ] } },
{ "type": "Feature", "properties": { "CITY_NAME": "住田町", "S_NAME": "上有住字中沢", "JINKO": 75, "medical_area": "03_気仙医療圏", "町丁目名": "住田町上有住字中沢" }, "geometry": { "type": "Polygon", "coordinates": [ [ [ 141.655853569789343, 39.204324365878847 ], [ 141.659533437845312, 39.204626174791095 ], [ 141.660662914224446, 39.205453299412383 ], [ 141.66112487157929, 39.205476973255784 ], [ 141.662637207403179, 39.203054968661831 ], [ 141.663333778120602, 39.202421353182146 ], [ 141.663192869504542, 39.202215807041206 ], [ 141.662299086754871, 39.202280577903217 ], [ 141.662042879780614, 39.202084787494613 ], [ 141.663215090629649, 39.199705597296692 ], [ 141.661110017611634, 39.199412033417232 ], [ 141.660028372533816, 39.199588394314262 ], [ 141.658981337206825, 39.200077669607815 ], [ 141.655503470761033, 39.202529529834344 ], [ 141.653960387714221, 39.202326589917085 ], [ 141.65522083136841, 39.200452988165857 ], [ 141.655445378773805, 39.199878904278997 ], [ 141.656921668822264, 39.19849442201614 ], [ 141.657416802539558, 39.197689423941426 ], [ 141.657580378644099, 39.196631163037672 ], [ 141.655940988547655, 39.196873838587891 ], [ 141.654724159007543, 39.197528521116908 ], [ 141.653802712717408, 39.198502098164958 ], [ 141.653334886849336, 39.200069546860277 ], [ 141.651662501861665, 39.201105666732332 ], [ 141.650784953212991, 39.202019657974603 ], [ 141.650878328324723, 39.202309584290184 ], [ 141.652013048923209, 39.202150253029529 ], [ 141.652565547405857, 39.202548711254856 ], [ 141.652889484129815, 39.203287766915516 ], [ 141.652434750573519, 39.204128347333146 ], [ 141.652427631877259, 39.204510109429975 ], [ 141.654318095768843, 39.206265976985591 ], [ 141.654848277629071, 39.206199401616836 ], [ 141.655053929853892, 39.206018357836683 ], [ 141.655179248357712, 39.204894858322483 ], [ 141.655325716642551, 39.204588541406885 ], [ 141.655853569789343, 39.204324365878847 ] ] ] } },
{ "type": "Feature", "properties": { "CITY_NAME": "住田町", "S_NAME": "上有住字土倉", "JINKO": 76, "medical_area": "03_気仙医療圏", "町丁目名": "住田町上有住字土倉" }, "geometry": { "type": "Polygon", "coordinates": [ [ [ 141.694777879633278, 39.266298058633637 ], [ 141.696398608296988, 39.266358603036117 ], [ 141.697320491139322, 39.266711295637599 ], [ 141.698152356932923, 39.26642200186911 ], [ 141.699311129773065, 39.265494936367098 ], [ 141.70038710841709, 39.264976078252481 ], [ 141.701491172194864, 39.265163127290663 ], [ 141.702494936707097, 39.26505049159033 ], [ 141.703656288136727, 39.2651769937575 ], [ 141.705816646046543, 39.264815198129099 ], [ 141.706103975501577, 39.264602693917105 ], [ 141.706292009857748, 39.264180586283558 ], [ 141.706246449466249, 39.263624973779891 ], [ 141.705910399188781, 39.263026501516819 ], [ 141.705785298886184, 39.262291187224939 ], [ 141.706054132219663, 39.260591259006929 ], [ 141.705824256057326, 39.259984465551128 ], [ 141.705829803415668, 39.258872522053565 ], [ 141.705035960617522, 39.255647977635427 ], [ 141.705182039663555, 39.254181914874245 ], [ 141.704981711306488, 39.253612405080098 ], [ 141.704944999389625, 39.252215332616331 ], [ 141.704467084456894, 39.251076945831635 ], [ 141.704527607878788, 39.249724174518654 ], [ 141.705059395613091, 39.248195032876858 ], [ 141.705022699703505, 39.246791123346789 ], [ 141.705809632975871, 39.246074232104526 ], [ 141.70569672921755, 39.244481937991281 ], [ 141.706010011425718, 39.243462465226003 ], [ 141.70640282577952, 39.243051346825709 ], [ 141.707145045329383, 39.241472341786441 ], [ 141.707758836109321, 39.240792979880368 ], [ 141.70845675177452, 39.239062851603684 ], [ 141.709450178205685, 39.238288439276147 ], [ 141.710239435538256, 39.237097533980645 ], [ 141.710516359635506, 39.235887402439893 ], [ 141.711110546625832, 39.235343088927443 ], [ 141.711475336062392, 39.23372412764413 ], [ 141.710872738119463, 39.232918944219136 ], [ 141.709361528899848, 39.231883575042112 ], [ 141.708758795288503, 39.230732705626004 ], [ 141.705948265063711, 39.229005956295055 ], [ 141.705089017778505, 39.227978789562989 ], [ 141.70291185318726, 39.223728950940831 ], [ 141.702929020551949, 39.223070461036485 ], [ 141.701183440116779, 39.219482358843386 ], [ 141.70123648974004, 39.21898167806863 ], [ 141.701689236235552, 39.218481751804617 ], [ 141.699939285100157, 39.217215379240386 ], [ 141.698846304492008, 39.215842342486702 ], [ 141.698304052491579, 39.2154976637825 ], [ 141.696964238305441, 39.215193726481303 ], [ 141.694821738191706, 39.21523048015726 ], [ 141.693893838397514, 39.214149212592893 ], [ 141.693098023034111, 39.213597019542327 ], [ 141.690361955484065, 39.212799909428796 ], [ 141.686805233763323, 39.210825540434087 ], [ 141.68557179401796, 39.209783810916129 ], [ 141.685169764921113, 39.209253526668398 ], [ 141.684544665686559, 39.207308316591565 ], [ 141.683918054813375, 39.20671055921283 ], [ 141.682147751641622, 39.206277769477687 ], [ 141.680290786934506, 39.205086664485307 ], [ 141.678090388846925, 39.20493391908083 ], [ 141.67712773953906, 39.204712023280109 ], [ 141.671397182073463, 39.201314103194591 ], [ 141.670077964457988, 39.201046587366577 ], [ 141.66702132452636, 39.201134705862302 ], [ 141.663215090629649, 39.199705597296692 ], [ 141.662042879780614, 39.202084787494613 ], [ 141.662299086754871, 39.202280577903217 ], [ 141.663192869504542, 39.202215807041206 ], [ 141.663333778120602, 39.202421353182146 ], [ 141.662637207403179, 39.203054968661831 ], [ 141.66112487157929, 39.205476973255784 ], [ 141.660662914224446, 39.205453299412383 ], [ 141.659533437845312, 39.204626174791095 ], [ 141.655853569789343, 39.204324365878847 ], [ 141.655325716642551, 39.204588541406885 ], [ 141.655179248357712, 39.204894858322483 ], [ 141.655053929853892, 39.206018357836683 ], [ 141.654848277629071, 39.206199401616836 ], [ 141.654318095768843, 39.206265976985591 ], [ 141.652427631877259, 39.204510109429975 ], [ 141.652434750573519, 39.204128347333146 ], [ 141.652889484129815, 39.203287766915516 ], [ 141.652762837655047, 39.202821649646353 ], [ 141.652311778733718, 39.202303475515897 ], [ 141.652013048923209, 39.202150253029529 ], [ 141.6512863152752, 39.202175264059392 ], [ 141.649880251918091, 39.202770703012568 ], [ 141.647704771835606, 39.201929434704965 ], [ 141.647466353165441, 39.201680139225353 ], [ 141.647088449031571, 39.200656981965572 ], [ 141.645794659315612, 39.199684045676918 ], [ 141.645460006353915, 39.197971466439839 ], [ 141.645066687392671, 39.1973786164343 ], [ 141.644277445928964, 39.197312463028908 ], [ 141.643206486892694, 39.197662488956794 ], [ 141.643093290415436, 39.198057587443373 ], [ 141.643181940356442, 39.198646575100319 ], [ 141.64341402152607, 39.199234497483303 ], [ 141.644295991012655, 39.200240228357671 ], [ 141.644901789195757, 39.20215606880663 ], [ 141.644824270907975, 39.202539026374204 ], [ 141.644141319361921, 39.203691019264141 ], [ 141.644186160658563, 39.2040253381507 ], [ 141.645182190107931, 39.20514976044219 ], [ 141.645232938967496, 39.20599390164552 ], [ 141.645072926897456, 39.206329643836092 ], [ 141.644525009585863, 39.206763649216526 ], [ 141.642388714318514, 39.207989467668426 ], [ 141.641139938227525, 39.209814542631818 ], [ 141.640330453256752, 39.210664699166934 ], [ 141.640544126210813, 39.211427983176968 ], [ 141.641007220861127, 39.212075684124152 ], [ 141.647870060602543, 39.216170220861173 ], [ 141.648064382820621, 39.216505326865999 ], [ 141.648078881164793, 39.220681892956286 ], [ 141.64886599150168, 39.221739967219207 ], [ 141.649009583282634, 39.224291512567135 ], [ 141.647987389643674, 39.227516017554542 ], [ 141.648953780309483, 39.228306901697188 ], [ 141.651307437778854, 39.231773727663793 ], [ 141.651649702671961, 39.233756678449915 ], [ 141.654165563720596, 39.23936712653196 ], [ 141.654557493807602, 39.239736645338439 ], [ 141.657077648900724, 39.240817888603715 ], [ 141.657468681397006, 39.241116464570432 ], [ 141.657932921959826, 39.241822198530016 ], [ 141.658151115654448, 39.243152482963076 ], [ 141.66010336181165, 39.244105048288425 ], [ 141.661679348220162, 39.245926370877001 ], [ 141.661921139384418, 39.246467104074235 ], [ 141.661801696915859, 39.247351081842083 ], [ 141.662287098322764, 39.248240269345239 ], [ 141.662441068576214, 39.248907805600361 ], [ 141.662190841969135, 39.250742062650161 ], [ 141.662295304681095, 39.25134055932881 ], [ 141.666201801792255, 39.253176845579951 ], [ 141.667581570559605, 39.253148064415278 ], [ 141.669001783474812, 39.253437498015991 ], [ 141.670467955891667, 39.253162101150849 ], [ 141.671785456998236, 39.252673187397491 ], [ 141.672207957987126, 39.252701683751042 ], [ 141.673752698034377, 39.253904911139159 ], [ 141.674962198696164, 39.254571176500285 ], [ 141.675929750819137, 39.25570280306431 ], [ 141.677123034388842, 39.256362894274332 ], [ 141.678448139658371, 39.257510840959 ], [ 141.678740930395151, 39.258227811721483 ], [ 141.678853008193073, 39.259106966397809 ], [ 141.679284990927414, 39.259917580757588 ], [ 141.67960245832947, 39.259984668728357 ], [ 141.680734505436959, 39.259597982917604 ], [ 141.682388620108583, 39.259415658377961 ], [ 141.68420660437468, 39.259683140272379 ], [ 141.685810209562504, 39.260693313246591 ], [ 141.687530136148695, 39.263248012688663 ], [ 141.688448337478775, 39.263966682248146 ], [ 141.689335411332451, 39.265130262124721 ], [ 141.690180976326047, 39.265887310999759 ], [ 141.692111391152025, 39.266708904565604 ], [ 141.692859943962844, 39.26682955718826 ], [ 141.694777879633278, 39.266298058633637 ] ] ] } }
]
}
