{
"type": "FeatureCollection",
"name": "geo_03_訪問介護",
"crs": { "type": "name", "properties": { "name": "urn:ogc:def:crs:OGC:1.3:CRS84" } },
"features": [
{ "type": "Feature", "properties": { "内容": "ヘルパーステーション･それいゆ【訪問介護】岩手県盛岡市南仙北2丁目27-1鈴木ビル1階　2号室", "url2": "https://www.kaigokensaku.mhlw.go.jp/03/index.php?action_kouhyou_detail_004_kani=true&JigyosyoCd=0370105967-00&ServiceCd=110&Type=search" }, "geometry": { "type": "Point", "coordinates": [ 141.155273500000021, 39.6739508 ] } },
{ "type": "Feature", "properties": { "内容": "訪問介護事業所　ぱんだ【訪問介護】岩手県盛岡市松園二丁目１－１パルセ大都１Ｆ", "url2": "https://www.kaigokensaku.mhlw.go.jp/03/index.php?action_kouhyou_detail_004_kani=true&JigyosyoCd=0370106205-00&ServiceCd=110&Type=search" }, "geometry": { "type": "Point", "coordinates": [ 141.1666563, 39.7478871 ] } },
{ "type": "Feature", "properties": { "内容": "岩手福祉会訪問介護事業所【訪問介護】岩手県盛岡市黒石野2丁目13番47号", "url2": "https://www.kaigokensaku.mhlw.go.jp/03/index.php?action_kouhyou_detail_004_kani=true&JigyosyoCd=0370107708-00&ServiceCd=110&Type=search" }, "geometry": { "type": "Point", "coordinates": [ 141.146331800000013, 39.7414336 ] } },
{ "type": "Feature", "properties": { "内容": "ホームケア土屋いわて【訪問介護】岩手県盛岡市志家町2-6クリナーレ志家町102-B", "url2": "https://www.kaigokensaku.mhlw.go.jp/03/index.php?action_kouhyou_detail_004_kani=true&JigyosyoCd=0370107724-00&ServiceCd=110&Type=search" }, "geometry": { "type": "Point", "coordinates": [ 141.16062070000001, 39.7008112 ] } },
{ "type": "Feature", "properties": { "内容": "三矢ケアサービス指定訪問介護事業所【訪問介護】岩手県盛岡市神子田町8番17号", "url2": "https://www.kaigokensaku.mhlw.go.jp/03/index.php?action_kouhyou_detail_004_kani=true&JigyosyoCd=0370101487-00&ServiceCd=110&Type=search" }, "geometry": { "type": "Point", "coordinates": [ 141.160886500000061, 39.6870382 ] } },
{ "type": "Feature", "properties": { "内容": "訪問介護はるかぜの綾【訪問介護】岩手県盛岡市上堂３丁目16-18", "url2": "https://www.kaigokensaku.mhlw.go.jp/03/index.php?action_kouhyou_detail_004_kani=true&JigyosyoCd=0370105777-00&ServiceCd=110&Type=search" }, "geometry": { "type": "Point", "coordinates": [ 141.128910100000013, 39.7284753 ] } },
{ "type": "Feature", "properties": { "内容": "ヘルパーステーションアンド【訪問介護】岩手県盛岡市大館町23-62マンションマルニ201号", "url2": "https://www.kaigokensaku.mhlw.go.jp/03/index.php?action_kouhyou_detail_004_kani=true&JigyosyoCd=0370107930-00&ServiceCd=110&Type=search" }, "geometry": { "type": "Point", "coordinates": [ 141.1098647, 39.714941800000034 ] } },
{ "type": "Feature", "properties": { "内容": "アルテ訪問介護事業所向中野【訪問介護】岩手県盛岡市向中野4丁目24-56住宅型有料老人ホームアルテプラド向中野", "url2": "https://www.kaigokensaku.mhlw.go.jp/03/index.php?action_kouhyou_detail_004_kani=true&JigyosyoCd=0370104622-00&ServiceCd=110&Type=search" }, "geometry": { "type": "Point", "coordinates": [ 141.146268599999985, 39.6778195 ] } },
{ "type": "Feature", "properties": { "内容": "株式会社プレーゴヘルパーステーション【訪問介護】岩手県盛岡市本宮3丁目9番2号", "url2": "https://www.kaigokensaku.mhlw.go.jp/03/index.php?action_kouhyou_detail_004_kani=true&JigyosyoCd=0370101743-00&ServiceCd=110&Type=search" }, "geometry": { "type": "Point", "coordinates": [ 141.132357111500568, 39.693362781378127 ] } },
{ "type": "Feature", "properties": { "内容": "コープ介護・福祉センター【訪問介護】岩手県盛岡市長橋町17-35", "url2": "https://www.kaigokensaku.mhlw.go.jp/03/index.php?action_kouhyou_detail_004_kani=true&JigyosyoCd=0370102063-00&ServiceCd=110&Type=search" }, "geometry": { "type": "Point", "coordinates": [ 141.102777693679286, 39.717006095761491 ] } },
{ "type": "Feature", "properties": { "内容": "Unity指定訪問介護事業所【訪問介護】岩手県盛岡市緑ヶ丘2丁目6－6", "url2": "https://www.kaigokensaku.mhlw.go.jp/03/index.php?action_kouhyou_detail_004_kani=true&JigyosyoCd=0370102212-00&ServiceCd=110&Type=search" }, "geometry": { "type": "Point", "coordinates": [ 141.14125702503722, 39.732579120531767 ] } },
{ "type": "Feature", "properties": { "内容": "ヘルパーステーションまごのて盛岡【訪問介護】岩手県盛岡市東松園1丁目12-13", "url2": "https://www.kaigokensaku.mhlw.go.jp/03/index.php?action_kouhyou_detail_004_kani=true&JigyosyoCd=0370102782-00&ServiceCd=110&Type=search" }, "geometry": { "type": "Point", "coordinates": [ 141.169572971533171, 39.747474620121125 ] } },
{ "type": "Feature", "properties": { "内容": "ゆいま～る上田ヘルパーステーション【訪問介護】岩手県盛岡市上田2丁目14番30号", "url2": "https://www.kaigokensaku.mhlw.go.jp/03/index.php?action_kouhyou_detail_004_kani=true&JigyosyoCd=0370104598-00&ServiceCd=110&Type=search" }, "geometry": { "type": "Point", "coordinates": [ 141.143878025794947, 39.717183207992882 ] } },
{ "type": "Feature", "properties": { "内容": "メディコート訪問介護事業所【訪問介護】岩手県盛岡市上堂3丁目21番8号メディコート上堂", "url2": "https://www.kaigokensaku.mhlw.go.jp/03/index.php?action_kouhyou_detail_004_kani=true&JigyosyoCd=0370105512-00&ServiceCd=110&Type=search" }, "geometry": { "type": "Point", "coordinates": [ 141.128429800000049, 39.7301661 ] } },
{ "type": "Feature", "properties": { "内容": "訪問介護事業所ななかまど【訪問介護】岩手県盛岡市津志田町3丁目6-15", "url2": "https://www.kaigokensaku.mhlw.go.jp/03/index.php?action_kouhyou_detail_004_kani=true&JigyosyoCd=0370105785-00&ServiceCd=110&Type=search" }, "geometry": { "type": "Point", "coordinates": [ 141.152129, 39.6651393 ] } },
{ "type": "Feature", "properties": { "内容": "指定訪問介護事業所テンダーケア盛岡【訪問介護】岩手県盛岡市大館町26-7", "url2": "https://www.kaigokensaku.mhlw.go.jp/03/index.php?action_kouhyou_detail_004_kani=true&JigyosyoCd=0370105991-00&ServiceCd=110&Type=search" }, "geometry": { "type": "Point", "coordinates": [ 141.1090431, 39.7122618 ] } },
{ "type": "Feature", "properties": { "内容": "医心館訪問介護ステーション盛岡【訪問介護】岩手県盛岡市本宮６丁目１番２５号", "url2": "https://www.kaigokensaku.mhlw.go.jp/03/index.php?action_kouhyou_detail_004_kani=true&JigyosyoCd=0370106254-00&ServiceCd=110&Type=search" }, "geometry": { "type": "Point", "coordinates": [ 141.125278500000036, 39.6873122 ] } },
{ "type": "Feature", "properties": { "内容": "結ま～る上堂ヘルパーステーション【訪問介護】岩手県盛岡市上堂3丁目６－３１", "url2": "https://www.kaigokensaku.mhlw.go.jp/03/index.php?action_kouhyou_detail_004_kani=true&JigyosyoCd=0370106767-00&ServiceCd=110&Type=search" }, "geometry": { "type": "Point", "coordinates": [ 141.124209, 39.727529400000016 ] } },
{ "type": "Feature", "properties": { "内容": "メディコート安倍館2号館訪問介護事業所【訪問介護】岩手県盛岡市安倍館町16-29", "url2": "https://www.kaigokensaku.mhlw.go.jp/03/index.php?action_kouhyou_detail_004_kani=true&JigyosyoCd=0370107815-00&ServiceCd=110&Type=search" }, "geometry": { "type": "Point", "coordinates": [ 141.1267947, 39.7221184 ] } },
{ "type": "Feature", "properties": { "内容": "訪問介護さくら館【訪問介護】岩手県盛岡市大館町26番2号ハイム大館7号", "url2": "https://www.kaigokensaku.mhlw.go.jp/03/index.php?action_kouhyou_detail_004_kani=true&JigyosyoCd=0370107872-00&ServiceCd=110&Type=search" }, "geometry": { "type": "Point", "coordinates": [ 141.109841551520503, 39.712621666196142 ] } },
{ "type": "Feature", "properties": { "内容": "福寿の森本宮訪問介護ステーション【訪問介護】岩手県盛岡市本宮六丁目1-48", "url2": "https://www.kaigokensaku.mhlw.go.jp/03/index.php?action_kouhyou_detail_004_kani=true&JigyosyoCd=0370102527-00&ServiceCd=110&Type=search" }, "geometry": { "type": "Point", "coordinates": [ 141.124811899999941, 39.6881426 ] } },
{ "type": "Feature", "properties": { "内容": "ヘルパーステーションふきのとう【訪問介護】岩手県盛岡市小鳥沢2丁目３３－２６", "url2": "https://www.kaigokensaku.mhlw.go.jp/03/index.php?action_kouhyou_detail_004_kani=true&JigyosyoCd=0370103590-00&ServiceCd=110&Type=search" }, "geometry": { "type": "Point", "coordinates": [ 141.165396527925282, 39.765612960025749 ] } },
{ "type": "Feature", "properties": { "内容": "加賀野の森訪問介護ステーション【訪問介護】岩手県盛岡市加賀野一丁目２番３５号住宅型有料老人ホーム加賀野の森", "url2": "https://www.kaigokensaku.mhlw.go.jp/03/index.php?action_kouhyou_detail_004_kani=true&JigyosyoCd=0370104036-00&ServiceCd=110&Type=search" }, "geometry": { "type": "Point", "coordinates": [ 141.160958100000016, 39.7073997 ] } },
{ "type": "Feature", "properties": { "内容": "ヘルパーステーションメルシー【訪問介護】岩手県盛岡市東松園一丁目19－20", "url2": "https://www.kaigokensaku.mhlw.go.jp/03/index.php?action_kouhyou_detail_004_kani=true&JigyosyoCd=0370105009-00&ServiceCd=110&Type=search" }, "geometry": { "type": "Point", "coordinates": [ 141.169522599999937, 39.7529478 ] } },
{ "type": "Feature", "properties": { "内容": "ハート・ヘルパーステーション【訪問介護】岩手県盛岡市下太田下川原57-6", "url2": "https://www.kaigokensaku.mhlw.go.jp/03/index.php?action_kouhyou_detail_004_kani=true&JigyosyoCd=0370106312-00&ServiceCd=110&Type=search" }, "geometry": { "type": "Point", "coordinates": [ 141.11955177918685, 39.696569435442129 ] } },
{ "type": "Feature", "properties": { "内容": "55指定訪問介護事業所【訪問介護】岩手県盛岡市みたけ四丁目14番53号", "url2": "https://www.kaigokensaku.mhlw.go.jp/03/index.php?action_kouhyou_detail_004_kani=true&JigyosyoCd=0370107765-00&ServiceCd=110&Type=search" }, "geometry": { "type": "Point", "coordinates": [ 141.11941920000001, 39.7448718 ] } },
{ "type": "Feature", "properties": { "内容": "サニー訪問介護事業所【訪問介護】岩手県盛岡市東緑が丘26-32", "url2": "https://www.kaigokensaku.mhlw.go.jp/03/index.php?action_kouhyou_detail_004_kani=true&JigyosyoCd=0370106544-00&ServiceCd=110&Type=search" }, "geometry": { "type": "Point", "coordinates": [ 141.152195557672115, 39.733060950806326 ] } },
{ "type": "Feature", "properties": { "内容": "ニチイケアセンター上田【訪問介護】岩手県盛岡市上田一丁目３番４３号", "url2": "https://www.kaigokensaku.mhlw.go.jp/03/index.php?action_kouhyou_detail_004_kani=true&JigyosyoCd=0370100265-00&ServiceCd=110&Type=search" }, "geometry": { "type": "Point", "coordinates": [ 141.147617399999945, 39.7136931 ] } },
{ "type": "Feature", "properties": { "内容": "ニチイケアセンター盛岡南【訪問介護】岩手県盛岡市津志田14地割112番地", "url2": "https://www.kaigokensaku.mhlw.go.jp/03/index.php?action_kouhyou_detail_004_kani=true&JigyosyoCd=0370100273-00&ServiceCd=110&Type=search" }, "geometry": { "type": "Point", "coordinates": [ 141.156782600000042, 39.6562275 ] } },
{ "type": "Feature", "properties": { "内容": "ニチイケアセンタ－盛岡北【訪問介護】岩手県盛岡市みたけ三丁目３８番５０号", "url2": "https://www.kaigokensaku.mhlw.go.jp/03/index.php?action_kouhyou_detail_004_kani=true&JigyosyoCd=0370101446-00&ServiceCd=110&Type=search" }, "geometry": { "type": "Point", "coordinates": [ 141.1165555, 39.7417064 ] } },
{ "type": "Feature", "properties": { "内容": "ニチイケアセンター松園【訪問介護】岩手県盛岡市東松園一丁目２４番２号", "url2": "https://www.kaigokensaku.mhlw.go.jp/03/index.php?action_kouhyou_detail_004_kani=true&JigyosyoCd=0370101925-00&ServiceCd=110&Type=search" }, "geometry": { "type": "Point", "coordinates": [ 141.166709099999906, 39.7495814 ] } },
{ "type": "Feature", "properties": { "内容": "訪問介護事業所あおぞら【訪問介護】岩手県盛岡市津志田町1丁目15番37号", "url2": "https://www.kaigokensaku.mhlw.go.jp/03/index.php?action_kouhyou_detail_004_kani=true&JigyosyoCd=0370102022-00&ServiceCd=110&Type=search" }, "geometry": { "type": "Point", "coordinates": [ 141.153535187960841, 39.668293362614122 ] } },
{ "type": "Feature", "properties": { "内容": "やさしい手盛岡津志田訪問介護事業所【訪問介護】岩手県盛岡市津志田26-9-10やさしえ盛岡津志田", "url2": "https://www.kaigokensaku.mhlw.go.jp/03/index.php?action_kouhyou_detail_004_kani=true&JigyosyoCd=0370102279-00&ServiceCd=110&Type=search" }, "geometry": { "type": "Point", "coordinates": [ 141.157648399999971, 39.6707178 ] } },
{ "type": "Feature", "properties": { "内容": "めだかのヘルパーステーション【訪問介護】岩手県盛岡市乙部31番地13地割1", "url2": "https://www.kaigokensaku.mhlw.go.jp/03/index.php?action_kouhyou_detail_004_kani=true&JigyosyoCd=0370103343-00&ServiceCd=110&Type=search" }, "geometry": { "type": "Point", "coordinates": [ 141.216006200000038, 39.6089908 ] } },
{ "type": "Feature", "properties": { "内容": "ニチイケアセンター盛岡西【訪問介護】岩手県盛岡市本宮3丁目51-2DNAムサシ101号", "url2": "https://www.kaigokensaku.mhlw.go.jp/03/index.php?action_kouhyou_detail_004_kani=true&JigyosyoCd=0370104549-00&ServiceCd=110&Type=search" }, "geometry": { "type": "Point", "coordinates": [ 141.128622599999971, 39.6913285 ] } },
{ "type": "Feature", "properties": { "内容": "訪問介護事業所ゆうあい【訪問介護】岩手県盛岡市北飯岡１丁目2-25", "url2": "https://www.kaigokensaku.mhlw.go.jp/03/index.php?action_kouhyou_detail_004_kani=true&JigyosyoCd=0370105249-00&ServiceCd=110&Type=search" }, "geometry": { "type": "Point", "coordinates": [ 141.133139811114461, 39.679763799346446 ] } },
{ "type": "Feature", "properties": { "内容": "ヘルパーステーションさつき【訪問介護】岩手県盛岡市北飯岡2丁目16-73ヘルパーステーションさつき", "url2": "https://www.kaigokensaku.mhlw.go.jp/03/index.php?action_kouhyou_detail_004_kani=true&JigyosyoCd=0370105629-00&ServiceCd=110&Type=search" }, "geometry": { "type": "Point", "coordinates": [ 141.13231240608215, 39.673910281666885 ] } },
{ "type": "Feature", "properties": { "内容": "みんなのものがたり【訪問介護】岩手県盛岡市南青山町4-15サウザ南青山A棟", "url2": "https://www.kaigokensaku.mhlw.go.jp/03/index.php?action_kouhyou_detail_004_kani=true&JigyosyoCd=0370105975-00&ServiceCd=110&Type=search" }, "geometry": { "type": "Point", "coordinates": [ 141.115439042947401, 39.718822223486711 ] } },
{ "type": "Feature", "properties": { "内容": "ニチイケアセンター盛岡東【訪問介護】岩手県盛岡市東新庄一丁目２７番１号ピソ・ヴェルデ102", "url2": "https://www.kaigokensaku.mhlw.go.jp/03/index.php?action_kouhyou_detail_004_kani=true&JigyosyoCd=0370107211-00&ServiceCd=110&Type=search" }, "geometry": { "type": "Point", "coordinates": [ 141.169368299999974, 39.7009604 ] } },
{ "type": "Feature", "properties": { "内容": "ヘルパーステーション結いの手【訪問介護】岩手県盛岡市本宮四丁目39番20号", "url2": "https://www.kaigokensaku.mhlw.go.jp/03/index.php?action_kouhyou_detail_004_kani=true&JigyosyoCd=0370107278-00&ServiceCd=110&Type=search" }, "geometry": { "type": "Point", "coordinates": [ 141.127967095232549, 39.687124602885163 ] } },
{ "type": "Feature", "properties": { "内容": "あったかいごヘルパーステーション東安庭【訪問介護】岩手県盛岡市東安庭1丁目２３－６８", "url2": "https://www.kaigokensaku.mhlw.go.jp/03/index.php?action_kouhyou_detail_004_kani=true&JigyosyoCd=0370107401-00&ServiceCd=110&Type=search" }, "geometry": { "type": "Point", "coordinates": [ 141.16442090000001, 39.6800207 ] } },
{ "type": "Feature", "properties": { "内容": "盛岡ケアステーションそよ風【訪問介護】岩手県盛岡市北飯岡３丁目１１－４１盛南ケアコミュニティそよ風", "url2": "https://www.kaigokensaku.mhlw.go.jp/03/index.php?action_kouhyou_detail_004_kani=true&JigyosyoCd=0370107690-00&ServiceCd=110&Type=search" }, "geometry": { "type": "Point", "coordinates": [ 141.1369651, 39.670495 ] } },
{ "type": "Feature", "properties": { "内容": "ヘルパーステーション寿縁【訪問介護】岩手県盛岡市中野1丁目30－25", "url2": "https://www.kaigokensaku.mhlw.go.jp/03/index.php?action_kouhyou_detail_004_kani=true&JigyosyoCd=0370107831-00&ServiceCd=110&Type=search" }, "geometry": { "type": "Point", "coordinates": [ 141.17387039999997, 39.6917861 ] } },
{ "type": "Feature", "properties": { "内容": "訪問介護ステーションベル【訪問介護】岩手県盛岡市本宮1丁目15-8盛岸ビル91201号", "url2": "https://www.kaigokensaku.mhlw.go.jp/03/index.php?action_kouhyou_detail_004_kani=true&JigyosyoCd=0370107864-00&ServiceCd=110&Type=search" }, "geometry": { "type": "Point", "coordinates": [ 141.1408797, 39.6895657 ] } },
{ "type": "Feature", "properties": { "内容": "訪問介護事業所アズール【訪問介護】岩手県盛岡市仙北2丁目13−15ヒューマンスクエア盛岡南１階", "url2": "https://www.kaigokensaku.mhlw.go.jp/03/index.php?action_kouhyou_detail_004_kani=true&JigyosyoCd=0370107880-00&ServiceCd=110&Type=search" }, "geometry": { "type": "Point", "coordinates": [ 141.151137478001999, 39.687058385737643 ] } },
{ "type": "Feature", "properties": { "内容": "訪問介護イイクラス盛岡【訪問介護】岩手県盛岡市黒石野二丁目13番45号黒沢長屋", "url2": "https://www.kaigokensaku.mhlw.go.jp/03/index.php?action_kouhyou_detail_004_kani=true&JigyosyoCd=0370107757-00&ServiceCd=110&Type=search" }, "geometry": { "type": "Point", "coordinates": [ 141.146034052114857, 39.741811243836416 ] } },
{ "type": "Feature", "properties": { "内容": "ケアステーション銀河【訪問介護】岩手県盛岡市小鳥沢１丁目９番７号サンビレッジ小鳥沢Ｅ-１０２号室", "url2": "https://www.kaigokensaku.mhlw.go.jp/03/index.php?action_kouhyou_detail_004_kani=true&JigyosyoCd=0370106882-00&ServiceCd=110&Type=search" }, "geometry": { "type": "Point", "coordinates": [ 141.168338899999981, 39.76543 ] } },
{ "type": "Feature", "properties": { "内容": "第二松園ハイツ指定訪問介護事業所【訪問介護】岩手県盛岡市西松園二丁目5番1号", "url2": "https://www.kaigokensaku.mhlw.go.jp/03/index.php?action_kouhyou_detail_004_kani=true&JigyosyoCd=0370100281-00&ServiceCd=110&Type=search" }, "geometry": { "type": "Point", "coordinates": [ 141.1590291, 39.7519059 ] } },
{ "type": "Feature", "properties": { "内容": "千年苑ヘルパーステーション【訪問介護】岩手県盛岡市上太田穴口53番地", "url2": "https://www.kaigokensaku.mhlw.go.jp/03/index.php?action_kouhyou_detail_004_kani=true&JigyosyoCd=0370100547-00&ServiceCd=110&Type=search" }, "geometry": { "type": "Point", "coordinates": [ 141.058339400000023, 39.6908792 ] } },
{ "type": "Feature", "properties": { "内容": "盛岡市社会福祉協議会盛岡駅西口ヘルパーステーション【訪問介護】岩手県盛岡市盛岡駅西通１丁目2-2", "url2": "https://www.kaigokensaku.mhlw.go.jp/03/index.php?action_kouhyou_detail_004_kani=true&JigyosyoCd=0370100596-00&ServiceCd=110&Type=search" }, "geometry": { "type": "Point", "coordinates": [ 141.131913599999962, 39.704091 ] } },
{ "type": "Feature", "properties": { "内容": "盛岡市社会福祉協議会月が丘ヘルパーステーション【訪問介護】岩手県盛岡市月が丘3丁目7番5号", "url2": "https://www.kaigokensaku.mhlw.go.jp/03/index.php?action_kouhyou_detail_004_kani=true&JigyosyoCd=0370100604-00&ServiceCd=110&Type=search" }, "geometry": { "type": "Point", "coordinates": [ 141.109146076057414, 39.733943014264597 ] } },
{ "type": "Feature", "properties": { "内容": "城南ヘルパーステーション【訪問介護】岩手県盛岡市神明町8番4号", "url2": "https://www.kaigokensaku.mhlw.go.jp/03/index.php?action_kouhyou_detail_004_kani=true&JigyosyoCd=0370101644-00&ServiceCd=110&Type=search" }, "geometry": { "type": "Point", "coordinates": [ 141.16003610000007, 39.7015504 ] } },
{ "type": "Feature", "properties": { "内容": "訪問介護カノン【訪問介護】岩手県盛岡市向中野5丁目30-15", "url2": "https://www.kaigokensaku.mhlw.go.jp/03/index.php?action_kouhyou_detail_004_kani=true&JigyosyoCd=0370102840-00&ServiceCd=110&Type=search" }, "geometry": { "type": "Point", "coordinates": [ 141.138017180419837, 39.676930585826717 ] } },
{ "type": "Feature", "properties": { "内容": "訪問介護事業所宇宙心ステーション【訪問介護】岩手県盛岡市北夕顔瀬町2番44号2F", "url2": "https://www.kaigokensaku.mhlw.go.jp/03/index.php?action_kouhyou_detail_004_kani=true&JigyosyoCd=0370103897-00&ServiceCd=110&Type=search" }, "geometry": { "type": "Point", "coordinates": [ 141.130358035581907, 39.712788192790221 ] } },
{ "type": "Feature", "properties": { "内容": "指定訪問介護事業所明来日【訪問介護】岩手県盛岡市新田町１０番８号", "url2": "https://www.kaigokensaku.mhlw.go.jp/03/index.php?action_kouhyou_detail_004_kani=true&JigyosyoCd=0370105439-00&ServiceCd=110&Type=search" }, "geometry": { "type": "Point", "coordinates": [ 141.129537688360642, 39.705946016372629 ] } },
{ "type": "Feature", "properties": { "内容": "ヘルパーステーション内丸【訪問介護】岩手県盛岡市本町通一丁目9-12", "url2": "https://www.kaigokensaku.mhlw.go.jp/03/index.php?action_kouhyou_detail_004_kani=true&JigyosyoCd=0370106189-00&ServiceCd=110&Type=search" }, "geometry": { "type": "Point", "coordinates": [ 141.153139399999986, 39.7055025 ] } },
{ "type": "Feature", "properties": { "内容": "ヘルパーステーションだいち【訪問介護】岩手県盛岡市南仙北２丁目２５－２５", "url2": "https://www.kaigokensaku.mhlw.go.jp/03/index.php?action_kouhyou_detail_004_kani=true&JigyosyoCd=0370106239-00&ServiceCd=110&Type=search" }, "geometry": { "type": "Point", "coordinates": [ 141.153579072422872, 39.673911327514638 ] } },
{ "type": "Feature", "properties": { "内容": "訪問介護事業所星めぐりの郷【訪問介護】岩手県盛岡市本宮1丁目6番48号", "url2": "https://www.kaigokensaku.mhlw.go.jp/03/index.php?action_kouhyou_detail_004_kani=true&JigyosyoCd=0370106528-00&ServiceCd=110&Type=search" }, "geometry": { "type": "Point", "coordinates": [ 141.141191814819337, 39.690582133004597 ] } },
{ "type": "Feature", "properties": { "内容": "JAライフサポートホームヘルプステーション玉山【訪問介護】岩手県盛岡市渋民字鶴飼1－1", "url2": "https://www.kaigokensaku.mhlw.go.jp/03/index.php?action_kouhyou_detail_004_kani=true&JigyosyoCd=0370106833-00&ServiceCd=110&Type=search" }, "geometry": { "type": "Point", "coordinates": [ 141.170408599999973, 39.8473064 ] } },
{ "type": "Feature", "properties": { "内容": "SOMPOケア盛岡厨川訪問介護【訪問介護】岩手県盛岡市厨川５丁目５-１藤沢アパート　1Ｆ", "url2": "https://www.kaigokensaku.mhlw.go.jp/03/index.php?action_kouhyou_detail_004_kani=true&JigyosyoCd=0370106973-00&ServiceCd=110&Type=search" }, "geometry": { "type": "Point", "coordinates": [ 141.124765600000046, 39.7485002 ] } },
{ "type": "Feature", "properties": { "内容": "ＳＯＭＰＯケア盛岡本町訪問介護【訪問介護】岩手県盛岡市長田町14番43号", "url2": "https://www.kaigokensaku.mhlw.go.jp/03/index.php?action_kouhyou_detail_004_kani=true&JigyosyoCd=0370106981-00&ServiceCd=110&Type=search" }, "geometry": { "type": "Point", "coordinates": [ 141.1435874, 39.7087074 ] } },
{ "type": "Feature", "properties": { "内容": "訪問介護事業所コスモハイツ・八番地【訪問介護】岩手県盛岡市津志田西二丁目6番11号リリトンガーデンズ105号", "url2": "https://www.kaigokensaku.mhlw.go.jp/03/index.php?action_kouhyou_detail_004_kani=true&JigyosyoCd=0370107260-00&ServiceCd=110&Type=search" }, "geometry": { "type": "Point", "coordinates": [ 141.148772400000013, 39.6657192 ] } },
{ "type": "Feature", "properties": { "内容": "ちえのわ指定訪問介護事業所【訪問介護】盛岡市厨川４丁目５番７号", "url2": "https://www.kaigokensaku.mhlw.go.jp/03/index.php?action_kouhyou_detail_004_kani=true&JigyosyoCd=0370107468-00&ServiceCd=110&Type=search" }, "geometry": { "type": "Point", "coordinates": [ 141.127489200000014, 39.7482229 ] } },
{ "type": "Feature", "properties": { "内容": "訪問介護ステーション悠ライフ盛岡【訪問介護】岩手県盛岡市高松４丁目19-19", "url2": "https://www.kaigokensaku.mhlw.go.jp/03/index.php?action_kouhyou_detail_004_kani=true&JigyosyoCd=0370108078-00&ServiceCd=110&Type=search" }, "geometry": { "type": "Point", "coordinates": [ 141.136578, 39.7313316 ] } },
{ "type": "Feature", "properties": { "内容": "ニチイケアセンター仙北【訪問介護】岩手県盛岡市仙北三丁目16-38メゾンパオ101号", "url2": "https://www.kaigokensaku.mhlw.go.jp/03/index.php?action_kouhyou_detail_004_kani=true&JigyosyoCd=0370107203-00&ServiceCd=110&Type=search" }, "geometry": { "type": "Point", "coordinates": [ 141.151250900000036, 39.6828461 ] } },
{ "type": "Feature", "properties": { "内容": "有限会社中央ケアサービス【訪問介護】岩手県盛岡市松尾町2番3号", "url2": "https://www.kaigokensaku.mhlw.go.jp/03/index.php?action_kouhyou_detail_004_kani=true&JigyosyoCd=0370100927-00&ServiceCd=110&Type=search" }, "geometry": { "type": "Point", "coordinates": [ 141.157262739252161, 39.696104938071997 ] } },
{ "type": "Feature", "properties": { "内容": "あさひ指定訪問介護事業所【訪問介護】岩手県盛岡市上厨川字杉原１０１－６", "url2": "https://www.kaigokensaku.mhlw.go.jp/03/index.php?action_kouhyou_detail_004_kani=true&JigyosyoCd=0370101297-00&ServiceCd=110&Type=search" }, "geometry": { "type": "Point", "coordinates": [ 141.1052297, 39.7090369 ] } },
{ "type": "Feature", "properties": { "内容": "ヘルパーステーションくるみ【訪問介護】岩手県盛岡市愛宕町１２番１０号", "url2": "https://www.kaigokensaku.mhlw.go.jp/03/index.php?action_kouhyou_detail_004_kani=true&JigyosyoCd=0370101776-00&ServiceCd=110&Type=search" }, "geometry": { "type": "Point", "coordinates": [ 141.162839008598354, 39.710106410538927 ] } },
{ "type": "Feature", "properties": { "内容": "アースサポート盛岡【訪問介護】岩手県盛岡市厨川1丁目16番3号", "url2": "https://www.kaigokensaku.mhlw.go.jp/03/index.php?action_kouhyou_detail_004_kani=true&JigyosyoCd=0370101933-00&ServiceCd=110&Type=search" }, "geometry": { "type": "Point", "coordinates": [ 141.130384700000036, 39.7447535 ] } },
{ "type": "Feature", "properties": { "内容": "アースサポート盛岡南【訪問介護】岩手県盛岡市東仙北1丁目4番16号", "url2": "https://www.kaigokensaku.mhlw.go.jp/03/index.php?action_kouhyou_detail_004_kani=true&JigyosyoCd=0370103558-00&ServiceCd=110&Type=search" }, "geometry": { "type": "Point", "coordinates": [ 141.156062700413372, 39.684525875755149 ] } },
{ "type": "Feature", "properties": { "内容": "アースサポート盛岡中央【訪問介護】岩手県盛岡市高松2丁目6番39号", "url2": "https://www.kaigokensaku.mhlw.go.jp/03/index.php?action_kouhyou_detail_004_kani=true&JigyosyoCd=0370103962-00&ServiceCd=110&Type=search" }, "geometry": { "type": "Point", "coordinates": [ 141.138579098181935, 39.723935446996769 ] } },
{ "type": "Feature", "properties": { "内容": "ゆめさと訪問介護【訪問介護】岩手県盛岡市西青山二丁目１番４５号ゆめさと　ワクワク館", "url2": "https://www.kaigokensaku.mhlw.go.jp/03/index.php?action_kouhyou_detail_004_kani=true&JigyosyoCd=0370104234-00&ServiceCd=110&Type=search" }, "geometry": { "type": "Point", "coordinates": [ 141.110907437126144, 39.727117188882985 ] } },
{ "type": "Feature", "properties": { "内容": "アルテ訪問介護事業所【訪問介護】岩手県盛岡市黒石野１－１１－１０住宅型有料老人ホーム　アルテプラド黒石野　１Ｆ", "url2": "https://www.kaigokensaku.mhlw.go.jp/03/index.php?action_kouhyou_detail_004_kani=true&JigyosyoCd=0370104648-00&ServiceCd=110&Type=search" }, "geometry": { "type": "Point", "coordinates": [ 141.148738699999967, 39.7422094 ] } },
{ "type": "Feature", "properties": { "内容": "ケアステーションまつぞの【訪問介護】岩手県盛岡市西松園三丁目21-10複合ケアセンターまつぞの", "url2": "https://www.kaigokensaku.mhlw.go.jp/03/index.php?action_kouhyou_detail_004_kani=true&JigyosyoCd=0370104697-00&ServiceCd=110&Type=search" }, "geometry": { "type": "Point", "coordinates": [ 141.1623065, 39.7563834 ] } },
{ "type": "Feature", "properties": { "内容": "アースサポート盛岡津志田【訪問介護】岩手県盛岡市津志田西2丁目14番5号", "url2": "https://www.kaigokensaku.mhlw.go.jp/03/index.php?action_kouhyou_detail_004_kani=true&JigyosyoCd=0370105298-00&ServiceCd=110&Type=search" }, "geometry": { "type": "Point", "coordinates": [ 141.148141200000026, 39.6643405 ] } },
{ "type": "Feature", "properties": { "内容": "指定訪問介護事業所ハイジア【訪問介護】岩手県盛岡市松園３丁目１８番４１号", "url2": "https://www.kaigokensaku.mhlw.go.jp/03/index.php?action_kouhyou_detail_004_kani=true&JigyosyoCd=0370105702-00&ServiceCd=110&Type=search" }, "geometry": { "type": "Point", "coordinates": [ 141.1633842, 39.753917 ] } },
{ "type": "Feature", "properties": { "内容": "訪問介護事業所さわやか【訪問介護】岩手県盛岡市湯沢東三丁目17番13号", "url2": "https://www.kaigokensaku.mhlw.go.jp/03/index.php?action_kouhyou_detail_004_kani=true&JigyosyoCd=0370105728-00&ServiceCd=110&Type=search" }, "geometry": { "type": "Point", "coordinates": [ 141.100861071827666, 39.640413419326883 ] } },
{ "type": "Feature", "properties": { "内容": "ヘルパーステーションまごころ【訪問介護】岩手県盛岡市高松3丁目4－48", "url2": "https://www.kaigokensaku.mhlw.go.jp/03/index.php?action_kouhyou_detail_004_kani=true&JigyosyoCd=0370106049-00&ServiceCd=110&Type=search" }, "geometry": { "type": "Point", "coordinates": [ 141.140007005557209, 39.72546897521584 ] } },
{ "type": "Feature", "properties": { "内容": "えがお訪問介護事業所【訪問介護】岩手県盛岡市南仙北２丁目6番16号", "url2": "https://www.kaigokensaku.mhlw.go.jp/03/index.php?action_kouhyou_detail_004_kani=true&JigyosyoCd=0370106569-00&ServiceCd=110&Type=search" }, "geometry": { "type": "Point", "coordinates": [ 141.14990143187714, 39.672589853860366 ] } },
{ "type": "Feature", "properties": { "内容": "かたらい手と手・こころとこころ（ゆう）【訪問介護】岩手県盛岡市西松園一丁目18-11", "url2": "https://www.kaigokensaku.mhlw.go.jp/03/index.php?action_kouhyou_detail_004_kani=true&JigyosyoCd=0370106726-00&ServiceCd=110&Type=search" }, "geometry": { "type": "Point", "coordinates": [ 141.155316590342011, 39.753673850405022 ] } },
{ "type": "Feature", "properties": { "内容": "なごみヘルパーステーション【訪問介護】岩手県盛岡市箱清水2丁目4-33", "url2": "https://www.kaigokensaku.mhlw.go.jp/03/index.php?action_kouhyou_detail_004_kani=true&JigyosyoCd=0370106791-00&ServiceCd=110&Type=search" }, "geometry": { "type": "Point", "coordinates": [ 141.131930426983644, 39.731948448781928 ] } },
{ "type": "Feature", "properties": { "内容": "メディコート安倍館訪問介護事業所【訪問介護】岩手県盛岡市安倍館町16番30号メディコート安倍館", "url2": "https://www.kaigokensaku.mhlw.go.jp/03/index.php?action_kouhyou_detail_004_kani=true&JigyosyoCd=0370107104-00&ServiceCd=110&Type=search" }, "geometry": { "type": "Point", "coordinates": [ 141.1267947, 39.7221184 ] } },
{ "type": "Feature", "properties": { "内容": "ケア・グッドライフ【訪問介護】岩手県盛岡市中央通3丁目14番4号パークハイツ桜城102号", "url2": "https://www.kaigokensaku.mhlw.go.jp/03/index.php?action_kouhyou_detail_004_kani=true&JigyosyoCd=0370107245-00&ServiceCd=110&Type=search" }, "geometry": { "type": "Point", "coordinates": [ 141.142363196958968, 39.704837074919205 ] } },
{ "type": "Feature", "properties": { "内容": "ヘルパーステーション絆【訪問介護】岩手県盛岡市東仙北2丁目4-26", "url2": "https://www.kaigokensaku.mhlw.go.jp/03/index.php?action_kouhyou_detail_004_kani=true&JigyosyoCd=0370107336-00&ServiceCd=110&Type=search" }, "geometry": { "type": "Point", "coordinates": [ 141.156581, 39.682022 ] } },
{ "type": "Feature", "properties": { "内容": "ツクイ盛岡【訪問介護】岩手県盛岡市東黒石野二丁目1番5号", "url2": "https://www.kaigokensaku.mhlw.go.jp/03/index.php?action_kouhyou_detail_004_kani=true&JigyosyoCd=0370107427-00&ServiceCd=110&Type=search" }, "geometry": { "type": "Point", "coordinates": [ 141.152785177909863, 39.748424131831811 ] } },
{ "type": "Feature", "properties": { "内容": "ヘルパーステーション月が丘【訪問介護】岩手県盛岡市月が丘三丁目４９番６号", "url2": "https://www.kaigokensaku.mhlw.go.jp/03/index.php?action_kouhyou_detail_004_kani=true&JigyosyoCd=0370107781-00&ServiceCd=110&Type=search" }, "geometry": { "type": "Point", "coordinates": [ 141.1066486, 39.7401615 ] } },
{ "type": "Feature", "properties": { "内容": "指定訪問介護事業所みなみ風【訪問介護】岩手県盛岡市向中野７丁目４番１６号", "url2": "https://www.kaigokensaku.mhlw.go.jp/03/index.php?action_kouhyou_detail_004_kani=true&JigyosyoCd=0370108060-00&ServiceCd=110&Type=search" }, "geometry": { "type": "Point", "coordinates": [ 141.141121700000014, 39.6758161 ] } },
{ "type": "Feature", "properties": { "内容": "ハーツケアセンター訪問介護事業所【訪問介護】岩手県盛岡市上田3丁目6番33号中村ハイツ1号", "url2": "https://www.kaigokensaku.mhlw.go.jp/03/index.php?action_kouhyou_detail_004_kani=true&JigyosyoCd=0370102097-00&ServiceCd=110&Type=search" }, "geometry": { "type": "Point", "coordinates": [ 141.141654, 39.716303800000013 ] } },
{ "type": "Feature", "properties": { "内容": "訪問介護事業所やまぼうし桜台【訪問介護】岩手県盛岡市桜台二丁目18-4", "url2": "https://www.kaigokensaku.mhlw.go.jp/03/index.php?action_kouhyou_detail_004_kani=true&JigyosyoCd=0370106619-00&ServiceCd=110&Type=search" }, "geometry": { "type": "Point", "coordinates": [ 141.19693970000003, 39.7491906 ] } },
{ "type": "Feature", "properties": { "内容": "けあふるビジットケア【訪問介護】岩手県盛岡市下米内1丁目5-6", "url2": "https://www.kaigokensaku.mhlw.go.jp/03/index.php?action_kouhyou_detail_004_kani=true&JigyosyoCd=0370108151-00&ServiceCd=110&Type=search" }, "geometry": { "type": "Point", "coordinates": [ 141.174991787023458, 39.716137257351342 ] } },
{ "type": "Feature", "properties": { "内容": "ボンセジュール菜園ケアステーション【訪問介護】岩手県盛岡市菜園一丁目2番20号", "url2": "https://www.kaigokensaku.mhlw.go.jp/03/index.php?action_kouhyou_detail_004_kani=true&JigyosyoCd=0370108201-00&ServiceCd=110&Type=search" }, "geometry": { "type": "Point", "coordinates": [ 141.1488165, 39.700616 ] } },
{ "type": "Feature", "properties": { "内容": "岩手高齢協訪問介護事業所ゆたんぽ【訪問介護】岩手県盛岡市茶畑２－２１－１５", "url2": "https://www.kaigokensaku.mhlw.go.jp/03/index.php?action_kouhyou_detail_004_kani=true&JigyosyoCd=0370100976-00&ServiceCd=110&Type=search" }, "geometry": { "type": "Point", "coordinates": [ 141.1650277, 39.689488 ] } },
{ "type": "Feature", "properties": { "内容": "ケアサポート岩手さくら会訪問介護事業所【訪問介護】岩手県盛岡市三ッ割4-1-48", "url2": "https://www.kaigokensaku.mhlw.go.jp/03/index.php?action_kouhyou_detail_004_kani=true&JigyosyoCd=0370103624-00&ServiceCd=110&Type=search" }, "geometry": { "type": "Point", "coordinates": [ 141.157693503306177, 39.726221584139928 ] } },
{ "type": "Feature", "properties": { "内容": "ヘルパーステーションよろこび【訪問介護】岩手県盛岡市三本柳２地割３２－１", "url2": "https://www.kaigokensaku.mhlw.go.jp/03/index.php?action_kouhyou_detail_004_kani=true&JigyosyoCd=0370104309-00&ServiceCd=110&Type=search" }, "geometry": { "type": "Point", "coordinates": [ 141.1646174, 39.6661766 ] } },
{ "type": "Feature", "properties": { "内容": "訪問介護事業所桜【訪問介護】岩手県盛岡市向中野5丁目１２番10号住宅型有料老人ホーム桜", "url2": "https://www.kaigokensaku.mhlw.go.jp/03/index.php?action_kouhyou_detail_004_kani=true&JigyosyoCd=0370105207-00&ServiceCd=110&Type=search" }, "geometry": { "type": "Point", "coordinates": [ 141.136558400000013, 39.6780109 ] } },
{ "type": "Feature", "properties": { "内容": "やすらぎ訪問介護事業所【訪問介護】岩手県盛岡市繋字猿田１番地４６", "url2": "https://www.kaigokensaku.mhlw.go.jp/03/index.php?action_kouhyou_detail_004_kani=true&JigyosyoCd=0370105413-00&ServiceCd=110&Type=search" }, "geometry": { "type": "Point", "coordinates": [ 141.026501199999984, 39.6804712 ] } },
{ "type": "Feature", "properties": { "内容": "訪問介護ステーションとおやま【訪問介護】岩手県盛岡市南大通3丁目7-10サービス付き高齢者向け住宅　グレイス明治橋", "url2": "https://www.kaigokensaku.mhlw.go.jp/03/index.php?action_kouhyou_detail_004_kani=true&JigyosyoCd=0370105421-00&ServiceCd=110&Type=search" }, "geometry": { "type": "Point", "coordinates": [ 141.151914743443911, 39.693616375058845 ] } },
{ "type": "Feature", "properties": { "内容": "ヘルパーステーション高松【訪問介護】岩手県盛岡市高松二丁目3番18号", "url2": "https://www.kaigokensaku.mhlw.go.jp/03/index.php?action_kouhyou_detail_004_kani=true&JigyosyoCd=0370107377-00&ServiceCd=110&Type=search" }, "geometry": { "type": "Point", "coordinates": [ 141.13737729629517, 39.721994560034936 ] } },
{ "type": "Feature", "properties": { "内容": "ヘルパーステーションひとてまケア【訪問介護】岩手県盛岡市門1-14-11", "url2": "https://www.kaigokensaku.mhlw.go.jp/03/index.php?action_kouhyou_detail_004_kani=true&JigyosyoCd=0370108011-00&ServiceCd=110&Type=search" }, "geometry": { "type": "Point", "coordinates": [ 141.172170166151744, 39.670461257483353 ] } },
{ "type": "Feature", "properties": { "内容": "訪問介護ぐっとなる【訪問介護】岩手県盛岡市繋字湯ノ舘81-1", "url2": "https://www.kaigokensaku.mhlw.go.jp/03/index.php?action_kouhyou_detail_004_kani=true&JigyosyoCd=0370108086-00&ServiceCd=110&Type=search" }, "geometry": { "type": "Point", "coordinates": [ 141.023847, 39.6784875 ] } },
{ "type": "Feature", "properties": { "内容": "ヘルパーステーションてまり【訪問介護】岩手県盛岡市太田5丁目16-7", "url2": "https://www.kaigokensaku.mhlw.go.jp/03/index.php?action_kouhyou_detail_004_kani=true&JigyosyoCd=0370106809-00&ServiceCd=110&Type=search" }, "geometry": { "type": "Point", "coordinates": [ 141.113556380961853, 39.70017880783157 ] } },
{ "type": "Feature", "properties": { "内容": "訪問介護事業所サンサン【訪問介護】岩手県盛岡市山王町10-6山王ハイツ2階", "url2": "https://www.kaigokensaku.mhlw.go.jp/03/index.php?action_kouhyou_detail_004_kani=true&JigyosyoCd=0370108250-00&ServiceCd=110&Type=search" }, "geometry": { "type": "Point", "coordinates": [ 141.16467275529476, 39.699743719770289 ] } },
{ "type": "Feature", "properties": { "内容": "ヘルパーステーションそわか【訪問介護】岩手県盛岡市茶畑2丁目7-24エストレジャⅡ302号", "url2": "https://www.kaigokensaku.mhlw.go.jp/03/index.php?action_kouhyou_detail_004_kani=true&JigyosyoCd=0370108243-00&ServiceCd=110&Type=search" }, "geometry": { "type": "Point", "coordinates": [ 141.1634568, 39.6922404 ] } },
{ "type": "Feature", "properties": { "内容": "訪問介護ステーション仙北【訪問介護】岩手県盛岡市津志田南3-7-5グリーンゲイブルス102", "url2": "https://www.kaigokensaku.mhlw.go.jp/03/index.php?action_kouhyou_detail_004_kani=true&JigyosyoCd=0370108276-00&ServiceCd=110&Type=search" }, "geometry": { "type": "Point", "coordinates": [ 141.1500331, 39.6603539 ] } },
{ "type": "Feature", "properties": { "内容": "有限会社サンケアネット盛岡【訪問介護】岩手県盛岡市神明町6番16号", "url2": "https://www.kaigokensaku.mhlw.go.jp/03/index.php?action_kouhyou_detail_004_kani=true&JigyosyoCd=0370100216-00&ServiceCd=110&Type=search" }, "geometry": { "type": "Point", "coordinates": [ 141.158705700000041, 39.7010143 ] } },
{ "type": "Feature", "properties": { "内容": "ヘルパーステーションあじさい【訪問介護】岩手県盛岡市上堂三丁目15番7号", "url2": "https://www.kaigokensaku.mhlw.go.jp/03/index.php?action_kouhyou_detail_004_kani=true&JigyosyoCd=0370101669-00&ServiceCd=110&Type=search" }, "geometry": { "type": "Point", "coordinates": [ 141.129804700000022, 39.7293162 ] } },
{ "type": "Feature", "properties": { "内容": "ヘルパーステーション茶愛【訪問介護】岩手県盛岡市三本柳23-9-79", "url2": "https://www.kaigokensaku.mhlw.go.jp/03/index.php?action_kouhyou_detail_004_kani=true&JigyosyoCd=0370102519-00&ServiceCd=110&Type=search" }, "geometry": { "type": "Point", "coordinates": [ 141.168805277909911, 39.64683028610024 ] } },
{ "type": "Feature", "properties": { "内容": "有限会社ケアタクシーまつぞの【訪問介護】岩手県盛岡市東松園3-9-7", "url2": "https://www.kaigokensaku.mhlw.go.jp/03/index.php?action_kouhyou_detail_004_kani=true&JigyosyoCd=0370103699-00&ServiceCd=110&Type=search" }, "geometry": { "type": "Point", "coordinates": [ 141.169308699999988, 39.7545477 ] } },
{ "type": "Feature", "properties": { "内容": "やちだもの家指定訪問介護事業所【訪問介護】岩手県盛岡市加賀野一丁目18-5", "url2": "https://www.kaigokensaku.mhlw.go.jp/03/index.php?action_kouhyou_detail_004_kani=true&JigyosyoCd=0370103921-00&ServiceCd=110&Type=search" }, "geometry": { "type": "Point", "coordinates": [ 141.163985599999933, 39.7071721 ] } },
{ "type": "Feature", "properties": { "内容": "訪問介護事業所愛ケアセンター盛岡【訪問介護】岩手県盛岡市三本柳7地割29-13へラインビル1-C", "url2": "https://www.kaigokensaku.mhlw.go.jp/03/index.php?action_kouhyou_detail_004_kani=true&JigyosyoCd=0370104325-00&ServiceCd=110&Type=search" }, "geometry": { "type": "Point", "coordinates": [ 141.16549701937879, 39.659687324641183 ] } },
{ "type": "Feature", "properties": { "内容": "訪問介護ステーションポラリス【訪問介護】岩手県盛岡市大新町２０番５４号", "url2": "https://www.kaigokensaku.mhlw.go.jp/03/index.php?action_kouhyou_detail_004_kani=true&JigyosyoCd=0370106403-00&ServiceCd=110&Type=search" }, "geometry": { "type": "Point", "coordinates": [ 141.115234099999952, 39.7166393 ] } },
{ "type": "Feature", "properties": { "内容": "ヘルパーステーションはるかぜ【訪問介護】岩手県盛岡市永井19-197-6セカンドライフはるかぜ", "url2": "https://www.kaigokensaku.mhlw.go.jp/03/index.php?action_kouhyou_detail_004_kani=true&JigyosyoCd=0370102881-00&ServiceCd=110&Type=search" }, "geometry": { "type": "Point", "coordinates": [ 141.143980827647368, 39.648900582725794 ] } },
{ "type": "Feature", "properties": { "内容": "けあふるヘルパーステーション【訪問介護】岩手県盛岡市永井16-87サービス付き高齢者向け住宅けあふる永井", "url2": "https://www.kaigokensaku.mhlw.go.jp/03/index.php?action_kouhyou_detail_004_kani=true&JigyosyoCd=0370106734-00&ServiceCd=110&Type=search" }, "geometry": { "type": "Point", "coordinates": [ 141.140785754045652, 39.656554990483322 ] } },
{ "type": "Feature", "properties": { "内容": "けあふるサポート【訪問介護】岩手県盛岡市稲荷町14-28サービス付き高齢者向け住宅けあふる稲荷町", "url2": "https://www.kaigokensaku.mhlw.go.jp/03/index.php?action_kouhyou_detail_004_kani=true&JigyosyoCd=0370107187-00&ServiceCd=110&Type=search" }, "geometry": { "type": "Point", "coordinates": [ 141.109852683467068, 39.7099946678428 ] } },
{ "type": "Feature", "properties": { "内容": "宮古市社会福祉協議会ホームヘルプサービスセンター【訪問介護】岩手県宮古市小山田二丁目９番２０号", "url2": "https://www.kaigokensaku.mhlw.go.jp/03/index.php?action_kouhyou_detail_004_kani=true&JigyosyoCd=0370200073-00&ServiceCd=110&Type=search" }, "geometry": { "type": "Point", "coordinates": [ 141.9399439, 39.6349594 ] } },
{ "type": "Feature", "properties": { "内容": "宮古市社会福祉協議会かわいホームヘルパー事業所【訪問介護】岩手県宮古市川井第2地割165番地", "url2": "https://www.kaigokensaku.mhlw.go.jp/03/index.php?action_kouhyou_detail_004_kani=true&JigyosyoCd=0370200628-00&ServiceCd=110&Type=search" }, "geometry": { "type": "Point", "coordinates": [ 141.678916399999906, 39.5994299 ] } },
{ "type": "Feature", "properties": { "内容": "ヘルパーステーションファミリー【訪問介護】岩手県宮古市山口二丁目3番13号デイサービスファミリー内", "url2": "https://www.kaigokensaku.mhlw.go.jp/03/index.php?action_kouhyou_detail_004_kani=true&JigyosyoCd=0370200909-00&ServiceCd=110&Type=search" }, "geometry": { "type": "Point", "coordinates": [ 141.938349600000038, 39.6492604 ] } },
{ "type": "Feature", "properties": { "内容": "JAライフサポートヘルパーステーションみやこ【訪問介護】岩手県宮古市千徳5番37号", "url2": "https://www.kaigokensaku.mhlw.go.jp/03/index.php?action_kouhyou_detail_004_kani=true&JigyosyoCd=0370200974-00&ServiceCd=110&Type=search" }, "geometry": { "type": "Point", "coordinates": [ 141.919679099999939, 39.63367 ] } },
{ "type": "Feature", "properties": { "内容": "ニチイケアセンター宮古【訪問介護】岩手県宮古市太田1丁目2番3号", "url2": "https://www.kaigokensaku.mhlw.go.jp/03/index.php?action_kouhyou_detail_004_kani=true&JigyosyoCd=0370200065-00&ServiceCd=110&Type=search" }, "geometry": { "type": "Point", "coordinates": [ 141.92860040000005, 39.6385947 ] } },
{ "type": "Feature", "properties": { "内容": "指定訪問介護事業所サンホームみやこ【訪問介護】岩手県宮古市崎鍬ヶ崎第4地割1番地20", "url2": "https://www.kaigokensaku.mhlw.go.jp/03/index.php?action_kouhyou_detail_004_kani=true&JigyosyoCd=0370200107-00&ServiceCd=110&Type=search" }, "geometry": { "type": "Point", "coordinates": [ 141.951620600000069, 39.6597928 ] } },
{ "type": "Feature", "properties": { "内容": "ニチイケアセンター宮古西町【訪問介護】岩手県宮古市西町1-1-1", "url2": "https://www.kaigokensaku.mhlw.go.jp/03/index.php?action_kouhyou_detail_004_kani=true&JigyosyoCd=0370200370-00&ServiceCd=110&Type=search" }, "geometry": { "type": "Point", "coordinates": [ 141.94597669999996, 39.6452333 ] } },
{ "type": "Feature", "properties": { "内容": "ニチイケアセンター八木沢【訪問介護】岩手県宮古市八木沢第4地割96-1", "url2": "https://www.kaigokensaku.mhlw.go.jp/03/index.php?action_kouhyou_detail_004_kani=true&JigyosyoCd=0370200784-00&ServiceCd=110&Type=search" }, "geometry": { "type": "Point", "coordinates": [ 141.9471049, 39.6185282 ] } },
{ "type": "Feature", "properties": { "内容": "ニチイケアセンター西ヶ丘【訪問介護】岩手県宮古市神田沢町10番16号2階", "url2": "https://www.kaigokensaku.mhlw.go.jp/03/index.php?action_kouhyou_detail_004_kani=true&JigyosyoCd=0370201030-00&ServiceCd=110&Type=search" }, "geometry": { "type": "Point", "coordinates": [ 141.916523500000039, 39.6370117 ] } },
{ "type": "Feature", "properties": { "内容": "ふれあい荘ホームヘルパーステーション【訪問介護】岩手県宮古市田老字養呂地6番地２", "url2": "https://www.kaigokensaku.mhlw.go.jp/03/index.php?action_kouhyou_detail_004_kani=true&JigyosyoCd=0373000496-00&ServiceCd=110&Type=search" }, "geometry": { "type": "Point", "coordinates": [ 141.939332756483537, 39.730297480353478 ] } },
{ "type": "Feature", "properties": { "内容": "咲希ホームヘルプ事業所【訪問介護】岩手県宮古市保久田3番46号", "url2": "https://www.kaigokensaku.mhlw.go.jp/03/index.php?action_kouhyou_detail_004_kani=true&JigyosyoCd=0370200990-00&ServiceCd=110&Type=search" }, "geometry": { "type": "Point", "coordinates": [ 141.9492487, 39.6429604 ] } },
{ "type": "Feature", "properties": { "内容": "ヘルパーステーションほほえみ【訪問介護】岩手県宮古市崎鍬ヶ崎第9地割39番地27", "url2": "https://www.kaigokensaku.mhlw.go.jp/03/index.php?action_kouhyou_detail_004_kani=true&JigyosyoCd=0370200578-00&ServiceCd=110&Type=search" }, "geometry": { "type": "Point", "coordinates": [ 141.957528300000035, 39.6683752 ] } },
{ "type": "Feature", "properties": { "内容": "ケアセンターみやこ訪問介護事業所【訪問介護】岩手県宮古市栄町５番３１", "url2": "https://www.kaigokensaku.mhlw.go.jp/03/index.php?action_kouhyou_detail_004_kani=true&JigyosyoCd=0370200933-00&ServiceCd=110&Type=search" }, "geometry": { "type": "Point", "coordinates": [ 141.9445379, 39.6411615 ] } },
{ "type": "Feature", "properties": { "内容": "ヘルパーステーションほっとはーと【訪問介護】岩手県宮古市田の神１－２－３１", "url2": "https://www.kaigokensaku.mhlw.go.jp/03/index.php?action_kouhyou_detail_004_kani=true&JigyosyoCd=0370200321-00&ServiceCd=110&Type=search" }, "geometry": { "type": "Point", "coordinates": [ 141.939611651190148, 39.646962995190194 ] } },
{ "type": "Feature", "properties": { "内容": "ハートランド宮古ヘルパーステーション【訪問介護】岩手県宮古市実田2-5-12", "url2": "https://www.kaigokensaku.mhlw.go.jp/03/index.php?action_kouhyou_detail_004_kani=true&JigyosyoCd=0370200891-00&ServiceCd=110&Type=search" }, "geometry": { "type": "Point", "coordinates": [ 141.952932, 39.6232973 ] } },
{ "type": "Feature", "properties": { "内容": "三社指定訪問介護事業所【訪問介護】岩手県宮古市保久田4番8号", "url2": "https://www.kaigokensaku.mhlw.go.jp/03/index.php?action_kouhyou_detail_004_kani=true&JigyosyoCd=0370200362-00&ServiceCd=110&Type=search" }, "geometry": { "type": "Point", "coordinates": [ 141.947140399999967, 39.6427225 ] } },
{ "type": "Feature", "properties": { "内容": "富美岡荘ホームヘルプ事業所【訪問介護】岩手県大船渡市盛町字町6-1富美岡荘介護センター", "url2": "https://www.kaigokensaku.mhlw.go.jp/03/index.php?action_kouhyou_detail_004_kani=true&JigyosyoCd=0370300063-00&ServiceCd=110&Type=search" }, "geometry": { "type": "Point", "coordinates": [ 141.7083854, 39.0868089 ] } },
{ "type": "Feature", "properties": { "内容": "大船渡市農業協同組合指定訪問介護事業所（JAおおふなとホームヘルプセンター）【訪問介護】岩手県大船渡市立根町字関谷45番地1", "url2": "https://www.kaigokensaku.mhlw.go.jp/03/index.php?action_kouhyou_detail_004_kani=true&JigyosyoCd=0370300220-00&ServiceCd=110&Type=search" }, "geometry": { "type": "Point", "coordinates": [ 141.720025305557186, 39.114898228188075 ] } },
{ "type": "Feature", "properties": { "内容": "SOMPOケア大船渡訪問介護【訪問介護】岩手県大船渡市盛町字みどり町8-13ＦＧ1アパート", "url2": "https://www.kaigokensaku.mhlw.go.jp/03/index.php?action_kouhyou_detail_004_kani=true&JigyosyoCd=0370300618-00&ServiceCd=110&Type=search" }, "geometry": { "type": "Point", "coordinates": [ 141.712174, 39.0845009 ] } },
{ "type": "Feature", "properties": { "内容": "大船渡市社会福祉協議会指定訪問介護事業所【訪問介護】岩手県大船渡市盛町字下舘下１４－１大船渡市総合福祉センター", "url2": "https://www.kaigokensaku.mhlw.go.jp/03/index.php?action_kouhyou_detail_004_kani=true&JigyosyoCd=0370300048-00&ServiceCd=110&Type=search" }, "geometry": { "type": "Point", "coordinates": [ 141.712077, 39.0791932 ] } },
{ "type": "Feature", "properties": { "内容": "気仙介護センターほほえみ【訪問介護】岩手県大船渡市盛町字中道下21番地11", "url2": "https://www.kaigokensaku.mhlw.go.jp/03/index.php?action_kouhyou_detail_004_kani=true&JigyosyoCd=0370300188-00&ServiceCd=110&Type=search" }, "geometry": { "type": "Point", "coordinates": [ 141.7158849, 39.0792794 ] } },
{ "type": "Feature", "properties": { "内容": "さんりくの園訪問介護サービスセンター【訪問介護】岩手県大船渡市三陸町越喜来字所通９１番地", "url2": "https://www.kaigokensaku.mhlw.go.jp/03/index.php?action_kouhyou_detail_004_kani=true&JigyosyoCd=0372800086-00&ServiceCd=110&Type=search" }, "geometry": { "type": "Point", "coordinates": [ 141.805446580442748, 39.125053175214994 ] } },
{ "type": "Feature", "properties": { "内容": "ヘルパーステーション星の丘【訪問介護】岩手県花巻市石鳥谷町松林寺第3地割76番地1サービス付き高齢者向け住宅　星の丘", "url2": "https://www.kaigokensaku.mhlw.go.jp/03/index.php?action_kouhyou_detail_004_kani=true&JigyosyoCd=0370501884-00&ServiceCd=110&Type=search" }, "geometry": { "type": "Point", "coordinates": [ 141.094675, 39.4748856 ] } },
{ "type": "Feature", "properties": { "内容": "花巻市社会福祉協議会指定介護センター訪問介護事業所【訪問介護】岩手県花巻市石神町364番地", "url2": "https://www.kaigokensaku.mhlw.go.jp/03/index.php?action_kouhyou_detail_004_kani=true&JigyosyoCd=0370500126-00&ServiceCd=110&Type=search" }, "geometry": { "type": "Point", "coordinates": [ 141.103178950926235, 39.383716755147042 ] } },
{ "type": "Feature", "properties": { "内容": "花巻あすかの里指定訪問介護事業所【訪問介護】岩手県花巻市西宮野目第14地割56番地2", "url2": "https://www.kaigokensaku.mhlw.go.jp/03/index.php?action_kouhyou_detail_004_kani=true&JigyosyoCd=0370500506-00&ServiceCd=110&Type=search" }, "geometry": { "type": "Point", "coordinates": [ 141.11072820000004, 39.414675 ] } },
{ "type": "Feature", "properties": { "内容": "愛ケアセンター花巻【訪問介護】岩手県花巻市若葉町3-5-5", "url2": "https://www.kaigokensaku.mhlw.go.jp/03/index.php?action_kouhyou_detail_004_kani=true&JigyosyoCd=0370500951-00&ServiceCd=110&Type=search" }, "geometry": { "type": "Point", "coordinates": [ 141.106216100000012, 39.3854981 ] } },
{ "type": "Feature", "properties": { "内容": "花巻市社会福祉協議会指定大迫訪問介護事業所【訪問介護】岩手県花巻市大迫町大迫第13地割23番地1", "url2": "https://www.kaigokensaku.mhlw.go.jp/03/index.php?action_kouhyou_detail_004_kani=true&JigyosyoCd=0372300061-00&ServiceCd=110&Type=search" }, "geometry": { "type": "Point", "coordinates": [ 141.2791482, 39.4713945 ] } },
{ "type": "Feature", "properties": { "内容": "ニチイケアセンター花巻【訪問介護】岩手県花巻市四日町三丁目21-40", "url2": "https://www.kaigokensaku.mhlw.go.jp/03/index.php?action_kouhyou_detail_004_kani=true&JigyosyoCd=0370501181-00&ServiceCd=110&Type=search" }, "geometry": { "type": "Point", "coordinates": [ 141.122443577771037, 39.400902875034944 ] } },
{ "type": "Feature", "properties": { "内容": "ニチイケアセンター東花巻【訪問介護】岩手県花巻市東町4-8", "url2": "https://www.kaigokensaku.mhlw.go.jp/03/index.php?action_kouhyou_detail_004_kani=true&JigyosyoCd=0370501819-00&ServiceCd=110&Type=search" }, "geometry": { "type": "Point", "coordinates": [ 141.122019899999941, 39.3855054 ] } },
{ "type": "Feature", "properties": { "内容": "東和荘指定訪問介護事業所【訪問介護】岩手県花巻市東和町東晴山7区16番地", "url2": "https://www.kaigokensaku.mhlw.go.jp/03/index.php?action_kouhyou_detail_004_kani=true&JigyosyoCd=0372400085-00&ServiceCd=110&Type=search" }, "geometry": { "type": "Point", "coordinates": [ 141.252253600000017, 39.3724806 ] } },
{ "type": "Feature", "properties": { "内容": "大谷荘指定訪問介護事業所【訪問介護】岩手県花巻市湯口字松原53番地1", "url2": "https://www.kaigokensaku.mhlw.go.jp/03/index.php?action_kouhyou_detail_004_kani=true&JigyosyoCd=0370500209-00&ServiceCd=110&Type=search" }, "geometry": { "type": "Point", "coordinates": [ 141.019934599999942, 39.4063854 ] } },
{ "type": "Feature", "properties": { "内容": "アイリス花巻指定訪問介護事業所【訪問介護】岩手県花巻市南万丁目970番地2", "url2": "https://www.kaigokensaku.mhlw.go.jp/03/index.php?action_kouhyou_detail_004_kani=true&JigyosyoCd=0370500266-00&ServiceCd=110&Type=search" }, "geometry": { "type": "Point", "coordinates": [ 141.0987083, 39.3912805 ] } },
{ "type": "Feature", "properties": { "内容": "ヘルパーステーション中根子【訪問介護】岩手県花巻市中根子字拾田屋5番地1", "url2": "https://www.kaigokensaku.mhlw.go.jp/03/index.php?action_kouhyou_detail_004_kani=true&JigyosyoCd=0370501413-00&ServiceCd=110&Type=search" }, "geometry": { "type": "Point", "coordinates": [ 141.097422700000038, 39.380032 ] } },
{ "type": "Feature", "properties": { "内容": "訪問介護ステーションピースハート石鳥谷【訪問介護】岩手県花巻市石鳥谷町好地第3地割180番地1", "url2": "https://www.kaigokensaku.mhlw.go.jp/03/index.php?action_kouhyou_detail_004_kani=true&JigyosyoCd=0370501637-00&ServiceCd=110&Type=search" }, "geometry": { "type": "Point", "coordinates": [ 141.143915369203228, 39.495068583577535 ] } },
{ "type": "Feature", "properties": { "内容": "訪問介護事業所Happy【訪問介護】岩手県花巻市中根子字滝ノ沢１５０番地１", "url2": "https://www.kaigokensaku.mhlw.go.jp/03/index.php?action_kouhyou_detail_004_kani=true&JigyosyoCd=0370501934-00&ServiceCd=110&Type=search" }, "geometry": { "type": "Point", "coordinates": [ 141.092830600000013, 39.3831756 ] } },
{ "type": "Feature", "properties": { "内容": "ヘルパーステーション六花【訪問介護】岩手県花巻市大畑第１地割７番地５ハウケア六花", "url2": "https://www.kaigokensaku.mhlw.go.jp/03/index.php?action_kouhyou_detail_004_kani=true&JigyosyoCd=0370501942-00&ServiceCd=110&Type=search" }, "geometry": { "type": "Point", "coordinates": [ 141.07905, 39.452797 ] } },
{ "type": "Feature", "properties": { "内容": "ik介護サービス【訪問介護】岩手県花巻市二枚橋５-360-1", "url2": "https://www.kaigokensaku.mhlw.go.jp/03/index.php?action_kouhyou_detail_004_kani=true&JigyosyoCd=0370500068-00&ServiceCd=110&Type=search" }, "geometry": { "type": "Point", "coordinates": [ 141.120988019157807, 39.441828580498623 ] } },
{ "type": "Feature", "properties": { "内容": "湯本指定訪問介護事業所【訪問介護】岩手県花巻市金矢５－４３５－１", "url2": "https://www.kaigokensaku.mhlw.go.jp/03/index.php?action_kouhyou_detail_004_kani=true&JigyosyoCd=0370500092-00&ServiceCd=110&Type=search" }, "geometry": { "type": "Point", "coordinates": [ 141.061223350262509, 39.433078425155351 ] } },
{ "type": "Feature", "properties": { "内容": "のぞみホームヘルプステーション【訪問介護】岩手県花巻市椚ノ目第4地割99番地1", "url2": "https://www.kaigokensaku.mhlw.go.jp/03/index.php?action_kouhyou_detail_004_kani=true&JigyosyoCd=0370500258-00&ServiceCd=110&Type=search" }, "geometry": { "type": "Point", "coordinates": [ 141.086479700000012, 39.4215142 ] } },
{ "type": "Feature", "properties": { "内容": "株式会社三光タクシー指定訪問介護事業所【訪問介護】岩手県花巻市西宮野目第１１地割１１５－２", "url2": "https://www.kaigokensaku.mhlw.go.jp/03/index.php?action_kouhyou_detail_004_kani=true&JigyosyoCd=0370500589-00&ServiceCd=110&Type=search" }, "geometry": { "type": "Point", "coordinates": [ 141.126567194273321, 39.414996581360654 ] } },
{ "type": "Feature", "properties": { "内容": "アースサポート花巻【訪問介護】岩手県花巻市不動町2丁目1番地８", "url2": "https://www.kaigokensaku.mhlw.go.jp/03/index.php?action_kouhyou_detail_004_kani=true&JigyosyoCd=0370501223-00&ServiceCd=110&Type=search" }, "geometry": { "type": "Point", "coordinates": [ 141.111404799999946, 39.3767132 ] } },
{ "type": "Feature", "properties": { "内容": "イーハトーブぬくもり訪問介護事業所【訪問介護】岩手県花巻市石鳥谷町中寺林第６地割２１番地１", "url2": "https://www.kaigokensaku.mhlw.go.jp/03/index.php?action_kouhyou_detail_004_kani=true&JigyosyoCd=0370501652-00&ServiceCd=110&Type=search" }, "geometry": { "type": "Point", "coordinates": [ 141.138919820780899, 39.482383206380256 ] } },
{ "type": "Feature", "properties": { "内容": "ヘルパーステーション希望【訪問介護】岩手県北上市村崎野14-178-11", "url2": "https://www.kaigokensaku.mhlw.go.jp/03/index.php?action_kouhyou_detail_004_kani=true&JigyosyoCd=0370601213-00&ServiceCd=110&Type=search" }, "geometry": { "type": "Point", "coordinates": [ 141.121857525592105, 39.313719168693453 ] } },
{ "type": "Feature", "properties": { "内容": "ＳＯＭＰＯケア北上訪問介護【訪問介護】岩手県北上市さくら通り4丁目14－17", "url2": "https://www.kaigokensaku.mhlw.go.jp/03/index.php?action_kouhyou_detail_004_kani=true&JigyosyoCd=0370601635-00&ServiceCd=110&Type=search" }, "geometry": { "type": "Point", "coordinates": [ 141.102526, 39.2632031 ] } },
{ "type": "Feature", "properties": { "内容": "医心館訪問介護ステーション北上【訪問介護】岩手県北上市さくら通り5-14-10", "url2": "https://www.kaigokensaku.mhlw.go.jp/03/index.php?action_kouhyou_detail_004_kani=true&JigyosyoCd=0370601726-00&ServiceCd=110&Type=search" }, "geometry": { "type": "Point", "coordinates": [ 141.110321099999965, 39.3023034 ] } },
{ "type": "Feature", "properties": { "内容": "ニチイケアセンター北上中央【訪問介護】岩手県北上市上野町三丁目21番19号", "url2": "https://www.kaigokensaku.mhlw.go.jp/03/index.php?action_kouhyou_detail_004_kani=true&JigyosyoCd=0370600116-00&ServiceCd=110&Type=search" }, "geometry": { "type": "Point", "coordinates": [ 141.123681, 39.3081735 ] } },
{ "type": "Feature", "properties": { "内容": "ヘルパーステーションいいとよ【訪問介護】岩手県北上市村崎野12地割74番地28", "url2": "https://www.kaigokensaku.mhlw.go.jp/03/index.php?action_kouhyou_detail_004_kani=true&JigyosyoCd=0370600314-00&ServiceCd=110&Type=search" }, "geometry": { "type": "Point", "coordinates": [ 141.098493599999983, 39.3325567 ] } },
{ "type": "Feature", "properties": { "内容": "ニチイケアセンター北上【訪問介護】岩手県北上市青柳町一丁目2番40号", "url2": "https://www.kaigokensaku.mhlw.go.jp/03/index.php?action_kouhyou_detail_004_kani=true&JigyosyoCd=0370600603-00&ServiceCd=110&Type=search" }, "geometry": { "type": "Point", "coordinates": [ 141.121681800000033, 39.2846288 ] } },
{ "type": "Feature", "properties": { "内容": "北星荘指定訪問介護事業所【訪問介護】岩手県北上市下鬼柳１７地割１２７番地５", "url2": "https://www.kaigokensaku.mhlw.go.jp/03/index.php?action_kouhyou_detail_004_kani=true&JigyosyoCd=0370600926-00&ServiceCd=110&Type=search" }, "geometry": { "type": "Point", "coordinates": [ 141.089785300000017, 39.2675327 ] } },
{ "type": "Feature", "properties": { "内容": "ヘルパーステーションコスモス【訪問介護】岩手県北上市大通り四丁目1-10", "url2": "https://www.kaigokensaku.mhlw.go.jp/03/index.php?action_kouhyou_detail_004_kani=true&JigyosyoCd=0370601197-00&ServiceCd=110&Type=search" }, "geometry": { "type": "Point", "coordinates": [ 141.108755200000019, 39.2853647 ] } },
{ "type": "Feature", "properties": { "内容": "訪問介護なごみ【訪問介護】岩手県北上市黒沢尻４丁目８－２０", "url2": "https://www.kaigokensaku.mhlw.go.jp/03/index.php?action_kouhyou_detail_004_kani=true&JigyosyoCd=0370601577-00&ServiceCd=110&Type=search" }, "geometry": { "type": "Point", "coordinates": [ 141.13682730000005, 39.296925 ] } },
{ "type": "Feature", "properties": { "内容": "訪問介護事業所きたかみ【訪問介護】岩手県北上市鬼柳町荒高３７番地１有料老人ホームきたかみ", "url2": "https://www.kaigokensaku.mhlw.go.jp/03/index.php?action_kouhyou_detail_004_kani=true&JigyosyoCd=0370601676-00&ServiceCd=110&Type=search" }, "geometry": { "type": "Point", "coordinates": [ 141.101879961624121, 39.273828156523031 ] } },
{ "type": "Feature", "properties": { "内容": "博愛ヘルパーステーション【訪問介護】岩手県北上市立花10地割36番地1", "url2": "https://www.kaigokensaku.mhlw.go.jp/03/index.php?action_kouhyou_detail_004_kani=true&JigyosyoCd=0370600181-00&ServiceCd=110&Type=search" }, "geometry": { "type": "Point", "coordinates": [ 141.133044900000016, 39.2826755 ] } },
{ "type": "Feature", "properties": { "内容": "ＪＡいわて花巻訪問介護きたかみ事業所【訪問介護】岩手県北上市和賀町藤根18-39-3", "url2": "https://www.kaigokensaku.mhlw.go.jp/03/index.php?action_kouhyou_detail_004_kani=true&JigyosyoCd=0370601049-00&ServiceCd=110&Type=search" }, "geometry": { "type": "Point", "coordinates": [ 141.033593800000062, 39.3022806 ] } },
{ "type": "Feature", "properties": { "内容": "日高見ヘルパーステーション【訪問介護】岩手県北上市北鬼柳22-46", "url2": "https://www.kaigokensaku.mhlw.go.jp/03/index.php?action_kouhyou_detail_004_kani=true&JigyosyoCd=0370600728-00&ServiceCd=110&Type=search" }, "geometry": { "type": "Point", "coordinates": [ 141.095233176581246, 39.291300004860787 ] } },
{ "type": "Feature", "properties": { "内容": "いろどりパレット【訪問介護】岩手県北上市諏訪町一丁目3-44", "url2": "https://www.kaigokensaku.mhlw.go.jp/03/index.php?action_kouhyou_detail_004_kani=true&JigyosyoCd=0370601833-00&ServiceCd=110&Type=search" }, "geometry": { "type": "Point", "coordinates": [ 141.120508700000016, 39.2867558 ] } },
{ "type": "Feature", "properties": { "内容": "中央介護センター久慈ケアステーション【訪問介護】岩手県久慈市旭町１０－６６－１", "url2": "https://www.kaigokensaku.mhlw.go.jp/03/index.php?action_kouhyou_detail_004_kani=true&JigyosyoCd=0370700106-00&ServiceCd=110&Type=search" }, "geometry": { "type": "Point", "coordinates": [ 141.778962500000034, 40.1987177 ] } },
{ "type": "Feature", "properties": { "内容": "コアラ訪問介護事業所【訪問介護】岩手県久慈市京の森7-19-32", "url2": "https://www.kaigokensaku.mhlw.go.jp/03/index.php?action_kouhyou_detail_004_kani=true&JigyosyoCd=0370700304-00&ServiceCd=110&Type=search" }, "geometry": { "type": "Point", "coordinates": [ 141.77178229752451, 40.202613752730123 ] } },
{ "type": "Feature", "properties": { "内容": "日和介護サービス事業所【訪問介護】岩手県久慈市長内町第16地割40番地2", "url2": "https://www.kaigokensaku.mhlw.go.jp/03/index.php?action_kouhyou_detail_004_kani=true&JigyosyoCd=0370700569-00&ServiceCd=110&Type=search" }, "geometry": { "type": "Point", "coordinates": [ 141.77154429999996, 40.1817808 ] } },
{ "type": "Feature", "properties": { "内容": "ヘルパーステーションアザレア【訪問介護】岩手県久慈市侍浜町本町6-10-70", "url2": "https://www.kaigokensaku.mhlw.go.jp/03/index.php?action_kouhyou_detail_004_kani=true&JigyosyoCd=0370700650-00&ServiceCd=110&Type=search" }, "geometry": { "type": "Point", "coordinates": [ 141.7856061, 40.2700268 ] } },
{ "type": "Feature", "properties": { "内容": "訪問介護ステーションドルチェ【訪問介護】岩手県久慈市門前第6地割101番地", "url2": "https://www.kaigokensaku.mhlw.go.jp/03/index.php?action_kouhyou_detail_004_kani=true&JigyosyoCd=0370700585-00&ServiceCd=110&Type=search" }, "geometry": { "type": "Point", "coordinates": [ 141.771234809770249, 40.1976749850554 ] } },
{ "type": "Feature", "properties": { "内容": "優介護サービス事業所【訪問介護】岩手県久慈市湊町第21地割48番地", "url2": "https://www.kaigokensaku.mhlw.go.jp/03/index.php?action_kouhyou_detail_004_kani=true&JigyosyoCd=0370700247-00&ServiceCd=110&Type=search" }, "geometry": { "type": "Point", "coordinates": [ 141.7943722, 40.2047339 ] } },
{ "type": "Feature", "properties": { "内容": "森の風ヘルパーステーション【訪問介護】岩手県久慈市長内町16-20-2", "url2": "https://www.kaigokensaku.mhlw.go.jp/03/index.php?action_kouhyou_detail_004_kani=true&JigyosyoCd=0370700502-00&ServiceCd=110&Type=search" }, "geometry": { "type": "Point", "coordinates": [ 141.772924860946659, 40.180531420050443 ] } },
{ "type": "Feature", "properties": { "内容": "訪問介護事業所まごころの家【訪問介護】岩手県久慈市巽町2丁目49番地", "url2": "https://www.kaigokensaku.mhlw.go.jp/03/index.php?action_kouhyou_detail_004_kani=true&JigyosyoCd=0370700643-00&ServiceCd=110&Type=search" }, "geometry": { "type": "Point", "coordinates": [ 141.768002941144289, 40.187343792534307 ] } },
{ "type": "Feature", "properties": { "内容": "かなえケアステーション【訪問介護】岩手県遠野市穀町１３番１号", "url2": "https://www.kaigokensaku.mhlw.go.jp/03/index.php?action_kouhyou_detail_004_kani=true&JigyosyoCd=0370800427-00&ServiceCd=110&Type=search" }, "geometry": { "type": "Point", "coordinates": [ 141.534595334696178, 39.329264370689792 ] } },
{ "type": "Feature", "properties": { "内容": "ヘルパーステーション薬研淵【訪問介護】岩手県遠野市松崎町白岩字薬研淵1-3", "url2": "https://www.kaigokensaku.mhlw.go.jp/03/index.php?action_kouhyou_detail_004_kani=true&JigyosyoCd=0370800054-00&ServiceCd=110&Type=search" }, "geometry": { "type": "Point", "coordinates": [ 141.536671500000011, 39.3434499 ] } },
{ "type": "Feature", "properties": { "内容": "指定訪問介護事業所おらほの家【訪問介護】岩手県遠野市松崎町白岩18地割78番地2", "url2": "https://www.kaigokensaku.mhlw.go.jp/03/index.php?action_kouhyou_detail_004_kani=true&JigyosyoCd=0370800344-00&ServiceCd=110&Type=search" }, "geometry": { "type": "Point", "coordinates": [ 141.547520800000029, 39.3347429 ] } },
{ "type": "Feature", "properties": { "内容": "一関福祉教育センター訪問介護ステーション【訪問介護】岩手県一関市山目字中野134番1", "url2": "https://www.kaigokensaku.mhlw.go.jp/03/index.php?action_kouhyou_detail_004_kani=true&JigyosyoCd=0370901589-00&ServiceCd=110&Type=search" }, "geometry": { "type": "Point", "coordinates": [ 141.116746966687089, 38.933245916281123 ] } },
{ "type": "Feature", "properties": { "内容": "訪問介護ステーションホスピス西城【訪問介護】岩手県一関市八幡町２番38号", "url2": "https://www.kaigokensaku.mhlw.go.jp/03/index.php?action_kouhyou_detail_004_kani=true&JigyosyoCd=0370902231-00&ServiceCd=110&Type=search" }, "geometry": { "type": "Point", "coordinates": [ 141.1331978, 38.9267753 ] } },
{ "type": "Feature", "properties": { "内容": "ホームヘルプサービスこはぎ【訪問介護】岩手県一関市大東町曽慶字御能場39番地１養護老人ホーム　こはぎ荘", "url2": "https://www.kaigokensaku.mhlw.go.jp/03/index.php?action_kouhyou_detail_004_kani=true&JigyosyoCd=0370900771-00&ServiceCd=110&Type=search" }, "geometry": { "type": "Point", "coordinates": [ 141.400670499999933, 38.9854312 ] } },
{ "type": "Feature", "properties": { "内容": "ケアセンターいこい指定訪問介護事業所【訪問介護】岩手県一関市三関字仲田100", "url2": "https://www.kaigokensaku.mhlw.go.jp/03/index.php?action_kouhyou_detail_004_kani=true&JigyosyoCd=0370900193-00&ServiceCd=110&Type=search" }, "geometry": { "type": "Point", "coordinates": [ 141.152548300000035, 38.9274363 ] } },
{ "type": "Feature", "properties": { "内容": "ラポール・テトラ訪問介護事業所【訪問介護】岩手県一関市萩荘字境ノ神112-2", "url2": "https://www.kaigokensaku.mhlw.go.jp/03/index.php?action_kouhyou_detail_004_kani=true&JigyosyoCd=0370901878-00&ServiceCd=110&Type=search" }, "geometry": { "type": "Point", "coordinates": [ 141.0920046, 38.917869 ] } },
{ "type": "Feature", "properties": { "内容": "Ｍｙケアサービス【訪問介護】岩手県一関市花泉町金沢字上寺袋61番地2ブロンズスクエア花泉", "url2": "https://www.kaigokensaku.mhlw.go.jp/03/index.php?action_kouhyou_detail_004_kani=true&JigyosyoCd=0370902256-00&ServiceCd=110&Type=search" }, "geometry": { "type": "Point", "coordinates": [ 141.175334600000014, 38.8531454 ] } },
{ "type": "Feature", "properties": { "内容": "孝養ハイツホームヘルパーステーション【訪問介護】岩手県一関市室根町折壁字向山67-3", "url2": "https://www.kaigokensaku.mhlw.go.jp/03/index.php?action_kouhyou_detail_004_kani=true&JigyosyoCd=0370900722-00&ServiceCd=110&Type=search" }, "geometry": { "type": "Point", "coordinates": [ 141.440141700000027, 38.9354945 ] } },
{ "type": "Feature", "properties": { "内容": "JAいわて平泉訪問介護センターもちっこ【訪問介護】岩手県一関市真柴字原下４番１号", "url2": "https://www.kaigokensaku.mhlw.go.jp/03/index.php?action_kouhyou_detail_004_kani=true&JigyosyoCd=0370901498-00&ServiceCd=110&Type=search" }, "geometry": { "type": "Point", "coordinates": [ 141.130433533343506, 38.907587986623021 ] } },
{ "type": "Feature", "properties": { "内容": "ＪＡいわて平泉訪問介護センターいわいの丘【訪問介護】岩手県一関市千厩町千厩字境田１５３番地１２", "url2": "https://www.kaigokensaku.mhlw.go.jp/03/index.php?action_kouhyou_detail_004_kani=true&JigyosyoCd=0370901506-00&ServiceCd=110&Type=search" }, "geometry": { "type": "Point", "coordinates": [ 141.327417800000035, 38.9297088 ] } },
{ "type": "Feature", "properties": { "内容": "きずな訪問介護ステーション【訪問介護】岩手県一関市宮前町4番18号", "url2": "https://www.kaigokensaku.mhlw.go.jp/03/index.php?action_kouhyou_detail_004_kani=true&JigyosyoCd=0370901803-00&ServiceCd=110&Type=search" }, "geometry": { "type": "Point", "coordinates": [ 141.128919600000017, 38.9374928 ] } },
{ "type": "Feature", "properties": { "内容": "千厩寿慶会指定訪問介護事業所【訪問介護】岩手県一関市千厩町千厩字脇谷２８番地５", "url2": "https://www.kaigokensaku.mhlw.go.jp/03/index.php?action_kouhyou_detail_004_kani=true&JigyosyoCd=0372700427-00&ServiceCd=110&Type=search" }, "geometry": { "type": "Point", "coordinates": [ 141.326024299999972, 38.917277 ] } },
{ "type": "Feature", "properties": { "内容": "ニチイケアセンター一関【訪問介護】岩手県一関市青葉二丁目7-26", "url2": "https://www.kaigokensaku.mhlw.go.jp/03/index.php?action_kouhyou_detail_004_kani=true&JigyosyoCd=0370900375-00&ServiceCd=110&Type=search" }, "geometry": { "type": "Point", "coordinates": [ 141.128053200000068, 38.9324044 ] } },
{ "type": "Feature", "properties": { "内容": "ツクイ一関【訪問介護】岩手県一関市東五代6番30号", "url2": "https://www.kaigokensaku.mhlw.go.jp/03/index.php?action_kouhyou_detail_004_kani=true&JigyosyoCd=0370901993-00&ServiceCd=110&Type=search" }, "geometry": { "type": "Point", "coordinates": [ 141.130752, 38.9407697 ] } },
{ "type": "Feature", "properties": { "内容": "ライブサポートサービス一関【訪問介護】岩手県一関市山目字中野122番地2", "url2": "https://www.kaigokensaku.mhlw.go.jp/03/index.php?action_kouhyou_detail_004_kani=true&JigyosyoCd=0370902249-00&ServiceCd=110&Type=search" }, "geometry": { "type": "Point", "coordinates": [ 141.114346500000011, 38.9337843 ] } },
{ "type": "Feature", "properties": { "内容": "県南タクシー介護サービス【訪問介護】岩手県一関市大手町７番２６号", "url2": "https://www.kaigokensaku.mhlw.go.jp/03/index.php?action_kouhyou_detail_004_kani=true&JigyosyoCd=0370900474-00&ServiceCd=110&Type=search" }, "geometry": { "type": "Point", "coordinates": [ 141.134935899999959, 38.9311298 ] } },
{ "type": "Feature", "properties": { "内容": "ヘルパーセンター藤沢【訪問介護】岩手県一関市藤沢町藤沢字町裏55番地", "url2": "https://www.kaigokensaku.mhlw.go.jp/03/index.php?action_kouhyou_detail_004_kani=true&JigyosyoCd=0370901654-00&ServiceCd=110&Type=search" }, "geometry": { "type": "Point", "coordinates": [ 141.349858499999982, 38.859251 ] } },
{ "type": "Feature", "properties": { "内容": "ヘルパーセンター花泉【訪問介護】岩手県一関市花泉町涌津字一ノ町76番地", "url2": "https://www.kaigokensaku.mhlw.go.jp/03/index.php?action_kouhyou_detail_004_kani=true&JigyosyoCd=0372600056-00&ServiceCd=110&Type=search" }, "geometry": { "type": "Point", "coordinates": [ 141.1853271, 38.8308767 ] } },
{ "type": "Feature", "properties": { "内容": "ヘルパーセンター東山【訪問介護】岩手県一関市東山町長坂字西本町139番地1東山保健センター", "url2": "https://www.kaigokensaku.mhlw.go.jp/03/index.php?action_kouhyou_detail_004_kani=true&JigyosyoCd=0372700252-00&ServiceCd=110&Type=search" }, "geometry": { "type": "Point", "coordinates": [ 141.252153, 38.9955071 ] } },
{ "type": "Feature", "properties": { "内容": "なのはなヘルパーステーション【訪問介護】岩手県一関市山目字館６４番７", "url2": "https://www.kaigokensaku.mhlw.go.jp/03/index.php?action_kouhyou_detail_004_kani=true&JigyosyoCd=0370900318-00&ServiceCd=110&Type=search" }, "geometry": { "type": "Point", "coordinates": [ 141.11709033743432, 38.940596030424082 ] } },
{ "type": "Feature", "properties": { "内容": "訪問介護ステーションシエスタ一関【訪問介護】岩手県一関市中里字新川原１９０番地１３", "url2": "https://www.kaigokensaku.mhlw.go.jp/03/index.php?action_kouhyou_detail_004_kani=true&JigyosyoCd=0370900904-00&ServiceCd=110&Type=search" }, "geometry": { "type": "Point", "coordinates": [ 141.155440500000026, 38.934200700000034 ] } },
{ "type": "Feature", "properties": { "内容": "ヘルパーステーションペルシモン【訪問介護】岩手県一関市東五代11-2", "url2": "https://www.kaigokensaku.mhlw.go.jp/03/index.php?action_kouhyou_detail_004_kani=true&JigyosyoCd=0370901522-00&ServiceCd=110&Type=search" }, "geometry": { "type": "Point", "coordinates": [ 141.131685057672144, 38.941843863629366 ] } },
{ "type": "Feature", "properties": { "内容": "訪問介護あゆみ【訪問介護】岩手県一関市中里字荒谷8番1", "url2": "https://www.kaigokensaku.mhlw.go.jp/03/index.php?action_kouhyou_detail_004_kani=true&JigyosyoCd=0370901720-00&ServiceCd=110&Type=search" }, "geometry": { "type": "Point", "coordinates": [ 141.150904123001055, 38.937357617925699 ] } },
{ "type": "Feature", "properties": { "内容": "訪問介護事業所白藤【訪問介護】岩手県一関市藤沢町藤沢字八沢２６２番地１", "url2": "https://www.kaigokensaku.mhlw.go.jp/03/index.php?action_kouhyou_detail_004_kani=true&JigyosyoCd=0370901829-00&ServiceCd=110&Type=search" }, "geometry": { "type": "Point", "coordinates": [ 141.349064399999946, 38.8501602 ] } },
{ "type": "Feature", "properties": { "内容": "訪問介護ステーションケアリー岩手一関【訪問介護】岩手県一関市中里字舟場64番1", "url2": "https://www.kaigokensaku.mhlw.go.jp/03/index.php?action_kouhyou_detail_004_kani=true&JigyosyoCd=0370902207-00&ServiceCd=110&Type=search" }, "geometry": { "type": "Point", "coordinates": [ 140.4087146, 37.5131862 ] } },
{ "type": "Feature", "properties": { "内容": "やまゆりヘルパーステーション【訪問介護】岩手県一関市千厩町千厩字宮敷４５番地１", "url2": "https://www.kaigokensaku.mhlw.go.jp/03/index.php?action_kouhyou_detail_004_kani=true&JigyosyoCd=0372700567-00&ServiceCd=110&Type=search" }, "geometry": { "type": "Point", "coordinates": [ 141.339411599999949, 38.9230737 ] } },
{ "type": "Feature", "properties": { "内容": "有限会社たんぽぽ指定訪問介護事業所【訪問介護】岩手県一関市大東町大原字袖山沢16番地", "url2": "https://www.kaigokensaku.mhlw.go.jp/03/index.php?action_kouhyou_detail_004_kani=true&JigyosyoCd=0372700674-00&ServiceCd=110&Type=search" }, "geometry": { "type": "Point", "coordinates": [ 141.373818799999981, 39.0116529 ] } },
{ "type": "Feature", "properties": { "内容": "ケアワークひらか指定訪問介護事業所【訪問介護】岩手県一関市桜木町7-19", "url2": "https://www.kaigokensaku.mhlw.go.jp/03/index.php?action_kouhyou_detail_004_kani=true&JigyosyoCd=0370900243-00&ServiceCd=110&Type=search" }, "geometry": { "type": "Point", "coordinates": [ 141.136941200000024, 38.9341739 ] } },
{ "type": "Feature", "properties": { "内容": "訪問介護ステーションこころ【訪問介護】岩手県一関市字散田43-2", "url2": "https://www.kaigokensaku.mhlw.go.jp/03/index.php?action_kouhyou_detail_004_kani=true&JigyosyoCd=0370901068-00&ServiceCd=110&Type=search" }, "geometry": { "type": "Point", "coordinates": [ 141.1460684, 38.92785 ] } },
{ "type": "Feature", "properties": { "内容": "フォレスト訪問介護サービス【訪問介護】岩手県一関市萩荘字打ノ目255番地1", "url2": "https://www.kaigokensaku.mhlw.go.jp/03/index.php?action_kouhyou_detail_004_kani=true&JigyosyoCd=0370902058-00&ServiceCd=110&Type=search" }, "geometry": { "type": "Point", "coordinates": [ 141.0959278, 38.9184256 ] } },
{ "type": "Feature", "properties": { "内容": "一関ヘルパーステーション【訪問介護】岩手県一関市真柴字吉ケ沢20番135", "url2": "https://www.kaigokensaku.mhlw.go.jp/03/index.php?action_kouhyou_detail_004_kani=true&JigyosyoCd=0370900326-00&ServiceCd=110&Type=search" }, "geometry": { "type": "Point", "coordinates": [ 141.138292699999965, 38.8817636 ] } },
{ "type": "Feature", "properties": { "内容": "陸前高田市社会福祉協議会指定訪問介護事業所【訪問介護】岩手県陸前高田市高田町字太田511番地陸前高田市保健福祉総合センター内", "url2": "https://www.kaigokensaku.mhlw.go.jp/03/index.php?action_kouhyou_detail_004_kani=true&JigyosyoCd=0371000159-00&ServiceCd=110&Type=search" }, "geometry": { "type": "Point", "coordinates": [ 141.641038027982944, 39.025427916084247 ] } },
{ "type": "Feature", "properties": { "内容": "公益社団法人陸前高田市シルバー人材センター指定訪問介護事業所【訪問介護】岩手県陸前高田市高田町字中田62番地1", "url2": "https://www.kaigokensaku.mhlw.go.jp/03/index.php?action_kouhyou_detail_004_kani=true&JigyosyoCd=0371000167-00&ServiceCd=110&Type=search" }, "geometry": { "type": "Point", "coordinates": [ 141.646729199999982, 39.0127964 ] } },
{ "type": "Feature", "properties": { "内容": "絆ホームヘルプ事業所【訪問介護】岩手県陸前高田市広田町字久保13番地4", "url2": "https://www.kaigokensaku.mhlw.go.jp/03/index.php?action_kouhyou_detail_004_kani=true&JigyosyoCd=0371000274-00&ServiceCd=110&Type=search" }, "geometry": { "type": "Point", "coordinates": [ 141.691619, 38.9488066 ] } },
{ "type": "Feature", "properties": { "内容": "岩手高齢協すずらん【訪問介護】岩手県陸前高田市米崎町字和野66-4", "url2": "https://www.kaigokensaku.mhlw.go.jp/03/index.php?action_kouhyou_detail_004_kani=true&JigyosyoCd=0370300204-00&ServiceCd=110&Type=search" }, "geometry": { "type": "Point", "coordinates": [ 141.676996394862385, 39.009673966019335 ] } },
{ "type": "Feature", "properties": { "内容": "すみれ介護事業所【訪問介護】岩手県陸前高田市竹駒町字滝の里62番地2", "url2": "https://www.kaigokensaku.mhlw.go.jp/03/index.php?action_kouhyou_detail_004_kani=true&JigyosyoCd=0371000324-00&ServiceCd=110&Type=search" }, "geometry": { "type": "Point", "coordinates": [ 141.625088600000026, 39.0391954 ] } },
{ "type": "Feature", "properties": { "内容": "いきいきホームヘルプステーション【訪問介護】岩手県釜石市鵜住居町2-20-1いきいき福祉センター", "url2": "https://www.kaigokensaku.mhlw.go.jp/03/index.php?action_kouhyou_detail_004_kani=true&JigyosyoCd=0371100306-00&ServiceCd=110&Type=search" }, "geometry": { "type": "Point", "coordinates": [ 141.847730475982672, 39.344671978397336 ] } },
{ "type": "Feature", "properties": { "内容": "ケアステーション・ファミリア【訪問介護】岩手県釜石市甲子町第15地割86-5カサ・デ・ファミリア", "url2": "https://www.kaigokensaku.mhlw.go.jp/03/index.php?action_kouhyou_detail_004_kani=true&JigyosyoCd=0371100595-00&ServiceCd=110&Type=search" }, "geometry": { "type": "Point", "coordinates": [ 141.82950078650822, 39.269884994025219 ] } },
{ "type": "Feature", "properties": { "内容": "ＳＯＭＰＯケア釜石訪問介護【訪問介護】岩手県釜石市大町1丁目4番7号大町復興住宅4号棟店舗2", "url2": "https://www.kaigokensaku.mhlw.go.jp/03/index.php?action_kouhyou_detail_004_kani=true&JigyosyoCd=0371100819-00&ServiceCd=110&Type=search" }, "geometry": { "type": "Point", "coordinates": [ 141.880944399999947, 39.2733936 ] } },
{ "type": "Feature", "properties": { "内容": "ケアタウン訪問介護事業所【訪問介護】岩手県釜石市平田町2丁目807番地", "url2": "https://www.kaigokensaku.mhlw.go.jp/03/index.php?action_kouhyou_detail_004_kani=true&JigyosyoCd=0371100868-00&ServiceCd=110&Type=search" }, "geometry": { "type": "Point", "coordinates": [ 141.889303003704839, 39.245058250705007 ] } },
{ "type": "Feature", "properties": { "内容": "ニチイケアセンター釜石【訪問介護】岩手県釜石市中妻町1-12-2", "url2": "https://www.kaigokensaku.mhlw.go.jp/03/index.php?action_kouhyou_detail_004_kani=true&JigyosyoCd=0371100108-00&ServiceCd=110&Type=search" }, "geometry": { "type": "Point", "coordinates": [ 141.860040799999979, 39.2718438 ] } },
{ "type": "Feature", "properties": { "内容": "ニチイケアセンター釜石大町【訪問介護】岩手県釜石市大渡町2-2-171階－B号室", "url2": "https://www.kaigokensaku.mhlw.go.jp/03/index.php?action_kouhyou_detail_004_kani=true&JigyosyoCd=0371100496-00&ServiceCd=110&Type=search" }, "geometry": { "type": "Point", "coordinates": [ 141.876535964612486, 39.272800080583046 ] } },
{ "type": "Feature", "properties": { "内容": "指定訪問介護事業所ヘルパーステーションさくら【訪問介護】岩手県釜石市野田町2丁目14-17", "url2": "https://www.kaigokensaku.mhlw.go.jp/03/index.php?action_kouhyou_detail_004_kani=true&JigyosyoCd=0371100660-00&ServiceCd=110&Type=search" }, "geometry": { "type": "Point", "coordinates": [ 141.821619571986417, 39.256756659680725 ] } },
{ "type": "Feature", "properties": { "内容": "釜石市社協指定訪問介護事業所【訪問介護】岩手県釜石市大渡町三丁目１５番２６号釜石市保健福祉センター８階", "url2": "https://www.kaigokensaku.mhlw.go.jp/03/index.php?action_kouhyou_detail_004_kani=true&JigyosyoCd=0371100264-00&ServiceCd=110&Type=search" }, "geometry": { "type": "Point", "coordinates": [ 141.878444599999966, 39.2737686 ] } },
{ "type": "Feature", "properties": { "内容": "フジクラ指定訪問介護事業所【訪問介護】岩手県釜石市甲子町16-6-7", "url2": "https://www.kaigokensaku.mhlw.go.jp/03/index.php?action_kouhyou_detail_004_kani=true&JigyosyoCd=0371100850-00&ServiceCd=110&Type=search" }, "geometry": { "type": "Point", "coordinates": [ 141.804551437434412, 39.288249845896203 ] } },
{ "type": "Feature", "properties": { "内容": "訪問介護事業所ももの木【訪問介護】岩手県二戸市石切所字天神下8-5有料老人ホームくつろ樹内", "url2": "https://www.kaigokensaku.mhlw.go.jp/03/index.php?action_kouhyou_detail_004_kani=true&JigyosyoCd=0371300443-00&ServiceCd=110&Type=search" }, "geometry": { "type": "Point", "coordinates": [ 141.309960328836041, 40.260075362135169 ] } },
{ "type": "Feature", "properties": { "内容": "二戸市社会福祉協議会訪問介護事業所【訪問介護】岩手県二戸市仁左平字横手２番地３", "url2": "https://www.kaigokensaku.mhlw.go.jp/03/index.php?action_kouhyou_detail_004_kani=true&JigyosyoCd=0371300070-00&ServiceCd=110&Type=search" }, "geometry": { "type": "Point", "coordinates": [ 141.30874289999997, 40.3035225 ] } },
{ "type": "Feature", "properties": { "内容": "いつつ星会訪問介護事業所【訪問介護】岩手県二戸市仁左平字横手6番1号", "url2": "https://www.kaigokensaku.mhlw.go.jp/03/index.php?action_kouhyou_detail_004_kani=true&JigyosyoCd=0371300237-00&ServiceCd=110&Type=search" }, "geometry": { "type": "Point", "coordinates": [ 141.30874289999997, 40.3032087 ] } },
{ "type": "Feature", "properties": { "内容": "わガーヤにのへ横丁【訪問介護】岩手県二戸市福岡字横丁15-1", "url2": "https://www.kaigokensaku.mhlw.go.jp/03/index.php?action_kouhyou_detail_004_kani=true&JigyosyoCd=0371300633-00&ServiceCd=110&Type=search" }, "geometry": { "type": "Point", "coordinates": [ 141.2983155, 40.2739501 ] } },
{ "type": "Feature", "properties": { "内容": "浄法寺訪問介護事業所【訪問介護】岩手県二戸市浄法寺町小池３番地二戸市ほほえみセンター", "url2": "https://www.kaigokensaku.mhlw.go.jp/03/index.php?action_kouhyou_detail_004_kani=true&JigyosyoCd=0373200138-00&ServiceCd=110&Type=search" }, "geometry": { "type": "Point", "coordinates": [ 141.1574534, 40.1844415 ] } },
{ "type": "Feature", "properties": { "内容": "みんなのヘルパー事業所【訪問介護】岩手県二戸市似鳥字上沖野6-3", "url2": "https://www.kaigokensaku.mhlw.go.jp/03/index.php?action_kouhyou_detail_004_kani=true&JigyosyoCd=0371300575-00&ServiceCd=110&Type=search" }, "geometry": { "type": "Point", "coordinates": [ 141.2338995, 40.2375341 ] } },
{ "type": "Feature", "properties": { "内容": "富士見荘指定訪問介護事業所【訪問介護】岩手県八幡平市柏台二丁目5番15号", "url2": "https://www.kaigokensaku.mhlw.go.jp/03/index.php?action_kouhyou_detail_004_kani=true&JigyosyoCd=0372100776-00&ServiceCd=110&Type=search" }, "geometry": { "type": "Point", "coordinates": [ 140.977855800000043, 39.9143903 ] } },
{ "type": "Feature", "properties": { "内容": "ヘルパーステーション姫さくら【訪問介護】岩手県八幡平市大更25-5", "url2": "https://www.kaigokensaku.mhlw.go.jp/03/index.php?action_kouhyou_detail_004_kani=true&JigyosyoCd=0371600214-00&ServiceCd=110&Type=search" }, "geometry": { "type": "Point", "coordinates": [ 141.101935535022648, 39.910540697667216 ] } },
{ "type": "Feature", "properties": { "内容": "ＪＡライフサポートホームヘルプステーション西根【訪問介護】岩手県八幡平市田頭39-72-2", "url2": "https://www.kaigokensaku.mhlw.go.jp/03/index.php?action_kouhyou_detail_004_kani=true&JigyosyoCd=0371400276-00&ServiceCd=110&Type=search" }, "geometry": { "type": "Point", "coordinates": [ 141.093091945877859, 39.92598206563131 ] } },
{ "type": "Feature", "properties": { "内容": "訪問介護ふぁみりあ安比高原【訪問介護】岩手県八幡平市安比高原605番地329", "url2": "https://www.kaigokensaku.mhlw.go.jp/03/index.php?action_kouhyou_detail_004_kani=true&JigyosyoCd=0371400284-00&ServiceCd=110&Type=search" }, "geometry": { "type": "Point", "coordinates": [ 140.9792378, 40.002058 ] } },
{ "type": "Feature", "properties": { "内容": "訪問介護ステーションライラック安比高原【訪問介護】岩手県八幡平市安比高原605-382", "url2": "https://www.kaigokensaku.mhlw.go.jp/03/index.php?action_kouhyou_detail_004_kani=true&JigyosyoCd=0371400318-00&ServiceCd=110&Type=search" }, "geometry": { "type": "Point", "coordinates": [ 140.9792378, 40.002058 ] } },
{ "type": "Feature", "properties": { "内容": "ケアネット・アテルイ訪問介護事業所【訪問介護】岩手県奥州市水沢宮下町84番地", "url2": "https://www.kaigokensaku.mhlw.go.jp/03/index.php?action_kouhyou_detail_004_kani=true&JigyosyoCd=0370400517-00&ServiceCd=110&Type=search" }, "geometry": { "type": "Point", "coordinates": [ 141.137927556336422, 39.137706194406078 ] } },
{ "type": "Feature", "properties": { "内容": "どんぐりヘルパー【訪問介護】岩手県奥州市胆沢小山字尼沼22番地4住宅型有料老人ホームどんぐりの里", "url2": "https://www.kaigokensaku.mhlw.go.jp/03/index.php?action_kouhyou_detail_004_kani=true&JigyosyoCd=0371500992-00&ServiceCd=110&Type=search" }, "geometry": { "type": "Point", "coordinates": [ 141.139096111500521, 39.120101522689509 ] } },
{ "type": "Feature", "properties": { "内容": "やまゆり荘訪問介護事業所【訪問介護】岩手県奥州市胆沢南都田字加賀谷地416", "url2": "https://www.kaigokensaku.mhlw.go.jp/03/index.php?action_kouhyou_detail_004_kani=true&JigyosyoCd=0372500157-00&ServiceCd=110&Type=search" }, "geometry": { "type": "Point", "coordinates": [ 141.072469864418053, 39.116952024072845 ] } },
{ "type": "Feature", "properties": { "内容": "サポートセンターＮＰＯえさしヘルパーステーション【訪問介護】岩手県奥州市江刺八日町一丁目8-8", "url2": "https://www.kaigokensaku.mhlw.go.jp/03/index.php?action_kouhyou_detail_004_kani=true&JigyosyoCd=0371200254-00&ServiceCd=110&Type=search" }, "geometry": { "type": "Point", "coordinates": [ 141.172424599475079, 39.186725376177009 ] } },
{ "type": "Feature", "properties": { "内容": "江寿園指定訪問介護事業所【訪問介護】岩手県奥州市江刺伊手字新田149番地", "url2": "https://www.kaigokensaku.mhlw.go.jp/03/index.php?action_kouhyou_detail_004_kani=true&JigyosyoCd=0371500083-00&ServiceCd=110&Type=search" }, "geometry": { "type": "Point", "coordinates": [ 141.311981281614607, 39.176007376243732 ] } },
{ "type": "Feature", "properties": { "内容": "訪問介護事業所はなみずき【訪問介護】岩手県奥州市江刺西大通り１－１１複合型介護施設はなみずき", "url2": "https://www.kaigokensaku.mhlw.go.jp/03/index.php?action_kouhyou_detail_004_kani=true&JigyosyoCd=0371500646-00&ServiceCd=110&Type=search" }, "geometry": { "type": "Point", "coordinates": [ 141.174263463893084, 39.189369955702816 ] } },
{ "type": "Feature", "properties": { "内容": "福寿荘訪問介護事業所【訪問介護】岩手県奥州市水沢上姉体二丁目1番地22", "url2": "https://www.kaigokensaku.mhlw.go.jp/03/index.php?action_kouhyou_detail_004_kani=true&JigyosyoCd=0370400053-00&ServiceCd=110&Type=search" }, "geometry": { "type": "Point", "coordinates": [ 141.163995200000045, 39.1166269 ] } },
{ "type": "Feature", "properties": { "内容": "ニチイケアセンター水沢【訪問介護】岩手県奥州市水沢西町2番10号", "url2": "https://www.kaigokensaku.mhlw.go.jp/03/index.php?action_kouhyou_detail_004_kani=true&JigyosyoCd=0370400137-00&ServiceCd=110&Type=search" }, "geometry": { "type": "Point", "coordinates": [ 141.136383099999989, 39.1377876 ] } },
{ "type": "Feature", "properties": { "内容": "奥州市社協ヘルパーサービス「げんき」【訪問介護】岩手県奥州市水沢南町５－12", "url2": "https://www.kaigokensaku.mhlw.go.jp/03/index.php?action_kouhyou_detail_004_kani=true&JigyosyoCd=0370400145-00&ServiceCd=110&Type=search" }, "geometry": { "type": "Point", "coordinates": [ 141.145946200000026, 39.136538 ] } },
{ "type": "Feature", "properties": { "内容": "ニチイケアセンター江刺【訪問介護】岩手県奥州市江刺八日町1-3-1", "url2": "https://www.kaigokensaku.mhlw.go.jp/03/index.php?action_kouhyou_detail_004_kani=true&JigyosyoCd=0370400509-00&ServiceCd=110&Type=search" }, "geometry": { "type": "Point", "coordinates": [ 141.173853, 39.1882718 ] } },
{ "type": "Feature", "properties": { "内容": "株式会社ケアネットヘルパーステーション水沢【訪問介護】岩手県奥州市水沢花園町一丁目19番16号", "url2": "https://www.kaigokensaku.mhlw.go.jp/03/index.php?action_kouhyou_detail_004_kani=true&JigyosyoCd=0371500315-00&ServiceCd=110&Type=search" }, "geometry": { "type": "Point", "coordinates": [ 141.147945899999968, 39.1414708 ] } },
{ "type": "Feature", "properties": { "内容": "さつきいちえ訪問介護センター【訪問介護】岩手県奥州市水沢佐倉河字九蔵田40－１さつきいちえ訪問介護センター", "url2": "https://www.kaigokensaku.mhlw.go.jp/03/index.php?action_kouhyou_detail_004_kani=true&JigyosyoCd=0371500851-00&ServiceCd=110&Type=search" }, "geometry": { "type": "Point", "coordinates": [ 141.138390100000038, 39.1732339 ] } },
{ "type": "Feature", "properties": { "内容": "あおぞら訪問介護事業所【訪問介護】岩手県奥州市水沢南大鐘一丁目60番地", "url2": "https://www.kaigokensaku.mhlw.go.jp/03/index.php?action_kouhyou_detail_004_kani=true&JigyosyoCd=0371501040-00&ServiceCd=110&Type=search" }, "geometry": { "type": "Point", "coordinates": [ 141.13755279999998, 39.1282943 ] } },
{ "type": "Feature", "properties": { "内容": "ニチイケアセンター前沢【訪問介護】岩手県奥州市前沢駅東二丁目6-7ユーユー貸店舗", "url2": "https://www.kaigokensaku.mhlw.go.jp/03/index.php?action_kouhyou_detail_004_kani=true&JigyosyoCd=0371501115-00&ServiceCd=110&Type=search" }, "geometry": { "type": "Point", "coordinates": [ 141.128663500000016, 39.0494088 ] } },
{ "type": "Feature", "properties": { "内容": "ゼット・ケアサポート訪問介護事業所【訪問介護】岩手県奥州市水沢字斉ノ神70-1奥州日高館", "url2": "https://www.kaigokensaku.mhlw.go.jp/03/index.php?action_kouhyou_detail_004_kani=true&JigyosyoCd=0370400368-00&ServiceCd=110&Type=search" }, "geometry": { "type": "Point", "coordinates": [ 141.131630580998262, 39.141410230683483 ] } },
{ "type": "Feature", "properties": { "内容": "ヘルパーステーションあてるい【訪問介護】岩手県奥州市水沢佐倉河字石橋7番地", "url2": "https://www.kaigokensaku.mhlw.go.jp/03/index.php?action_kouhyou_detail_004_kani=true&JigyosyoCd=0371500984-00&ServiceCd=110&Type=search" }, "geometry": { "type": "Point", "coordinates": [ 141.153570299999956, 39.1481063 ] } },
{ "type": "Feature", "properties": { "内容": "ヘルパーステーションえがお【訪問介護】岩手県奥州市水沢中田町4番17号社会福祉法人　福伸会", "url2": "https://www.kaigokensaku.mhlw.go.jp/03/index.php?action_kouhyou_detail_004_kani=true&JigyosyoCd=0371501024-00&ServiceCd=110&Type=search" }, "geometry": { "type": "Point", "coordinates": [ 141.15195970000002, 39.132997 ] } },
{ "type": "Feature", "properties": { "内容": "寿水荘指定訪問介護事業所【訪問介護】岩手県奥州市水沢字見分森16番地", "url2": "https://www.kaigokensaku.mhlw.go.jp/03/index.php?action_kouhyou_detail_004_kani=true&JigyosyoCd=0371500109-00&ServiceCd=110&Type=search" }, "geometry": { "type": "Point", "coordinates": [ 141.109858300000042, 39.1211388 ] } },
{ "type": "Feature", "properties": { "内容": "訪問介護事業所リベルタ【訪問介護】岩手県滝沢市室小路511番２号", "url2": "https://www.kaigokensaku.mhlw.go.jp/03/index.php?action_kouhyou_detail_004_kani=true&JigyosyoCd=0372101881-00&ServiceCd=110&Type=search" }, "geometry": { "type": "Point", "coordinates": [ 141.100298836827278, 39.741037917471374 ] } },
{ "type": "Feature", "properties": { "内容": "訪問介護ひなたぼっこ【訪問介護】岩手県滝沢市大釜風林15番地33", "url2": "https://www.kaigokensaku.mhlw.go.jp/03/index.php?action_kouhyou_detail_004_kani=true&JigyosyoCd=0371600438-00&ServiceCd=110&Type=search" }, "geometry": { "type": "Point", "coordinates": [ 141.028584708521748, 39.710247634986914 ] } },
{ "type": "Feature", "properties": { "内容": "ケーシン訪問介護【訪問介護】岩手県滝沢市牧野林302番6", "url2": "https://www.kaigokensaku.mhlw.go.jp/03/index.php?action_kouhyou_detail_004_kani=true&JigyosyoCd=0371600412-00&ServiceCd=110&Type=search" }, "geometry": { "type": "Point", "coordinates": [ 141.104893564418035, 39.745164462396495 ] } },
{ "type": "Feature", "properties": { "内容": "ニチイケアセンター大釜【訪問介護】岩手県滝沢市篠木黒畑137番地1ソフィア９９　102号", "url2": "https://www.kaigokensaku.mhlw.go.jp/03/index.php?action_kouhyou_detail_004_kani=true&JigyosyoCd=0371600446-00&ServiceCd=110&Type=search" }, "geometry": { "type": "Point", "coordinates": [ 141.075505300000032, 39.7096679 ] } },
{ "type": "Feature", "properties": { "内容": "ヘルパーステーションほくりょう【訪問介護】岩手県滝沢市穴口537-2", "url2": "https://www.kaigokensaku.mhlw.go.jp/03/index.php?action_kouhyou_detail_004_kani=true&JigyosyoCd=0372101410-00&ServiceCd=110&Type=search" }, "geometry": { "type": "Point", "coordinates": [ 141.119016200000033, 39.7485723 ] } },
{ "type": "Feature", "properties": { "内容": "ケア・ともたきざわ【訪問介護】岩手県滝沢市巣子1197-7", "url2": "https://www.kaigokensaku.mhlw.go.jp/03/index.php?action_kouhyou_detail_004_kani=true&JigyosyoCd=0372101808-00&ServiceCd=110&Type=search" }, "geometry": { "type": "Point", "coordinates": [ 141.132860827647363, 39.778811578187408 ] } },
{ "type": "Feature", "properties": { "内容": "JAライフサポートホームヘルプステーション滝沢【訪問介護】岩手県滝沢市大釜外館114-6", "url2": "https://www.kaigokensaku.mhlw.go.jp/03/index.php?action_kouhyou_detail_004_kani=true&JigyosyoCd=0371600305-00&ServiceCd=110&Type=search" }, "geometry": { "type": "Point", "coordinates": [ 141.072090600000024, 39.7072444 ] } },
{ "type": "Feature", "properties": { "内容": "訪問介護咲の樹【訪問介護】岩手県滝沢市大釜大清水334－１", "url2": "https://www.kaigokensaku.mhlw.go.jp/03/index.php?action_kouhyou_detail_004_kani=true&JigyosyoCd=0371600545-00&ServiceCd=110&Type=search" }, "geometry": { "type": "Point", "coordinates": [ 141.026899944180286, 39.716155703810642 ] } },
{ "type": "Feature", "properties": { "内容": "訪問介護事業所ベルヴェーレの里【訪問介護】岩手県滝沢市大釜風林445番地1", "url2": "https://www.kaigokensaku.mhlw.go.jp/03/index.php?action_kouhyou_detail_004_kani=true&JigyosyoCd=0372101618-00&ServiceCd=110&Type=search" }, "geometry": { "type": "Point", "coordinates": [ 141.021884526980102, 39.715384167182926 ] } },
{ "type": "Feature", "properties": { "内容": "ヘルパーステーションまつなみき【訪問介護】岩手県滝沢市巣子871-1", "url2": "https://www.kaigokensaku.mhlw.go.jp/03/index.php?action_kouhyou_detail_004_kani=true&JigyosyoCd=0371600453-00&ServiceCd=110&Type=search" }, "geometry": { "type": "Point", "coordinates": [ 141.145244661460765, 39.785452586673109 ] } },
{ "type": "Feature", "properties": { "内容": "サン・ケアサービスセンター【訪問介護】岩手県滝沢市鵜飼大緩47-28", "url2": "https://www.kaigokensaku.mhlw.go.jp/03/index.php?action_kouhyou_detail_004_kani=true&JigyosyoCd=0372101204-00&ServiceCd=110&Type=search" }, "geometry": { "type": "Point", "coordinates": [ 141.094760162565649, 39.73423955333633 ] } },
{ "type": "Feature", "properties": { "内容": "指定訪問介護事業所おらほの家II【訪問介護】岩手県滝沢市鵜飼狐洞４６７", "url2": "https://www.kaigokensaku.mhlw.go.jp/03/index.php?action_kouhyou_detail_004_kani=true&JigyosyoCd=0372101519-00&ServiceCd=110&Type=search" }, "geometry": { "type": "Point", "coordinates": [ 141.0870999, 39.7384837 ] } },
{ "type": "Feature", "properties": { "内容": "訪問介護事業所ひまわり【訪問介護】岩手県岩手郡雫石町柿木5番地4", "url2": "https://www.kaigokensaku.mhlw.go.jp/03/index.php?action_kouhyou_detail_004_kani=true&JigyosyoCd=0372101758-00&ServiceCd=110&Type=search" }, "geometry": { "type": "Point", "coordinates": [ 140.963566730241382, 39.705761030504959 ] } },
{ "type": "Feature", "properties": { "内容": "松寿荘指定訪問介護事業所【訪問介護】岩手県岩手郡雫石町七ツ森16番地37", "url2": "https://www.kaigokensaku.mhlw.go.jp/03/index.php?action_kouhyou_detail_004_kani=true&JigyosyoCd=0372101329-00&ServiceCd=110&Type=search" }, "geometry": { "type": "Point", "coordinates": [ 141.013290500000039, 39.6968799 ] } },
{ "type": "Feature", "properties": { "内容": "ヘルパーステーションしずく【訪問介護】岩手県岩手郡雫石町西根下駒木野41-2", "url2": "https://www.kaigokensaku.mhlw.go.jp/03/index.php?action_kouhyou_detail_004_kani=true&JigyosyoCd=0372102004-00&ServiceCd=110&Type=search" }, "geometry": { "type": "Point", "coordinates": [ 140.954031157672148, 39.731778907831526 ] } },
{ "type": "Feature", "properties": { "内容": "ＪＡライフサポートホームヘルプステーション葛巻【訪問介護】岩手県岩手郡葛巻町葛巻第9地割35番地７", "url2": "https://www.kaigokensaku.mhlw.go.jp/03/index.php?action_kouhyou_detail_004_kani=true&JigyosyoCd=0372102020-00&ServiceCd=110&Type=search" }, "geometry": { "type": "Point", "coordinates": [ 141.447688208200134, 40.036617229295857 ] } },
{ "type": "Feature", "properties": { "内容": "岩手町社会福祉協議会指定訪問介護事業所【訪問介護】岩手県岩手郡岩手町大字五日市第１０地割５１番地１", "url2": "https://www.kaigokensaku.mhlw.go.jp/03/index.php?action_kouhyou_detail_004_kani=true&JigyosyoCd=0372100602-00&ServiceCd=110&Type=search" }, "geometry": { "type": "Point", "coordinates": [ 141.213463400000023, 39.972406600000014 ] } },
{ "type": "Feature", "properties": { "内容": "指定訪問介護事業所愛ケアセンター紫波【訪問介護】岩手県紫波郡紫波町上平沢字川崎82-2", "url2": "https://www.kaigokensaku.mhlw.go.jp/03/index.php?action_kouhyou_detail_004_kani=true&JigyosyoCd=0372200782-00&ServiceCd=110&Type=search" }, "geometry": { "type": "Point", "coordinates": [ 141.1040758, 39.5541789 ] } },
{ "type": "Feature", "properties": { "内容": "紫波町社会福祉協議会指定訪問介護事業所【訪問介護】岩手県紫波郡紫波町二日町字古舘356-1", "url2": "https://www.kaigokensaku.mhlw.go.jp/03/index.php?action_kouhyou_detail_004_kani=true&JigyosyoCd=0372200089-00&ServiceCd=110&Type=search" }, "geometry": { "type": "Point", "coordinates": [ 141.174359500000037, 39.5608645 ] } },
{ "type": "Feature", "properties": { "内容": "訪問介護事業所虹のいえ【訪問介護】岩手県紫波郡紫波町北日詰字大日堂2-1", "url2": "https://www.kaigokensaku.mhlw.go.jp/03/index.php?action_kouhyou_detail_004_kani=true&JigyosyoCd=0372200964-00&ServiceCd=110&Type=search" }, "geometry": { "type": "Point", "coordinates": [ 141.165524799999957, 39.5388173 ] } },
{ "type": "Feature", "properties": { "内容": "グリーンケアー【訪問介護】岩手県紫波郡紫波町日詰字郡山駅164－1", "url2": "https://www.kaigokensaku.mhlw.go.jp/03/index.php?action_kouhyou_detail_004_kani=true&JigyosyoCd=0372200873-00&ServiceCd=110&Type=search" }, "geometry": { "type": "Point", "coordinates": [ 141.167931422090192, 39.558136247226336 ] } },
{ "type": "Feature", "properties": { "内容": "訪問介護ステーションユニゾン【訪問介護】岩手県紫波郡紫波町日詰西6丁目5番11号赤坂ロッヂＡ", "url2": "https://www.kaigokensaku.mhlw.go.jp/03/index.php?action_kouhyou_detail_004_kani=true&JigyosyoCd=0372201103-00&ServiceCd=110&Type=search" }, "geometry": { "type": "Point", "coordinates": [ 141.164348961598023, 39.552699384752607 ] } },
{ "type": "Feature", "properties": { "内容": "訪問介護ステーションピースハート【訪問介護】岩手県紫波郡紫波町桜町字三本木171番地", "url2": "https://www.kaigokensaku.mhlw.go.jp/03/index.php?action_kouhyou_detail_004_kani=true&JigyosyoCd=0372201194-00&ServiceCd=110&Type=search" }, "geometry": { "type": "Point", "coordinates": [ 141.1729364, 39.5417332 ] } },
{ "type": "Feature", "properties": { "内容": "ヘルパーステーション鶴亀【訪問介護】岩手県紫波郡矢巾町大字高田第15地割28番地14", "url2": "https://www.kaigokensaku.mhlw.go.jp/03/index.php?action_kouhyou_detail_004_kani=true&JigyosyoCd=0372201038-00&ServiceCd=110&Type=search" }, "geometry": { "type": "Point", "coordinates": [ 141.175624, 39.6276923 ] } },
{ "type": "Feature", "properties": { "内容": "ヘルパーステーションにぎ和い【訪問介護】岩手県紫波郡矢巾町大字高田第13地割224番地4", "url2": "https://www.kaigokensaku.mhlw.go.jp/03/index.php?action_kouhyou_detail_004_kani=true&JigyosyoCd=0372201061-00&ServiceCd=110&Type=search" }, "geometry": { "type": "Point", "coordinates": [ 141.17117196176298, 39.629709237119101 ] } },
{ "type": "Feature", "properties": { "内容": "訪問介護事業所あんどけあ【訪問介護】岩手県紫波郡矢巾町又兵エ新田第3地割200-14", "url2": "https://www.kaigokensaku.mhlw.go.jp/03/index.php?action_kouhyou_detail_004_kani=true&JigyosyoCd=0372201145-00&ServiceCd=110&Type=search" }, "geometry": { "type": "Point", "coordinates": [ 141.143725359524524, 39.616437161873037 ] } },
{ "type": "Feature", "properties": { "内容": "ニチイケアセンター矢巾【訪問介護】岩手県紫波郡矢巾町南矢幅第12地割237-1", "url2": "https://www.kaigokensaku.mhlw.go.jp/03/index.php?action_kouhyou_detail_004_kani=true&JigyosyoCd=0372200147-00&ServiceCd=110&Type=search" }, "geometry": { "type": "Point", "coordinates": [ 141.149659605834898, 39.608468467216206 ] } },
{ "type": "Feature", "properties": { "内容": "ヘルパーステーションやはば【訪問介護】岩手県紫波郡矢巾町大字又兵ェ新田第5地割335番地医療福祉多機能ビル　ケアセンター南昌", "url2": "https://www.kaigokensaku.mhlw.go.jp/03/index.php?action_kouhyou_detail_004_kani=true&JigyosyoCd=0372200204-00&ServiceCd=110&Type=search" }, "geometry": { "type": "Point", "coordinates": [ 141.147002752886948, 39.613513719883322 ] } },
{ "type": "Feature", "properties": { "内容": "ルポン訪問介護事業所【訪問介護】岩手県紫波郡矢巾町南矢幅第8地割111-6", "url2": "https://www.kaigokensaku.mhlw.go.jp/03/index.php?action_kouhyou_detail_004_kani=true&JigyosyoCd=0372201186-00&ServiceCd=110&Type=search" }, "geometry": { "type": "Point", "coordinates": [ 141.150362199999989, 39.6079118 ] } },
{ "type": "Feature", "properties": { "内容": "ホームヘルプにしわが【訪問介護】岩手県和賀郡西和賀町川尻40地割73番地82", "url2": "https://www.kaigokensaku.mhlw.go.jp/03/index.php?action_kouhyou_detail_004_kani=true&JigyosyoCd=0372400184-00&ServiceCd=110&Type=search" }, "geometry": { "type": "Point", "coordinates": [ 140.775447, 39.3140542 ] } },
{ "type": "Feature", "properties": { "内容": "花憩庵訪問介護センター【訪問介護】岩手県胆沢郡金ヶ崎町西根谷来浦46番地1", "url2": "https://www.kaigokensaku.mhlw.go.jp/03/index.php?action_kouhyou_detail_004_kani=true&JigyosyoCd=0372500710-00&ServiceCd=110&Type=search" }, "geometry": { "type": "Point", "coordinates": [ 141.1147197, 39.1996268 ] } },
{ "type": "Feature", "properties": { "内容": "ニチイケアセンター金ヶ崎【訪問介護】岩手県胆沢郡金ヶ崎町三ヶ尻荒巻横道上60ディアス荒巻Ⅾ棟202号", "url2": "https://www.kaigokensaku.mhlw.go.jp/03/index.php?action_kouhyou_detail_004_kani=true&JigyosyoCd=0372500686-00&ServiceCd=110&Type=search" }, "geometry": { "type": "Point", "coordinates": [ 141.099125708598308, 39.219239621791232 ] } },
{ "type": "Feature", "properties": { "内容": "金ケ崎町社会協議会指定訪問介護事業所【訪問介護】岩手県胆沢郡金ケ崎町西根南羽沢４３番地", "url2": "https://www.kaigokensaku.mhlw.go.jp/03/index.php?action_kouhyou_detail_004_kani=true&JigyosyoCd=0372500207-00&ServiceCd=110&Type=search" }, "geometry": { "type": "Point", "coordinates": [ 141.117779499999983, 39.1974003 ] } },
{ "type": "Feature", "properties": { "内容": "平泉町社会福祉協議会指定訪問介護事業所【訪問介護】岩手県西磐井郡平泉町平泉字志羅山１２番地６", "url2": "https://www.kaigokensaku.mhlw.go.jp/03/index.php?action_kouhyou_detail_004_kani=true&JigyosyoCd=0372600197-00&ServiceCd=110&Type=search" }, "geometry": { "type": "Point", "coordinates": [ 141.1065893, 38.9864592 ] } },
{ "type": "Feature", "properties": { "内容": "ヘルパーとなり【訪問介護】岩手県気仙郡住田町上有住字上家6番地３", "url2": "https://www.kaigokensaku.mhlw.go.jp/03/index.php?action_kouhyou_detail_004_kani=true&JigyosyoCd=0372800177-00&ServiceCd=110&Type=search" }, "geometry": { "type": "Point", "coordinates": [ 141.596515400000044, 39.2144523 ] } },
{ "type": "Feature", "properties": { "内容": "住田町社会福祉協議会指定訪問介護事業所【訪問介護】岩手県気仙郡住田町世田米字川向９６－５", "url2": "https://www.kaigokensaku.mhlw.go.jp/03/index.php?action_kouhyou_detail_004_kani=true&JigyosyoCd=0372800060-00&ServiceCd=110&Type=search" }, "geometry": { "type": "Point", "coordinates": [ 141.575152900000035, 39.141466 ] } },
{ "type": "Feature", "properties": { "内容": "ニチイケアセンター大槌【訪問介護】岩手県上閉伊郡大槌町大ヶ口1丁目21-33JS大ヶ口106号室", "url2": "https://www.kaigokensaku.mhlw.go.jp/03/index.php?action_kouhyou_detail_004_kani=true&JigyosyoCd=0372900266-00&ServiceCd=110&Type=search" }, "geometry": { "type": "Point", "coordinates": [ 141.8875536, 39.3712822 ] } },
{ "type": "Feature", "properties": { "内容": "大槌町社協指定訪問介護事業所【訪問介護】岩手県上閉伊郡大槌町大槌第12地割71番地2大槌町社会福祉協議会　介護サービスステーション", "url2": "https://www.kaigokensaku.mhlw.go.jp/03/index.php?action_kouhyou_detail_004_kani=true&JigyosyoCd=0372900118-00&ServiceCd=110&Type=search" }, "geometry": { "type": "Point", "coordinates": [ 141.885443909278791, 39.380917585269195 ] } },
{ "type": "Feature", "properties": { "内容": "まりもヘルパーステーション【訪問介護】岩手県下閉伊郡山田町山田第４地割108番地1", "url2": "https://www.kaigokensaku.mhlw.go.jp/03/index.php?action_kouhyou_detail_004_kani=true&JigyosyoCd=0373000967-00&ServiceCd=110&Type=search" }, "geometry": { "type": "Point", "coordinates": [ 141.9520425, 39.4771495 ] } },
{ "type": "Feature", "properties": { "内容": "山田町社協指定訪問介護事業所【訪問介護】岩手県下閉伊郡山田町山田第１５地割８２番地２", "url2": "https://www.kaigokensaku.mhlw.go.jp/03/index.php?action_kouhyou_detail_004_kani=true&JigyosyoCd=0373000181-00&ServiceCd=110&Type=search" }, "geometry": { "type": "Point", "coordinates": [ 141.936384547025682, 39.474855871039445 ] } },
{ "type": "Feature", "properties": { "内容": "有限会社ヘルパーはうす指定訪問介護事業所【訪問介護】岩手県下閉伊郡山田町大沢４－３８－５", "url2": "https://www.kaigokensaku.mhlw.go.jp/03/index.php?action_kouhyou_detail_004_kani=true&JigyosyoCd=0373000348-00&ServiceCd=110&Type=search" }, "geometry": { "type": "Point", "coordinates": [ 141.960984661532621, 39.495114006902952 ] } },
{ "type": "Feature", "properties": { "内容": "有限会社山﨑タクシー指定訪問介護事業所【訪問介護】岩手県下閉伊郡山田町川向町7-4", "url2": "https://www.kaigokensaku.mhlw.go.jp/03/index.php?action_kouhyou_detail_004_kani=true&JigyosyoCd=0373000728-00&ServiceCd=110&Type=search" }, "geometry": { "type": "Point", "coordinates": [ 141.950146851312297, 39.464888747168303 ] } },
{ "type": "Feature", "properties": { "内容": "有限会社すずらん介護事業所【訪問介護】岩手県下閉伊郡山田町豊間根3-3-8", "url2": "https://www.kaigokensaku.mhlw.go.jp/03/index.php?action_kouhyou_detail_004_kani=true&JigyosyoCd=0373000785-00&ServiceCd=110&Type=search" }, "geometry": { "type": "Point", "coordinates": [ 141.925138306906206, 39.540299111667032 ] } },
{ "type": "Feature", "properties": { "内容": "岩泉町社協指定訪問介護事業所【訪問介護】岩手県下閉伊郡岩泉町岩泉字森の越４番地１４", "url2": "https://www.kaigokensaku.mhlw.go.jp/03/index.php?action_kouhyou_detail_004_kani=true&JigyosyoCd=0373000413-00&ServiceCd=110&Type=search" }, "geometry": { "type": "Point", "coordinates": [ 141.8002, 39.8472362 ] } },
{ "type": "Feature", "properties": { "内容": "寿生会訪問介護事業所【訪問介護】岩手県下閉伊郡田野畑村田野畑120番地18", "url2": "https://www.kaigokensaku.mhlw.go.jp/03/index.php?action_kouhyou_detail_004_kani=true&JigyosyoCd=0373000223-00&ServiceCd=110&Type=search" }, "geometry": { "type": "Point", "coordinates": [ 141.893817600000034, 39.9320084 ] } },
{ "type": "Feature", "properties": { "内容": "普代福祉会指定訪問介護事業所【訪問介護】岩手県下閉伊郡普代村第24地割字鳥居5番地１", "url2": "https://www.kaigokensaku.mhlw.go.jp/03/index.php?action_kouhyou_detail_004_kani=true&JigyosyoCd=0373000645-00&ServiceCd=110&Type=search" }, "geometry": { "type": "Point", "coordinates": [ 141.8542857, 40.0136984 ] } },
{ "type": "Feature", "properties": { "内容": "くつろぎの家指定訪問介護事業所【訪問介護】岩手県九戸郡軽米町山内第１２地割太田向９６番地２", "url2": "https://www.kaigokensaku.mhlw.go.jp/03/index.php?action_kouhyou_detail_004_kani=true&JigyosyoCd=0373100379-00&ServiceCd=110&Type=search" }, "geometry": { "type": "Point", "coordinates": [ 141.383776682887287, 40.316590131063165 ] } },
{ "type": "Feature", "properties": { "内容": "ヘルパーステーションせせらぎ【訪問介護】岩手県九戸郡軽米町大字小軽米１２－３－１", "url2": "https://www.kaigokensaku.mhlw.go.jp/03/index.php?action_kouhyou_detail_004_kani=true&JigyosyoCd=0373100551-00&ServiceCd=110&Type=search" }, "geometry": { "type": "Point", "coordinates": [ 141.523639099999968, 40.2959844 ] } },
{ "type": "Feature", "properties": { "内容": "訪問介護事業所いちい【訪問介護】岩手県九戸郡軽米町大字軽米3-22-7", "url2": "https://www.kaigokensaku.mhlw.go.jp/03/index.php?action_kouhyou_detail_004_kani=true&JigyosyoCd=0373100809-00&ServiceCd=110&Type=search" }, "geometry": { "type": "Point", "coordinates": [ 141.473804950791731, 40.317464354691829 ] } },
{ "type": "Feature", "properties": { "内容": "軽米タクシー株式会社訪問介護事業所【訪問介護】岩手県九戸郡軽米町軽米4-16-12", "url2": "https://www.kaigokensaku.mhlw.go.jp/03/index.php?action_kouhyou_detail_004_kani=true&JigyosyoCd=0373100486-00&ServiceCd=110&Type=search" }, "geometry": { "type": "Point", "coordinates": [ 141.4433364, 40.3248821 ] } },
{ "type": "Feature", "properties": { "内容": "野田白寿会指定訪問介護事業所【訪問介護】岩手県九戸郡野田村大字野田第22地割38番地7", "url2": "https://www.kaigokensaku.mhlw.go.jp/03/index.php?action_kouhyou_detail_004_kani=true&JigyosyoCd=0373100270-00&ServiceCd=110&Type=search" }, "geometry": { "type": "Point", "coordinates": [ 141.801853271936011, 40.108077724842815 ] } },
{ "type": "Feature", "properties": { "内容": "訪問介護げんき【訪問介護】岩手県九戸郡九戸村大字江刺家第15地割15番地2", "url2": "https://www.kaigokensaku.mhlw.go.jp/03/index.php?action_kouhyou_detail_004_kani=true&JigyosyoCd=0373100817-00&ServiceCd=110&Type=search" }, "geometry": { "type": "Point", "coordinates": [ 141.4066784, 40.2654224 ] } },
{ "type": "Feature", "properties": { "内容": "社会福祉法人九戸村社会福祉協議会指定訪問介護事業所【訪問介護】岩手県九戸郡九戸村大字伊保内第７地割３９番地４", "url2": "https://www.kaigokensaku.mhlw.go.jp/03/index.php?action_kouhyou_detail_004_kani=true&JigyosyoCd=0373100429-00&ServiceCd=110&Type=search" }, "geometry": { "type": "Point", "coordinates": [ 141.420157499999959, 40.2115223 ] } },
{ "type": "Feature", "properties": { "内容": "ほほえみタクシー訪問介護サービス【訪問介護】岩手県九戸郡九戸村大字江刺家第2地割135番地13", "url2": "https://www.kaigokensaku.mhlw.go.jp/03/index.php?action_kouhyou_detail_004_kani=true&JigyosyoCd=0373100791-00&ServiceCd=110&Type=search" }, "geometry": { "type": "Point", "coordinates": [ 141.4133018, 40.2434434 ] } },
{ "type": "Feature", "properties": { "内容": "久慈平荘ホームヘルプサービス事業所【訪問介護】岩手県九戸郡洋野町大野60-41-8", "url2": "https://www.kaigokensaku.mhlw.go.jp/03/index.php?action_kouhyou_detail_004_kani=true&JigyosyoCd=0373100155-00&ServiceCd=110&Type=search" }, "geometry": { "type": "Point", "coordinates": [ 141.634626900000058, 40.2766863 ] } },
{ "type": "Feature", "properties": { "内容": "Nextケア・サポートひろの【訪問介護】岩手県九戸郡洋野町種市第37地割111-23", "url2": "https://www.kaigokensaku.mhlw.go.jp/03/index.php?action_kouhyou_detail_004_kani=true&JigyosyoCd=0373100643-00&ServiceCd=110&Type=search" }, "geometry": { "type": "Point", "coordinates": [ 141.688605549158865, 40.427883757547065 ] } },
{ "type": "Feature", "properties": { "内容": "ひろの会指定訪問介護事業所【訪問介護】岩手県九戸郡洋野町種市第23地割81番地6", "url2": "https://www.kaigokensaku.mhlw.go.jp/03/index.php?action_kouhyou_detail_004_kani=true&JigyosyoCd=0373100726-00&ServiceCd=110&Type=search" }, "geometry": { "type": "Point", "coordinates": [ 141.719142199999965, 40.4097117 ] } },
{ "type": "Feature", "properties": { "内容": "株式会社結愛サービス公社　指定訪問介護事業所【訪問介護】岩手県二戸郡一戸町一戸字砂森93番地２", "url2": "https://www.kaigokensaku.mhlw.go.jp/03/index.php?action_kouhyou_detail_004_kani=true&JigyosyoCd=0373200245-00&ServiceCd=110&Type=search" }, "geometry": { "type": "Point", "coordinates": [ 141.3064928, 40.2084923 ] } },
{ "type": "Feature", "properties": { "内容": "ヘルシーパートナーなごみ【訪問介護】岩手県二戸郡一戸町姉帯下村24番地1", "url2": "https://www.kaigokensaku.mhlw.go.jp/03/index.php?action_kouhyou_detail_004_kani=true&JigyosyoCd=0373200286-00&ServiceCd=110&Type=search" }, "geometry": { "type": "Point", "coordinates": [ 141.336454300000014, 40.1659783 ] } }
]
}
